date,region,state_po,candidate,party,voteshare,ev
12/15/1788,Connecticut,CT,Washington,independent,100,7
12/15/1788,Delaware,DE,Washington,independent,100,3
12/15/1788,Georgia,GA,Washington,independent,100,5
12/15/1788,Maryland,MD,Washington,independent,100,6
12/15/1788,Massachusetts,MA,Washington,independent,100,10
12/15/1788,New Hampshire,NH,Washington,independent,100,5
12/15/1788,New Jersey,NJ,Washington,independent,100,6
12/15/1788,Pennsylvania,PA,Washington,independent,100,10
12/15/1788,South Carolina,SC,Washington,independent,100,7
12/15/1788,Virginia,VA,Washington,independent,100,10
11/2/1792,Connecticut,CT,Washington,independent,100,9
11/2/1792,Delaware,DE,Washington,independent,100,3
11/2/1792,Georgia,GA,Washington,independent,100,4
11/2/1792,Kentucky,KY,Washington,independent,100,4
11/2/1792,Maryland,MD,Washington,independent,100,8
11/2/1792,Massachusetts,MA,Washington,independent,100,16
11/2/1792,New Hampshire,NH,Washington,independent,100,6
11/2/1792,New Jersey,NJ,Washington,independent,100,7
11/2/1792,New York,NY,Washington,independent,100,12
11/2/1792,North Carolina,NC,Washington,independent,100,12
11/2/1792,Pennsylvania,PA,Washington,independent,100,15
11/2/1792,Rhode Island,RI,Washington,independent,100,4
11/2/1792,South Carolina,SC,Washington,independent,100,8
11/2/1792,Vermont,VT,Washington,independent,100,3
11/2/1792,Virginia,VA,Washington,independent,100,21
11/4/1796,Connecticut,CT,Adams,federalist,100,9
11/4/1796,Delaware,DE,Adams,federalist,100,3
11/4/1796,Georgia,GA,Jefferson,democratic-republican,100,4
11/4/1796,Kentucky,KY,Jefferson,democratic-republican,100,4
11/4/1796,Maryland,MD,Adams,federalist,63.6,7
11/4/1796,Maryland,MD,Jefferson,democratic-republican,36.4,4
11/4/1796,Massachusetts,MA,Adams,federalist,100,16
11/4/1796,New Hampshire,NH,Adams,federalist,100,6
11/4/1796,New Jersey,NJ,Adams,federalist,100,7
11/4/1796,New York,NY,Adams,federalist,100,12
11/4/1796,North Carolina,NC,Jefferson,democratic-republican,91.7,11
11/4/1796,North Carolina,NC,Adams,federalist,8.3,1
11/4/1796,Pennsylvania,PA,Jefferson,democratic-republican,93.3,14
11/4/1796,Pennsylvania,PA,Adams,federalist,6.7,1
11/4/1796,Rhode Island,RI,Adams,federalist,100,4
11/4/1796,South Carolina,SC,Jefferson,democratic-republican,100,8
11/4/1796,Tennessee,TN,Jefferson,democratic-republican,100,3
11/4/1796,Vermont,VT,Adams,federalist,100,4
11/4/1796,Virginia,VA,Jefferson,democratic-republican,95.2,20
11/4/1796,Virginia,VA,Adams,federalist,4.8,1
10/31/1800,Connecticut,CT,Adams,federalist,100,9
10/31/1800,Delaware,DE,Adams,federalist,100,3
10/31/1800,Georgia,GA,Jefferson,democratic-republican,100,4
10/31/1800,Kentucky,KY,Jefferson,democratic-republican,100,4
10/31/1800,Maryland,MD,Jefferson,democratic-republican,50,5
10/31/1800,Maryland,MD,Adams,federalist,50,5
10/31/1800,Massachusetts,MA,Adams,federalist,100,16
10/31/1800,New Hampshire,NH,Adams,federalist,100,6
10/31/1800,New Jersey,NJ,Adams,federalist,100,7
10/31/1800,New York,NY,Jefferson,democratic-republican,100,12
10/31/1800,North Carolina,NC,Jefferson,democratic-republican,66.7,8
10/31/1800,North Carolina,NC,Adams,federalist,33.3,4
10/31/1800,Pennsylvania,PA,Jefferson,democratic-republican,53.3,8
10/31/1800,Pennsylvania,PA,Adams,federalist,46.7,7
10/31/1800,Rhode Island,RI,Adams,federalist,100,4
10/31/1800,South Carolina,SC,Jefferson,democratic-republican,100,8
10/31/1800,Tennessee,TN,Jefferson,democratic-republican,100,3
10/31/1800,Vermont,VT,Adams,federalist,100,4
10/31/1800,Virginia,VA,Jefferson,democratic-republican,100,21
11/2/1804,Connecticut,CT,Pinckney,federalist,100,9
11/2/1804,Delaware,DE,Pinckney,federalist,100,3
11/2/1804,Georgia,GA,Jefferson,democratic-republican,100,6
11/2/1804,Kentucky,KY,Jefferson,democratic-republican,100,8
11/2/1804,Maryland,MD,Jefferson,democratic-republican,81.8,9
11/2/1804,Maryland,MD,Pinckney,federalist,18.2,2
11/2/1804,Massachusetts,MA,Jefferson,democratic-republican,100,19
11/2/1804,New Hampshire,NH,Jefferson,democratic-republican,100,7
11/2/1804,New Jersey,NJ,Jefferson,democratic-republican,100,8
11/2/1804,New York,NY,Jefferson,democratic-republican,100,19
11/2/1804,North Carolina,NC,Jefferson,democratic-republican,100,14
11/2/1804,Ohio,OH,Jefferson,democratic-republican,100,3
11/2/1804,Pennsylvania,PA,Jefferson,democratic-republican,100,20
11/2/1804,Rhode Island,RI,Jefferson,democratic-republican,100,4
11/2/1804,South Carolina,SC,Jefferson,democratic-republican,100,10
11/2/1804,Tennessee,TN,Jefferson,democratic-republican,100,5
11/2/1804,Vermont,VT,Jefferson,democratic-republican,100,6
11/2/1804,Virginia,VA,Jefferson,democratic-republican,100,24
11/4/1808,Connecticut,CT,Pinckney,federalist,100,9
11/4/1808,Delaware,DE,Pinckney,federalist,100,3
11/4/1808,Georgia,GA,Madison,democratic-republican,100,6
11/4/1808,Kentucky,KY,Madison,democratic-republican,100,7
11/4/1808,Maryland,MD,Madison,democratic-republican,81.8,9
11/4/1808,Maryland,MD,Pinckney,federalist,18.2,2
11/4/1808,Massachusetts,MA,Pinckney,federalist,100,19
11/4/1808,New Hampshire,NH,Pinckney,federalist,100,7
11/4/1808,New Jersey,NJ,Madison,democratic-republican,100,8
11/4/1808,New York,NY,Madison,democratic-republican,68.4,13
11/4/1808,New York,NY,Clinton,democratic-republican,31.6,6
11/4/1808,North Carolina,NC,Madison,democratic-republican,78.6,11
11/4/1808,North Carolina,NC,Pinckney,federalist,21.4,3
11/4/1808,Ohio,OH,Madison,democratic-republican,100,3
11/4/1808,Pennsylvania,PA,Madison,democratic-republican,100,20
11/4/1808,Rhode Island,RI,Pinckney,federalist,100,4
11/4/1808,South Carolina,SC,Madison,democratic-republican,100,10
11/4/1808,Tennessee,TN,Madison,democratic-republican,100,5
11/4/1808,Vermont,VT,Madison,democratic-republican,100,6
11/4/1808,Virginia,VA,Madison,democratic-republican,100,24
10/30/1812,Connecticut,CT,Clinton,federalist,100,9
10/30/1812,Delaware,DE,Clinton,federalist,100,4
10/30/1812,Georgia,GA,Madison,democratic-republican,100,8
10/30/1812,Kentucky,KY,Madison,democratic-republican,100,12
10/30/1812,Louisiana,LA,Madison,democratic-republican,100,3
10/30/1812,Maryland,MD,Madison,democratic-republican,54.5,6
10/30/1812,Maryland,MD,Clinton,federalist,45.5,5
10/30/1812,Massachusetts,MA,Clinton,federalist,100,22
10/30/1812,New Hampshire,NH,Clinton,federalist,100,8
10/30/1812,New Jersey,NJ,Clinton,federalist,100,8
10/30/1812,New York,NY,Clinton,federalist,100,29
10/30/1812,North Carolina,NC,Madison,democratic-republican,100,15
10/30/1812,Ohio,OH,Madison,democratic-republican,100,7
10/30/1812,Pennsylvania,PA,Madison,democratic-republican,100,25
10/30/1812,Rhode Island,RI,Clinton,federalist,100,4
10/30/1812,South Carolina,SC,Madison,democratic-republican,100,11
10/30/1812,Tennessee,TN,Madison,democratic-republican,100,8
10/30/1812,Vermont,VT,Madison,democratic-republican,100,8
10/30/1812,Virginia,VA,Madison,democratic-republican,100,25
11/1/1816,Connecticut,CT,King,federalist,100,9
11/1/1816,Delaware,DE,King,federalist,100,3
11/1/1816,Georgia,GA,Monroe,democratic-republican,100,8
11/1/1816,Indiana,IN,Monroe,democratic-republican,100,3
11/1/1816,Kentucky,KY,Monroe,democratic-republican,100,12
11/1/1816,Louisiana,LA,Monroe,democratic-republican,100,3
11/1/1816,Maryland,MD,Monroe,democratic-republican,100,8
11/1/1816,Massachusetts,MA,King,federalist,100,22
11/1/1816,New Hampshire,NH,Monroe,democratic-republican,100,8
11/1/1816,New Jersey,NJ,Monroe,democratic-republican,100,8
11/1/1816,New York,NY,Monroe,democratic-republican,100,29
11/1/1816,North Carolina,NC,Monroe,democratic-republican,100,15
11/1/1816,Ohio,OH,Monroe,democratic-republican,100,8
11/1/1816,Pennsylvania,PA,Monroe,democratic-republican,100,25
11/1/1816,Rhode Island,RI,Monroe,democratic-republican,100,4
11/1/1816,South Carolina,SC,Monroe,democratic-republican,100,11
11/1/1816,Tennessee,TN,Monroe,democratic-republican,100,8
11/1/1816,Vermont,VT,Monroe,democratic-republican,100,8
11/1/1816,Virginia,VA,Monroe,democratic-republican,100,25
11/1/1820,Alabama,AL,Monroe,democratic-republican,100,3
11/1/1820,Connecticut,CT,Monroe,democratic-republican,100,9
11/1/1820,Delaware,DE,Monroe,democratic-republican,100,4
11/1/1820,Georgia,GA,Monroe,democratic-republican,100,8
11/1/1820,Illinois,IL,Monroe,democratic-republican,100,3
11/1/1820,Indiana,IN,Monroe,democratic-republican,100,3
11/1/1820,Kentucky,KY,Monroe,democratic-republican,100,12
11/1/1820,Louisiana,LA,Monroe,democratic-republican,100,3
11/1/1820,Maine,ME,Monroe,democratic-republican,100,9
11/1/1820,Maryland,MD,Monroe,democratic-republican,100,11
11/1/1820,Massachusetts,MA,Monroe,democratic-republican,100,15
11/1/1820,Mississippi,MS,Monroe,democratic-republican,100,2
11/1/1820,Missouri,MO,Monroe,democratic-republican,100,3
11/1/1820,New Hampshire,NH,Monroe,democratic-republican,87.5,7
11/1/1820,New Hampshire,NH,Adams,democratic-republican,12.5,1
11/1/1820,New Jersey,NJ,Monroe,democratic-republican,100,8
11/1/1820,New York,NY,Monroe,democratic-republican,100,29
11/1/1820,North Carolina,NC,Monroe,democratic-republican,100,15
11/1/1820,Ohio,OH,Monroe,democratic-republican,100,8
11/1/1820,Pennsylvania,PA,Monroe,democratic-republican,100,24
11/1/1820,Rhode Island,RI,Monroe,democratic-republican,100,4
11/1/1820,South Carolina,SC,Monroe,democratic-republican,100,11
11/1/1820,Tennessee,TN,Monroe,democratic-republican,100,6
11/1/1820,Vermont,VT,Monroe,democratic-republican,100,8
11/1/1820,Virginia,VA,Monroe,democratic-republican,100,25
10/31/1824,Alabama,AL,Jackson,democratic-republican,69.31559215,
10/31/1824,Alabama,AL,Adams,democratic-republican,17.80489598,
10/31/1824,Alabama,AL,Clay,democratic-republican,0.705726678,
10/31/1824,Alabama,AL,Crawford,democratic-republican,12.17378519,
10/31/1824,Alabama,AL,Other,democratic-republican,0,
10/31/1824,Connecticut,CT,Jackson,democratic-republican,0,
10/31/1824,Connecticut,CT,Adams,democratic-republican,70.38602423,
10/31/1824,Connecticut,CT,Clay,democratic-republican,0,
10/31/1824,Connecticut,CT,Crawford,democratic-republican,18.45590307,
10/31/1824,Connecticut,CT,Other,democratic-republican,11.1580727,
10/31/1824,Delaware,DE,Jackson,democratic-republican,0,
10/31/1824,Delaware,DE,Adams,democratic-republican,0,1
10/31/1824,Delaware,DE,Clay,democratic-republican,0,
10/31/1824,Delaware,DE,Crawford,democratic-republican,100,2
10/31/1824,Delaware,DE,Other,democratic-republican,0,
10/31/1824,Georgia,GA,Jackson,democratic-republican,0,
10/31/1824,Georgia,GA,Adams,democratic-republican,0,
10/31/1824,Georgia,GA,Clay,democratic-republican,0,
10/31/1824,Georgia,GA,Crawford,democratic-republican,100,
10/31/1824,Georgia,GA,Other,democratic-republican,0,
10/31/1824,Illinois,IL,Jackson,democratic-republican,27.23185613,2
10/31/1824,Illinois,IL,Adams,democratic-republican,32.45557696,1
10/31/1824,Illinois,IL,Clay,democratic-republican,22.17940484,
10/31/1824,Illinois,IL,Crawford,democratic-republican,18.13316206,
10/31/1824,Illinois,IL,Other,democratic-republican,0,
10/31/1824,Indiana,IN,Jackson,democratic-republican,46.61334349,
10/31/1824,Indiana,IN,Adams,democratic-republican,19.64705136,
10/31/1824,Indiana,IN,Clay,democratic-republican,33.73960515,
10/31/1824,Indiana,IN,Crawford,democratic-republican,0,
10/31/1824,Indiana,IN,Other,democratic-republican,0,
10/31/1824,Kentucky,KY,Jackson,democratic-republican,27.23455309,
10/31/1824,Kentucky,KY,Adams,democratic-republican,0,
10/31/1824,Kentucky,KY,Clay,democratic-republican,72.76544691,
10/31/1824,Kentucky,KY,Crawford,democratic-republican,0,
10/31/1824,Kentucky,KY,Other,democratic-republican,0,
10/31/1824,Louisiana,LA,Jackson,democratic-republican,100,3
10/31/1824,Louisiana,LA,Adams,democratic-republican,0,2
10/31/1824,Louisiana,LA,Clay,democratic-republican,0,
10/31/1824,Louisiana,LA,Crawford,democratic-republican,0,
10/31/1824,Louisiana,LA,Other,democratic-republican,0,
10/31/1824,Maine,ME,Jackson,democratic-republican,0,
10/31/1824,Maine,ME,Adams,democratic-republican,81.4970297,
10/31/1824,Maine,ME,Clay,democratic-republican,0,
10/31/1824,Maine,ME,Crawford,democratic-republican,18.5029703,
10/31/1824,Maine,ME,Other,democratic-republican,0,
10/31/1824,Maryland,MD,Jackson,democratic-republican,43.72553742,7
10/31/1824,Maryland,MD,Adams,democratic-republican,44.05371229,3
10/31/1824,Maryland,MD,Clay,democratic-republican,2.092491118,
10/31/1824,Maryland,MD,Crawford,democratic-republican,10.12825917,1
10/31/1824,Maryland,MD,Other,democratic-republican,0,
10/31/1824,Massachusetts,MA,Jackson,democratic-republican,0,
10/31/1824,Massachusetts,MA,Adams,democratic-republican,72.96699639,
10/31/1824,Massachusetts,MA,Clay,democratic-republican,0,
10/31/1824,Massachusetts,MA,Crawford,democratic-republican,0,
10/31/1824,Massachusetts,MA,Other,democratic-republican,27.03300361,
10/31/1824,Mississippi,MS,Jackson,democratic-republican,63.77196567,
10/31/1824,Mississippi,MS,Adams,democratic-republican,33.79648549,
10/31/1824,Mississippi,MS,Clay,democratic-republican,0,
10/31/1824,Mississippi,MS,Crawford,democratic-republican,2.431548835,
10/31/1824,Mississippi,MS,Other,democratic-republican,0,
10/31/1824,Missouri,MO,Jackson,democratic-republican,33.97435897,
10/31/1824,Missouri,MO,Adams,democratic-republican,4.632867133,
10/31/1824,Missouri,MO,Clay,democratic-republican,59.4988345,
10/31/1824,Missouri,MO,Crawford,democratic-republican,0.932400932,
10/31/1824,Missouri,MO,Other,democratic-republican,0.961538462,
10/31/1824,New Hampshire,NH,Jackson,democratic-republican,0,
10/31/1824,New Hampshire,NH,Adams,democratic-republican,93.59051037,
10/31/1824,New Hampshire,NH,Clay,democratic-republican,0,
10/31/1824,New Hampshire,NH,Crawford,democratic-republican,6.409489633,
10/31/1824,New Hampshire,NH,Other,democratic-republican,0,
10/31/1824,New Jersey,NJ,Jackson,democratic-republican,52.08448858,
10/31/1824,New Jersey,NJ,Adams,democratic-republican,41.88637395,
10/31/1824,New Jersey,NJ,Clay,democratic-republican,0,
10/31/1824,New Jersey,NJ,Crawford,democratic-republican,6.02913747,
10/31/1824,New Jersey,NJ,Other,democratic-republican,0,
10/31/1824,New York,NY,Jackson,democratic-republican,0,1
10/31/1824,New York,NY,Adams,democratic-republican,100,26
10/31/1824,New York,NY,Clay,democratic-republican,0,4
10/31/1824,New York,NY,Crawford,democratic-republican,0,5
10/31/1824,New York,NY,Other,democratic-republican,0,
10/31/1824,North Carolina,NC,Jackson,democratic-republican,56.02758315,
10/31/1824,North Carolina,NC,Adams,democratic-republican,0,
10/31/1824,North Carolina,NC,Clay,democratic-republican,0,
10/31/1824,North Carolina,NC,Crawford,democratic-republican,43.26345232,
10/31/1824,North Carolina,NC,Other,democratic-republican,0.708964524,
10/31/1824,Ohio,OH,Jackson,democratic-republican,36.96025908,
10/31/1824,Ohio,OH,Adams,democratic-republican,24.54821686,
10/31/1824,Ohio,OH,Clay,democratic-republican,38.49152407,
10/31/1824,Ohio,OH,Crawford,democratic-republican,0,
10/31/1824,Ohio,OH,Other,democratic-republican,0,
10/31/1824,Pennsylvania,PA,Jackson,democratic-republican,76.03699314,
10/31/1824,Pennsylvania,PA,Adams,democratic-republican,11.50427495,
10/31/1824,Pennsylvania,PA,Clay,democratic-republican,3.608312876,
10/31/1824,Pennsylvania,PA,Crawford,democratic-republican,8.85041903,
10/31/1824,Pennsylvania,PA,Other,democratic-republican,0,
10/31/1824,Rhode Island,RI,Jackson,democratic-republican,0,
10/31/1824,Rhode Island,RI,Adams,democratic-republican,91.47121535,
10/31/1824,Rhode Island,RI,Clay,democratic-republican,0,
10/31/1824,Rhode Island,RI,Crawford,democratic-republican,8.528784648,
10/31/1824,Rhode Island,RI,Other,democratic-republican,0,
10/31/1824,South Carolina,SC,Jackson,democratic-republican,100,
10/31/1824,South Carolina,SC,Adams,democratic-republican,0,
10/31/1824,South Carolina,SC,Clay,democratic-republican,0,
10/31/1824,South Carolina,SC,Crawford,democratic-republican,0,
10/31/1824,South Carolina,SC,Other,democratic-republican,0,
10/31/1824,Tennessee,TN,Jackson,democratic-republican,97.45235223,
10/31/1824,Tennessee,TN,Adams,democratic-republican,1.042219542,
10/31/1824,Tennessee,TN,Clay,democratic-republican,0,
10/31/1824,Tennessee,TN,Crawford,democratic-republican,1.505428227,
10/31/1824,Tennessee,TN,Other,democratic-republican,0,
10/31/1824,Vermont,VT,Jackson,democratic-republican,0,
10/31/1824,Vermont,VT,Adams,democratic-republican,100,
10/31/1824,Vermont,VT,Clay,democratic-republican,0,
10/31/1824,Vermont,VT,Crawford,democratic-republican,0,
10/31/1824,Vermont,VT,Other,democratic-republican,0,
10/31/1824,Virginia,VA,Jackson,democratic-republican,19.35462885,
10/31/1824,Virginia,VA,Adams,democratic-republican,22.24318522,
10/31/1824,Virginia,VA,Clay,democratic-republican,2.725912433,
10/31/1824,Virginia,VA,Crawford,democratic-republican,55.6762735,
10/31/1824,Virginia,VA,Other,democratic-republican,0,
10/31/1824,National Popular Vote,NPV,Jackson,democratic-republican,41.36,
10/31/1824,National Popular Vote,NPV,Adams,democratic-republican,30.92,
10/31/1824,National Popular Vote,NPV,Crawford,democratic-republican,11.21,
10/31/1824,National Popular Vote,NPV,Clay,democratic-republican,12.99,
10/31/1828,Alabama,AL,Jackson,democrat,89.89150285,
10/31/1828,Alabama,AL,Adams,national republican,10.08701257,
10/31/1828,Alabama,AL,Other,independent,0.021484585,
10/31/1828,Connecticut,CT,Jackson,democrat,22.95386521,
10/31/1828,Connecticut,CT,Adams,national republican,71.36443389,
10/31/1828,Connecticut,CT,Other,independent,5.681700898,
10/31/1828,Delaware,DE,Jackson,democrat,0,
10/31/1828,Delaware,DE,Adams,national republican,100,
10/31/1828,Delaware,DE,Other,independent,0,
10/31/1828,Georgia,GA,Jackson,democrat,96.79064187,
10/31/1828,Georgia,GA,Adams,national republican,3.209358128,
10/31/1828,Georgia,GA,Other,independent,0,
10/31/1828,Illinois,IL,Jackson,democrat,67.21980031,
10/31/1828,Illinois,IL,Adams,national republican,32.78019969,
10/31/1828,Illinois,IL,Other,independent,0,
10/31/1828,Indiana,IN,Jackson,democrat,56.62062123,
10/31/1828,Indiana,IN,Adams,national republican,43.37937877,
10/31/1828,Indiana,IN,Other,independent,0,
10/31/1828,Kentucky,KY,Jackson,democrat,55.53860066,
10/31/1828,Kentucky,KY,Adams,national republican,44.46139934,
10/31/1828,Kentucky,KY,Other,independent,0,
10/31/1828,Louisiana,LA,Jackson,democrat,53.01024519,
10/31/1828,Louisiana,LA,Adams,national republican,46.98975481,
10/31/1828,Louisiana,LA,Other,independent,0,
10/31/1828,Maine,ME,Jackson,democrat,40.03276898,1
10/31/1828,Maine,ME,Adams,national republican,59.71140303,8
10/31/1828,Maine,ME,Other,independent,0.255827992,
10/31/1828,Maryland,MD,Jackson,democrat,49.74670277,5
10/31/1828,Maryland,MD,Adams,national republican,50.25329723,6
10/31/1828,Maryland,MD,Other,independent,0,
10/31/1828,Massachusetts,MA,Jackson,democrat,15.38619031,
10/31/1828,Massachusetts,MA,Adams,national republican,76.3576803,
10/31/1828,Massachusetts,MA,Other,independent,8.256129396,
10/31/1828,Mississippi,MS,Jackson,democrat,81.05225312,
10/31/1828,Mississippi,MS,Adams,national republican,18.94774688,
10/31/1828,Mississippi,MS,Other,independent,0,
10/31/1828,Missouri,MO,Jackson,democrat,70.63669126,
10/31/1828,Missouri,MO,Adams,national republican,29.36330874,
10/31/1828,Missouri,MO,Other,independent,0,
10/31/1828,New Hampshire,NH,Jackson,democrat,45.89985239,
10/31/1828,New Hampshire,NH,Adams,national republican,54.10014761,
10/31/1828,New Hampshire,NH,Other,independent,0,
10/31/1828,New Jersey,NJ,Jackson,democrat,47.85824007,
10/31/1828,New Jersey,NJ,Adams,national republican,52.12420452,
10/31/1828,New Jersey,NJ,Other,independent,0.017555409,
10/31/1828,New York,NY,Jackson,democrat,51.44828859,20
10/31/1828,New York,NY,Adams,national republican,48.55171141,16
10/31/1828,New York,NY,Other,independent,0,
10/31/1828,North Carolina,NC,Jackson,democrat,73.07476762,
10/31/1828,North Carolina,NC,Adams,national republican,26.89624519,
10/31/1828,North Carolina,NC,Other,independent,0.028987188,
10/31/1828,Ohio,OH,Jackson,democrat,51.6035208,
10/31/1828,Ohio,OH,Adams,national republican,48.3964792,
10/31/1828,Ohio,OH,Other,independent,0,
10/31/1828,Pennsylvania,PA,Jackson,democrat,66.65704918,
10/31/1828,Pennsylvania,PA,Adams,national republican,33.34295082,
10/31/1828,Pennsylvania,PA,Other,independent,0,
10/31/1828,Rhode Island,RI,Jackson,democrat,22.96503497,
10/31/1828,Rhode Island,RI,Adams,national republican,77.03496503,
10/31/1828,Rhode Island,RI,Other,independent,0,
10/31/1828,South Carolina,SC,Jackson,democrat,100,
10/31/1828,South Carolina,SC,Adams,national republican,0,
10/31/1828,South Carolina,SC,Other,independent,0,
10/31/1828,Tennessee,TN,Jackson,democrat,95.18621194,
10/31/1828,Tennessee,TN,Adams,national republican,4.813788064,
10/31/1828,Tennessee,TN,Other,independent,0,
10/31/1828,Vermont,VT,Jackson,democrat,24.76789369,
10/31/1828,Vermont,VT,Adams,national republican,75.23210631,
10/31/1828,Vermont,VT,Other,independent,0,
10/31/1828,Virginia,VA,Jackson,democrat,68.99085397,
10/31/1828,Virginia,VA,Adams,national republican,31.00914603,
10/31/1828,Virginia,VA,Other,independent,0,
10/31/1828,National Popular Vote,NPV,Jackson,democrat,55.33,
10/31/1828,National Popular Vote,NPV,Adams,national republican,43.98,
11/2/1832,Alabama,AL,Jackson,democratic,99.96501295,
11/2/1832,Alabama,AL,Clay,national republican,0.034987055,
11/2/1832,Alabama,AL,Wirt,independent,0,
11/2/1832,Alabama,AL,Other,independent,0,
11/2/1832,Connecticut,CT,Jackson,democratic,34.32217586,
11/2/1832,Connecticut,CT,Clay,national republican,55.29497761,
11/2/1832,Connecticut,CT,Wirt,independent,10.38284653,
11/2/1832,Connecticut,CT,Other,independent,0,
11/2/1832,Delaware,DE,Jackson,democratic,49.01025519,
11/2/1832,Delaware,DE,Clay,national republican,50.98974481,
11/2/1832,Delaware,DE,Wirt,independent,0,
11/2/1832,Delaware,DE,Other,independent,0,
11/2/1832,Georgia,GA,Jackson,democratic,100,
11/2/1832,Georgia,GA,Clay,national republican,0,
11/2/1832,Georgia,GA,Wirt,independent,0,
11/2/1832,Georgia,GA,Other,independent,0,
11/2/1832,Illinois,IL,Jackson,democratic,68.00893813,
11/2/1832,Illinois,IL,Clay,national republican,31.39984172,
11/2/1832,Illinois,IL,Wirt,independent,0.451561845,
11/2/1832,Illinois,IL,Other,independent,0.139658303,
11/2/1832,Indiana,IN,Jackson,democratic,67.09695256,
11/2/1832,Indiana,IN,Clay,national republican,32.90304744,
11/2/1832,Indiana,IN,Wirt,independent,0,
11/2/1832,Indiana,IN,Other,independent,0,
11/2/1832,Kentucky,KY,Jackson,democratic,45.51234622,
11/2/1832,Kentucky,KY,Clay,national republican,54.48765378,
11/2/1832,Kentucky,KY,Wirt,independent,0,
11/2/1832,Kentucky,KY,Other,independent,0,
11/2/1832,Louisiana,LA,Jackson,democratic,61.66955973,
11/2/1832,Louisiana,LA,Clay,national republican,38.33044027,
11/2/1832,Louisiana,LA,Wirt,independent,0,
11/2/1832,Louisiana,LA,Other,independent,0,
11/2/1832,Maine,ME,Jackson,democratic,54.6683185,
11/2/1832,Maine,ME,Clay,national republican,43.97374222,
11/2/1832,Maine,ME,Wirt,independent,1.357939279,
11/2/1832,Maine,ME,Other,independent,0,
11/2/1832,Maryland,MD,Jackson,democratic,49.99478025,3
11/2/1832,Maryland,MD,Clay,national republican,50.00521975,5
11/2/1832,Maryland,MD,Wirt,independent,0,
11/2/1832,Maryland,MD,Other,independent,0,
11/2/1832,Massachusetts,MA,Jackson,democratic,20.60515536,
11/2/1832,Massachusetts,MA,Clay,national republican,47.26925864,
11/2/1832,Massachusetts,MA,Wirt,independent,21.72762093,
11/2/1832,Massachusetts,MA,Other,independent,10.39796507,
11/2/1832,Mississippi,MS,Jackson,democratic,100,
11/2/1832,Mississippi,MS,Clay,national republican,0,
11/2/1832,Mississippi,MS,Wirt,independent,0,
11/2/1832,Mississippi,MS,Other,independent,0,
11/2/1832,Missouri,MO,Jackson,democratic,100,
11/2/1832,Missouri,MO,Clay,national republican,0,
11/2/1832,Missouri,MO,Wirt,independent,0,
11/2/1832,Missouri,MO,Other,independent,0,
11/2/1832,New Hampshire,NH,Jackson,democratic,56.75564588,
11/2/1832,New Hampshire,NH,Clay,national republican,43.24435412,
11/2/1832,New Hampshire,NH,Wirt,independent,0,
11/2/1832,New Hampshire,NH,Other,independent,0,
11/2/1832,New Jersey,NJ,Jackson,democratic,49.88693467,
11/2/1832,New Jersey,NJ,Clay,national republican,49.13316583,
11/2/1832,New Jersey,NJ,Wirt,independent,0.979899498,
11/2/1832,New Jersey,NJ,Other,independent,0,
11/2/1832,New York,NY,Jackson,democratic,52.10285937,
11/2/1832,New York,NY,Clay,national republican,47.89714063,
11/2/1832,New York,NY,Wirt,independent,0,
11/2/1832,New York,NY,Other,independent,0,
11/2/1832,North Carolina,NC,Jackson,democratic,84.77130105,
11/2/1832,North Carolina,NC,Clay,national republican,15.22869895,
11/2/1832,North Carolina,NC,Wirt,independent,0,
11/2/1832,North Carolina,NC,Other,independent,0,
11/2/1832,Ohio,OH,Jackson,democratic,51.32601362,
11/2/1832,Ohio,OH,Clay,national republican,48.35243281,
11/2/1832,Ohio,OH,Wirt,independent,0.321553565,
11/2/1832,Ohio,OH,Other,independent,0,
11/2/1832,Pennsylvania,PA,Jackson,democratic,57.96152246,
11/2/1832,Pennsylvania,PA,Clay,national republican,0,
11/2/1832,Pennsylvania,PA,Wirt,independent,42.03847754,
11/2/1832,Pennsylvania,PA,Other,independent,0,
11/2/1832,Rhode Island,RI,Jackson,democratic,43.0713128,
11/2/1832,Rhode Island,RI,Clay,national republican,56.9286872,
11/2/1832,Rhode Island,RI,Wirt,independent,0,
11/2/1832,Rhode Island,RI,Other,independent,0,
11/2/1832,South Carolina,SC,Jackson,democratic,0,
11/2/1832,South Carolina,SC,Clay,national republican,0,
11/2/1832,South Carolina,SC,Wirt,independent,0,
11/2/1832,South Carolina,SC,Other,independent,0,
11/2/1832,South Carolina,SC,Floyd,independent,100,
11/2/1832,Tennessee,TN,Jackson,democratic,95.42225998,
11/2/1832,Tennessee,TN,Clay,national republican,4.577740017,
11/2/1832,Tennessee,TN,Wirt,independent,0,
11/2/1832,Tennessee,TN,Other,independent,0,
11/2/1832,Vermont,VT,Jackson,democratic,24.49576693,
11/2/1832,Vermont,VT,Clay,national republican,34.71115538,
11/2/1832,Vermont,VT,Wirt,independent,40.79307769,
11/2/1832,Vermont,VT,Other,independent,0,
11/2/1832,Virginia,VA,Jackson,democratic,74.95950265,
11/2/1832,Virginia,VA,Clay,national republican,25.03393021,
11/2/1832,Virginia,VA,Wirt,independent,0.006567138,
11/2/1832,Virginia,VA,Other,independent,0,
11/2/1832,National Popular Vote,NPV,Jackson,democrat,54.23,
11/2/1832,National Popular Vote,NPV,Clay,national republican,37.42,
11/2/1832,National Popular Vote,NPV,Wirt,independent,7.78,
11/3/1836,Alabama,AL,Van Buren,democrat,55.33569284,
11/3/1836,Alabama,AL,Harrison,whig,0,
11/3/1836,Alabama,AL,White,independent,44.66430716,
11/3/1836,Alabama,AL,Webster,independent,0,
11/3/1836,Alabama,AL,Other,independent,0,
11/3/1836,Arkansas,AR,Van Buren,democrat,64.08185245,
11/3/1836,Arkansas,AR,Harrison,whig,0,
11/3/1836,Arkansas,AR,White,independent,35.91814755,
11/3/1836,Arkansas,AR,Webster,independent,0,
11/3/1836,Arkansas,AR,Other,independent,0,
11/3/1836,Connecticut,CT,Van Buren,democrat,50.64972567,
11/3/1836,Connecticut,CT,Harrison,whig,49.35027433,
11/3/1836,Connecticut,CT,White,independent,0,
11/3/1836,Connecticut,CT,Webster,independent,0,
11/3/1836,Connecticut,CT,Other,independent,0,
11/3/1836,Delaware,DE,Van Buren,democrat,46.70039348,
11/3/1836,Delaware,DE,Harrison,whig,53.24339517,
11/3/1836,Delaware,DE,White,independent,0,
11/3/1836,Delaware,DE,Webster,independent,0,
11/3/1836,Delaware,DE,Other,independent,0.056211355,
11/3/1836,Georgia,GA,Van Buren,democrat,48.19822679,
11/3/1836,Georgia,GA,Harrison,whig,0,
11/3/1836,Georgia,GA,White,independent,51.80177321,
11/3/1836,Georgia,GA,Webster,independent,0,
11/3/1836,Georgia,GA,Other,independent,0,
11/3/1836,Illinois,IL,Van Buren,democrat,54.68754652,
11/3/1836,Illinois,IL,Harrison,whig,45.31245348,
11/3/1836,Illinois,IL,White,independent,0,
11/3/1836,Illinois,IL,Webster,independent,0,
11/3/1836,Illinois,IL,Other,independent,0,
11/3/1836,Indiana,IN,Van Buren,democrat,44.03259263,
11/3/1836,Indiana,IN,Harrison,whig,55.96740737,
11/3/1836,Indiana,IN,White,independent,0,
11/3/1836,Indiana,IN,Webster,independent,0,
11/3/1836,Indiana,IN,Other,independent,0,
11/3/1836,Kentucky,KY,Van Buren,democrat,47.40904551,
11/3/1836,Kentucky,KY,Harrison,whig,52.59095449,
11/3/1836,Kentucky,KY,White,independent,0,
11/3/1836,Kentucky,KY,Webster,independent,0,
11/3/1836,Kentucky,KY,Other,independent,0,
11/3/1836,Louisiana,LA,Van Buren,democrat,51.74410774,
11/3/1836,Louisiana,LA,Harrison,whig,0,
11/3/1836,Louisiana,LA,White,independent,48.25589226,
11/3/1836,Louisiana,LA,Webster,independent,0,
11/3/1836,Louisiana,LA,Other,independent,0,
11/3/1836,Maine,ME,Van Buren,democrat,58.91843056,
11/3/1836,Maine,ME,Harrison,whig,38.21115126,
11/3/1836,Maine,ME,White,independent,0,
11/3/1836,Maine,ME,Webster,independent,0,
11/3/1836,Maine,ME,Other,independent,2.870418172,
11/3/1836,Maryland,MD,Van Buren,democrat,46.27486024,
11/3/1836,Maryland,MD,Harrison,whig,53.72513976,
11/3/1836,Maryland,MD,White,independent,0,
11/3/1836,Maryland,MD,Webster,independent,0,
11/3/1836,Maryland,MD,Other,independent,0,
11/3/1836,Massachusetts,MA,Van Buren,democrat,44.80811433,
11/3/1836,Massachusetts,MA,Harrison,whig,0,
11/3/1836,Massachusetts,MA,White,independent,0,
11/3/1836,Massachusetts,MA,Webster,independent,55.1316705,
11/3/1836,Massachusetts,MA,Other,independent,0.060215169,
11/3/1836,Michigan,MI,Van Buren,democrat,56.22483619,
11/3/1836,Michigan,MI,Harrison,whig,43.77516381,
11/3/1836,Michigan,MI,White,independent,0,
11/3/1836,Michigan,MI,Webster,independent,0,
11/3/1836,Michigan,MI,Other,independent,0,
11/3/1836,Mississippi,MS,Van Buren,democrat,51.28243438,
11/3/1836,Mississippi,MS,Harrison,whig,0,
11/3/1836,Mississippi,MS,White,independent,48.71756562,
11/3/1836,Mississippi,MS,Webster,independent,0,
11/3/1836,Mississippi,MS,Other,independent,0,
11/3/1836,Missouri,MO,Van Buren,democrat,59.97708924,
11/3/1836,Missouri,MO,Harrison,whig,0,
11/3/1836,Missouri,MO,White,independent,40.02291076,
11/3/1836,Missouri,MO,Webster,independent,0,
11/3/1836,Missouri,MO,Other,independent,0,
11/3/1836,New Hampshire,NH,Van Buren,democrat,75.01303912,
11/3/1836,New Hampshire,NH,Harrison,whig,24.98696088,
11/3/1836,New Hampshire,NH,White,independent,0,
11/3/1836,New Hampshire,NH,Webster,independent,0,
11/3/1836,New Hampshire,NH,Other,independent,0,
11/3/1836,New Jersey,NJ,Van Buren,democrat,49.47321618,
11/3/1836,New Jersey,NJ,Harrison,whig,50.52678382,
11/3/1836,New Jersey,NJ,White,independent,0,
11/3/1836,New Jersey,NJ,Webster,independent,0,
11/3/1836,New Jersey,NJ,Other,independent,0,
11/3/1836,New York,NY,Van Buren,democrat,54.625454,
11/3/1836,New York,NY,Harrison,whig,45.374546,
11/3/1836,New York,NY,White,independent,0,
11/3/1836,New York,NY,Webster,independent,0,
11/3/1836,New York,NY,Other,independent,0,
11/3/1836,North Carolina,NC,Van Buren,democrat,53.09951548,
11/3/1836,North Carolina,NC,Harrison,whig,0,
11/3/1836,North Carolina,NC,White,independent,46.89849062,
11/3/1836,North Carolina,NC,Webster,independent,0,
11/3/1836,North Carolina,NC,Other,independent,0.001993899,
11/3/1836,Ohio,OH,Van Buren,democrat,47.56416403,
11/3/1836,Ohio,OH,Harrison,whig,51.87389106,
11/3/1836,Ohio,OH,White,independent,0,
11/3/1836,Ohio,OH,Webster,independent,0,
11/3/1836,Ohio,OH,Other,independent,0.561944913,
11/3/1836,Pennsylvania,PA,Van Buren,democrat,51.18136234,
11/3/1836,Pennsylvania,PA,Harrison,whig,48.81863766,
11/3/1836,Pennsylvania,PA,White,independent,0,
11/3/1836,Pennsylvania,PA,Webster,independent,0,
11/3/1836,Pennsylvania,PA,Other,independent,0,
11/3/1836,Rhode Island,RI,Van Buren,democrat,52.23827987,
11/3/1836,Rhode Island,RI,Harrison,whig,47.76172013,
11/3/1836,Rhode Island,RI,White,independent,0,
11/3/1836,Rhode Island,RI,Webster,independent,0,
11/3/1836,Rhode Island,RI,Other,independent,0,
11/3/1836,South Carolina,SC,Van Buren,democratic,0,
11/3/1836,South Carolina,SC,Harrison,whig,0,
11/3/1836,South Carolina,SC,White,independent,0,
11/3/1836,South Carolina,SC,Webster,independent,0,
11/3/1836,South Carolina,SC,Other,independent,0,
11/3/1836,South Carolina,SC,Mangum,independent,100,
11/3/1836,Tennessee,TN,Van Buren,democrat,42.07598437,
11/3/1836,Tennessee,TN,Harrison,whig,0,
11/3/1836,Tennessee,TN,White,independent,57.92401563,
11/3/1836,Tennessee,TN,Webster,independent,0,
11/3/1836,Tennessee,TN,Other,independent,0,
11/3/1836,Vermont,VT,Van Buren,democrat,40.07022352,
11/3/1836,Vermont,VT,Harrison,whig,59.92977648,
11/3/1836,Vermont,VT,White,independent,0,
11/3/1836,Vermont,VT,Webster,independent,0,
11/3/1836,Vermont,VT,Other,independent,0,
11/3/1836,Virginia,VA,Van Buren,democrat,56.642877,
11/3/1836,Virginia,VA,Harrison,whig,0,
11/3/1836,Virginia,VA,White,independent,43.3478543,
11/3/1836,Virginia,VA,Webster,independent,0,
11/3/1836,Virginia,VA,Other,independent,0.0092687,
11/3/1836,National Popular Vote,NPV,Van Buren,democrat,50.83,
11/3/1836,National Popular Vote,NPV,Harrison,whig,36.63,
11/3/1836,National Popular Vote,NPV,White,independent,9.72,
11/3/1836,National Popular Vote,NPV,Webster,independent,2.74,
10/30/1840,Alabama,AL,Van Buren,democrat,54.38402841,
10/30/1840,Alabama,AL,Harrison,whig,45.61597159,
10/30/1840,Alabama,AL,Other,independent,0,
10/30/1840,Arkansas,AR,Van Buren,democrat,56.41523777,
10/30/1840,Arkansas,AR,Harrison,whig,43.58476223,
10/30/1840,Arkansas,AR,Other,independent,0,
10/30/1840,Connecticut,CT,Van Buren,democrat,44.44698395,
10/30/1840,Connecticut,CT,Harrison,whig,55.55301605,
10/30/1840,Connecticut,CT,Other,independent,0,
10/30/1840,Delaware,DE,Van Buren,democrat,44.89495024,
10/30/1840,Delaware,DE,Harrison,whig,54.98525617,
10/30/1840,Delaware,DE,Other,independent,0.119793586,
10/30/1840,Georgia,GA,Van Buren,democrat,44.22305799,
10/30/1840,Georgia,GA,Harrison,whig,55.77694201,
10/30/1840,Georgia,GA,Other,independent,0,
10/30/1840,Illinois,IL,Van Buren,democrat,50.91601825,
10/30/1840,Illinois,IL,Harrison,whig,48.91226187,
10/30/1840,Illinois,IL,Other,independent,0.171719882,
10/30/1840,Indiana,IN,Van Buren,democrat,44.14144697,
10/30/1840,Indiana,IN,Harrison,whig,55.85855303,
10/30/1840,Indiana,IN,Other,independent,0,
10/30/1840,Kentucky,KY,Van Buren,democrat,35.80084299,
10/30/1840,Kentucky,KY,Harrison,whig,64.19915701,
10/30/1840,Kentucky,KY,Other,independent,0,
10/30/1840,Louisiana,LA,Van Buren,democrat,40.27072758,
10/30/1840,Louisiana,LA,Harrison,whig,59.72927242,
10/30/1840,Louisiana,LA,Other,independent,0,
10/30/1840,Maine,ME,Van Buren,democrat,49.77263421,
10/30/1840,Maine,ME,Harrison,whig,50.22736579,
10/30/1840,Maine,ME,Other,independent,0,
10/30/1840,Maryland,MD,Van Buren,democrat,46.16570328,
10/30/1840,Maryland,MD,Harrison,whig,53.83429672,
10/30/1840,Maryland,MD,Other,independent,0,
10/30/1840,Massachusetts,MA,Van Buren,democrat,41.28129312,
10/30/1840,Massachusetts,MA,Harrison,whig,57.44293318,
10/30/1840,Massachusetts,MA,Other,independent,1.275773704,
10/30/1840,Michigan,MI,Van Buren,democrat,47.56708005,
10/30/1840,Michigan,MI,Harrison,whig,51.70913191,
10/30/1840,Michigan,MI,Other,independent,0.72378805,
10/30/1840,Mississippi,MS,Van Buren,democrat,46.57084189,
10/30/1840,Mississippi,MS,Harrison,whig,53.42915811,
10/30/1840,Mississippi,MS,Other,independent,0,
10/30/1840,Missouri,MO,Van Buren,democrat,56.62755324,
10/30/1840,Missouri,MO,Harrison,whig,43.37244676,
10/30/1840,Missouri,MO,Other,independent,0,
10/30/1840,New Hampshire,NH,Van Buren,democrat,54.66341984,
10/30/1840,New Hampshire,NH,Harrison,whig,43.88218027,
10/30/1840,New Hampshire,NH,Other,independent,1.454399893,
10/30/1840,New Jersey,NJ,Van Buren,democrat,48.14906755,
10/30/1840,New Jersey,NJ,Harrison,whig,51.74387936,
10/30/1840,New Jersey,NJ,Other,independent,0.107053092,
10/30/1840,New York,NY,Van Buren,democrat,48.17945251,
10/30/1840,New York,NY,Harrison,whig,51.18436936,
10/30/1840,New York,NY,Other,independent,0.63617813,
10/30/1840,North Carolina,NC,Van Buren,democrat,42.32117421,
10/30/1840,North Carolina,NC,Harrison,whig,57.67882579,
10/30/1840,North Carolina,NC,Other,independent,0,
10/30/1840,Ohio,OH,Van Buren,democrat,45.56715186,
10/30/1840,Ohio,OH,Harrison,whig,54.10309595,
10/30/1840,Ohio,OH,Other,independent,0.329752193,
10/30/1840,Pennsylvania,PA,Van Buren,democrat,49.88299667,
10/30/1840,Pennsylvania,PA,Harrison,whig,49.99895843,
10/30/1840,Pennsylvania,PA,Other,independent,0.118044899,
10/30/1840,Rhode Island,RI,Van Buren,democrat,38.29022155,
10/30/1840,Rhode Island,RI,Harrison,whig,61.22259599,
10/30/1840,Rhode Island,RI,Other,independent,0.487182461,
10/30/1840,South Carolina,SC,Van Buren,democratic,100,
10/30/1840,South Carolina,SC,Harrison,whig,0,
10/30/1840,South Carolina,SC,Other,independent,0,
10/30/1840,Tennessee,TN,Van Buren,democrat,44.33954413,
10/30/1840,Tennessee,TN,Harrison,whig,55.66045587,
10/30/1840,Tennessee,TN,Other,independent,0,
10/30/1840,Vermont,VT,Van Buren,democrat,35.46963938,
10/30/1840,Vermont,VT,Harrison,whig,63.90207394,
10/30/1840,Vermont,VT,Other,independent,0.628286688,
10/30/1840,Virginia,VA,Van Buren,democrat,50.64819316,
10/30/1840,Virginia,VA,Harrison,whig,49.35180684,
10/30/1840,Virginia,VA,Other,independent,0,
10/30/1840,National Popular Vote,NPV,Van Buren,democrat,46.82,
10/30/1840,National Popular Vote,NPV,Harrison,whig,52.87,
11/1/1844,Alabama,AL,Polk,democratic,58.98932227,
11/1/1844,Alabama,AL,Clay,whig,41.01067773,
11/1/1844,Alabama,AL,Birney,independent,0,
11/1/1844,Alabama,AL,Other,independent,0,
11/1/1844,Arkansas,AR,Polk,democratic,63.00990099,
11/1/1844,Arkansas,AR,Clay,whig,36.99009901,
11/1/1844,Arkansas,AR,Birney,independent,0,
11/1/1844,Arkansas,AR,Other,independent,0,
11/1/1844,Connecticut,CT,Polk,democratic,46.18206017,
11/1/1844,Connecticut,CT,Clay,whig,50.81094466,
11/1/1844,Connecticut,CT,Birney,independent,3.006995171,
11/1/1844,Connecticut,CT,Other,independent,0,
11/1/1844,Delaware,DE,Polk,democratic,48.74663183,
11/1/1844,Delaware,DE,Clay,whig,51.20437658,
11/1/1844,Delaware,DE,Birney,independent,0,
11/1/1844,Delaware,DE,Other,independent,0.04899159,
11/1/1844,Georgia,GA,Polk,democratic,51.18670794,
11/1/1844,Georgia,GA,Clay,whig,48.81329206,
11/1/1844,Georgia,GA,Birney,independent,0,
11/1/1844,Georgia,GA,Other,independent,0,
11/1/1844,Illinois,IL,Polk,democratic,53.91217437,
11/1/1844,Illinois,IL,Clay,whig,42.0459026,
11/1/1844,Illinois,IL,Birney,independent,3.180905398,
11/1/1844,Illinois,IL,Other,independent,0.861017633,
11/1/1844,Indiana,IN,Polk,democratic,50.07420409,
11/1/1844,Indiana,IN,Clay,whig,48.42316309,
11/1/1844,Indiana,IN,Birney,independent,1.502632818,
11/1/1844,Indiana,IN,Other,independent,0,
11/1/1844,Kentucky,KY,Polk,democratic,45.91078888,
11/1/1844,Kentucky,KY,Clay,whig,54.08921112,
11/1/1844,Kentucky,KY,Birney,independent,0,
11/1/1844,Kentucky,KY,Other,independent,0,
11/1/1844,Louisiana,LA,Polk,democratic,51.30094919,
11/1/1844,Louisiana,LA,Clay,whig,48.69905081,
11/1/1844,Louisiana,LA,Birney,independent,0,
11/1/1844,Louisiana,LA,Other,independent,0,
11/1/1844,Maine,ME,Polk,democratic,53.82948913,
11/1/1844,Maine,ME,Clay,whig,40.47661098,
11/1/1844,Maine,ME,Birney,independent,5.693899898,
11/1/1844,Maine,ME,Other,independent,0,
11/1/1844,Maryland,MD,Polk,democratic,47.6139176,
11/1/1844,Maryland,MD,Clay,whig,52.3860824,
11/1/1844,Maryland,MD,Birney,independent,0,
11/1/1844,Maryland,MD,Other,independent,0,
11/1/1844,Massachusetts,MA,Polk,democratic,40.16980089,
11/1/1844,Massachusetts,MA,Clay,whig,50.79030878,
11/1/1844,Massachusetts,MA,Birney,independent,8.20224634,
11/1/1844,Massachusetts,MA,Other,independent,0.837643994,
11/1/1844,Michigan,MI,Polk,democratic,49.75157396,
11/1/1844,Michigan,MI,Clay,whig,43.72118886,
11/1/1844,Michigan,MI,Birney,independent,6.52723718,
11/1/1844,Michigan,MI,Other,independent,0,
11/1/1844,Mississippi,MS,Polk,democratic,57.43045063,
11/1/1844,Mississippi,MS,Clay,whig,42.56954937,
11/1/1844,Mississippi,MS,Birney,independent,0,
11/1/1844,Mississippi,MS,Other,independent,0,
11/1/1844,Missouri,MO,Polk,democratic,56.97857202,
11/1/1844,Missouri,MO,Clay,whig,43.02142798,
11/1/1844,Missouri,MO,Birney,independent,0,
11/1/1844,Missouri,MO,Other,independent,0,
11/1/1844,New Hampshire,NH,Polk,democratic,55.21784211,
11/1/1844,New Hampshire,NH,Clay,whig,36.32260557,
11/1/1844,New Hampshire,NH,Birney,independent,8.459552321,
11/1/1844,New Hampshire,NH,Other,independent,0,
11/1/1844,New Jersey,NJ,Polk,democratic,49.37190561,
11/1/1844,New Jersey,NJ,Clay,whig,50.45559886,
11/1/1844,New Jersey,NJ,Birney,independent,0.172495523,
11/1/1844,New Jersey,NJ,Other,independent,0,
11/1/1844,New York,NY,Polk,democratic,48.89829218,
11/1/1844,New York,NY,Clay,whig,47.84741974,
11/1/1844,New York,NY,Birney,independent,3.254288078,
11/1/1844,New York,NY,Other,independent,0,
11/1/1844,North Carolina,NC,Polk,democratic,47.60848754,
11/1/1844,North Carolina,NC,Clay,whig,52.38908884,
11/1/1844,North Carolina,NC,Birney,independent,0,
11/1/1844,North Carolina,NC,Other,independent,0.002423626,
11/1/1844,Ohio,OH,Polk,democratic,47.74168546,
11/1/1844,Ohio,OH,Clay,whig,49.68003741,
11/1/1844,Ohio,OH,Birney,independent,2.578277134,
11/1/1844,Ohio,OH,Other,independent,0,
11/1/1844,Pennsylvania,PA,Polk,democratic,50.500947,
11/1/1844,Pennsylvania,PA,Clay,whig,48.59427213,
11/1/1844,Pennsylvania,PA,Birney,independent,0.904780862,
11/1/1844,Pennsylvania,PA,Other,independent,0,
11/1/1844,Rhode Island,RI,Polk,democratic,39.58197788,
11/1/1844,Rhode Island,RI,Clay,whig,59.54782043,
11/1/1844,Rhode Island,RI,Birney,independent,0.870201692,
11/1/1844,Rhode Island,RI,Other,independent,0,
11/1/1844,South Carolina,SC,Polk,democratic,100,
11/1/1844,South Carolina,SC,Clay,whig,0,
11/1/1844,South Carolina,SC,Birney,independent,0,
11/1/1844,South Carolina,SC,Other,independent,0,
11/1/1844,Tennessee,TN,Polk,democratic,49.94873163,
11/1/1844,Tennessee,TN,Clay,whig,50.05126837,
11/1/1844,Tennessee,TN,Birney,independent,0,
11/1/1844,Tennessee,TN,Other,independent,0,
11/1/1844,Vermont,VT,Polk,democratic,36.96368961,
11/1/1844,Vermont,VT,Clay,whig,54.84445719,
11/1/1844,Vermont,VT,Birney,independent,8.130414303,
11/1/1844,Vermont,VT,Other,independent,0.061438899,
11/1/1844,Virginia,VA,Polk,democratic,53.04535321,
11/1/1844,Virginia,VA,Clay,whig,46.95464679,
11/1/1844,Virginia,VA,Birney,independent,0,
11/1/1844,Virginia,VA,Other,independent,0,
11/1/1844,National Popular Vote,NPV,Polk,democrat,49.54,
11/1/1844,National Popular Vote,NPV,Clay,whig,48.08,
11/1/1844,National Popular Vote,NPV,Birney,independent,2.3,
11/7/1848,Alabama,AL,Cass,democratic,50.55709629,
11/7/1848,Alabama,AL,Taylor,whig,49.43641642,
11/7/1848,Alabama,AL,Van Buren,free soil,0,
11/7/1848,Alabama,AL,Other,independent,0.006487293,
11/7/1848,Arkansas,AR,Cass,democratic,55.07460919,
11/7/1848,Arkansas,AR,Taylor,whig,44.92539081,
11/7/1848,Arkansas,AR,Van Buren,free soil,0,
11/7/1848,Arkansas,AR,Other,independent,0,
11/7/1848,Connecticut,CT,Cass,democratic,43.35235104,
11/7/1848,Connecticut,CT,Taylor,whig,48.58809577,
11/7/1848,Connecticut,CT,Van Buren,free soil,8.02109042,
11/7/1848,Connecticut,CT,Other,independent,0.038462771,
11/7/1848,Delaware,DE,Cass,democratic,47.53861004,
11/7/1848,Delaware,DE,Taylor,whig,51.8018018,
11/7/1848,Delaware,DE,Van Buren,free soil,0.65958816,
11/7/1848,Delaware,DE,Other,independent,0,
11/7/1848,Florida,FL,Cass,democratic,42.80161044,
11/7/1848,Florida,FL,Taylor,whig,57.19838956,
11/7/1848,Florida,FL,Van Buren,free soil,0,
11/7/1848,Florida,FL,Other,independent,0,
11/7/1848,Georgia,GA,Cass,democratic,48.51219169,
11/7/1848,Georgia,GA,Taylor,whig,51.48780831,
11/7/1848,Georgia,GA,Van Buren,free soil,0,
11/7/1848,Georgia,GA,Other,independent,0,
11/7/1848,Illinois,IL,Cass,democratic,44.90673858,
11/7/1848,Illinois,IL,Taylor,whig,42.41949982,
11/7/1848,Illinois,IL,Van Buren,free soil,12.60233073,
11/7/1848,Illinois,IL,Other,independent,0.071430865,
11/7/1848,Indiana,IN,Cass,democratic,48.93225621,
11/7/1848,Indiana,IN,Taylor,whig,45.7650309,
11/7/1848,Indiana,IN,Van Buren,free soil,5.302712894,
11/7/1848,Indiana,IN,Other,independent,0,
11/7/1848,Iowa,IA,Cass,democratic,50.46023977,
11/7/1848,Iowa,IA,Taylor,whig,44.58713125,
11/7/1848,Iowa,IA,Van Buren,free soil,4.952628979,
11/7/1848,Iowa,IA,Other,independent,0,
11/7/1848,Kentucky,KY,Cass,democratic,42.54481667,
11/7/1848,Kentucky,KY,Taylor,whig,57.45518333,
11/7/1848,Kentucky,KY,Van Buren,free soil,0,
11/7/1848,Kentucky,KY,Other,independent,0,
11/7/1848,Louisiana,LA,Cass,democratic,45.41132699,
11/7/1848,Louisiana,LA,Taylor,whig,54.58867301,
11/7/1848,Louisiana,LA,Van Buren,free soil,0,
11/7/1848,Louisiana,LA,Other,independent,0,
11/7/1848,Maine,ME,Cass,democratic,45.87161198,
11/7/1848,Maine,ME,Taylor,whig,40.25449358,
11/7/1848,Maine,ME,Van Buren,free soil,13.87389444,
11/7/1848,Maine,ME,Other,independent,0,
11/7/1848,Maryland,MD,Cass,democratic,47.71763015,
11/7/1848,Maryland,MD,Taylor,whig,52.1040921,
11/7/1848,Maryland,MD,Van Buren,free soil,0.178277754,
11/7/1848,Maryland,MD,Other,independent,0,
11/7/1848,Massachusetts,MA,Cass,democratic,26.18294891,
11/7/1848,Massachusetts,MA,Taylor,whig,45.32312168,
11/7/1848,Massachusetts,MA,Van Buren,free soil,28.44791759,
11/7/1848,Massachusetts,MA,Other,independent,0.046011815,
11/7/1848,Michigan,MI,Cass,democratic,47.23579484,
11/7/1848,Michigan,MI,Taylor,whig,36.79512,
11/7/1848,Michigan,MI,Van Buren,free soil,15.96908515,
11/7/1848,Michigan,MI,Other,independent,0,
11/7/1848,Mississippi,MS,Cass,democratic,50.604316,
11/7/1848,Mississippi,MS,Taylor,whig,49.395684,
11/7/1848,Mississippi,MS,Van Buren,free soil,0,
11/7/1848,Mississippi,MS,Other,independent,0,
11/7/1848,Missouri,MO,Cass,democratic,55.0901743,
11/7/1848,Missouri,MO,Taylor,whig,44.9098257,
11/7/1848,Missouri,MO,Van Buren,free soil,0,
11/7/1848,Missouri,MO,Other,independent,0,
11/7/1848,New Hampshire,NH,Cass,democratic,55.41074565,
11/7/1848,New Hampshire,NH,Taylor,whig,29.50063867,
11/7/1848,New Hampshire,NH,Van Buren,free soil,15.08861568,
11/7/1848,New Hampshire,NH,Other,independent,0,
11/7/1848,New Jersey,NJ,Cass,democratic,47.4702515,
11/7/1848,New Jersey,NJ,Taylor,whig,51.47616904,
11/7/1848,New Jersey,NJ,Van Buren,free soil,1.053579469,
11/7/1848,New Jersey,NJ,Other,independent,0,
11/7/1848,New York,NY,Cass,democratic,25.07303529,
11/7/1848,New York,NY,Taylor,whig,47.94075588,
11/7/1848,New York,NY,Van Buren,free soil,26.42802625,
11/7/1848,New York,NY,Other,independent,0.558182584,
11/7/1848,North Carolina,NC,Cass,democratic,44.79787607,
11/7/1848,North Carolina,NC,Taylor,whig,55.16956369,
11/7/1848,North Carolina,NC,Van Buren,free soil,0,
11/7/1848,North Carolina,NC,Other,independent,0.032560236,
11/7/1848,Ohio,OH,Cass,democratic,47.11808061,
11/7/1848,Ohio,OH,Taylor,whig,42.12110972,
11/7/1848,Ohio,OH,Van Buren,free soil,10.76080967,
11/7/1848,Ohio,OH,Other,independent,0,
11/7/1848,Pennsylvania,PA,Cass,democratic,46.66261477,
11/7/1848,Pennsylvania,PA,Taylor,whig,50.28137142,
11/7/1848,Pennsylvania,PA,Van Buren,free soil,3.056013805,
11/7/1848,Pennsylvania,PA,Other,independent,0,
11/7/1848,Rhode Island,RI,Cass,democratic,32.68489467,
11/7/1848,Rhode Island,RI,Taylor,whig,60.77095473,
11/7/1848,Rhode Island,RI,Van Buren,free soil,6.544150605,
11/7/1848,Rhode Island,RI,Other,independent,0,
11/7/1848,South Carolina,SC,Cass,democratic,100,
11/7/1848,South Carolina,SC,Taylor,whig,0,
11/7/1848,South Carolina,SC,Van Buren,free soil,0,
11/7/1848,South Carolina,SC,Other,independent,0,
11/7/1848,Tennessee,TN,Cass,democratic,47.47719719,
11/7/1848,Tennessee,TN,Taylor,whig,52.52280281,
11/7/1848,Tennessee,TN,Van Buren,free soil,0,
11/7/1848,Tennessee,TN,Other,independent,0,
11/7/1848,Texas,TX,Cass,democratic,70.29057126,
11/7/1848,Texas,TX,Taylor,whig,29.70942874,
11/7/1848,Texas,TX,Van Buren,free soil,0,
11/7/1848,Texas,TX,Other,independent,0,
11/7/1848,Vermont,VT,Cass,democratic,22.8454572,
11/7/1848,Vermont,VT,Taylor,whig,48.27010559,
11/7/1848,Vermont,VT,Van Buren,free soil,28.87400359,
11/7/1848,Vermont,VT,Other,independent,0.010433621,
11/7/1848,Virginia,VA,Cass,democratic,50.80105213,
11/7/1848,Virginia,VA,Taylor,whig,49.19894787,
11/7/1848,Virginia,VA,Van Buren,free soil,0,
11/7/1848,Virginia,VA,Other,independent,0,
11/7/1848,Wisconsin,WI,Cass,democratic,38.30107747,
11/7/1848,Wisconsin,WI,Taylor,whig,35.09932084,
11/7/1848,Wisconsin,WI,Van Buren,free soil,26.5996017,
11/7/1848,Wisconsin,WI,Other,independent,0,
11/7/1848,National Popular Vote,NPV,Cass,democrat,42.49,
11/7/1848,National Popular Vote,NPV,Taylor,whig,47.28,
11/7/1848,National Popular Vote,NPV,Van Buren,free soil,10.12,
11/2/1852,Alabama,AL,Pierce,democratic,60.88975468,
11/2/1852,Alabama,AL,Scott,whig,34.11556844,
11/2/1852,Alabama,AL,Hale,free soil,0,
11/2/1852,Alabama,AL,Other,independent,4.994676875,
11/2/1852,Arkansas,AR,Pierce,democratic,62.18010931,
11/2/1852,Arkansas,AR,Scott,whig,37.81989069,
11/2/1852,Arkansas,AR,Hale,free soil,0,
11/2/1852,Arkansas,AR,Other,independent,0,
11/2/1852,California,CA,Pierce,democratic,53.01523239,
11/2/1852,California,CA,Scott,whig,46.83244369,
11/2/1852,California,CA,Hale,free soil,0.079416743,
11/2/1852,California,CA,Other,independent,0.072907174,
11/2/1852,Connecticut,CT,Pierce,democratic,49.78811339,
11/2/1852,Connecticut,CT,Scott,whig,45.46053518,
11/2/1852,Connecticut,CT,Hale,free soil,4.733382249,
11/2/1852,Connecticut,CT,Other,independent,0.017969183,
11/2/1852,Delaware,DE,Pierce,democratic,49.85402036,
11/2/1852,Delaware,DE,Scott,whig,49.65675057,
11/2/1852,Delaware,DE,Hale,free soil,0.48922907,
11/2/1852,Delaware,DE,Other,independent,0,
11/2/1852,Florida,FL,Pierce,democratic,60.03058529,
11/2/1852,Florida,FL,Scott,whig,39.96941471,
11/2/1852,Florida,FL,Hale,free soil,0,
11/2/1852,Florida,FL,Other,independent,0,
11/2/1852,Georgia,GA,Pierce,democratic,64.69517453,
11/2/1852,Georgia,GA,Scott,whig,26.60236962,
11/2/1852,Georgia,GA,Hale,free soil,0,
11/2/1852,Georgia,GA,Other,independent,8.702455849,
11/2/1852,Illinois,IL,Pierce,democratic,51.86547421,
11/2/1852,Illinois,IL,Scott,whig,41.77023243,
11/2/1852,Illinois,IL,Hale,free soil,6.364293365,
11/2/1852,Illinois,IL,Other,independent,0,
11/2/1852,Indiana,IN,Pierce,democratic,52.05000819,
11/2/1852,Indiana,IN,Scott,whig,44.16716711,
11/2/1852,Indiana,IN,Hale,free soil,3.782824698,
11/2/1852,Indiana,IN,Other,independent,0,
11/2/1852,Iowa,IA,Pierce,democratic,50.22904649,
11/2/1852,Iowa,IA,Scott,whig,44.83655695,
11/2/1852,Iowa,IA,Hale,free soil,4.541341477,
11/2/1852,Iowa,IA,Other,independent,0.393055084,
11/2/1852,Kentucky,KY,Pierce,democratic,48.32277886,
11/2/1852,Kentucky,KY,Scott,whig,51.43896169,
11/2/1852,Kentucky,KY,Hale,free soil,0.238259452,
11/2/1852,Kentucky,KY,Other,independent,0,
11/2/1852,Louisiana,LA,Pierce,democratic,51.93861066,
11/2/1852,Louisiana,LA,Scott,whig,48.06138934,
11/2/1852,Louisiana,LA,Hale,free soil,0,
11/2/1852,Louisiana,LA,Other,independent,0,
11/2/1852,Maine,ME,Pierce,democratic,50.63030834,
11/2/1852,Maine,ME,Scott,whig,39.59869558,
11/2/1852,Maine,ME,Hale,free soil,9.770996082,
11/2/1852,Maine,ME,Other,independent,0,
11/2/1852,Maryland,MD,Pierce,democratic,53.27742279,
11/2/1852,Maryland,MD,Scott,whig,46.69462194,
11/2/1852,Maryland,MD,Hale,free soil,0.027955272,
11/2/1852,Maryland,MD,Other,independent,0,
11/2/1852,Massachusetts,MA,Pierce,democratic,35.06526203,
11/2/1852,Massachusetts,MA,Scott,whig,41.449061,
11/2/1852,Massachusetts,MA,Hale,free soil,22.04747331,
11/2/1852,Massachusetts,MA,Other,independent,1.438203662,
11/2/1852,Michigan,MI,Pierce,democratic,50.44912526,
11/2/1852,Michigan,MI,Scott,whig,40.82518477,
11/2/1852,Michigan,MI,Hale,free soil,8.725689965,
11/2/1852,Michigan,MI,Other,independent,0,
11/2/1852,Mississippi,MS,Pierce,democratic,60.50299186,
11/2/1852,Mississippi,MS,Scott,whig,39.49700814,
11/2/1852,Mississippi,MS,Hale,free soil,0,
11/2/1852,Mississippi,MS,Other,independent,0,
11/2/1852,Missouri,MO,Pierce,democratic,56.41923809,
11/2/1852,Missouri,MO,Scott,whig,43.58076191,
11/2/1852,Missouri,MO,Hale,free soil,0,
11/2/1852,Missouri,MO,Other,independent,0,
11/2/1852,New Hampshire,NH,Pierce,democratic,56.40249332,
11/2/1852,New Hampshire,NH,Scott,whig,30.64410804,
11/2/1852,New Hampshire,NH,Hale,free soil,12.95339863,
11/2/1852,New Hampshire,NH,Other,independent,0,
11/2/1852,New Jersey,NJ,Pierce,democratic,53.23840423,
11/2/1852,New Jersey,NJ,Scott,whig,46.33020908,
11/2/1852,New Jersey,NJ,Hale,free soil,0.431386686,
11/2/1852,New Jersey,NJ,Other,independent,0,
11/2/1852,New York,NY,Pierce,democratic,50.17920941,
11/2/1852,New York,NY,Scott,whig,44.9712231,
11/2/1852,New York,NY,Hale,free soil,4.849567485,
11/2/1852,New York,NY,Other,independent,0,
11/2/1852,North Carolina,NC,Pierce,democratic,50.43414331,
11/2/1852,North Carolina,NC,Scott,whig,49.48980239,
11/2/1852,North Carolina,NC,Hale,free soil,0,
11/2/1852,North Carolina,NC,Other,independent,0.076054303,
11/2/1852,Ohio,OH,Pierce,democratic,47.83090026,
11/2/1852,Ohio,OH,Scott,whig,43.18464954,
11/2/1852,Ohio,OH,Hale,free soil,8.984450208,
11/2/1852,Ohio,OH,Other,independent,0,
11/2/1852,Pennsylvania,PA,Pierce,democratic,51.19701732,
11/2/1852,Pennsylvania,PA,Scott,whig,46.17998706,
11/2/1852,Pennsylvania,PA,Hale,free soil,2.190341869,
11/2/1852,Pennsylvania,PA,Other,independent,0.432653756,
11/2/1852,Rhode Island,RI,Pierce,democratic,51.36724493,
11/2/1852,Rhode Island,RI,Scott,whig,44.84563364,
11/2/1852,Rhode Island,RI,Hale,free soil,3.787121435,
11/2/1852,Rhode Island,RI,Other,independent,0,
11/2/1852,South Carolina,SC,Pierce,democratic,100,
11/2/1852,South Carolina,SC,Scott,whig,0,
11/2/1852,South Carolina,SC,Hale,free soil,0,
11/2/1852,South Carolina,SC,Other,independent,0,
11/2/1852,Tennessee,TN,Pierce,democratic,49.27004139,
11/2/1852,Tennessee,TN,Scott,whig,50.72995861,
11/2/1852,Tennessee,TN,Hale,free soil,0,
11/2/1852,Tennessee,TN,Other,independent,0,
11/2/1852,Texas,TX,Pierce,democratic,73.06842077,
11/2/1852,Texas,TX,Scott,whig,26.93157923,
11/2/1852,Texas,TX,Hale,free soil,0,
11/2/1852,Texas,TX,Other,independent,0,
11/2/1852,Vermont,VT,Pierce,democratic,29.71975393,
11/2/1852,Vermont,VT,Scott,whig,50.51948052,
11/2/1852,Vermont,VT,Hale,free soil,19.64228754,
11/2/1852,Vermont,VT,Other,independent,0.118478013,
11/2/1852,Virginia,VA,Pierce,democratic,55.70872674,
11/2/1852,Virginia,VA,Scott,whig,44.29127326,
11/2/1852,Virginia,VA,Hale,free soil,0,
11/2/1852,Virginia,VA,Other,independent,0,
11/2/1852,Wisconsin,WI,Pierce,democratic,52.03611515,
11/2/1852,Wisconsin,WI,Scott,whig,34.33721901,
11/2/1852,Wisconsin,WI,Hale,free soil,13.62666584,
11/2/1852,Wisconsin,WI,Other,independent,0,
11/2/1852,National Popular Vote,NPV,Pierce,democrat,50.84,
11/2/1852,National Popular Vote,NPV,Scott,whig,43.87,
11/2/1852,National Popular Vote,NPV,Hale,free soil,4.91,
11/4/1856,Alabama,AL,Fremont,republican,0,
11/4/1856,Alabama,AL,Buchanan,democrat,62.07780478,
11/4/1856,Alabama,AL,Fillmore,independent,37.92219522,
11/4/1856,Alabama,AL,Other,independent,0,
11/4/1856,Arkansas,AR,Fremont,republican,0,
11/4/1856,Arkansas,AR,Buchanan,democrat,67.12211262,
11/4/1856,Arkansas,AR,Fillmore,independent,32.87788738,
11/4/1856,Arkansas,AR,Other,independent,0,
11/4/1856,California,CA,Fremont,republican,18.7782867,
11/4/1856,California,CA,Buchanan,democrat,48.38057231,
11/4/1856,California,CA,Fillmore,independent,32.82844315,
11/4/1856,California,CA,Other,independent,0.012697837,
11/4/1856,Connecticut,CN,Fremont,republican,53.1775573,
11/4/1856,Connecticut,CN,Buchanan,democrat,43.56708038,
11/4/1856,Connecticut,CN,Fillmore,independent,3.255362322,
11/4/1856,Connecticut,CN,Other,independent,0,
11/4/1856,Delaware,DE,Fremont,republican,2.123578572,
11/4/1856,Delaware,DE,Buchanan,democrat,54.82942869,
11/4/1856,Delaware,DE,Fillmore,independent,42.98534046,
11/4/1856,Delaware,DE,Other,independent,0.061652281,
11/4/1856,Florida,FL,Fremont,republican,0,
11/4/1856,Florida,FL,Buchanan,democrat,56.81351086,
11/4/1856,Florida,FL,Fillmore,independent,43.18648914,
11/4/1856,Florida,FL,Other,independent,0,
11/4/1856,Georgia,GA,Fremont,republican,0,
11/4/1856,Georgia,GA,Buchanan,democrat,57.14098162,
11/4/1856,Georgia,GA,Fillmore,independent,42.85901838,
11/4/1856,Georgia,GA,Other,independent,0,
11/4/1856,Illinois,IL,Fremont,republican,40.22621107,
11/4/1856,Illinois,IL,Buchanan,democrat,44.09235629,
11/4/1856,Illinois,IL,Fillmore,independent,15.68143264,
11/4/1856,Illinois,IL,Other,independent,0,
11/4/1856,Indiana,IN,Fremont,republican,40.08605494,
11/4/1856,Indiana,IN,Buchanan,democrat,50.40542664,
11/4/1856,Indiana,IN,Fillmore,independent,9.508518419,
11/4/1856,Indiana,IN,Other,independent,0,
11/4/1856,Iowa,IA,Fremont,republican,48.82786264,
11/4/1856,Iowa,IA,Buchanan,democrat,40.69764923,
11/4/1856,Iowa,IA,Fillmore,independent,10.47448814,
11/4/1856,Iowa,IA,Other,independent,0,
11/4/1856,Kentucky,KY,Fremont,republican,0,
11/4/1856,Kentucky,KY,Buchanan,democrat,52.54332737,
11/4/1856,Kentucky,KY,Fillmore,independent,47.45667263,
11/4/1856,Kentucky,KY,Other,independent,0,
11/4/1856,Louisiana,LA,Fremont,republican,0,
11/4/1856,Louisiana,LA,Buchanan,democrat,51.69687216,
11/4/1856,Louisiana,LA,Fillmore,independent,48.30312784,
11/4/1856,Louisiana,LA,Other,independent,0,
11/4/1856,Maine,ME,Fremont,republican,61.33614127,
11/4/1856,Maine,ME,Buchanan,democrat,35.68270291,
11/4/1856,Maine,ME,Fillmore,independent,2.981155813,
11/4/1856,Maine,ME,Other,independent,0,
11/4/1856,Maryland,MD,Fremont,republican,0.328114207,
11/4/1856,Maryland,MD,Buchanan,democrat,45.04144601,
11/4/1856,Maryland,MD,Fillmore,independent,54.63043979,
11/4/1856,Maryland,MD,Other,independent,0,
11/4/1856,Massachusetts,MA,Fremont,republican,63.61262702,
11/4/1856,Massachusetts,MA,Buchanan,democrat,23.07818969,
11/4/1856,Massachusetts,MA,Fillmore,independent,11.54144712,
11/4/1856,Massachusetts,MA,Other,independent,1.767736169,
11/4/1856,Michigan,MI,Fremont,republican,57.1530969,
11/4/1856,Michigan,MI,Buchanan,democrat,41.52483653,
11/4/1856,Michigan,MI,Fillmore,independent,1.322066565,
11/4/1856,Michigan,MI,Other,independent,0,
11/4/1856,Mississippi,MS,Fremont,republican,0,
11/4/1856,Mississippi,MS,Buchanan,democrat,59.44305665,
11/4/1856,Mississippi,MS,Fillmore,independent,40.55694335,
11/4/1856,Mississippi,MS,Other,independent,0,
11/4/1856,Missouri,MO,Fremont,republican,0,
11/4/1856,Missouri,MO,Buchanan,democrat,54.43344665,
11/4/1856,Missouri,MO,Fillmore,independent,45.56655335,
11/4/1856,Missouri,MO,Other,independent,0,
11/4/1856,New Hampshire,NH,Fremont,republican,53.70625161,
11/4/1856,New Hampshire,NH,Buchanan,democrat,45.70613696,
11/4/1856,New Hampshire,NH,Fillmore,independent,0.587611431,
11/4/1856,New Hampshire,NH,Other,independent,0,
11/4/1856,New Jersey,NJ,Fremont,republican,28.51020162,
11/4/1856,New Jersey,NJ,Buchanan,democrat,47.22825868,
11/4/1856,New Jersey,NJ,Fillmore,independent,24.2615397,
11/4/1856,New Jersey,NJ,Other,independent,0,
11/4/1856,New York,NY,Fremont,republican,46.27166438,
11/4/1856,New York,NY,Buchanan,democrat,32.83865841,
11/4/1856,New York,NY,Fillmore,independent,20.88967721,
11/4/1856,New York,NY,Other,independent,0,
11/4/1856,North Carolina,NC,Fremont,republican,0,
11/4/1856,North Carolina,NC,Buchanan,democrat,56.7811871,
11/4/1856,North Carolina,NC,Fillmore,independent,43.2188129,
11/4/1856,North Carolina,NC,Other,independent,0,
11/4/1856,Ohio,OH,Fremont,republican,48.51189013,
11/4/1856,Ohio,OH,Buchanan,democrat,44.21095118,
11/4/1856,Ohio,OH,Fillmore,independent,7.277158684,
11/4/1856,Ohio,OH,Other,independent,0,
11/4/1856,Pennsylvania,PA,Fremont,republican,32.00749303,
11/4/1856,Pennsylvania,PA,Buchanan,democrat,50.13158438,
11/4/1856,Pennsylvania,PA,Fillmore,independent,17.86092259,
11/4/1856,Pennsylvania,PA,Other,independent,0,
11/4/1856,Rhode Island,RI,Fremont,republican,57.84986379,
11/4/1856,Rhode Island,RI,Buchanan,democrat,33.69992937,
11/4/1856,Rhode Island,RI,Fillmore,independent,8.450206841,
11/4/1856,Rhode Island,RI,Other,independent,0,
11/4/1856,South Carolina,SC,Fremont,republican,0,
11/4/1856,South Carolina,SC,Buchanan,democrat,100,
11/4/1856,South Carolina,SC,Fillmore,independent,0,
11/4/1856,South Carolina,SC,Other,independent,0,
11/4/1856,Tennessee,TN,Fremont,republican,0,
11/4/1856,Tennessee,TN,Buchanan,democrat,52.18068303,
11/4/1856,Tennessee,TN,Fillmore,independent,47.81931697,
11/4/1856,Tennessee,TN,Other,independent,0,
11/4/1856,Texas,TX,Fremont,republican,0,
11/4/1856,Texas,TX,Buchanan,democrat,66.58904461,
11/4/1856,Texas,TX,Fillmore,independent,33.41095539,
11/4/1856,Texas,TX,Other,independent,0,
11/4/1856,Vermont,VT,Fremont,republican,77.95578151,
11/4/1856,Vermont,VT,Buchanan,democrat,20.84220068,
11/4/1856,Vermont,VT,Fillmore,independent,1.073933948,
11/4/1856,Vermont,VT,Other,independent,0.128083865,
11/4/1856,Virginia,VA,Fremont,republican,0,
11/4/1856,Virginia,VA,Buchanan,democrat,59.96219206,
11/4/1856,Virginia,VA,Fillmore,independent,40.03780794,
11/4/1856,Virginia,VA,Other,independent,0,
11/4/1856,Wisconsin,WI,Fremont,republican,55.2998862,
11/4/1856,Wisconsin,WI,Buchanan,democrat,44.21564362,
11/4/1856,Wisconsin,WI,Fillmore,independent,0.484470179,
11/4/1856,Wisconsin,WI,Other,independent,0,
11/4/1856,National Popular Vote,NPV,Buchanan,democrat,45.29414886,
11/4/1856,National Popular Vote,NPV,Fremont,republican,33.08980022,
11/4/1856,National Popular Vote,NPV,Fillmore,independent,21.53968612,
11/6/1860,Alabama,AL,Lincoln,republican,0,
11/6/1860,Alabama,AL,Douglas,democrat,15.11062782,
11/6/1860,Alabama,AL,Breckenridge,independent,54.00346197,
11/6/1860,Alabama,AL,Bell,independent,30.88591021,
11/6/1860,Alabama,AL,Other,independent,0,
11/6/1860,Arkansas,AR,Lincoln,republican,0,
11/6/1860,Arkansas,AR,Douglas,democrat,9.892524745,
11/6/1860,Arkansas,AR,Breckenridge,independent,53.0580588,
11/6/1860,Arkansas,AR,Bell,independent,37.04941646,
11/6/1860,Arkansas,AR,Other,independent,0,
11/6/1860,California,CA,Lincoln,republican,32.32410058,
11/6/1860,California,CA,Douglas,democrat,31.71155082,
11/6/1860,California,CA,Breckenridge,independent,28.3483689,
11/6/1860,California,CA,Bell,independent,7.603461657,
11/6/1860,California,CA,Other,independent,0.012518047,
11/6/1860,Connecticut,CT,Lincoln,republican,53.85596631,
11/6/1860,Connecticut,CT,Douglas,democrat,21.50473714,
11/6/1860,Connecticut,CT,Breckenridge,independent,20.50653291,
11/6/1860,Connecticut,CT,Bell,independent,4.132763639,
11/6/1860,Connecticut,CT,Other,independent,0,
11/6/1860,Delaware,DE,Lincoln,republican,23.71703382,
11/6/1860,Delaware,DE,Douglas,democrat,6.614955011,
11/6/1860,Delaware,DE,Breckenridge,independent,45.54142104,
11/6/1860,Delaware,DE,Bell,independent,24.12659013,
11/6/1860,Delaware,DE,Other,independent,0,
11/6/1860,Florida,FL,Lincoln,republican,0,
11/6/1860,Florida,FL,Douglas,democrat,1.676565672,
11/6/1860,Florida,FL,Breckenridge,independent,62.22840388,
11/6/1860,Florida,FL,Bell,independent,36.09503045,
11/6/1860,Florida,FL,Other,independent,0,
11/6/1860,Georgia,GA,Lincoln,republican,0,
11/6/1860,Georgia,GA,Douglas,democrat,10.85206668,
11/6/1860,Georgia,GA,Breckenridge,independent,48.89192912,
11/6/1860,Georgia,GA,Bell,independent,40.2560042,
11/6/1860,Georgia,GA,Other,independent,0,
11/6/1860,Illinois,IL,Lincoln,republican,50.68832324,
11/6/1860,Illinois,IL,Douglas,democrat,47.16839483,
11/6/1860,Illinois,IL,Breckenridge,independent,0.686262387,
11/6/1860,Illinois,IL,Bell,independent,1.446715303,
11/6/1860,Illinois,IL,Other,independent,0.01030424,
11/6/1860,Indiana,IN,Lincoln,republican,51.08821465,
11/6/1860,Indiana,IN,Douglas,democrat,42.44422969,
11/6/1860,Indiana,IN,Breckenridge,independent,4.517845397,
11/6/1860,Indiana,IN,Bell,independent,1.949710263,
11/6/1860,Indiana,IN,Other,independent,0,
11/6/1860,Iowa,IA,Lincoln,republican,54.6081607,
11/6/1860,Iowa,IA,Douglas,democrat,43.21844973,
11/6/1860,Iowa,IA,Breckenridge,independent,0.803952182,
11/6/1860,Iowa,IA,Bell,independent,1.369437389,
11/6/1860,Iowa,IA,Other,independent,0,
11/6/1860,Kentucky,KY,Lincoln,republican,0.932866444,
11/6/1860,Kentucky,KY,Douglas,democrat,17.54322372,
11/6/1860,Kentucky,KY,Breckenridge,independent,36.34554358,
11/6/1860,Kentucky,KY,Bell,independent,45.17836625,
11/6/1860,Kentucky,KY,Other,independent,0,
11/6/1860,Louisiana,LA,Lincoln,republican,0,
11/6/1860,Louisiana,LA,Douglas,democrat,15.09602059,
11/6/1860,Louisiana,LA,Breckenridge,independent,44.90397941,
11/6/1860,Louisiana,LA,Bell,independent,40,
11/6/1860,Louisiana,LA,Other,independent,0,
11/6/1860,Maine,ME,Lincoln,republican,62.2396401,
11/6/1860,Maine,ME,Douglas,democrat,29.4228978,
11/6/1860,Maine,ME,Breckenridge,independent,6.310073525,
11/6/1860,Maine,ME,Bell,independent,2.027388573,
11/6/1860,Maine,ME,Other,independent,0,
11/6/1860,Maryland,MD,Lincoln,republican,2.47994638,
11/6/1860,Maryland,MD,Douglas,democrat,6.449590279,
11/6/1860,Maryland,MD,Breckenridge,independent,45.9254935,
11/6/1860,Maryland,MD,Bell,independent,45.14496984,
11/6/1860,Maryland,MD,Other,independent,0,
11/6/1860,Massachusetts,MA,Lincoln,republican,62.80110198,
11/6/1860,Massachusetts,MA,Douglas,democrat,20.23240481,
11/6/1860,Massachusetts,MA,Breckenridge,independent,3.62794038,
11/6/1860,Massachusetts,MA,Bell,independent,13.14547081,
11/6/1860,Massachusetts,MA,Other,independent,0.193082013,
11/6/1860,Michigan,MI,Lincoln,republican,57.23103999,
11/6/1860,Michigan,MI,Douglas,democrat,41.98603679,
11/6/1860,Michigan,MI,Breckenridge,independent,0.520870404,
11/6/1860,Michigan,MI,Bell,independent,0.262052812,
11/6/1860,Michigan,MI,Other,independent,0,
11/6/1860,Minnesota,MN,Lincoln,republican,63.53168092,
11/6/1860,Minnesota,MN,Douglas,democrat,34.31499554,
11/6/1860,Minnesota,MN,Breckenridge,independent,2.153323545,
11/6/1860,Minnesota,MN,Bell,independent,0,
11/6/1860,Minnesota,MN,Other,independent,0,
11/6/1860,Mississippi,MS,Lincoln,republican,0,
11/6/1860,Mississippi,MS,Douglas,democrat,4.749981909,
11/6/1860,Mississippi,MS,Breckenridge,independent,59.0028222,
11/6/1860,Mississippi,MS,Bell,independent,36.24719589,
11/6/1860,Mississippi,MS,Other,independent,0,
11/6/1860,Missouri,MO,Lincoln,republican,10.28490665,
11/6/1860,Missouri,MO,Douglas,democrat,35.51578553,
11/6/1860,Missouri,MO,Breckenridge,independent,18.94263815,
11/6/1860,Missouri,MO,Bell,independent,35.25666967,
11/6/1860,Missouri,MO,Other,independent,0,
11/6/1860,New Hampshire,NH,Lincoln,republican,56.89610724,
11/6/1860,New Hampshire,NH,Douglas,democrat,39.25663073,
11/6/1860,New Hampshire,NH,Breckenridge,independent,3.222480021,
11/6/1860,New Hampshire,NH,Bell,independent,0.624782009,
11/6/1860,New Hampshire,NH,Other,independent,0,
11/6/1860,New Jersey,NJ,Lincoln,republican,48.13430681,4
11/6/1860,New Jersey,NJ,Douglas,democrat,51.86569319,3
11/6/1860,New Jersey,NJ,Breckenridge,independent,0,
11/6/1860,New Jersey,NJ,Bell,independent,0,
11/6/1860,New Jersey,NJ,Other,independent,0,
11/6/1860,New York,NY,Lincoln,republican,53.71291968,
11/6/1860,New York,NY,Douglas,democrat,46.28708032,
11/6/1860,New York,NY,Breckenridge,independent,0,
11/6/1860,New York,NY,Bell,independent,0,
11/6/1860,New York,NY,Other,independent,0,
11/6/1860,North Carolina,NC,Lincoln,republican,0,
11/6/1860,North Carolina,NC,Douglas,democrat,2.830052113,
11/6/1860,North Carolina,NC,Breckenridge,independent,50.50665895,
11/6/1860,North Carolina,NC,Bell,independent,46.66328894,
11/6/1860,North Carolina,NC,Other,independent,0,
11/6/1860,Ohio,OH,Lincoln,republican,51.2424283,
11/6/1860,Ohio,OH,Douglas,democrat,43.298095,
11/6/1860,Ohio,OH,Breckenridge,independent,2.611224825,
11/6/1860,Ohio,OH,Bell,independent,2.816833078,
11/6/1860,Ohio,OH,Other,independent,0.031418789,
11/6/1860,Oregon,OR,Lincoln,republican,36.20350925,
11/6/1860,Oregon,OR,Douglas,democrat,27.98590881,
11/6/1860,Oregon,OR,Breckenridge,independent,34.37436488,
11/6/1860,Oregon,OR,Bell,independent,1.436217058,
11/6/1860,Oregon,OR,Other,independent,0,
11/6/1860,Pennsylvania,PA,Lincoln,republican,56.25658527,
11/6/1860,Pennsylvania,PA,Douglas,democrat,3.518791374,
11/6/1860,Pennsylvania,PA,Breckenridge,independent,37.54307975,
11/6/1860,Pennsylvania,PA,Bell,independent,2.681543609,
11/6/1860,Pennsylvania,PA,Other,independent,0,
11/6/1860,Rhode Island,RI,Lincoln,republican,61.37035738,
11/6/1860,Rhode Island,RI,Douglas,democrat,38.62964262,
11/6/1860,Rhode Island,RI,Breckenridge,independent,0,
11/6/1860,Rhode Island,RI,Bell,independent,0,
11/6/1860,Rhode Island,RI,Other,independent,0,
11/6/1860,South Carolina,SC,Lincoln,republican,0,
11/6/1860,South Carolina,SC,Douglas,democrat,0,
11/6/1860,South Carolina,SC,Breckenridge,independent,100,
11/6/1860,South Carolina,SC,Bell,independent,0,
11/6/1860,South Carolina,SC,Other,independent,0,
11/6/1860,Tennessee,TN,Lincoln,republican,0,
11/6/1860,Tennessee,TN,Douglas,democrat,7.721106594,
11/6/1860,Tennessee,TN,Breckenridge,independent,44.55463841,
11/6/1860,Tennessee,TN,Bell,independent,47.72425499,
11/6/1860,Tennessee,TN,Other,independent,0,
11/6/1860,Texas,TX,Lincoln,republican,0,
11/6/1860,Texas,TX,Douglas,democrat,0,
11/6/1860,Texas,TX,Breckenridge,independent,75.48979138,
11/6/1860,Texas,TX,Bell,independent,24.51020862,
11/6/1860,Texas,TX,Other,independent,0,
11/6/1860,Vermont,VT,Lincoln,republican,75.86052147,
11/6/1860,Vermont,VT,Douglas,democrat,19.40717139,
11/6/1860,Vermont,VT,Breckenridge,independent,4.187048423,
11/6/1860,Vermont,VT,Bell,independent,0.486918279,
11/6/1860,Vermont,VT,Other,independent,0.058340439,
11/6/1860,Virginia,VA,Lincoln,republican,1.130678107,
11/6/1860,Virginia,VA,Douglas,democrat,9.705736079,
11/6/1860,Virginia,VA,Breckenridge,independent,44.53505581,
11/6/1860,Virginia,VA,Bell,independent,44.62853,
11/6/1860,Virginia,VA,Other,independent,0,
11/6/1860,Wisconsin,WI,Lincoln,republican,56.58516391,
11/6/1860,Wisconsin,WI,Douglas,democrat,42.72553439,
11/6/1860,Wisconsin,WI,Breckenridge,independent,0.583508013,
11/6/1860,Wisconsin,WI,Bell,independent,0.105793683,
11/6/1860,Wisconsin,WI,Other,independent,0,
11/6/1860,National Popular Vote,NPV,Lincoln,republican,39.64723653,
11/6/1860,National Popular Vote,NPV,Douglas,democrat,29.52072591,
11/6/1860,National Popular Vote,NPV,Breckenridge,independent,18.1968685,
11/6/1860,National Popular Vote,NPV,Bell,independent,12.62363373,
11/8/1864,California,CA,Lincoln,republican,58.60137879,
11/8/1864,California,CA,McClellan,democrat,41.39862121,
11/8/1864,California,CA,Other,independent,0,
11/8/1864,Connecticut,CT,Lincoln,republican,51.38248583,
11/8/1864,Connecticut,CT,McClellan,democrat,48.61751417,
11/8/1864,Connecticut,CT,Other,independent,0,
11/8/1864,Delaware,DE,Lincoln,republican,48.19170311,
11/8/1864,Delaware,DE,McClellan,democrat,51.80829689,
11/8/1864,Delaware,DE,Other,independent,0,
11/8/1864,Illinois,IL,Lincoln,republican,54.42056536,
11/8/1864,Illinois,IL,McClellan,democrat,45.57943464,
11/8/1864,Illinois,IL,Other,independent,0,
11/8/1864,Indiana,IN,Lincoln,republican,53.59676471,
11/8/1864,Indiana,IN,McClellan,democrat,46.40323529,
11/8/1864,Indiana,IN,Other,independent,0,
11/8/1864,Iowa,IA,Lincoln,republican,64.11881905,
11/8/1864,Iowa,IA,McClellan,democrat,35.88118095,
11/8/1864,Iowa,IA,Other,independent,0,
11/8/1864,Kansas,KS,Lincoln,republican,79.18906395,
11/8/1864,Kansas,KS,McClellan,democrat,17.77571826,
11/8/1864,Kansas,KS,Other,independent,3.035217794,
11/8/1864,Kentucky,KY,Lincoln,republican,30.1743984,
11/8/1864,Kentucky,KY,McClellan,democrat,69.8256016,
11/8/1864,Kentucky,KY,Other,independent,0,
11/8/1864,Maine,ME,Lincoln,republican,59.06513236,
11/8/1864,Maine,ME,McClellan,democrat,40.93486764,
11/8/1864,Maine,ME,Other,independent,0,
11/8/1864,Maryland,MD,Lincoln,republican,55.0856061,
11/8/1864,Maryland,MD,McClellan,democrat,44.9143939,
11/8/1864,Maryland,MD,Other,independent,0,
11/8/1864,Massachusetts,MA,Lincoln,republican,72.22177902,
11/8/1864,Massachusetts,MA,McClellan,democrat,27.77651148,
11/8/1864,Massachusetts,MA,Other,independent,0.001709499,
11/8/1864,Michigan,MI,Lincoln,republican,53.60146822,
11/8/1864,Michigan,MI,McClellan,democrat,46.39853178,
11/8/1864,Michigan,MI,Other,independent,0,
11/8/1864,Minnesota,MN,Lincoln,republican,59.0613361,
11/8/1864,Minnesota,MN,McClellan,democrat,40.9386639,
11/8/1864,Minnesota,MN,Other,independent,0,
11/8/1864,Missouri,MO,Lincoln,republican,69.7199701,
11/8/1864,Missouri,MO,McClellan,democrat,30.2800299,
11/8/1864,Missouri,MO,Other,independent,0,
11/8/1864,Nevada,NV,Lincoln,republican,59.84165652,2
11/8/1864,Nevada,NV,McClellan,democrat,40.15834348,
11/8/1864,Nevada,NV,Other,independent,0,
11/8/1864,New Hampshire,NH,Lincoln,republican,52.55780554,
11/8/1864,New Hampshire,NH,McClellan,democrat,47.44219446,
11/8/1864,New Hampshire,NH,Other,independent,0,
11/8/1864,New Jersey,NJ,Lincoln,republican,47.16459413,
11/8/1864,New Jersey,NJ,McClellan,democrat,52.83540587,
11/8/1864,New Jersey,NJ,Other,independent,0,
11/8/1864,New York,NY,Lincoln,republican,50.46180416,
11/8/1864,New York,NY,McClellan,democrat,49.53819584,
11/8/1864,New York,NY,Other,independent,0,
11/8/1864,Ohio,OH,Lincoln,republican,56.37184273,
11/8/1864,Ohio,OH,McClellan,democrat,43.62815727,
11/8/1864,Ohio,OH,Other,independent,0,
11/8/1864,Oregon,OR,Lincoln,republican,53.9002453,
11/8/1864,Oregon,OR,McClellan,democrat,46.0997547,
11/8/1864,Oregon,OR,Other,independent,0,
11/8/1864,Pennsylvania,PA,Lincoln,republican,51.7526414,
11/8/1864,Pennsylvania,PA,McClellan,democrat,48.2473586,
11/8/1864,Pennsylvania,PA,Other,independent,0,
11/8/1864,Rhode Island,RI,Lincoln,republican,62.2414408,
11/8/1864,Rhode Island,RI,McClellan,democrat,37.7585592,
11/8/1864,Rhode Island,RI,Other,independent,0,
11/8/1864,Vermont,VT,Lincoln,republican,76.10060637,
11/8/1864,Vermont,VT,McClellan,democrat,23.89939363,
11/8/1864,Vermont,VT,Other,independent,0,
11/8/1864,West Virginia,WV,Lincoln,republican,68.23694699,
11/8/1864,West Virginia,WV,McClellan,democrat,31.76305301,
11/8/1864,West Virginia,WV,Other,independent,0,
11/8/1864,Wisconsin,WI,Lincoln,republican,55.88381031,
11/8/1864,Wisconsin,WI,McClellan,democrat,44.11618969,
11/8/1864,Wisconsin,WI,Other,independent,0,
11/8/1864,National Popular Vote,NPV,Lincoln,republican,55.03249961,
11/8/1864,National Popular Vote,NPV,McClellan,democrat,44.95112491,
11/3/1868,Alabama,AL,Grant,republican,51.25005014,
11/3/1868,Alabama,AL,Seymour,democrat,48.74593901,
11/3/1868,Alabama,AL,Other,independent,0.004010856,
11/3/1868,Arkansas,AR,Grant,republican,53.68293275,
11/3/1868,Arkansas,AR,Seymour,democrat,46.31706725,
11/3/1868,Arkansas,AR,Other,independent,0,
11/3/1868,California,CA,Grant,republican,50.23928729,
11/3/1868,California,CA,Seymour,democrat,49.76071271,
11/3/1868,California,CA,Other,independent,0,
11/3/1868,Connecticut,CT,Grant,republican,51.49241625,
11/3/1868,Connecticut,CT,Seymour,democrat,48.50758375,
11/3/1868,Connecticut,CT,Other,independent,0,
11/3/1868,Delaware,DE,Grant,republican,40.99940768,
11/3/1868,Delaware,DE,Seymour,democrat,59.00059232,
11/3/1868,Delaware,DE,Other,independent,0,
11/3/1868,Florida,FL,Grant,republican,100,
11/3/1868,Florida,FL,Seymour,democrat,0,
11/3/1868,Florida,FL,Other,independent,0,
11/3/1868,Georgia,GA,Grant,republican,35.73421935,
11/3/1868,Georgia,GA,Seymour,democrat,64.26578065,
11/3/1868,Georgia,GA,Other,independent,0,
11/3/1868,Illinois,IL,Grant,republican,55.69489564,
11/3/1868,Illinois,IL,Seymour,democrat,44.30510436,
11/3/1868,Illinois,IL,Other,independent,0,
11/3/1868,Indiana,IN,Grant,republican,51.39317443,
11/3/1868,Indiana,IN,Seymour,democrat,48.60682557,
11/3/1868,Indiana,IN,Other,independent,0,
11/3/1868,Iowa,IA,Grant,republican,61.92121951,
11/3/1868,Iowa,IA,Seymour,democrat,38.07878049,
11/3/1868,Iowa,IA,Other,independent,0,
11/3/1868,Kansas,KS,Grant,republican,68.82191153,
11/3/1868,Kansas,KS,Seymour,democrat,31.17121247,
11/3/1868,Kansas,KS,Other,independent,0.006876003,
11/3/1868,Kentucky,KY,Grant,republican,25.45173845,
11/3/1868,Kentucky,KY,Seymour,democrat,74.54826155,
11/3/1868,Kentucky,KY,Other,independent,0,
11/3/1868,Louisiana,LA,Grant,republican,29.30970675,
11/3/1868,Louisiana,LA,Seymour,democrat,70.69029325,
11/3/1868,Louisiana,LA,Other,independent,0,
11/3/1868,Maine,ME,Grant,republican,62.4121386,
11/3/1868,Maine,ME,Seymour,democrat,37.5878614,
11/3/1868,Maine,ME,Other,independent,0,
11/3/1868,Maryland,MD,Grant,republican,32.80133628,
11/3/1868,Maryland,MD,Seymour,democrat,67.19866372,
11/3/1868,Maryland,MD,Other,independent,0,
11/3/1868,Massachusetts,MA,Grant,republican,69.75622481,
11/3/1868,Massachusetts,MA,Seymour,democrat,30.2304765,
11/3/1868,Massachusetts,MA,Other,independent,0.013298689,
11/3/1868,Michigan,MI,Grant,republican,56.98076412,
11/3/1868,Michigan,MI,Seymour,democrat,43.01923588,
11/3/1868,Michigan,MI,Other,independent,0,
11/3/1868,Minnesota,MN,Grant,republican,60.8788883,
11/3/1868,Minnesota,MN,Seymour,democrat,39.1211117,
11/3/1868,Minnesota,MN,Other,independent,0,
11/3/1868,Missouri,MO,Grant,republican,56.96185929,
11/3/1868,Missouri,MO,Seymour,democrat,43.03814071,
11/3/1868,Missouri,MO,Other,independent,0,
11/3/1868,Nebraska,NE,Grant,republican,63.90687332,
11/3/1868,Nebraska,NE,Seymour,democrat,36.09312668,
11/3/1868,Nebraska,NE,Other,independent,0,
11/3/1868,Nevada,NV,Grant,republican,55.39408446,
11/3/1868,Nevada,NV,Seymour,democrat,44.60591554,
11/3/1868,Nevada,NV,Other,independent,0,
11/3/1868,New Hampshire,NH,Grant,republican,55.2207777,
11/3/1868,New Hampshire,NH,Seymour,democrat,44.76311783,
11/3/1868,New Hampshire,NH,Other,independent,0.016104474,
11/3/1868,New Jersey,NJ,Grant,republican,49.12034426,
11/3/1868,New Jersey,NJ,Seymour,democrat,50.87965574,
11/3/1868,New Jersey,NJ,Other,independent,0,
11/3/1868,New York,NY,Grant,republican,49.41190038,
11/3/1868,New York,NY,Seymour,democrat,50.58809962,
11/3/1868,New York,NY,Other,independent,0,
11/3/1868,North Carolina,NC,Grant,republican,53.4105059,
11/3/1868,North Carolina,NC,Seymour,democrat,46.5894941,
11/3/1868,North Carolina,NC,Other,independent,0,
11/3/1868,Ohio,OH,Grant,republican,54.00414042,
11/3/1868,Ohio,OH,Seymour,democrat,45.99585958,
11/3/1868,Ohio,OH,Other,independent,0,
11/3/1868,Oregon,OR,Grant,republican,49.62872408,
11/3/1868,Oregon,OR,Seymour,democrat,50.37127592,
11/3/1868,Oregon,OR,Other,independent,0,
11/3/1868,Pennsylvania,PA,Grant,republican,52.20372692,
11/3/1868,Pennsylvania,PA,Seymour,democrat,47.79627308,
11/3/1868,Pennsylvania,PA,Other,independent,0,
11/3/1868,Rhode Island,RI,Grant,republican,66.49096771,
11/3/1868,Rhode Island,RI,Seymour,democrat,33.50903229,
11/3/1868,Rhode Island,RI,Other,independent,0,
11/3/1868,South Carolina,SC,Grant,republican,57.93393963,
11/3/1868,South Carolina,SC,Seymour,democrat,42.06606037,
11/3/1868,South Carolina,SC,Other,independent,0,
11/3/1868,Tennessee,TN,Grant,republican,68.42684003,
11/3/1868,Tennessee,TN,Seymour,democrat,31.57315997,
11/3/1868,Tennessee,TN,Other,independent,0,
11/3/1868,Vermont,VT,Grant,republican,78.57219099,
11/3/1868,Vermont,VT,Seymour,democrat,21.42780901,
11/3/1868,Vermont,VT,Other,independent,0,
11/3/1868,West Virginia,WV,Grant,republican,58.82889641,
11/3/1868,West Virginia,WV,Seymour,democrat,41.17110359,
11/3/1868,West Virginia,WV,Other,independent,0,
11/3/1868,Wisconsin,WI,Grant,republican,56.24912837,
11/3/1868,Wisconsin,WI,Seymour,democrat,43.75087163,
11/3/1868,Wisconsin,WI,Other,independent,0,
11/3/1868,National Popular Vote,NPV,Grant,republican,52.66271011,
11/3/1868,National Popular Vote,NPV,Seymour,democrat,47.33648609,
11/5/1872,Alabama,AL,Grant,republican,53.19003512,
11/5/1872,Alabama,AL,Greeley,democrat,46.80996488,
11/5/1872,Alabama,AL,Other,independent,0,
11/5/1872,Arkansas,AR,Grant,republican,52.17276166,0
11/5/1872,Arkansas,AR,Greeley,democrat,47.82723834,
11/5/1872,Arkansas,AR,Other,independent,0,
11/5/1872,California,CA,Grant,republican,56.38356736,
11/5/1872,California,CA,Greeley,democrat,42.50874354,
11/5/1872,California,CA,Other,independent,1.107689095,
11/5/1872,Connecticut,CT,Grant,republican,52.40550365,
11/5/1872,Connecticut,CT,Greeley,democrat,47.59449635,
11/5/1872,Connecticut,CT,Other,independent,0,
11/5/1872,Delaware,DE,Grant,republican,50.99899184,
11/5/1872,Delaware,DE,Greeley,democrat,46.76473284,
11/5/1872,Delaware,DE,Other,independent,2.236275318,
11/5/1872,Florida,FL,Grant,republican,53.51913227,
11/5/1872,Florida,FL,Greeley,democrat,46.48086773,
11/5/1872,Florida,FL,Other,independent,0,
11/5/1872,Georgia,GA,Grant,republican,45.03045225,
11/5/1872,Georgia,GA,Greeley,democrat,54.96954775,3
11/5/1872,Georgia,GA,Other,independent,0,8
11/5/1872,Illinois,IL,Grant,republican,56.26798086,
11/5/1872,Illinois,IL,Greeley,democrat,42.99917901,
11/5/1872,Illinois,IL,Other,independent,0.732840122,
11/5/1872,Indiana,IN,Grant,republican,53.00373581,
11/5/1872,Indiana,IN,Greeley,democrat,46.59278579,
11/5/1872,Indiana,IN,Other,independent,0.4034784,
11/5/1872,Iowa,IA,Grant,republican,60.80743189,
11/5/1872,Iowa,IA,Greeley,democrat,32.90227162,
11/5/1872,Iowa,IA,Other,independent,6.29029649,
11/5/1872,Kansas,KS,Grant,republican,66.46470073,
11/5/1872,Kansas,KS,Greeley,democrat,32.80205349,
11/5/1872,Kansas,KS,Other,independent,0.733245782,
11/5/1872,Kentucky,KY,Grant,republican,46.44152039,
11/5/1872,Kentucky,KY,Greeley,democrat,52.31642556,
11/5/1872,Kentucky,KY,Other,independent,1.242054046,12
11/5/1872,Louisiana,LA,Grant,republican,55.68566811,0
11/5/1872,Louisiana,LA,Greeley,democrat,44.31433189,
11/5/1872,Louisiana,LA,Other,independent,0,
11/5/1872,Maine,ME,Grant,republican,67.85678778,
11/5/1872,Maine,ME,Greeley,democrat,32.14321222,
11/5/1872,Maine,ME,Other,independent,0,
11/5/1872,Maryland,MD,Grant,republican,49.65525449,
11/5/1872,Maryland,MD,Greeley,democrat,50.34474551,
11/5/1872,Maryland,MD,Other,independent,0,8
11/5/1872,Massachusetts,MA,Grant,republican,69.19642857,
11/5/1872,Massachusetts,MA,Greeley,democrat,30.69261241,
11/5/1872,Massachusetts,MA,Other,independent,0.110959018,
11/5/1872,Michigan,MI,Grant,republican,62.65742476,
11/5/1872,Michigan,MI,Greeley,democrat,35.4704116,
11/5/1872,Michigan,MI,Other,independent,1.872163645,
11/5/1872,Minnesota,MN,Grant,republican,61.27212134,
11/5/1872,Minnesota,MN,Greeley,democrat,38.72787866,
11/5/1872,Minnesota,MN,Other,independent,0,
11/5/1872,Mississippi,MS,Grant,republican,63.47667565,
11/5/1872,Mississippi,MS,Greeley,democrat,36.52332435,
11/5/1872,Mississippi,MS,Other,independent,0,
11/5/1872,Missouri,MO,Grant,republican,43.65210449,
11/5/1872,Missouri,MO,Greeley,democrat,55.45834417,
11/5/1872,Missouri,MO,Other,independent,0.889551342,15
11/5/1872,Nebraska,NE,Grant,republican,70.68101188,
11/5/1872,Nebraska,NE,Greeley,democrat,29.31898812,
11/5/1872,Nebraska,NE,Other,independent,0,
11/5/1872,Nevada,NV,Grant,republican,57.43054133,
11/5/1872,Nevada,NV,Greeley,democrat,42.56945867,
11/5/1872,Nevada,NV,Other,independent,0,
11/5/1872,New Hampshire,NH,Grant,republican,53.94015035,
11/5/1872,New Hampshire,NH,Greeley,democrat,45.60560764,
11/5/1872,New Hampshire,NH,Other,independent,0.454242011,
11/5/1872,New Jersey,NJ,Grant,republican,54.52079566,
11/5/1872,New Jersey,NJ,Greeley,democrat,45.47920434,
11/5/1872,New Jersey,NJ,Other,independent,0,
11/5/1872,New York,NY,Grant,republican,53.22794135,
11/5/1872,New York,NY,Greeley,democrat,46.77205865,
11/5/1872,New York,NY,Other,independent,0,
11/5/1872,North Carolina,NC,Grant,republican,57.38089039,
11/5/1872,North Carolina,NC,Greeley,democrat,42.4610839,
11/5/1872,North Carolina,NC,Other,independent,0.158025708,
11/5/1872,Ohio,OH,Grant,republican,53.23627407,
11/5/1872,Ohio,OH,Greeley,democrat,46.1474097,
11/5/1872,Ohio,OH,Other,independent,0.616316231,
11/5/1872,Oregon,OR,Grant,republican,58.6588574,
11/5/1872,Oregon,OR,Greeley,democrat,38.42755745,
11/5/1872,Oregon,OR,Other,independent,2.913585149,
11/5/1872,Pennsylvania,PA,Grant,republican,62.06507806,
11/5/1872,Pennsylvania,PA,Greeley,democrat,37.64518111,
11/5/1872,Pennsylvania,PA,Other,independent,0.289740831,
11/5/1872,Rhode Island,RI,Grant,republican,71.94377172,
11/5/1872,Rhode Island,RI,Greeley,democrat,28.05622828,
11/5/1872,Rhode Island,RI,Other,independent,0,
11/5/1872,South Carolina,SC,Grant,republican,75.73440054,
11/5/1872,South Carolina,SC,Greeley,democrat,23.78053891,
11/5/1872,South Carolina,SC,Other,independent,0.485060554,
11/5/1872,Tennessee,TN,Grant,republican,47.83966132,
11/5/1872,Tennessee,TN,Greeley,democrat,52.16033868,
11/5/1872,Tennessee,TN,Other,independent,0,12
11/5/1872,Texas,TX,Grant,republican,40.71221504,
11/5/1872,Texas,TX,Greeley,democrat,57.07497813,
11/5/1872,Texas,TX,Other,independent,2.212806834,8
11/5/1872,Vermont,VT,Grant,republican,78.29369573,
11/5/1872,Vermont,VT,Greeley,democrat,20.62287656,
11/5/1872,Vermont,VT,Other,independent,1.083427709,
11/5/1872,Virginia,VA,Grant,republican,50.46734523,
11/5/1872,Virginia,VA,Greeley,democrat,49.4867572,
11/5/1872,Virginia,VA,Other,independent,0.045897567,
11/5/1872,West Virginia,WV,Grant,republican,51.73931836,
11/5/1872,West Virginia,WV,Greeley,democrat,47.27616181,
11/5/1872,West Virginia,WV,Other,independent,0.984519827,
11/5/1872,Wisconsin,WI,Grant,republican,54.59764437,
11/5/1872,Wisconsin,WI,Greeley,democrat,44.96866956,
11/5/1872,Wisconsin,WI,Other,independent,0.433686072,
11/5/1872,National Popular Vote,NPV,Grant,republican,55.58480299,
11/5/1872,National Popular Vote,NPV,Greeley,democrat,43.7842621,
11/7/1876,Alabama,AL,Hayes,republican,40.01654057,
11/7/1876,Alabama,AL,Tilden,democrat,59.9822946,
11/7/1876,Alabama,AL,Other,independent,0.001164829,
11/7/1876,Arkansas,AR,Hayes,republican,39.86652363,
11/7/1876,Arkansas,AR,Tilden,democrat,59.91582943,
11/7/1876,Arkansas,AR,Other,independent,0.217646938,
11/7/1876,California,CA,Hayes,republican,50.87685513,
11/7/1876,California,CA,Tilden,democrat,49.08077851,
11/7/1876,California,CA,Other,independent,0.042366353,
11/7/1876,Connecticut,CT,Hayes,republican,48.33461608,
11/7/1876,Connecticut,CT,Tilden,democrat,50.70414463,
11/7/1876,Connecticut,CT,Other,independent,0.961239295,
11/7/1876,Colorado,CO,Hayes,republican,100,
11/7/1876,Colorado,CO,Tilden,democrat,0,
11/7/1876,Colorado,CO,Other,independent,0,
11/7/1876,Delaware,DE,Hayes,republican,44.55310156,
11/7/1876,Delaware,DE,Tilden,democrat,55.44689844,
11/7/1876,Delaware,DE,Other,independent,0,
11/7/1876,Florida,FL,Hayes,republican,50.98554814,
11/7/1876,Florida,FL,Tilden,democrat,49.01445186,
11/7/1876,Florida,FL,Other,independent,0,
11/7/1876,Georgia,GA,Hayes,republican,27.96668327,
11/7/1876,Georgia,GA,Tilden,democrat,72.03331673,
11/7/1876,Georgia,GA,Other,independent,0,
11/7/1876,Illinois,IL,Hayes,republican,50.20181261,
11/7/1876,Illinois,IL,Tilden,democrat,46.66156647,
11/7/1876,Illinois,IL,Other,independent,3.136620915,
11/7/1876,Indiana,IN,Hayes,republican,47.39252377,
11/7/1876,Indiana,IN,Tilden,democrat,48.64904274,
11/7/1876,Indiana,IN,Other,independent,3.958433487,
11/7/1876,Iowa,IA,Hayes,republican,58.49739482,
11/7/1876,Iowa,IA,Tilden,democrat,38.28249305,
11/7/1876,Iowa,IA,Other,independent,3.220112129,
11/7/1876,Kansas,KS,Hayes,republican,63.09633138,
11/7/1876,Kansas,KS,Tilden,democrat,30.53313355,
11/7/1876,Kansas,KS,Other,independent,6.370535067,
11/7/1876,Kentucky,KY,Hayes,republican,37.43601943,
11/7/1876,Kentucky,KY,Tilden,democrat,61.41367323,
11/7/1876,Kentucky,KY,Other,independent,1.150307337,
11/7/1876,Louisiana,LA,Hayes,republican,51.64823107,
11/7/1876,Louisiana,LA,Tilden,democrat,48.35176893,
11/7/1876,Louisiana,LA,Other,independent,0,
11/7/1876,Maine,ME,Hayes,republican,56.64488017,
11/7/1876,Maine,ME,Tilden,democrat,42.6476996,
11/7/1876,Maine,ME,Other,independent,0.707420223,
11/7/1876,Maryland,MD,Hayes,republican,43.95483607,
11/7/1876,Maryland,MD,Tilden,democrat,56.04516393,
11/7/1876,Maryland,MD,Other,independent,0,
11/7/1876,Massachusetts,MA,Hayes,republican,57.80140205,
11/7/1876,Massachusetts,MA,Tilden,democrat,41.89854403,
11/7/1876,Massachusetts,MA,Other,independent,0.300053925,
11/7/1876,Michigan,MI,Hayes,republican,52.4104255,
11/7/1876,Michigan,MI,Tilden,democrat,44.49207097,
11/7/1876,Michigan,MI,Other,independent,3.097503533,
11/7/1876,Minnesota,MN,Hayes,republican,58.79911344,
11/7/1876,Minnesota,MN,Tilden,democrat,39.15937941,
11/7/1876,Minnesota,MN,Other,independent,2.041507153,
11/7/1876,Mississippi,MS,Hayes,republican,31.92394523,
11/7/1876,Mississippi,MS,Tilden,democrat,68.07605477,
11/7/1876,Mississippi,MS,Other,independent,0,
11/7/1876,Missouri,MO,Hayes,republican,41.36419383,
11/7/1876,Missouri,MO,Tilden,democrat,57.63840164,
11/7/1876,Missouri,MO,Other,independent,0.997404524,
11/7/1876,Nebraska,NE,Hayes,republican,64.69956211,
11/7/1876,Nebraska,NE,Tilden,democrat,35.30043789,
11/7/1876,Nebraska,NE,Other,independent,0,
11/7/1876,Nevada,NV,Hayes,republican,52.72967345,
11/7/1876,Nevada,NV,Tilden,democrat,47.27032655,
11/7/1876,Nevada,NV,Other,independent,0,
11/7/1876,New Hampshire,NH,Hayes,republican,51.8336432,
11/7/1876,New Hampshire,NH,Tilden,democrat,48.05280693,
11/7/1876,New Hampshire,NH,Other,independent,0.113549868,
11/7/1876,New Jersey,NJ,Hayes,republican,47.01193953,
11/7/1876,New Jersey,NJ,Tilden,democrat,52.66379948,
11/7/1876,New Jersey,NJ,Other,independent,0.324260989,
11/7/1876,New York,NY,Hayes,republican,48.17386064,
11/7/1876,New York,NY,Tilden,democrat,51.39807563,
11/7/1876,New York,NY,Other,independent,0.428063728,
11/7/1876,North Carolina,NC,Hayes,republican,46.37832338,
11/7/1876,North Carolina,NC,Tilden,democrat,53.62167662,
11/7/1876,North Carolina,NC,Other,independent,0,
11/7/1876,Ohio,OH,Hayes,republican,50.20853292,
11/7/1876,Ohio,OH,Tilden,democrat,49.0674092,
11/7/1876,Ohio,OH,Other,independent,0.724057882,
11/7/1876,Oregon,OR,Hayes,republican,50.91529735,
11/7/1876,Oregon,OR,Tilden,democrat,47.37793247,
11/7/1876,Oregon,OR,Other,independent,1.706770188,
11/7/1876,Pennsylvania,PA,Hayes,republican,50.61759463,
11/7/1876,Pennsylvania,PA,Tilden,democrat,48.24866632,
11/7/1876,Pennsylvania,PA,Other,independent,1.133739046,
11/7/1876,Rhode Island,RI,Hayes,republican,59.28944305,
11/7/1876,Rhode Island,RI,Tilden,democrat,40.22984189,
11/7/1876,Rhode Island,RI,Other,independent,0.480715064,
11/7/1876,South Carolina,SC,Hayes,republican,50.24331766,
11/7/1876,South Carolina,SC,Tilden,democrat,49.75668234,
11/7/1876,South Carolina,SC,Other,independent,0,
11/7/1876,Tennessee,TN,Hayes,republican,40.21046677,
11/7/1876,Tennessee,TN,Tilden,democrat,59.78953323,
11/7/1876,Tennessee,TN,Other,independent,0,
11/7/1876,Texas,TX,Hayes,republican,29.95553475,
11/7/1876,Texas,TX,Tilden,democrat,70.04446525,
11/7/1876,Texas,TX,Other,independent,0,
11/7/1876,Vermont,VT,Hayes,republican,68.3020154,
11/7/1876,Vermont,VT,Tilden,democrat,31.37576875,
11/7/1876,Vermont,VT,Other,independent,0.322215854,
11/7/1876,Virginia,VA,Hayes,republican,40.42439735,
11/7/1876,Virginia,VA,Tilden,democrat,59.57560265,
11/7/1876,Virginia,VA,Other,independent,0,
11/7/1876,West Virginia,WV,Hayes,republican,42.14577458,
11/7/1876,West Virginia,WV,Tilden,democrat,56.74631449,
11/7/1876,West Virginia,WV,Other,independent,1.107910926,
11/7/1876,Wisconsin,WI,Hayes,republican,50.57489589,
11/7/1876,Wisconsin,WI,Tilden,democrat,48.18704628,
11/7/1876,Wisconsin,WI,Other,independent,1.238057836,
11/7/1876,National Popular Vote,NPV,Hayes,republican,47.91905694,
11/7/1876,National Popular Vote,NPV,Tilden,democrat,50.92031878,
11/2/1880,Alabama,AL,Garfield,republican,37.09628576,
11/2/1880,Alabama,AL,Hancock,democrat,59.99262683,
11/2/1880,Alabama,AL,Weaver,independent,2.911087412,
11/2/1880,Alabama,AL,Other,independent,0,
11/2/1880,Arkansas,AR,Garfield,republican,38.6566084,
11/2/1880,Arkansas,AR,Hancock,democrat,56.12682329,
11/2/1880,Arkansas,AR,Weaver,independent,3.784842074,
11/2/1880,Arkansas,AR,Other,independent,1.431726237,
11/2/1880,California,CA,Garfield,republican,48.88745448,1
11/2/1880,California,CA,Hancock,democrat,48.9751428,5
11/2/1880,California,CA,Weaver,independent,2.058848604,
11/2/1880,California,CA,Other,independent,0.078554117,
11/2/1880,Colorado,CO,Garfield,republican,51.26433347,
11/2/1880,Colorado,CO,Hancock,democrat,46.02958204,
11/2/1880,Colorado,CO,Weaver,independent,2.679938744,
11/2/1880,Colorado,CO,Other,independent,0.026145744,
11/2/1880,Connecticut,CN,Garfield,republican,50.50603172,
11/2/1880,Connecticut,CN,Hancock,democrat,48.5029895,
11/2/1880,Connecticut,CN,Weaver,independent,0.653624302,
11/2/1880,Connecticut,CN,Other,independent,0.337354478,
11/2/1880,Delaware,DE,Garfield,republican,48.02770045,
11/2/1880,Delaware,DE,Hancock,democrat,51.53438794,
11/2/1880,Delaware,DE,Weaver,independent,0.437911603,
11/2/1880,Delaware,DE,Other,independent,0,
11/2/1880,Florida,FL,Garfield,republican,45.82509977,
11/2/1880,Florida,FL,Hancock,democrat,54.17490023,
11/2/1880,Florida,FL,Weaver,independent,0,
11/2/1880,Florida,FL,Other,independent,0,
11/2/1880,Georgia,GA,Garfield,republican,34.59488984,
11/2/1880,Georgia,GA,Hancock,democrat,65.40511016,
11/2/1880,Georgia,GA,Weaver,independent,0,
11/2/1880,Georgia,GA,Other,independent,0,
11/2/1880,Illinois,IL,Garfield,republican,51.10612963,
11/2/1880,Illinois,IL,Hancock,democrat,44.56351789,
11/2/1880,Illinois,IL,Weaver,independent,4.235543664,
11/2/1880,Illinois,IL,Other,independent,0.094808816,
11/2/1880,Indiana,IN,Garfield,republican,49.32606996,
11/2/1880,Indiana,IN,Hancock,democrat,47.91489615,
11/2/1880,Indiana,IN,Weaver,independent,2.759033892,
11/2/1880,Indiana,IN,Other,independent,0,
11/2/1880,Iowa,IA,Garfield,republican,56.99480581,
11/2/1880,Iowa,IA,Hancock,democrat,32.80306693,
11/2/1880,Iowa,IA,Weaver,independent,10.01865695,
11/2/1880,Iowa,IA,Other,independent,0.183470316,
11/2/1880,Kansas,KS,Garfield,republican,60.40122046,
11/2/1880,Kansas,KS,Hancock,democrat,29.71684987,
11/2/1880,Kansas,KS,Weaver,independent,9.86453716,
11/2/1880,Kansas,KS,Other,independent,0.017392514,
11/2/1880,Kentucky,KY,Garfield,republican,39.86836588,
11/2/1880,Kentucky,KY,Hancock,democrat,55.73671678,
11/2/1880,Kentucky,KY,Weaver,independent,4.307685396,
11/2/1880,Kentucky,KY,Other,independent,0.08723194,
11/2/1880,Louisiana,LA,Garfield,republican,37.31308993,
11/2/1880,Louisiana,LA,Hancock,democrat,62.26857613,
11/2/1880,Louisiana,LA,Weaver,independent,0.41833394,
11/2/1880,Louisiana,LA,Other,independent,0,
11/2/1880,Maine,ME,Garfield,republican,51.4596638,
11/2/1880,Maine,ME,Hancock,democrat,45.31594199,
11/2/1880,Maine,ME,Weaver,independent,3.063869412,
11/2/1880,Maine,ME,Other,independent,0.160524798,
11/2/1880,Maryland,MD,Garfield,republican,45.58967838,
11/2/1880,Maryland,MD,Hancock,democrat,54.41032162,
11/2/1880,Maryland,MD,Weaver,independent,0,
11/2/1880,Maryland,MD,Other,independent,0,
11/2/1880,Massachusetts,MA,Garfield,republican,58.52585336,
11/2/1880,Massachusetts,MA,Hancock,democrat,39.57982747,
11/2/1880,Massachusetts,MA,Weaver,independent,1.611251838,
11/2/1880,Massachusetts,MA,Other,independent,0.28306733,
11/2/1880,Michigan,MI,Garfield,republican,52.49108556,
11/2/1880,Michigan,MI,Hancock,democrat,37.27126224,
11/2/1880,Michigan,MI,Weaver,independent,9.883057333,
11/2/1880,Michigan,MI,Other,independent,0.354594864,
11/2/1880,Minnesota,MN,Garfield,republican,62.28162101,
11/2/1880,Minnesota,MN,Hancock,democrat,35.36180938,
11/2/1880,Minnesota,MN,Weaver,independent,2.1668767,
11/2/1880,Minnesota,MN,Other,independent,0.18969291,
11/2/1880,Mississippi,MS,Garfield,republican,29.76389791,
11/2/1880,Mississippi,MS,Hancock,democrat,64.70598285,
11/2/1880,Mississippi,MS,Weaver,independent,4.951822872,
11/2/1880,Mississippi,MS,Other,independent,0.578296375,
11/2/1880,Missouri,MO,Garfield,republican,38.6738621,
11/2/1880,Missouri,MO,Hancock,democrat,52.50585846,
11/2/1880,Missouri,MO,Weaver,independent,8.820279444,
11/2/1880,Missouri,MO,Other,independent,0,
11/2/1880,Nebraska,NE,Garfield,republican,62.86763024,
11/2/1880,Nebraska,NE,Hancock,democrat,32.61560628,
11/2/1880,Nebraska,NE,Weaver,independent,4.516763482,
11/2/1880,Nebraska,NE,Other,independent,0,
11/2/1880,Nevada,NV,Garfield,republican,47.59880076,
11/2/1880,Nevada,NV,Hancock,democrat,52.40119924,
11/2/1880,Nevada,NV,Weaver,independent,0,
11/2/1880,Nevada,NV,Other,independent,0,
11/2/1880,New Hampshire,NH,Garfield,republican,51.94011186,
11/2/1880,New Hampshire,NH,Hancock,democrat,47.24007364,
11/2/1880,New Hampshire,NH,Weaver,independent,0.611387084,
11/2/1880,New Hampshire,NH,Other,independent,0.208427415,
11/2/1880,New Jersey,NJ,Garfield,republican,49.02044501,
11/2/1880,New Jersey,NJ,Hancock,democrat,49.83775739,
11/2/1880,New Jersey,NJ,Weaver,independent,1.064132592,
11/2/1880,New Jersey,NJ,Other,independent,0.077665008,
11/2/1880,New York,NY,Garfield,republican,50.32352155,
11/2/1880,New York,NY,Hancock,democrat,48.41826359,
11/2/1880,New York,NY,Weaver,independent,1.120798591,
11/2/1880,New York,NY,Other,independent,0.137416266,
11/2/1880,North Carolina,NC,Garfield,republican,47.98419563,
11/2/1880,North Carolina,NC,Hancock,democrat,51.54847974,
11/2/1880,North Carolina,NC,Weaver,independent,0.467324629,
11/2/1880,North Carolina,NC,Other,independent,0,
11/2/1880,Ohio,OH,Garfield,republican,51.73311337,
11/2/1880,Ohio,OH,Hancock,democrat,47.01193296,
11/2/1880,Ohio,OH,Weaver,independent,0.890523293,
11/2/1880,Ohio,OH,Other,independent,0.364430381,
11/2/1880,Oregon,OR,Garfield,republican,50.50829189,
11/2/1880,Oregon,OR,Hancock,democrat,48.88175783,
11/2/1880,Oregon,OR,Weaver,independent,0.609950273,
11/2/1880,Oregon,OR,Other,independent,0,
11/2/1880,Pennsylvania,PA,Garfield,republican,50.83592159,
11/2/1880,Pennsylvania,PA,Hancock,democrat,46.57475054,
11/2/1880,Pennsylvania,PA,Weaver,independent,2.362643078,
11/2/1880,Pennsylvania,PA,Other,independent,0.226684789,
11/2/1880,Rhode Island,RI,Garfield,republican,62.23704464,
11/2/1880,Rhode Island,RI,Hancock,democrat,36.87018984,
11/2/1880,Rhode Island,RI,Weaver,independent,0.807251582,
11/2/1880,Rhode Island,RI,Other,independent,0.085513939,
11/2/1880,South Carolina,SC,Garfield,republican,34.13214915,
11/2/1880,South Carolina,SC,Hancock,democrat,65.51271254,
11/2/1880,South Carolina,SC,Weaver,independent,0.333936028,
11/2/1880,South Carolina,SC,Other,independent,0.021202287,
11/2/1880,Tennessee,TN,Garfield,republican,44.26361592,
11/2/1880,Tennessee,TN,Hancock,democrat,53.26292942,
11/2/1880,Tennessee,TN,Weaver,independent,2.473454656,
11/2/1880,Tennessee,TN,Other,independent,0,
11/2/1880,Texas,TX,Garfield,republican,23.94984404,
11/2/1880,Texas,TX,Hancock,democrat,64.71293944,
11/2/1880,Texas,TX,Weaver,independent,11.33721652,
11/2/1880,Texas,TX,Other,independent,0,
11/2/1880,Vermont,VT,Garfield,republican,69.8067932,
11/2/1880,Vermont,VT,Hancock,democrat,28.14812521,
11/2/1880,Vermont,VT,Weaver,independent,1.876335263,
11/2/1880,Vermont,VT,Other,independent,0.168746323,
11/2/1880,Virginia,VA,Garfield,republican,39.47385831,
11/2/1880,Virginia,VA,Hancock,democrat,60.52614169,
11/2/1880,Virginia,VA,Weaver,independent,0,
11/2/1880,Virginia,VA,Other,independent,0,
11/2/1880,West Virginia,WV,Garfield,republican,41.05343525,
11/2/1880,West Virginia,WV,Hancock,democrat,50.94947666,
11/2/1880,West Virginia,WV,Weaver,independent,7.997088094,
11/2/1880,West Virginia,WV,Other,independent,0,
11/2/1880,Wisconsin,WI,Garfield,republican,54.04379704,
11/2/1880,Wisconsin,WI,Hancock,democrat,42.9077762,
11/2/1880,Wisconsin,WI,Weaver,independent,2.988917874,
11/2/1880,Wisconsin,WI,Other,independent,0.059508883,
11/2/1880,National Popular Vote,NPV,Garfield,republican,48.31440719,
11/2/1880,National Popular Vote,NPV,Hancock,democrat,48.21600645,
11/2/1880,National Popular Vote,NPV,Weaver,independent,3.321269207,
11/4/1884,Alabama,AL,Cleveland,democrat,60.36556788,
11/4/1884,Alabama,AL,Blaine,republican,38.69447482,
11/4/1884,Alabama,AL,Other,independent,0.939957298,
11/4/1884,Arkansas,AR,Cleveland,democrat,57.82682324,
11/4/1884,Arkansas,AR,Blaine,republican,40.70472813,
11/4/1884,Arkansas,AR,Other,independent,1.468448628,
11/4/1884,California,CA,Cleveland,democrat,45.32661888,
11/4/1884,California,CA,Blaine,republican,51.9671249,
11/4/1884,California,CA,Other,independent,2.706256219,
11/4/1884,Colorado,CO,Cleveland,democrat,41.67681414,
11/4/1884,Colorado,CO,Blaine,republican,54.24615523,
11/4/1884,Colorado,CO,Other,independent,4.077030623,
11/4/1884,Connecticut,CT,Cleveland,democrat,48.94613754,
11/4/1884,Connecticut,CT,Blaine,republican,48.01066612,
11/4/1884,Connecticut,CT,Other,independent,3.04319634,
11/4/1884,Delaware,DE,Cleveland,democrat,56.5534952,
11/4/1884,Delaware,DE,Blaine,republican,43.19970651,
11/4/1884,Delaware,DE,Other,independent,0.246798292,
11/4/1884,Florida,FL,Cleveland,democrat,52.95715953,
11/4/1884,Florida,FL,Blaine,republican,46.72612102,
11/4/1884,Florida,FL,Other,independent,0.316719453,
11/4/1884,Georgia,GA,Cleveland,democrat,65.91950421,
11/4/1884,Georgia,GA,Blaine,republican,33.84374347,
11/4/1884,Georgia,GA,Other,independent,0.236752315,
11/4/1884,Illinois,IL,Cleveland,democrat,46.43450726,
11/4/1884,Illinois,IL,Blaine,republican,50.16858192,
11/4/1884,Illinois,IL,Other,independent,3.396910818,
11/4/1884,Indiana,IN,Cleveland,democrat,49.46278456,
11/4/1884,Indiana,IN,Blaine,republican,48.14730322,
11/4/1884,Indiana,IN,Other,independent,2.38991222,
11/4/1884,Iowa,IA,Cleveland,democrat,47.00835894,
11/4/1884,Iowa,IA,Blaine,republican,52.2503917,
11/4/1884,Iowa,IA,Other,independent,0.74124936,
11/4/1884,Kansas,KS,Cleveland,democrat,33.903584,
11/4/1884,Kansas,KS,Blaine,republican,58.08055731,
11/4/1884,Kansas,KS,Other,independent,8.015858686,
11/4/1884,Kentucky,KY,Cleveland,democrat,55.32423566,
11/4/1884,Kentucky,KY,Blaine,republican,42.92880885,
11/4/1884,Kentucky,KY,Other,independent,1.746955487,
11/4/1884,Louisiana,LA,Cleveland,democrat,57.21624512,
11/4/1884,Louisiana,LA,Blaine,republican,42.36510389,
11/4/1884,Louisiana,LA,Other,independent,0.418650993,
11/4/1884,Maine,ME,Cleveland,democrat,39.966741,
11/4/1884,Maine,ME,Blaine,republican,55.34251404,
11/4/1884,Maine,ME,Other,independent,4.690744956,
11/4/1884,Maryland,MD,Cleveland,democrat,52.07317532,
11/4/1884,Maryland,MD,Blaine,republican,46.0963665,
11/4/1884,Maryland,MD,Other,independent,1.830458179,
11/4/1884,Massachusetts,MA,Cleveland,democrat,40.32922082,
11/4/1884,Massachusetts,MA,Blaine,republican,48.36263073,
11/4/1884,Massachusetts,MA,Other,independent,11.30814845,
11/4/1884,Michigan,MI,Cleveland,democrat,47.20030111,
11/4/1884,Michigan,MI,Blaine,republican,48.0248563,
11/4/1884,Michigan,MI,Other,independent,4.774842592,
11/4/1884,Minnesota,MN,Cleveland,democrat,36.87301662,
11/4/1884,Minnesota,MN,Blaine,republican,58.77632001,
11/4/1884,Minnesota,MN,Other,independent,4.350663362,
11/4/1884,Mississippi,MS,Cleveland,democrat,64.34193955,
11/4/1884,Mississippi,MS,Blaine,republican,35.65806045,
11/4/1884,Mississippi,MS,Other,independent,0,
11/4/1884,Missouri,MO,Cleveland,democrat,53.4874498,
11/4/1884,Missouri,MO,Blaine,republican,46.02214527,
11/4/1884,Missouri,MO,Other,independent,0.490404924,
11/4/1884,Nebraska,NE,Cleveland,democrat,40.52920225,
11/4/1884,Nebraska,NE,Blaine,republican,57.3106213,
11/4/1884,Nebraska,NE,Other,independent,2.16017645,
11/4/1884,Nevada,NV,Cleveland,democrat,43.58834102,
11/4/1884,Nevada,NV,Blaine,republican,56.20848636,
11/4/1884,Nevada,NV,Other,independent,0.203172619,
11/4/1884,New Hampshire,NH,Cleveland,democrat,46.34100206,
11/4/1884,New Hampshire,NH,Blaine,republican,51.13612182,
11/4/1884,New Hampshire,NH,Other,independent,2.522876126,
11/4/1884,New Jersey,NJ,Cleveland,democrat,48.97957619,
11/4/1884,New Jersey,NJ,Blaine,republican,47.30933884,
11/4/1884,New Jersey,NJ,Other,independent,3.711084964,
11/4/1884,New York,NY,Cleveland,democrat,48.24956797,
11/4/1884,New York,NY,Blaine,republican,48.15112464,
11/4/1884,New York,NY,Other,independent,3.599307384,
11/4/1884,North Carolina,NC,Cleveland,democrat,53.25202343,
11/4/1884,North Carolina,NC,Blaine,republican,46.58774166,
11/4/1884,North Carolina,NC,Other,independent,0.160234912,
11/4/1884,Ohio,OH,Cleveland,democrat,46.93796918,
11/4/1884,Ohio,OH,Blaine,republican,50.99119308,
11/4/1884,Ohio,OH,Other,independent,2.070837741,
11/4/1884,Oregon,OR,Cleveland,democrat,46.70285866,
11/4/1884,Oregon,OR,Blaine,republican,50.98515622,
11/4/1884,Oregon,OR,Other,independent,2.311985118,
11/4/1884,Pennsylvania,PA,Cleveland,democrat,43.4562058,
11/4/1884,Pennsylvania,PA,Blaine,republican,52.97301364,
11/4/1884,Pennsylvania,PA,Other,independent,3.57078056,
11/4/1884,Rhode Island,RI,Cleveland,democrat,37.81086937,
11/4/1884,Rhode Island,RI,Blaine,republican,58.06963474,
11/4/1884,Rhode Island,RI,Other,independent,4.119495896,
11/4/1884,South Carolina,SC,Cleveland,democrat,75.25427746,
11/4/1884,South Carolina,SC,Blaine,republican,23.41292074,
11/4/1884,South Carolina,SC,Other,independent,1.332801793,
11/4/1884,Tennessee,TN,Cleveland,democrat,51.45435383,
11/4/1884,Tennessee,TN,Blaine,republican,47.73519298,
11/4/1884,Tennessee,TN,Other,independent,0.810453192,
11/4/1884,Texas,TX,Cleveland,democrat,69.26084751,
11/4/1884,Texas,TX,Blaine,republican,28.63189929,
11/4/1884,Texas,TX,Other,independent,2.107253193,
11/4/1884,Vermont,VT,Cleveland,democrat,29.17627649,
11/4/1884,Vermont,VT,Blaine,republican,66.52076564,
11/4/1884,Vermont,VT,Other,independent,4.302957863,
11/4/1884,Virginia,VA,Cleveland,democrat,51.0535938,
11/4/1884,Virginia,VA,Blaine,republican,48.90078848,
11/4/1884,Virginia,VA,Other,independent,0.045617717,
11/4/1884,West Virginia,WV,Cleveland,democrat,50.93722804,
11/4/1884,West Virginia,WV,Blaine,republican,47.74755004,
11/4/1884,West Virginia,WV,Other,independent,1.315221915,
11/4/1884,Wisconsin,WI,Cleveland,democrat,45.79017306,
11/4/1884,Wisconsin,WI,Blaine,republican,50.38066503,
11/4/1884,Wisconsin,WI,Other,independent,3.829161912,
11/4/1884,National Popular Vote,NPV,Blaine,republican,48.27865801,
11/4/1884,National Popular Vote,NPV,Cleveland,democrat,48.85100563,
11/6/1888,Alabama,AL,Cleveland,democrat,67.00402662,
11/6/1888,Alabama,AL,Harrison,republican,32.6567096,
11/6/1888,Alabama,AL,Fisk,independent,0.339263786,
11/6/1888,Alabama,AL,Other,independent,0,
11/6/1888,Arkansas,AR,Cleveland,democrat,54.79631728,
11/6/1888,Arkansas,AR,Harrison,republican,38.04454405,
11/6/1888,Arkansas,AR,Fisk,independent,0.39093838,
11/6/1888,Arkansas,AR,Other,independent,6.768200283,
11/6/1888,California,CA,Cleveland,democrat,46.8407211,
11/6/1888,California,CA,Harrison,republican,49.6604188,
11/6/1888,California,CA,Fisk,independent,2.292123387,
11/6/1888,California,CA,Other,independent,1.206736718,
11/6/1888,Colorado,CO,Cleveland,democrat,40.83810062,
11/6/1888,Colorado,CO,Harrison,republican,55.21936789,
11/6/1888,Colorado,CO,Fisk,independent,2.373132056,
11/6/1888,Colorado,CO,Other,independent,1.56939943,
11/6/1888,Connecticut,CN,Cleveland,democrat,48.65630155,
11/6/1888,Connecticut,CN,Harrison,republican,48.43808856,
11/6/1888,Connecticut,CN,Fisk,independent,2.74974347,
11/6/1888,Connecticut,CN,Other,independent,0.155866423,
11/6/1888,Delaware,DE,Cleveland,democrat,55.14715764,
11/6/1888,Delaware,DE,Harrison,republican,43.50893697,
11/6/1888,Delaware,DE,Fisk,independent,1.340545626,
11/6/1888,Delaware,DE,Other,independent,0.003359763,
11/6/1888,Florida,FL,Cleveland,democrat,59.48421053,
11/6/1888,Florida,FL,Harrison,republican,39.89323308,
11/6/1888,Florida,FL,Fisk,independent,0.622556391,
11/6/1888,Florida,FL,Other,independent,0,
11/6/1888,Georgia,GA,Cleveland,democrat,70.30629093,
11/6/1888,Georgia,GA,Harrison,republican,28.33365982,
11/6/1888,Georgia,GA,Fisk,independent,1.264901774,
11/6/1888,Georgia,GA,Other,independent,0.095147479,
11/6/1888,Illinois,IL,Cleveland,democrat,46.58263496,
11/6/1888,Illinois,IL,Harrison,republican,49.5411286,
11/6/1888,Illinois,IL,Fisk,independent,2.902196137,
11/6/1888,Illinois,IL,Other,independent,0.974040302,
11/6/1888,Indiana,IN,Cleveland,democrat,48.61038944,
11/6/1888,Indiana,IN,Harrison,republican,49.04767492,
11/6/1888,Indiana,IN,Fisk,independent,1.840212013,
11/6/1888,Indiana,IN,Other,independent,0.501723627,
11/6/1888,Iowa,IA,Cleveland,democrat,44.5091368,
11/6/1888,Iowa,IA,Harrison,republican,52.35948384,
11/6/1888,Iowa,IA,Fisk,independent,0.87841934,
11/6/1888,Iowa,IA,Other,independent,2.252960026,
11/6/1888,Kansas,KS,Cleveland,democrat,31.02681874,
11/6/1888,Kansas,KS,Harrison,republican,55.23314278,
11/6/1888,Kansas,KS,Fisk,independent,2.047114743,
11/6/1888,Kansas,KS,Other,independent,11.69292373,
11/6/1888,Kentucky,KY,Cleveland,democrat,53.30445272,
11/6/1888,Kentucky,KY,Harrison,republican,44.98474779,
11/6/1888,Kentucky,KY,Fisk,independent,1.514492501,
11/6/1888,Kentucky,KY,Other,independent,0.196306993,
11/6/1888,Louisiana,LA,Cleveland,democrat,73.37239302,
11/6/1888,Louisiana,LA,Harrison,republican,26.4558939,
11/6/1888,Louisiana,LA,Fisk,independent,0.138060764,
11/6/1888,Louisiana,LA,Other,independent,0.033652311,
11/6/1888,Maine,ME,Cleveland,democrat,39.35346542,
11/6/1888,Maine,ME,Harrison,republican,57.48793401,
11/6/1888,Maine,ME,Fisk,independent,2.098196533,
11/6/1888,Maine,ME,Other,independent,1.060404045,
11/6/1888,Maryland,MD,Cleveland,democrat,50.3401425,
11/6/1888,Maryland,MD,Harrison,republican,47.39998388,
11/6/1888,Maryland,MD,Fisk,independent,2.259873614,
11/6/1888,Maryland,MD,Other,independent,0,
11/6/1888,Massachusetts,MA,Cleveland,democrat,44.03575381,
11/6/1888,Massachusetts,MA,Harrison,republican,53.41924164,
11/6/1888,Massachusetts,MA,Fisk,independent,2.527574998,
11/6/1888,Massachusetts,MA,Other,independent,0.017429548,
11/6/1888,Michigan,MI,Cleveland,democrat,44.90718535,
11/6/1888,Michigan,MI,Harrison,republican,49.72841407,
11/6/1888,Michigan,MI,Fisk,independent,4.406171375,
11/6/1888,Michigan,MI,Other,independent,0.958229201,
11/6/1888,Minnesota,MN,Cleveland,democrat,39.64715043,
11/6/1888,Minnesota,MN,Harrison,republican,54.12081964,
11/6/1888,Minnesota,MN,Fisk,independent,5.815371176,
11/6/1888,Minnesota,MN,Other,independent,0.416658754,
11/6/1888,Mississippi,MS,Cleveland,democrat,73.80080493,
11/6/1888,Mississippi,MS,Harrison,republican,25.99191612,
11/6/1888,Mississippi,MS,Fisk,independent,0.207278946,
11/6/1888,Mississippi,MS,Other,independent,0,
11/6/1888,Missouri,MO,Cleveland,democrat,50.24225104,
11/6/1888,Missouri,MO,Harrison,republican,45.31456191,
11/6/1888,Missouri,MO,Fisk,independent,0.870607642,
11/6/1888,Missouri,MO,Other,independent,3.572579408,
11/6/1888,Nebraska,NE,Cleveland,democrat,39.75285246,
11/6/1888,Nebraska,NE,Harrison,republican,53.50833037,
11/6/1888,Nebraska,NE,Fisk,independent,4.653263058,
11/6/1888,Nebraska,NE,Other,independent,2.085554108,
11/6/1888,Nevada,NV,Cleveland,democrat,41.93679752,
11/6/1888,Nevada,NV,Harrison,republican,57.72927187,
11/6/1888,Nevada,NV,Fisk,independent,0.333930608,
11/6/1888,Nevada,NV,Other,independent,0,
11/6/1888,New Hampshire,NH,Cleveland,democrat,47.84059008,
11/6/1888,New Hampshire,NH,Harrison,republican,50.34182859,
11/6/1888,New Hampshire,NH,Fisk,independent,1.753729289,
11/6/1888,New Hampshire,NH,Other,independent,0.063852039,
11/6/1888,New Jersey,NJ,Cleveland,democrat,49.87080359,
11/6/1888,New Jersey,NJ,Harrison,republican,47.5179476,
11/6/1888,New Jersey,NJ,Fisk,independent,2.611248811,
11/6/1888,New Jersey,NJ,Other,independent,0,
11/6/1888,New York,NY,Cleveland,democrat,48.18836626,
11/6/1888,New York,NY,Harrison,republican,49.27743781,
11/6/1888,New York,NY,Fisk,independent,2.290664581,
11/6/1888,New York,NY,Other,independent,0.243531341,
11/6/1888,North Carolina,NC,Cleveland,democrat,51.79312446,
11/6/1888,North Carolina,NC,Harrison,republican,47.19939208,
11/6/1888,North Carolina,NC,Fisk,independent,0.994526602,
11/6/1888,North Carolina,NC,Other,independent,0.012956861,
11/6/1888,Ohio,OH,Cleveland,democrat,47.17674904,
11/6/1888,Ohio,OH,Harrison,republican,49.50896103,
11/6/1888,Ohio,OH,Fisk,independent,2.89827824,
11/6/1888,Ohio,OH,Other,independent,0.41601169,
11/6/1888,Oregon,OR,Cleveland,democrat,42.87908428,
11/6/1888,Oregon,OR,Harrison,republican,53.82277335,
11/6/1888,Oregon,OR,Fisk,independent,2.711267036,
11/6/1888,Oregon,OR,Other,independent,0.586875334,
11/6/1888,Pennsylvania,PA,Cleveland,democrat,44.77218596,
11/6/1888,Pennsylvania,PA,Harrison,republican,52.73735725,
11/6/1888,Pennsylvania,PA,Fisk,independent,2.09980673,
11/6/1888,Pennsylvania,PA,Other,independent,0.390650061,
11/6/1888,Rhode Island,RI,Cleveland,democrat,42.99202943,
11/6/1888,Rhode Island,RI,Harrison,republican,53.87860208,
11/6/1888,Rhode Island,RI,Fisk,independent,3.068056407,
11/6/1888,Rhode Island,RI,Other,independent,0.061312078,
11/6/1888,South Carolina,SC,Cleveland,democrat,82.28308562,
11/6/1888,South Carolina,SC,Harrison,republican,17.1706439,
11/6/1888,South Carolina,SC,Fisk,independent,0,
11/6/1888,South Carolina,SC,Other,independent,0.546270485,
11/6/1888,Tennessee,TN,Cleveland,democrat,52.25621843,
11/6/1888,Tennessee,TN,Harrison,republican,45.76251095,
11/6/1888,Tennessee,TN,Fisk,independent,1.965465238,
11/6/1888,Tennessee,TN,Other,independent,0.015805383,
11/6/1888,Texas,TX,Cleveland,democrat,65.6991494,
11/6/1888,Texas,TX,Harrison,republican,24.73252721,
11/6/1888,Texas,TX,Fisk,independent,1.328343305,
11/6/1888,Texas,TX,Other,independent,8.239980085,
11/6/1888,Vermont,VT,Cleveland,democrat,25.64933081,
11/6/1888,Vermont,VT,Harrison,republican,69.04601846,
11/6/1888,Vermont,VT,Fisk,independent,2.230642303,
11/6/1888,Vermont,VT,Other,independent,3.074008434,
11/6/1888,Virginia,VA,Cleveland,democrat,49.9870103,
11/6/1888,Virginia,VA,Harrison,republican,49.45920082,
11/6/1888,Virginia,VA,Fisk,independent,0.553788883,
11/6/1888,Virginia,VA,Other,independent,0,
11/6/1888,West Virginia,WV,Cleveland,democrat,49.34583542,
11/6/1888,West Virginia,WV,Harrison,republican,49.02847466,
11/6/1888,West Virginia,WV,Fisk,independent,0.679879579,
11/6/1888,West Virginia,WV,Other,independent,0.945810336,
11/6/1888,Wisconsin,WI,Cleveland,democrat,43.77492146,
11/6/1888,Wisconsin,WI,Harrison,republican,49.78737444,
11/6/1888,Wisconsin,WI,Fisk,independent,4.026067781,
11/6/1888,Wisconsin,WI,Other,independent,2.411636314,
11/6/1888,National Popular Vote,NPV,Harrison,republican,47.79793317,
11/6/1888,National Popular Vote,NPV,Cleveland,democrat,48.62795581,
11/8/1892,Alabama,AL,Cleveland,democrat,59.40191706,
11/8/1892,Alabama,AL,Harrison,republican,3.949377104,
11/8/1892,Alabama,AL,Weaver,independent,36.54549911,
11/8/1892,Alabama,AL,Bidwell,independent,0.103206719,
11/8/1892,Alabama,AL,Other,independent,0,
11/8/1892,Arkansas,AR,Cleveland,democrat,59.30041791,
11/8/1892,Arkansas,AR,Harrison,republican,31.7802818,
11/8/1892,Arkansas,AR,Weaver,independent,7.987604394,
11/8/1892,Arkansas,AR,Bidwell,independent,0.07629104,
11/8/1892,Arkansas,AR,Other,independent,0.855404849,
11/8/1892,California,CA,Cleveland,democrat,43.83162283,8
11/8/1892,California,CA,Harrison,republican,43.77709943,1
11/8/1892,California,CA,Weaver,independent,9.388039717,
11/8/1892,California,CA,Bidwell,independent,3.002867115,
11/8/1892,California,CA,Other,independent,0.000370907,
11/8/1892,Colorado,CO,Cleveland,democrat,0,
11/8/1892,Colorado,CO,Harrison,republican,41.13280293,
11/8/1892,Colorado,CO,Weaver,independent,57.07043274,
11/8/1892,Colorado,CO,Bidwell,independent,1.796764333,
11/8/1892,Colorado,CO,Other,independent,0,
11/8/1892,Connecticut,CT,Cleveland,democrat,50.05923631,
11/8/1892,Connecticut,CT,Harrison,republican,46.80093563,
11/8/1892,Connecticut,CT,Weaver,independent,0.491509463,
11/8/1892,Connecticut,CT,Bidwell,independent,2.446003828,
11/8/1892,Connecticut,CT,Other,independent,0.202314773,
11/8/1892,Delaware,DE,Cleveland,democrat,49.90197395,
11/8/1892,Delaware,DE,Harrison,republican,48.54840876,
11/8/1892,Delaware,DE,Weaver,independent,0,
11/8/1892,Delaware,DE,Bidwell,independent,1.514703908,
11/8/1892,Delaware,DE,Other,independent,0.034913388,
11/8/1892,Florida,FL,Cleveland,democrat,85.00747089,
11/8/1892,Florida,FL,Harrison,republican,0,
11/8/1892,Florida,FL,Weaver,independent,13.65340701,
11/8/1892,Florida,FL,Bidwell,independent,1.3391221,
11/8/1892,Florida,FL,Other,independent,0,
11/8/1892,Georgia,GA,Cleveland,democrat,58.014754,
11/8/1892,Georgia,GA,Harrison,republican,21.69536495,
11/8/1892,Georgia,GA,Weaver,independent,18.79610624,
11/8/1892,Georgia,GA,Bidwell,independent,0.442799136,
11/8/1892,Georgia,GA,Other,independent,1.050975682,
11/8/1892,Idaho,ID,Cleveland,democrat,0,
11/8/1892,Idaho,ID,Harrison,republican,44.30875457,
11/8/1892,Idaho,ID,Weaver,independent,54.20724481,
11/8/1892,Idaho,ID,Bidwell,independent,1.484000618,
11/8/1892,Idaho,ID,Other,independent,0,
11/8/1892,Illinois,IL,Cleveland,democrat,48.79327692,
11/8/1892,Illinois,IL,Harrison,republican,45.70358509,
11/8/1892,Illinois,IL,Weaver,independent,2.54187332,
11/8/1892,Illinois,IL,Bidwell,independent,2.961264676,
11/8/1892,Illinois,IL,Other,independent,0,
11/8/1892,Indiana,IN,Cleveland,democrat,47.45914565,
11/8/1892,Indiana,IN,Harrison,republican,46.17214552,
11/8/1892,Indiana,IN,Weaver,independent,4.011466494,
11/8/1892,Indiana,IN,Bidwell,independent,2.357242334,
11/8/1892,Indiana,IN,Other,independent,0,
11/8/1892,Iowa,IA,Cleveland,democrat,44.31073272,
11/8/1892,Iowa,IA,Harrison,republican,49.59732286,
11/8/1892,Iowa,IA,Weaver,independent,4.6473162,
11/8/1892,Iowa,IA,Bidwell,independent,1.444628226,
11/8/1892,Iowa,IA,Other,independent,0,
11/8/1892,Kansas,KS,Cleveland,democrat,0,
11/8/1892,Kansas,KS,Harrison,republican,48.39599267,
11/8/1892,Kansas,KS,Weaver,independent,50.20267463,
11/8/1892,Kansas,KS,Bidwell,independent,1.401332697,
11/8/1892,Kansas,KS,Other,independent,0,
11/8/1892,Kentucky,KY,Cleveland,democrat,51.47536848,
11/8/1892,Kentucky,KY,Harrison,republican,39.74077638,
11/8/1892,Kentucky,KY,Weaver,independent,6.894245212,
11/8/1892,Kentucky,KY,Bidwell,independent,1.889609932,
11/8/1892,Kentucky,KY,Other,independent,0,
11/8/1892,Louisiana,LA,Cleveland,democrat,76.53126061,
11/8/1892,Louisiana,LA,Harrison,republican,23.46873939,
11/8/1892,Louisiana,LA,Weaver,independent,0,
11/8/1892,Louisiana,LA,Bidwell,independent,0,
11/8/1892,Louisiana,LA,Other,independent,0,
11/8/1892,Maine,ME,Cleveland,democrat,41.26113129,
11/8/1892,Maine,ME,Harrison,republican,54.04504899,
11/8/1892,Maine,ME,Weaver,independent,2.057517754,
11/8/1892,Maine,ME,Bidwell,independent,2.632867043,
11/8/1892,Maine,ME,Other,independent,0.003434921,
11/8/1892,Maryland,MD,Cleveland,democrat,53.38928613,
11/8/1892,Maryland,MD,Harrison,republican,43.48188958,
11/8/1892,Maryland,MD,Weaver,independent,0.373227054,
11/8/1892,Maryland,MD,Bidwell,independent,2.755597234,
11/8/1892,Maryland,MD,Other,independent,0,
11/8/1892,Massachusetts,MA,Cleveland,democrat,45.21747803,
11/8/1892,Massachusetts,MA,Harrison,republican,51.86687398,
11/8/1892,Massachusetts,MA,Weaver,independent,0.82091308,
11/8/1892,Massachusetts,MA,Bidwell,independent,1.927994926,
11/8/1892,Massachusetts,MA,Other,independent,0.166739978,
11/8/1892,Michigan,MI,Cleveland,democrat,43.26277505,5
11/8/1892,Michigan,MI,Harrison,republican,47.7868017,9
11/8/1892,Michigan,MI,Weaver,independent,4.276625648,
11/8/1892,Michigan,MI,Bidwell,independent,4.475318907,
11/8/1892,Michigan,MI,Other,independent,0.198478688,
11/8/1892,Minnesota,MN,Cleveland,democrat,37.76409044,
11/8/1892,Minnesota,MN,Harrison,republican,45.96015537,
11/8/1892,Minnesota,MN,Weaver,independent,10.96887419,
11/8/1892,Minnesota,MN,Bidwell,independent,5.30688001,
11/8/1892,Minnesota,MN,Other,independent,0,
11/8/1892,Mississippi,MS,Cleveland,democrat,76.22003465,
11/8/1892,Mississippi,MS,Harrison,republican,2.661893791,
11/8/1892,Mississippi,MS,Weaver,independent,19.26540871,
11/8/1892,Mississippi,MS,Bidwell,independent,1.852662846,
11/8/1892,Mississippi,MS,Other,independent,0,
11/8/1892,Missouri,MO,Cleveland,democrat,49.5584241,
11/8/1892,Missouri,MO,Harrison,republican,42.0334464,
11/8/1892,Missouri,MO,Weaver,independent,7.608067461,
11/8/1892,Missouri,MO,Bidwell,independent,0.80006204,
11/8/1892,Missouri,MO,Other,independent,0,
11/8/1892,Montana,MT,Cleveland,democrat,39.78767909,
11/8/1892,Montana,MT,Harrison,republican,42.44393963,
11/8/1892,Montana,MT,Weaver,independent,16.50435213,
11/8/1892,Montana,MT,Bidwell,independent,1.264029149,
11/8/1892,Montana,MT,Other,independent,0,
11/8/1892,Nebraska,NE,Cleveland,democrat,12.45953884,
11/8/1892,Nebraska,NE,Harrison,republican,43.56467791,
11/8/1892,Nebraska,NE,Weaver,independent,41.52713395,
11/8/1892,Nebraska,NE,Bidwell,independent,2.448649297,
11/8/1892,Nebraska,NE,Other,independent,0,
11/8/1892,Nevada,NV,Cleveland,democrat,6.563706564,
11/8/1892,Nevada,NV,Harrison,republican,25.84114727,
11/8/1892,Nevada,NV,Weaver,independent,66.77698106,
11/8/1892,Nevada,NV,Bidwell,independent,0.818165104,
11/8/1892,Nevada,NV,Other,independent,0,
11/8/1892,New Hampshire,NH,Cleveland,democrat,47.1078821,
11/8/1892,New Hampshire,NH,Harrison,republican,51.11218081,
11/8/1892,New Hampshire,NH,Weaver,independent,0.328000985,
11/8/1892,New Hampshire,NH,Bidwell,independent,1.451936101,
11/8/1892,New Hampshire,NH,Other,independent,0,
11/8/1892,New Jersey,NJ,Cleveland,democrat,50.66775664,
11/8/1892,New Jersey,NJ,Harrison,republican,46.23529795,
11/8/1892,New Jersey,NJ,Weaver,independent,0.291745527,
11/8/1892,New Jersey,NJ,Bidwell,independent,2.409196056,
11/8/1892,New Jersey,NJ,Other,independent,0.396003827,
11/8/1892,New York,NY,Cleveland,democrat,48.98798842,
11/8/1892,New York,NY,Harrison,republican,45.58297358,
11/8/1892,New York,NY,Weaver,independent,1.228986088,
11/8/1892,New York,NY,Bidwell,independent,2.856837222,
11/8/1892,New York,NY,Other,independent,1.343214694,
11/8/1892,North Carolina,NC,Cleveland,democrat,47.43675741,
11/8/1892,North Carolina,NC,Harrison,republican,35.8033325,
11/8/1892,North Carolina,NC,Weaver,independent,15.81903165,
11/8/1892,North Carolina,NC,Bidwell,independent,0.940878439,
11/8/1892,North Carolina,NC,Other,independent,0,
11/8/1892,North Dakota,ND,Cleveland,democrat,0,1
11/8/1892,North Dakota,ND,Harrison,republican,48.5049006,1
11/8/1892,North Dakota,ND,Weaver,independent,49.00603577,1
11/8/1892,North Dakota,ND,Bidwell,independent,2.489063625,
11/8/1892,North Dakota,ND,Other,independent,0,
11/8/1892,Ohio,OH,Cleveland,democrat,47.53376995,1
11/8/1892,Ohio,OH,Harrison,republican,47.65986327,22
11/8/1892,Ohio,OH,Weaver,independent,1.746721809,
11/8/1892,Ohio,OH,Bidwell,independent,3.059644963,
11/8/1892,Ohio,OH,Other,independent,0,
11/8/1892,Oregon,OR,Cleveland,democrat,18.14602948,
11/8/1892,Oregon,OR,Harrison,republican,44.59364768,3
11/8/1892,Oregon,OR,Weaver,independent,34.35425718,1
11/8/1892,Oregon,OR,Bidwell,independent,2.906065664,
11/8/1892,Oregon,OR,Other,independent,0,
11/8/1892,Pennsylvania,PA,Cleveland,democrat,45.09067706,
11/8/1892,Pennsylvania,PA,Harrison,republican,51.4462468,
11/8/1892,Pennsylvania,PA,Weaver,independent,0.868784957,
11/8/1892,Pennsylvania,PA,Bidwell,independent,2.50476067,
11/8/1892,Pennsylvania,PA,Other,independent,0.089530513,
11/8/1892,Rhode Island,RI,Cleveland,democrat,45.74780059,
11/8/1892,Rhode Island,RI,Harrison,republican,50.7086999,
11/8/1892,Rhode Island,RI,Weaver,independent,0.428603654,
11/8/1892,Rhode Island,RI,Bidwell,independent,3.109256335,
11/8/1892,Rhode Island,RI,Other,independent,0.005639522,
11/8/1892,South Carolina,SC,Cleveland,democrat,77.55588335,
11/8/1892,South Carolina,SC,Harrison,republican,18.92800408,
11/8/1892,South Carolina,SC,Weaver,independent,3.413990696,
11/8/1892,South Carolina,SC,Bidwell,independent,0,
11/8/1892,South Carolina,SC,Other,independent,0.102121865,
11/8/1892,South Dakota,SD,Cleveland,democrat,12.87847631,
11/8/1892,South Dakota,SD,Harrison,republican,49.47740133,
11/8/1892,South Dakota,SD,Weaver,independent,37.64412236,
11/8/1892,South Dakota,SD,Bidwell,independent,0,
11/8/1892,South Dakota,SD,Other,independent,0,
11/8/1892,Tennessee,TN,Cleveland,democrat,51.35550103,
11/8/1892,Tennessee,TN,Harrison,republican,37.83398311,
11/8/1892,Tennessee,TN,Weaver,independent,9.000797796,
11/8/1892,Tennessee,TN,Bidwell,independent,1.809718062,
11/8/1892,Tennessee,TN,Other,independent,0,
11/8/1892,Texas,TX,Cleveland,democrat,56.6506769,
11/8/1892,Texas,TX,Harrison,republican,19.22183136,
11/8/1892,Texas,TX,Weaver,independent,23.61463478,
11/8/1892,Texas,TX,Bidwell,independent,0.512856957,
11/8/1892,Texas,TX,Other,independent,0,
11/8/1892,Vermont,VT,Cleveland,democrat,29.25836978,
11/8/1892,Vermont,VT,Harrison,republican,68.09090257,
11/8/1892,Vermont,VT,Weaver,independent,0.0788587,
11/8/1892,Vermont,VT,Bidwell,independent,2.552154276,
11/8/1892,Vermont,VT,Other,independent,0.019714675,
11/8/1892,Virginia,VA,Cleveland,democrat,56.16518044,
11/8/1892,Virginia,VA,Harrison,republican,38.7006481,
11/8/1892,Virginia,VA,Weaver,independent,4.200343556,
11/8/1892,Virginia,VA,Bidwell,independent,0.933827907,
11/8/1892,Virginia,VA,Other,independent,0,
11/8/1892,Washington,WA,Cleveland,democrat,33.87784333,
11/8/1892,Washington,WA,Harrison,republican,41.44641862,
11/8/1892,Washington,WA,Weaver,independent,21.78608373,
11/8/1892,Washington,WA,Bidwell,independent,2.88965431,
11/8/1892,Washington,WA,Other,independent,0,
11/8/1892,West Virginia,WV,Cleveland,democrat,49.37309664,
11/8/1892,West Virginia,WV,Harrison,republican,46.9327036,
11/8/1892,West Virginia,WV,Weaver,independent,2.435716833,
11/8/1892,West Virginia,WV,Bidwell,independent,1.258482923,
11/8/1892,West Virginia,WV,Other,independent,0,
11/8/1892,Wisconsin,WI,Cleveland,democrat,47.72176188,
11/8/1892,Wisconsin,WI,Harrison,republican,46.04675697,
11/8/1892,Wisconsin,WI,Weaver,independent,2.69631655,
11/8/1892,Wisconsin,WI,Bidwell,independent,3.535164607,
11/8/1892,Wisconsin,WI,Other,independent,0,
11/8/1892,Wyoming,WY,Cleveland,democrat,0,
11/8/1892,Wyoming,WY,Harrison,republican,50.51688079,
11/8/1892,Wyoming,WY,Weaver,independent,46.14281446,
11/8/1892,Wyoming,WY,Bidwell,independent,3.167015238,
11/8/1892,Wyoming,WY,Other,independent,0.173289513,
11/8/1892,National Popular Vote,NPV,Harrison,republican,43.01282223,
11/8/1892,National Popular Vote,NPV,Cleveland,democrat,46.02159077,
11/8/1892,National Popular Vote,NPV,Weaver,independent,8.506734365,
11/8/1892,National Popular Vote,NPV,Bidwell,independent,2.24468341,
11/3/1896,Alabama,AL,McKinley,republican,28.611882,
11/3/1896,Alabama,AL,Bryan,democrat,66.96371672,
11/3/1896,Alabama,AL,Other,independent,4.424401275,
11/3/1896,Arkansas,AR,McKinley,republican,25.11734417,
11/3/1896,Arkansas,AR,Bryan,democrat,73.72294053,
11/3/1896,Arkansas,AR,Other,independent,1.159715294,
11/3/1896,California,CA,McKinley,republican,49.1550471,8
11/3/1896,California,CA,Bryan,democrat,48.51098623,1
11/3/1896,California,CA,Other,independent,2.333966671,
11/3/1896,Colorado,CO,McKinley,republican,13.86047199,
11/3/1896,Colorado,CO,Bryan,democrat,84.94557848,
11/3/1896,Colorado,CO,Other,independent,1.19394953,
11/3/1896,Connecticut,CT,McKinley,republican,63.2404381,
11/3/1896,Connecticut,CT,Bryan,democrat,32.53626928,
11/3/1896,Connecticut,CT,Other,independent,4.22329262,
11/3/1896,Delaware,DE,McKinley,republican,53.17765758,
11/3/1896,Delaware,DE,Bryan,democrat,43.0986062,
11/3/1896,Delaware,DE,Other,independent,3.723736218,
11/3/1896,Florida,FL,McKinley,republican,24.30304595,
11/3/1896,Florida,FL,Bryan,democrat,70.46119429,
11/3/1896,Florida,FL,Other,independent,5.235759766,
11/3/1896,Georgia,GA,McKinley,republican,36.55526834,
11/3/1896,Georgia,GA,Bryan,democrat,57.78249631,
11/3/1896,Georgia,GA,Other,independent,5.662235352,
11/3/1896,Idaho,ID,McKinley,republican,21.31595827,
11/3/1896,Idaho,ID,Bryan,democrat,78.10337261,
11/3/1896,Idaho,ID,Other,independent,0.58066912,
11/3/1896,Illinois,IL,McKinley,republican,55.65562868,
11/3/1896,Illinois,IL,Bryan,democrat,42.68276026,
11/3/1896,Illinois,IL,Other,independent,1.661611064,
11/3/1896,Indiana,IN,McKinley,republican,50.8153108,
11/3/1896,Indiana,IN,Bryan,democrat,47.96168377,
11/3/1896,Indiana,IN,Other,independent,1.223005435,
11/3/1896,Iowa,IA,McKinley,republican,55.46825118,
11/3/1896,Iowa,IA,Bryan,democrat,42.8994894,
11/3/1896,Iowa,IA,Other,independent,1.632259413,
11/3/1896,Kansas,KS,McKinley,republican,47.63007888,
11/3/1896,Kansas,KS,Bryan,democrat,51.31565968,
11/3/1896,Kansas,KS,Other,independent,1.054261434,
11/3/1896,Kentucky,KY,McKinley,republican,48.92516281,12
11/3/1896,Kentucky,KY,Bryan,democrat,48.86304516,1
11/3/1896,Kentucky,KY,Other,independent,2.211792038,
11/3/1896,Louisiana,LA,McKinley,republican,21.80887912,
11/3/1896,Louisiana,LA,Bryan,democrat,76.37610593,
11/3/1896,Louisiana,LA,Other,independent,1.815014944,
11/3/1896,Maine,ME,McKinley,republican,67.89704355,
11/3/1896,Maine,ME,Bryan,democrat,29.20730626,
11/3/1896,Maine,ME,Other,independent,2.895650191,
11/3/1896,Maryland,MD,McKinley,republican,54.72908983,
11/3/1896,Maryland,MD,Bryan,democrat,41.61854793,
11/3/1896,Maryland,MD,Other,independent,3.652362247,
11/3/1896,Massachusetts,MA,McKinley,republican,69.47167105,
11/3/1896,Massachusetts,MA,Bryan,democrat,26.32455773,
11/3/1896,Massachusetts,MA,Other,independent,4.203771217,
11/3/1896,Michigan,MI,McKinley,republican,53.76540777,
11/3/1896,Michigan,MI,Bryan,democrat,43.47003675,
11/3/1896,Michigan,MI,Other,independent,2.764555477,
11/3/1896,Minnesota,MN,McKinley,republican,56.61922625,
11/3/1896,Minnesota,MN,Bryan,democrat,40.88664041,
11/3/1896,Minnesota,MN,Other,independent,2.494133344,
11/3/1896,Mississippi,MS,McKinley,republican,6.924746016,
11/3/1896,Mississippi,MS,Bryan,democrat,91.03907114,
11/3/1896,Mississippi,MS,Other,independent,2.03618284,
11/3/1896,Missouri,MO,McKinley,republican,45.24963422,
11/3/1896,Missouri,MO,Bryan,democrat,53.96405433,
11/3/1896,Missouri,MO,Other,independent,0.786311444,
11/3/1896,Montana,MT,McKinley,republican,19.7056066,
11/3/1896,Montana,MT,Bryan,democrat,79.93249578,
11/3/1896,Montana,MT,Other,independent,0.361897619,
11/3/1896,Nebraska,NE,McKinley,republican,46.17935138,
11/3/1896,Nebraska,NE,Bryan,democrat,51.53058938,
11/3/1896,Nebraska,NE,Other,independent,2.290059234,
11/3/1896,Nevada,NV,McKinley,republican,18.78999418,
11/3/1896,Nevada,NV,Bryan,democrat,81.21000582,
11/3/1896,Nevada,NV,Other,independent,0,
11/3/1896,New Hampshire,NH,McKinley,republican,68.65543205,
11/3/1896,New Hampshire,NH,Bryan,democrat,25.87546313,
11/3/1896,New Hampshire,NH,Other,independent,5.469104817,
11/3/1896,New Jersey,NJ,McKinley,republican,59.67899658,
11/3/1896,New Jersey,NJ,Bryan,democrat,36.0159047,
11/3/1896,New Jersey,NJ,Other,independent,4.305098717,
11/3/1896,New York,NY,McKinley,republican,57.57790706,
11/3/1896,New York,NY,Bryan,democrat,38.7231051,
11/3/1896,New York,NY,Other,independent,3.698987833,
11/3/1896,North Carolina,NC,McKinley,republican,46.81698693,
11/3/1896,North Carolina,NC,Bryan,democrat,52.63764687,
11/3/1896,North Carolina,NC,Other,independent,0.545366198,
11/3/1896,North Dakota,ND,McKinley,republican,55.56962292,
11/3/1896,North Dakota,ND,Bryan,democrat,43.64963812,
11/3/1896,North Dakota,ND,Other,independent,0.780738959,
11/3/1896,Ohio,OH,McKinley,republican,51.85779285,
11/3/1896,Ohio,OH,Bryan,democrat,47.07673803,
11/3/1896,Ohio,OH,Other,independent,1.065469119,
11/3/1896,Oregon,OR,McKinley,republican,50.07391135,
11/3/1896,Oregon,OR,Bryan,democrat,47.9797565,
11/3/1896,Oregon,OR,Other,independent,1.946332149,
11/3/1896,Pennsylvania,PA,McKinley,republican,60.97851979,
11/3/1896,Pennsylvania,PA,Bryan,democrat,36.27296742,
11/3/1896,Pennsylvania,PA,Other,independent,2.748512796,
11/3/1896,Rhode Island,RI,McKinley,republican,68.3343981,
11/3/1896,Rhode Island,RI,Bryan,democrat,26.39226066,
11/3/1896,Rhode Island,RI,Other,independent,5.273341243,
11/3/1896,South Carolina,SC,McKinley,republican,13.50924019,
11/3/1896,South Carolina,SC,Bryan,democrat,85.2954829,
11/3/1896,South Carolina,SC,Other,independent,1.195276915,
11/3/1896,South Dakota,SD,McKinley,republican,49.47799879,
11/3/1896,South Dakota,SD,Bryan,democrat,49.69861362,
11/3/1896,South Dakota,SD,Other,independent,0.823387583,
11/3/1896,Tennessee,TN,McKinley,republican,46.33269243,
11/3/1896,Tennessee,TN,Bryan,democrat,52.09300007,
11/3/1896,Tennessee,TN,Other,independent,1.574307501,
11/3/1896,Texas,TX,McKinley,republican,30.74968887,
11/3/1896,Texas,TX,Bryan,democrat,67.99624073,
11/3/1896,Texas,TX,Other,independent,1.254070406,
11/3/1896,Utah,UT,McKinley,republican,17.26980632,
11/3/1896,Utah,UT,Bryan,democrat,82.70331161,
11/3/1896,Utah,UT,Other,independent,0.026882065,
11/3/1896,Vermont,VT,McKinley,republican,80.07737247,
11/3/1896,Vermont,VT,Bryan,democrat,16.66483938,
11/3/1896,Vermont,VT,Other,independent,3.25778815,
11/3/1896,Virginia,VA,McKinley,republican,45.9419562,
11/3/1896,Virginia,VA,Bryan,democrat,52.50140834,
11/3/1896,Virginia,VA,Other,independent,1.556635468,
11/3/1896,Washington,WA,McKinley,republican,41.83772694,
11/3/1896,Washington,WA,Bryan,democrat,56.96974878,
11/3/1896,Washington,WA,Other,independent,1.192524283,
11/3/1896,West Virginia,WV,McKinley,republican,52.23065371,
11/3/1896,West Virginia,WV,Bryan,democrat,46.82861066,
11/3/1896,West Virginia,WV,Other,independent,0.940735637,
11/3/1896,Wisconsin,WI,McKinley,republican,59.93062276,
11/3/1896,Wisconsin,WI,Bryan,democrat,36.99590308,
11/3/1896,Wisconsin,WI,Other,independent,3.073474159,
11/3/1896,Wyoming,WY,McKinley,republican,47.75270245,
11/3/1896,Wyoming,WY,Bryan,democrat,51.49345723,
11/3/1896,Wyoming,WY,Other,independent,0.753840319,
11/3/1896,National Popular Vote,NPV,McKinley,republican,51.02449487,
11/3/1896,National Popular Vote,NPV,Bryan,democrat,46.71037575,
