date,region,state_po,candidate,party,voteshare,candidatevotes,totalvotes,ev,version
11/06/1900,Alabama,AL,McKinley,republican,34.82453723,,,,
11/06/1900,Alabama,AL,Bryan,democrat,60.82270871,,,,
11/06/1900,Alabama,AL,Other,independent,4.352754052,,,,
11/06/1900,Arkansas,AR,McKinley,republican,35.03667902,,,,
11/06/1900,Arkansas,AR,Bryan,democrat,63.45862074,,,,
11/06/1900,Arkansas,AR,Other,independent,1.504700233,,,,
11/06/1900,California,CA,McKinley,republican,54.37386965,,,,
11/06/1900,California,CA,Bryan,democrat,41.24863038,,,,
11/06/1900,California,CA,Other,independent,4.377499967,,,,
11/06/1900,Colorado,CO,McKinley,republican,42.03642145,,,,
11/06/1900,Colorado,CO,Bryan,democrat,55.43295635,,,,
11/06/1900,Colorado,CO,Other,independent,2.5306222,,,,
11/06/1900,Connecticut,CT,McKinley,republican,56.9227781,,,,
11/06/1900,Connecticut,CT,Bryan,democrat,41.07439163,,,,
11/06/1900,Connecticut,CT,Other,independent,2.002830267,,,,
11/06/1900,Delaware,DE,McKinley,republican,53.66881802,,,,
11/06/1900,Delaware,DE,Bryan,democrat,44.89747315,,,,
11/06/1900,Delaware,DE,Other,independent,1.433708829,,,,
11/06/1900,Florida,FL,McKinley,republican,18.5502787,,,,
11/06/1900,Florida,FL,Bryan,democrat,71.30822972,,,,
11/06/1900,Florida,FL,Other,independent,10.14149159,,,,
11/06/1900,Georgia,GA,McKinley,republican,28.21843341,,,,
11/06/1900,Georgia,GA,Bryan,democrat,66.86434396,,,,
11/06/1900,Georgia,GA,Other,independent,4.917222634,,,,
11/06/1900,Idaho,ID,McKinley,republican,46.96273785,,,,
11/06/1900,Idaho,ID,Bryan,democrat,50.78910108,,,,
11/06/1900,Idaho,ID,Other,independent,2.248161066,,,,
11/06/1900,Illinois,IL,McKinley,republican,52.83033704,,,,
11/06/1900,Illinois,IL,Bryan,democrat,44.44406161,,,,
11/06/1900,Illinois,IL,Other,independent,2.725601358,,,,
11/06/1900,Indiana,IN,McKinley,republican,50.60473367,,,,
11/06/1900,Indiana,IN,Bryan,democrat,46.61749692,,,,
11/06/1900,Indiana,IN,Other,independent,2.777769412,,,,
11/06/1900,Iowa,IA,McKinley,republican,58.03810655,,,,
11/06/1900,Iowa,IA,Bryan,democrat,39.45753316,,,,
11/06/1900,Iowa,IA,Other,independent,2.504360287,,,,
11/06/1900,Kansas,KS,McKinley,republican,52.56440698,,,,
11/06/1900,Kansas,KS,Bryan,democrat,45.96286811,,,,
11/06/1900,Kansas,KS,Other,independent,1.472724909,,,,
11/06/1900,Kentucky,KY,McKinley,republican,48.50501319,,,,
11/06/1900,Kentucky,KY,Bryan,democrat,50.21216619,,,,
11/06/1900,Kentucky,KY,Other,independent,1.282820625,,,,
11/06/1900,Louisiana,LA,McKinley,republican,20.9613289,,,,
11/06/1900,Louisiana,LA,Bryan,democrat,79.03278061,,,,
11/06/1900,Louisiana,LA,Other,independent,0.005890496,,,,
11/06/1900,Maine,ME,McKinley,republican,61.88867759,,,,
11/06/1900,Maine,ME,Bryan,democrat,34.83863643,,,,
11/06/1900,Maine,ME,Other,independent,3.272685987,,,,
11/06/1900,Maryland,MD,McKinley,republican,51.50056347,,,,
11/06/1900,Maryland,MD,Bryan,democrat,46.22627953,,,,
11/06/1900,Maryland,MD,Other,independent,2.273157007,,,,
11/06/1900,Massachusetts,MA,McKinley,republican,57.58526919,,,,
11/06/1900,Massachusetts,MA,Bryan,democrat,37.84847784,,,,
11/06/1900,Massachusetts,MA,Other,independent,4.566252977,,,,
11/06/1900,Michigan,MI,McKinley,republican,58.09720801,,,,
11/06/1900,Michigan,MI,Bryan,democrat,38.88559257,,,,
11/06/1900,Michigan,MI,Other,independent,3.017199414,,,,
11/06/1900,Minnesota,MN,McKinley,republican,60.21320789,,,,
11/06/1900,Minnesota,MN,Bryan,democrat,35.69303628,,,,
11/06/1900,Minnesota,MN,Other,independent,4.093755829,,,,
11/06/1900,Mississippi,MS,McKinley,republican,9.663872661,,,,
11/06/1900,Mississippi,MS,Bryan,democrat,87.55566844,,,,
11/06/1900,Mississippi,MS,Other,independent,2.780458894,,,,
11/06/1900,Missouri,MO,McKinley,republican,45.94298887,,,,
11/06/1900,Missouri,MO,Bryan,democrat,51.47647355,,,,
11/06/1900,Missouri,MO,Other,independent,2.58053758,,,,
11/06/1900,Montana,MT,McKinley,republican,39.79109246,,,,
11/06/1900,Montana,MT,Bryan,democrat,58.42990479,,,,
11/06/1900,Montana,MT,Other,independent,1.779002756,,,,
11/06/1900,Nebraska,NE,McKinley,republican,50.46390258,,,,
11/06/1900,Nebraska,NE,Bryan,democrat,47.22404009,,,,
11/06/1900,Nebraska,NE,Other,independent,2.312057325,,,,
11/06/1900,Nevada,NV,McKinley,republican,37.75009808,,,,
11/06/1900,Nevada,NV,Bryan,democrat,62.24990192,,,,
11/06/1900,Nevada,NV,Other,independent,0,,,,
11/06/1900,New Hampshire,NH,McKinley,republican,59.3293924,,,,
11/06/1900,New Hampshire,NH,Bryan,democrat,38.42297865,,,,
11/06/1900,New Hampshire,NH,Other,independent,2.247628946,,,,
11/06/1900,New Jersey,NJ,McKinley,republican,55.27185536,,,,
11/06/1900,New Jersey,NJ,Bryan,democrat,41.09584602,,,,
11/06/1900,New Jersey,NJ,Other,independent,3.63229862,,,,
11/06/1900,New York,NY,McKinley,republican,53.10017428,,,,
11/06/1900,New York,NY,Bryan,democrat,43.82710547,,,,
11/06/1900,New York,NY,Other,independent,3.072720249,,,,
11/06/1900,North Carolina,NC,McKinley,republican,45.46626191,,,,
11/06/1900,North Carolina,NC,Bryan,democrat,53.92249366,,,,
11/06/1900,North Carolina,NC,Other,independent,0.611244436,,,,
11/06/1900,North Dakota,ND,McKinley,republican,62.11693862,,,,
11/06/1900,North Dakota,ND,Bryan,democrat,35.52629302,,,,
11/06/1900,North Dakota,ND,Other,independent,2.356768355,,,,
11/06/1900,Ohio,OH,McKinley,republican,52.29613691,,,,
11/06/1900,Ohio,OH,Bryan,democrat,45.65852589,,,,
11/06/1900,Ohio,OH,Other,independent,2.045337202,,,,
11/06/1900,Oregon,OR,McKinley,republican,55.46119566,,,,
11/06/1900,Oregon,OR,Bryan,democrat,39.41093801,,,,
11/06/1900,Oregon,OR,Other,independent,5.127866332,,,,
11/06/1900,Pennsylvania,PA,McKinley,republican,60.74487943,,,,
11/06/1900,Pennsylvania,PA,Bryan,democrat,36.15993727,,,,
11/06/1900,Pennsylvania,PA,Other,independent,3.095183301,,,,
11/06/1900,Rhode Island,RI,McKinley,republican,59.74393436,,,,
11/06/1900,Rhode Island,RI,Bryan,democrat,35.03572186,,,,
11/06/1900,Rhode Island,RI,Other,independent,5.220343779,,,,
11/06/1900,South Carolina,SC,McKinley,republican,7.043611745,,,,
11/06/1900,South Carolina,SC,Bryan,democrat,92.95638825,,,,
11/06/1900,South Carolina,SC,Other,independent,0,,,,
11/06/1900,South Dakota,SD,McKinley,republican,56.72880862,,,,
11/06/1900,South Dakota,SD,Bryan,democrat,41.1385294,,,,
11/06/1900,South Dakota,SD,Other,independent,2.132661978,,,,
11/06/1900,Tennessee,TN,McKinley,republican,44.95289564,,,,
11/06/1900,Tennessee,TN,Bryan,democrat,53.03439714,,,,
11/06/1900,Tennessee,TN,Other,independent,2.012707223,,,,
11/06/1900,Texas,TX,McKinley,republican,30.83293605,,,,
11/06/1900,Texas,TX,Bryan,democrat,63.11735024,,,,
11/06/1900,Texas,TX,Other,independent,6.049713717,,,,
11/06/1900,Utah,UT,McKinley,republican,50.58429643,,,,
11/06/1900,Utah,UT,Bryan,democrat,48.29539967,,,,
11/06/1900,Utah,UT,Other,independent,1.120303899,,,,
11/06/1900,Vermont,VT,McKinley,republican,75.72938163,,,,
11/06/1900,Vermont,VT,Bryan,democrat,22.85810859,,,,
11/06/1900,Vermont,VT,Other,independent,1.412509784,,,,
11/06/1900,Virginia,VA,McKinley,republican,43.81737116,,,,
11/06/1900,Virginia,VA,Bryan,democrat,55.28939321,,,,
11/06/1900,Virginia,VA,Other,independent,0.893235633,,,,
11/06/1900,Washington,WA,McKinley,republican,53.43551207,,,,
11/06/1900,Washington,WA,Bryan,democrat,41.69580745,,,,
11/06/1900,Washington,WA,Other,independent,4.868680481,,,,
11/06/1900,West Virginia,WV,McKinley,republican,54.27136361,,,,
11/06/1900,West Virginia,WV,Bryan,democrat,44.7503578,,,,
11/06/1900,West Virginia,WV,Other,independent,0.978278592,,,,
11/06/1900,Wisconsin,WI,McKinley,republican,60.05862134,,,,
11/06/1900,Wisconsin,WI,Bryan,democrat,35.96895826,,,,
11/06/1900,Wisconsin,WI,Other,independent,3.972420401,,,,
11/06/1900,Wyoming,WY,McKinley,republican,58.66245392,,,,
11/06/1900,Wyoming,WY,Bryan,democrat,41.17146676,,,,
11/06/1900,Wyoming,WY,Other,independent,0.166079313,,,,
11/06/1900,National Popular Vote,NPV,McKinley,republican,51.6630587,,,,
11/06/1900,National Popular Vote,NPV,Bryan,democrat,45.5068643,,,,
11/08/1904,Alabama,AL,Roosevelt,republican,20.64587257,,,,
11/08/1904,Alabama,AL,Parker,democrat,73.36763287,,,,
11/08/1904,Alabama,AL,Debs,independent,0.783683219,,,,
11/08/1904,Alabama,AL,Other,independent,5.202811337,,,,
11/08/1904,Arkansas,AR,Roosevelt,republican,40.25047028,,,,
11/08/1904,Arkansas,AR,Parker,democrat,55.34568506,,,,
11/08/1904,Arkansas,AR,Debs,independent,1.55985604,,,,
11/08/1904,Arkansas,AR,Other,independent,2.843988627,,,,
11/08/1904,California,CA,Roosevelt,republican,61.83778376,,,,
11/08/1904,California,CA,Parker,democrat,26.93881487,,,,
11/08/1904,California,CA,Debs,independent,8.899354582,,,,
11/08/1904,California,CA,Other,independent,2.324046788,,,,
11/08/1904,Colorado,CO,Roosevelt,republican,55.26435668,,,,
11/08/1904,Colorado,CO,Parker,democrat,41.08270714,,,,
11/08/1904,Colorado,CO,Debs,independent,1.766345053,,,,
11/08/1904,Colorado,CO,Other,independent,1.886591126,,,,
11/08/1904,Connecticut,CN,Roosevelt,republican,58.12282868,,,,
11/08/1904,Connecticut,CN,Parker,democrat,38.14668704,,,,
11/08/1904,Connecticut,CN,Debs,independent,2.376941108,,,,
11/08/1904,Connecticut,CN,Other,independent,1.353543175,,,,
11/08/1904,Delaware,DE,Roosevelt,republican,54.05189712,,,,
11/08/1904,Delaware,DE,Parker,democrat,44.11483035,,,,
11/08/1904,Delaware,DE,Debs,independent,0.332907698,,,,
11/08/1904,Delaware,DE,Other,independent,1.50036483,,,,
11/08/1904,Florida,FL,Roosevelt,republican,21.15037269,,,,
11/08/1904,Florida,FL,Parker,democrat,68.80358188,,,,
11/08/1904,Florida,FL,Debs,independent,5.945203389,,,,
11/08/1904,Florida,FL,Other,independent,4.100842046,,,,
11/08/1904,Georgia,GA,Roosevelt,republican,18.32562259,,,,
11/08/1904,Georgia,GA,Parker,democrat,63.72131373,,,,
11/08/1904,Georgia,GA,Debs,independent,0.149634312,,,,
11/08/1904,Georgia,GA,Other,independent,17.80342937,,,,
11/08/1904,Idaho,ID,Roosevelt,republican,65.83675494,,,,
11/08/1904,Idaho,ID,Parker,democrat,25.46226129,,,,
11/08/1904,Idaho,ID,Debs,independent,6.818870732,,,,
11/08/1904,Idaho,ID,Other,independent,1.882113037,,,,
11/08/1904,Illinois,IL,Roosevelt,republican,58.76874944,,,,
11/08/1904,Illinois,IL,Parker,democrat,30.43254104,,,,
11/08/1904,Illinois,IL,Debs,independent,6.43056798,,,,
11/08/1904,Illinois,IL,Other,independent,4.36814154,,,,
11/08/1904,Indiana,IN,Roosevelt,republican,53.98667517,,,,
11/08/1904,Indiana,IN,Parker,democrat,40.21563066,,,,
11/08/1904,Indiana,IN,Debs,independent,1.760959271,,,,
11/08/1904,Indiana,IN,Other,independent,4.036734903,,,,
11/08/1904,Iowa,IA,Roosevelt,republican,63.39486477,,,,
11/08/1904,Iowa,IA,Parker,democrat,30.70934986,,,,
11/08/1904,Iowa,IA,Debs,independent,3.05476524,,,,
11/08/1904,Iowa,IA,Other,independent,2.841020134,,,,
11/08/1904,Kansas,KS,Roosevelt,republican,64.81444846,,,,
11/08/1904,Kansas,KS,Parker,democrat,26.22770201,,,,
11/08/1904,Kansas,KS,Debs,independent,4.829848947,,,,
11/08/1904,Kansas,KS,Other,independent,4.128000584,,,,
11/08/1904,Kentucky,KY,Roosevelt,republican,47.12900222,,,,
11/08/1904,Kentucky,KY,Parker,democrat,49.81580287,,,,
11/08/1904,Kentucky,KY,Debs,independent,0.825560964,,,,
11/08/1904,Kentucky,KY,Other,independent,2.229633945,,,,
11/08/1904,Louisiana,LA,Roosevelt,republican,9.655338725,,,,
11/08/1904,Louisiana,LA,Parker,democrat,88.49892409,,,,
11/08/1904,Louisiana,LA,Debs,independent,1.845737182,,,,
11/08/1904,Louisiana,LA,Other,independent,0,,,,
11/08/1904,Maine,ME,Roosevelt,republican,67.43967925,,,,
11/08/1904,Maine,ME,Parker,democrat,28.49015182,,,,
11/08/1904,Maine,ME,Debs,independent,2.166496604,,,,
11/08/1904,Maine,ME,Other,independent,1.903672325,,,,
11/08/1904,Maryland,MD,Roosevelt,republican,48.8326666,,,1,
11/08/1904,Maryland,MD,Parker,democrat,48.809922,,,7,
11/08/1904,Maryland,MD,Debs,independent,1.002100531,,,,
11/08/1904,Maryland,MD,Other,independent,1.355310865,,,,
11/08/1904,Massachusetts,MA,Roosevelt,republican,57.92334013,,,,
11/08/1904,Massachusetts,MA,Parker,democrat,37.23717112,,,,
11/08/1904,Massachusetts,MA,Debs,independent,3.056330023,,,,
11/08/1904,Massachusetts,MA,Other,independent,1.783158732,,,,
11/08/1904,Michigan,MI,Roosevelt,republican,69.51204414,,,,
11/08/1904,Michigan,MI,Parker,democrat,25.78762616,,,,
11/08/1904,Michigan,MI,Debs,independent,1.722197144,,,,
11/08/1904,Michigan,MI,Other,independent,2.978132553,,,,
11/08/1904,Minnesota,MN,Roosevelt,republican,73.97766851,,,,
11/08/1904,Minnesota,MN,Parker,democrat,18.84415762,,,,
11/08/1904,Minnesota,MN,Debs,independent,3.992351294,,,,
11/08/1904,Minnesota,MN,Other,independent,3.185822577,,,,
11/08/1904,Mississippi,MS,Roosevelt,republican,5.585735938,,,,
11/08/1904,Mississippi,MS,Parker,democrat,91.07474328,,,,
11/08/1904,Mississippi,MS,Debs,independent,0.786771342,,,,
11/08/1904,Mississippi,MS,Other,independent,2.552749442,,,,
11/08/1904,Missouri,MO,Roosevelt,republican,49.92521678,,,,
11/08/1904,Missouri,MO,Parker,democrat,46.02111325,,,,
11/08/1904,Missouri,MO,Debs,independent,2.020467151,,,,
11/08/1904,Missouri,MO,Other,independent,2.033202819,,,,
11/08/1904,Montana,MT,Roosevelt,republican,54.20520142,,,,
11/08/1904,Montana,MT,Parker,democrat,33.78592266,,,,
11/08/1904,Montana,MT,Debs,independent,8.807646949,,,,
11/08/1904,Montana,MT,Other,independent,3.201228974,,,,
11/08/1904,Nebraska,NE,Roosevelt,republican,61.3816384,,,,
11/08/1904,Nebraska,NE,Parker,democrat,23.44417274,,,,
11/08/1904,Nebraska,NE,Debs,independent,3.283539773,,,,
11/08/1904,Nebraska,NE,Other,independent,11.89064909,,,,
11/08/1904,Nevada,NV,Roosevelt,republican,56.65703673,,,,
11/08/1904,Nevada,NV,Parker,democrat,32.86834503,,,,
11/08/1904,Nevada,NV,Debs,independent,7.635163021,,,,
11/08/1904,Nevada,NV,Other,independent,2.839455221,,,,
11/08/1904,New Hampshire,NH,Roosevelt,republican,60.07364603,,,,
11/08/1904,New Hampshire,NH,Parker,democrat,37.79239361,,,,
11/08/1904,New Hampshire,NH,Debs,independent,1.208948437,,,,
11/08/1904,New Hampshire,NH,Other,independent,0.925011923,,,,
11/08/1904,New Jersey,NJ,Roosevelt,republican,56.67915857,,,,
11/08/1904,New Jersey,NJ,Parker,democrat,38.04580774,,,,
11/08/1904,New Jersey,NJ,Debs,independent,2.216406541,,,,
11/08/1904,New Jersey,NJ,Other,independent,3.058627155,,,,
11/08/1904,New York,NY,Roosevelt,republican,53.13072934,,,,
11/08/1904,New York,NY,Parker,democrat,42.2792486,,,,
11/08/1904,New York,NY,Debs,independent,2.27986673,,,,
11/08/1904,New York,NY,Other,independent,2.310155337,,,,
11/08/1904,North Carolina,NC,Roosevelt,republican,39.67028843,,,,
11/08/1904,North Carolina,NC,Parker,democrat,59.71138207,,,,
11/08/1904,North Carolina,NC,Debs,independent,0.059667594,,,,
11/08/1904,North Carolina,NC,Other,independent,0.558661906,,,,
11/08/1904,North Dakota,ND,Roosevelt,republican,75.12069015,,,,
11/08/1904,North Dakota,ND,Parker,democrat,20.38592282,,,,
11/08/1904,North Dakota,ND,Debs,independent,2.869426115,,,,
11/08/1904,North Dakota,ND,Other,independent,1.623960922,,,,
11/08/1904,Ohio,OH,Roosevelt,republican,59.74703129,,,,
11/08/1904,Ohio,OH,Parker,democrat,34.31664697,,,,
11/08/1904,Ohio,OH,Debs,independent,3.610140652,,,,
11/08/1904,Ohio,OH,Other,independent,2.326181086,,,,
11/08/1904,Oregon,OR,Roosevelt,republican,67.05747942,,,,
11/08/1904,Oregon,OR,Parker,democrat,19.43452315,,,,
11/08/1904,Oregon,OR,Debs,independent,8.451094793,,,,
11/08/1904,Oregon,OR,Other,independent,5.056902633,,,,
11/08/1904,Pennsylvania,PA,Roosevelt,republican,67.99734463,,,,
11/08/1904,Pennsylvania,PA,Parker,democrat,27.32979823,,,,
11/08/1904,Pennsylvania,PA,Debs,independent,1.767795604,,,,
11/08/1904,Pennsylvania,PA,Other,independent,2.905061541,,,,
11/08/1904,Rhode Island,RI,Roosevelt,republican,60.5992193,,,,
11/08/1904,Rhode Island,RI,Parker,democrat,36.178921,,,,
11/08/1904,Rhode Island,RI,Debs,independent,1.392449313,,,,
11/08/1904,Rhode Island,RI,Other,independent,1.829410394,,,,
11/08/1904,South Carolina,SC,Roosevelt,republican,4.633694982,,,,
11/08/1904,South Carolina,SC,Parker,democrat,95.36449073,,,,
11/08/1904,South Carolina,SC,Debs,independent,0,,,,
11/08/1904,South Carolina,SC,Other,independent,0.001814289,,,,
11/08/1904,South Dakota,SD,Roosevelt,republican,71.09127669,,,,
11/08/1904,South Dakota,SD,Parker,democrat,21.66674885,,,,
11/08/1904,South Dakota,SD,Debs,independent,3.094827161,,,,
11/08/1904,South Dakota,SD,Other,independent,4.147147295,,,,
11/08/1904,Tennessee,TN,Roosevelt,republican,43.40391349,,,,
11/08/1904,Tennessee,TN,Parker,democrat,54.23398558,,,,
11/08/1904,Tennessee,TN,Debs,independent,0.557775489,,,,
11/08/1904,Tennessee,TN,Other,independent,1.804325438,,,,
11/08/1904,Texas,TX,Roosevelt,republican,21.89754196,,,,
11/08/1904,Texas,TX,Parker,democrat,71.4505487,,,,
11/08/1904,Texas,TX,Debs,independent,1.192694267,,,,
11/08/1904,Texas,TX,Other,independent,5.45921507,,,,
11/08/1904,Utah,UT,Roosevelt,republican,61.4190731,,,,
11/08/1904,Utah,UT,Parker,democrat,32.86352191,,,,
11/08/1904,Utah,UT,Debs,independent,5.67216146,,,,
11/08/1904,Utah,UT,Other,independent,0.045243528,,,,
11/08/1904,Vermont,VT,Roosevelt,republican,77.97371261,,,,
11/08/1904,Vermont,VT,Parker,democrat,18.84250694,,,,
11/08/1904,Vermont,VT,Debs,independent,1.655488745,,,,
11/08/1904,Vermont,VT,Other,independent,1.528291705,,,,
11/08/1904,Virginia,VA,Roosevelt,republican,36.94501955,,,,
11/08/1904,Virginia,VA,Parker,democrat,61.8426501,,,,
11/08/1904,Virginia,VA,Debs,independent,0.154896097,,,,
11/08/1904,Virginia,VA,Other,independent,1.057434246,,,,
11/08/1904,Washington,WA,Roosevelt,republican,69.95473679,,,,
11/08/1904,Washington,WA,Parker,democrat,19.35777225,,,,
11/08/1904,Washington,WA,Debs,independent,6.905222837,,,,
11/08/1904,Washington,WA,Other,independent,3.782268121,,,,
11/08/1904,West Virginia,WV,Roosevelt,republican,55.26155692,,,,
11/08/1904,West Virginia,WV,Parker,democrat,42.02536815,,,,
11/08/1904,West Virginia,WV,Debs,independent,0.655454902,,,,
11/08/1904,West Virginia,WV,Other,independent,2.057620028,,,,
11/08/1904,Wisconsin,WI,Roosevelt,republican,63.2135955,,,,
11/08/1904,Wisconsin,WI,Parker,democrat,28.00936314,,,,
11/08/1904,Wisconsin,WI,Debs,independent,6.368378206,,,,
11/08/1904,Wisconsin,WI,Other,independent,2.408663159,,,,
11/08/1904,Wyoming,WY,Roosevelt,republican,66.72202683,,,,
11/08/1904,Wyoming,WY,Parker,democrat,29.08036994,,,,
11/08/1904,Wyoming,WY,Debs,independent,3.490946984,,,,
11/08/1904,Wyoming,WY,Other,independent,0.706656246,,,,
11/08/1904,National Popular Vote,NPV,Roosevelt,republican,56.41500044,,,,
11/08/1904,National Popular Vote,NPV,Parker,democrat,37.59150965,,,,
11/08/1904,National Popular Vote,NPV,Debs,independent,2.978095351,,,,
11/03/1908,Alabama,AL,Taft,republican,24.17946861,,,,
11/03/1908,Alabama,AL,Bryan,democrat,70.87828308,,,,
11/03/1908,Alabama,AL,Debs,independent,1.381847292,,,,
11/03/1908,Alabama,AL,Other,independent,3.560401022,,,,
11/03/1908,Arkansas,AR,Taft,republican,37.29630752,,,,
11/03/1908,Arkansas,AR,Bryan,democrat,57.31382804,,,,
11/03/1908,Arkansas,AR,Debs,independent,3.847927178,,,,
11/03/1908,Arkansas,AR,Other,independent,1.541937269,,,,
11/03/1908,California,CA,Taft,republican,55.45775058,,,,
11/03/1908,California,CA,Bryan,democrat,32.97801069,,,,
11/03/1908,California,CA,Debs,independent,7.413145989,,,,
11/03/1908,California,CA,Other,independent,4.15109274,,,,
11/03/1908,Colorado,CO,Taft,republican,46.87862411,,,,
11/03/1908,Colorado,CO,Bryan,democrat,47.9970287,,,,
11/03/1908,Colorado,CO,Debs,independent,3.016774174,,,,
11/03/1908,Colorado,CO,Other,independent,2.107573013,,,,
11/03/1908,Connecticut,CN,Taft,republican,59.42800903,,,,
11/03/1908,Connecticut,CN,Bryan,democrat,35.923117,,,,
11/03/1908,Connecticut,CN,Debs,independent,2.691010142,,,,
11/03/1908,Connecticut,CN,Other,independent,1.957863823,,,,
11/03/1908,Delaware,DE,Taft,republican,52.10490137,,,,
11/03/1908,Delaware,DE,Bryan,democrat,45.94121691,,,,
11/03/1908,Delaware,DE,Debs,independent,0.497844064,,,,
11/03/1908,Delaware,DE,Other,independent,1.456037661,,,,
11/03/1908,Florida,FL,Taft,republican,21.58427877,,,,
11/03/1908,Florida,FL,Bryan,democrat,63.01458671,,,,
11/03/1908,Florida,FL,Debs,independent,7.591166937,,,,
11/03/1908,Florida,FL,Other,independent,7.809967585,,,,
11/03/1908,Georgia,GA,Taft,republican,31.21037855,,,,
11/03/1908,Georgia,GA,Bryan,democrat,54.60212522,,,,
11/03/1908,Georgia,GA,Debs,independent,0.440741412,,,,
11/03/1908,Georgia,GA,Other,independent,13.74675481,,,,
11/03/1908,Idaho,ID,Taft,republican,54.0850832,,,,
11/03/1908,Idaho,ID,Bryan,democrat,37.16814159,,,,
11/03/1908,Idaho,ID,Debs,independent,6.578068309,,,,
11/03/1908,Idaho,ID,Other,independent,2.168706896,,,,
11/03/1908,Illinois,IL,Taft,republican,54.52757575,,,,
11/03/1908,Illinois,IL,Bryan,democrat,39.02258724,,,,
11/03/1908,Illinois,IL,Debs,independent,3.004620629,,,,
11/03/1908,Illinois,IL,Other,independent,3.445216377,,,,
11/03/1908,Indiana,IN,Taft,republican,48.39556471,,,,
11/03/1908,Indiana,IN,Bryan,democrat,46.90747525,,,,
11/03/1908,Indiana,IN,Debs,independent,1.868744158,,,,
11/03/1908,Indiana,IN,Other,independent,2.828215874,,,,
11/03/1908,Iowa,IA,Taft,republican,55.62373552,,,,
11/03/1908,Iowa,IA,Bryan,democrat,40.57873472,,,,
11/03/1908,Iowa,IA,Debs,independent,1.674923045,,,,
11/03/1908,Iowa,IA,Other,independent,2.122606711,,,,
11/03/1908,Kansas,KS,Taft,republican,52.45859778,,,,
11/03/1908,Kansas,KS,Bryan,democrat,42.88089247,,,,
11/03/1908,Kansas,KS,Debs,independent,3.303665952,,,,
11/03/1908,Kansas,KS,Other,independent,1.356843802,,,,
11/03/1908,Kentucky,KY,Taft,republican,48.03380346,,,,
11/03/1908,Kentucky,KY,Bryan,democrat,49.74170554,,,,
11/03/1908,Kentucky,KY,Debs,independent,0.834082234,,,,
11/03/1908,Kentucky,KY,Other,independent,1.390408768,,,,
11/03/1908,Louisiana,LA,Taft,republican,11.92539638,,,,
11/03/1908,Louisiana,LA,Bryan,democrat,84.62531784,,,,
11/03/1908,Louisiana,LA,Debs,independent,3.346779025,,,,
11/03/1908,Louisiana,LA,Other,independent,0.102506756,,,,
11/03/1908,Maine,ME,Taft,republican,62.99559886,,,,
11/03/1908,Maine,ME,Bryan,democrat,33.29352242,,,,
11/03/1908,Maine,ME,Debs,independent,1.653250075,,,,
11/03/1908,Maine,ME,Other,independent,2.057628649,,,,
11/03/1908,Maryland,MD,Taft,republican,48.84606194,,,2,
11/03/1908,Maryland,MD,Bryan,democrat,48.59242614,,,6,
11/03/1908,Maryland,MD,Debs,independent,0.973877609,,,,
11/03/1908,Maryland,MD,Other,independent,1.587634312,,,,
11/03/1908,Massachusetts,MA,Taft,republican,58.20856651,,,,
11/03/1908,Massachusetts,MA,Bryan,democrat,34.04170105,,,,
11/03/1908,Massachusetts,MA,Debs,independent,2.359061453,,,,
11/03/1908,Massachusetts,MA,Other,independent,5.390670994,,,,
11/03/1908,Michigan,MI,Taft,republican,61.93455512,,,,
11/03/1908,Michigan,MI,Bryan,democrat,32.44024879,,,,
11/03/1908,Michigan,MI,Debs,independent,2.138309064,,,,
11/03/1908,Michigan,MI,Other,independent,3.486887031,,,,
11/03/1908,Minnesota,MN,Taft,republican,59.1127786,,,,
11/03/1908,Minnesota,MN,Bryan,democrat,33.02133388,,,,
11/03/1908,Minnesota,MN,Debs,independent,4.38479463,,,,
11/03/1908,Minnesota,MN,Other,independent,3.481092894,,,,
11/03/1908,Mississippi,MS,Taft,republican,6.521284228,,,,
11/03/1908,Mississippi,MS,Bryan,democrat,90.10970943,,,,
11/03/1908,Mississippi,MS,Debs,independent,1.461796006,,,,
11/03/1908,Mississippi,MS,Other,independent,1.907210331,,,,
11/03/1908,Missouri,MO,Taft,republican,48.49698363,,,,
11/03/1908,Missouri,MO,Bryan,democrat,48.40912551,,,,
11/03/1908,Missouri,MO,Debs,independent,2.155387351,,,,
11/03/1908,Missouri,MO,Other,independent,0.938503507,,,,
11/03/1908,Montana,MT,Taft,republican,46.98061666,,,,
11/03/1908,Montana,MT,Bryan,democrat,42.61137427,,,,
11/03/1908,Montana,MT,Debs,independent,8.507454012,,,,
11/03/1908,Montana,MT,Other,independent,1.900555055,,,,
11/03/1908,Nebraska,NE,Taft,republican,47.60025337,,,,
11/03/1908,Nebraska,NE,Bryan,democrat,49.1377404,,,,
11/03/1908,Nebraska,NE,Debs,independent,1.320844531,,,,
11/03/1908,Nebraska,NE,Other,independent,1.941161699,,,,
11/03/1908,Nevada,NV,Taft,republican,43.93296909,,,,
11/03/1908,Nevada,NV,Bryan,democrat,45.71475169,,,,
11/03/1908,Nevada,NV,Debs,independent,8.574573922,,,,
11/03/1908,Nevada,NV,Other,independent,1.777705292,,,,
11/03/1908,New Hampshire,NH,Taft,republican,59.31808036,,,,
11/03/1908,New Hampshire,NH,Bryan,democrat,37.56138393,,,,
11/03/1908,New Hampshire,NH,Debs,independent,1.449776786,,,,
11/03/1908,New Hampshire,NH,Other,independent,1.670758929,,,,
11/03/1908,New Jersey,NJ,Taft,republican,56.79091092,,,,
11/03/1908,New Jersey,NJ,Bryan,democrat,39.07700804,,,,
11/03/1908,New Jersey,NJ,Debs,independent,2.194572751,,,,
11/03/1908,New Jersey,NJ,Other,independent,1.937508294,,,,
11/03/1908,New York,NY,Taft,republican,53.10647908,,,,
11/03/1908,New York,NY,Bryan,democrat,40.74025697,,,,
11/03/1908,New York,NY,Debs,independent,2.346934416,,,,
11/03/1908,New York,NY,Other,independent,3.806329539,,,,
11/03/1908,North Carolina,NC,Taft,republican,45.49007341,,,,
11/03/1908,North Carolina,NC,Bryan,democrat,54.2173159,,,,
11/03/1908,North Carolina,NC,Debs,independent,0.147295232,,,,
11/03/1908,North Carolina,NC,Other,independent,0.145315457,,,,
11/03/1908,North Dakota,ND,Taft,republican,61.02089394,,,,
11/03/1908,North Dakota,ND,Bryan,democrat,34.78973816,,,,
11/03/1908,North Dakota,ND,Debs,independent,2.561227189,,,,
11/03/1908,North Dakota,ND,Other,independent,1.628140704,,,,
11/03/1908,Ohio,OH,Taft,republican,51.02857469,,,,
11/03/1908,Ohio,OH,Bryan,democrat,44.82369074,,,,
11/03/1908,Ohio,OH,Debs,independent,3.013235231,,,,
11/03/1908,Ohio,OH,Other,independent,1.134499337,,,,
11/03/1908,Oklahoma,OK,Taft,republican,43.32602566,,,,
11/03/1908,Oklahoma,OK,Bryan,democrat,47.98868944,,,,
11/03/1908,Oklahoma,OK,Debs,independent,8.523705502,,,,
11/03/1908,Oklahoma,OK,Other,independent,0.161579399,,,,
11/03/1908,Oregon,OR,Taft,republican,56.38972306,,,,
11/03/1908,Oregon,OR,Bryan,democrat,34.31269107,,,,
11/03/1908,Oregon,OR,Debs,independent,6.618330042,,,,
11/03/1908,Oregon,OR,Other,independent,2.679255832,,,,
11/03/1908,Pennsylvania,PA,Taft,republican,58.84090102,,,,
11/03/1908,Pennsylvania,PA,Bryan,democrat,35.40826068,,,,
11/03/1908,Pennsylvania,PA,Debs,independent,2.675766302,,,,
11/03/1908,Pennsylvania,PA,Other,independent,3.075071995,,,,
11/03/1908,Rhode Island,RI,Taft,republican,60.76302944,,,,
11/03/1908,Rhode Island,RI,Bryan,democrat,34.1634747,,,,
11/03/1908,Rhode Island,RI,Debs,independent,1.887522989,,,,
11/03/1908,Rhode Island,RI,Other,independent,3.185972869,,,,
11/03/1908,South Carolina,SC,Taft,republican,5.943144669,,,,
11/03/1908,South Carolina,SC,Bryan,democrat,93.83690625,,,,
11/03/1908,South Carolina,SC,Debs,independent,0.150650055,,,,
11/03/1908,South Carolina,SC,Other,independent,0.069299025,,,,
11/03/1908,South Dakota,SD,Taft,republican,58.84208234,,,,
11/03/1908,South Dakota,SD,Bryan,democrat,35.08255282,,,,
11/03/1908,South Dakota,SD,Debs,independent,2.479634067,,,,
11/03/1908,South Dakota,SD,Other,independent,3.595730778,,,,
11/03/1908,Tennessee,TN,Taft,republican,45.8733183,,,,
11/03/1908,Tennessee,TN,Bryan,democrat,52.72882806,,,,
11/03/1908,Tennessee,TN,Debs,independent,0.727117194,,,,
11/03/1908,Tennessee,TN,Other,independent,0.670736449,,,,
11/03/1908,Texas,TX,Taft,republican,22.35385029,,,,
11/03/1908,Texas,TX,Bryan,democrat,73.97338617,,,,
11/03/1908,Texas,TX,Debs,independent,2.679085094,,,,
11/03/1908,Texas,TX,Other,independent,0.993678449,,,,
11/03/1908,Utah,UT,Taft,republican,56.18848572,,,,
11/03/1908,Utah,UT,Bryan,democrat,39.22274498,,,,
11/03/1908,Utah,UT,Debs,independent,4.506826991,,,,
11/03/1908,Utah,UT,Other,independent,0.081942309,,,,
11/03/1908,Vermont,VT,Taft,republican,75.07545128,,,,
11/03/1908,Vermont,VT,Bryan,democrat,21.8210808,,,,
11/03/1908,Vermont,VT,Debs,independent,0,,,,
11/03/1908,Vermont,VT,Other,independent,3.103467912,,,,
11/03/1908,Virginia,VA,Taft,republican,38.35552475,,,,
11/03/1908,Virginia,VA,Bryan,democrat,60.51581367,,,,
11/03/1908,Virginia,VA,Debs,independent,0.186043118,,,,
11/03/1908,Virginia,VA,Other,independent,0.942618466,,,,
11/03/1908,Washington,WA,Taft,republican,57.68032239,,,,
11/03/1908,Washington,WA,Bryan,democrat,31.91827234,,,,
11/03/1908,Washington,WA,Debs,independent,7.709961442,,,,
11/03/1908,Washington,WA,Other,independent,2.69144383,,,,
11/03/1908,West Virginia,WV,Taft,republican,53.41585789,,,,
11/03/1908,West Virginia,WV,Bryan,democrat,43.16770307,,,,
11/03/1908,West Virginia,WV,Debs,independent,1.425388892,,,,
11/03/1908,West Virginia,WV,Other,independent,1.991050154,,,,
11/03/1908,Wisconsin,WI,Taft,republican,54.51686798,,,,
11/03/1908,Wisconsin,WI,Bryan,democrat,36.6740677,,,,
11/03/1908,Wisconsin,WI,Debs,independent,6.193763327,,,,
11/03/1908,Wisconsin,WI,Other,independent,2.615300996,,,,
11/03/1908,Wyoming,WY,Taft,republican,55.42822197,,,,
11/03/1908,Wyoming,WY,Bryan,democrat,39.66603738,,,,
11/03/1908,Wyoming,WY,Debs,independent,4.560078705,,,,
11/03/1908,Wyoming,WY,Other,independent,0.345661943,,,,
11/03/1908,National Popular Vote,NPV,Taft,republican,51.569063,,,,
11/03/1908,National Popular Vote,NPV,Bryan,democrat,43.04493304,,,,
11/03/1908,National Popular Vote,NPV,Debs,independent,2.826602989,,,,
11/05/1912,Alabama,AL,Taft,republican,8.243897887,,,,
11/05/1912,Alabama,AL,Wilson,democrat,69.94035752,,,,
11/05/1912,Alabama,AL,Roosevelt,independent,19.24170053,,,,
11/05/1912,Alabama,AL,Debs,independent,2.569802068,,,,
11/05/1912,Alabama,AL,Other,independent,0.004241997,,,,
11/05/1912,Arizona,AZ,Taft,republican,12.73501391,,,,
11/05/1912,Arizona,AZ,Wilson,democrat,43.5207824,,,,
11/05/1912,Arizona,AZ,Roosevelt,independent,29.29348284,,,,
11/05/1912,Arizona,AZ,Debs,independent,13.33361437,,,,
11/05/1912,Arizona,AZ,Other,independent,1.117106483,,,,
11/05/1912,Arkansas,AR,Taft,republican,20.45098478,,,,
11/05/1912,Arkansas,AR,Wilson,democrat,55.00543548,,,,
11/05/1912,Arkansas,AR,Roosevelt,independent,17.30080573,,,,
11/05/1912,Arkansas,AR,Debs,independent,6.516977874,,,,
11/05/1912,Arkansas,AR,Other,independent,0.725796138,,,,
11/05/1912,California,CA,Taft,republican,0.577333821,,,,
11/05/1912,California,CA,Wilson,democrat,41.80817295,,,2,
11/05/1912,California,CA,Roosevelt,independent,41.83383878,,,11,
11/05/1912,California,CA,Debs,independent,11.68252835,,,,
11/05/1912,California,CA,Other,independent,4.098126099,,,,
11/05/1912,Colorado,CO,Taft,republican,21.8772482,,,,
11/05/1912,Colorado,CO,Wilson,democrat,42.80275779,,,,
11/05/1912,Colorado,CO,Roosevelt,independent,27.09307554,,,,
11/05/1912,Colorado,CO,Debs,independent,6.151828537,,,,
11/05/1912,Colorado,CO,Other,independent,2.075089928,,,,
11/05/1912,Connecticut,CT,Taft,republican,35.88369992,,,,
11/05/1912,Connecticut,CT,Wilson,democrat,39.1593664,,,,
11/05/1912,Connecticut,CT,Roosevelt,independent,17.92451839,,,,
11/05/1912,Connecticut,CT,Debs,independent,5.281401651,,,,
11/05/1912,Connecticut,CT,Other,independent,1.751013634,,,,
11/05/1912,Delaware,DE,Taft,republican,32.85415041,,,,
11/05/1912,Delaware,DE,Wilson,democrat,46.47595186,,,,
11/05/1912,Delaware,DE,Roosevelt,independent,18.24865487,,,,
11/05/1912,Delaware,DE,Debs,independent,1.141824455,,,,
11/05/1912,Delaware,DE,Other,independent,1.279418409,,,,
11/05/1912,Florida,FL,Taft,republican,8.417097783,,,,
11/05/1912,Florida,FL,Wilson,democrat,69.5221984,,,,
11/05/1912,Florida,FL,Roosevelt,independent,8.960009442,,,,
11/05/1912,Florida,FL,Debs,independent,9.45374432,,,,
11/05/1912,Florida,FL,Other,independent,3.646950056,,,,
11/05/1912,Georgia,GA,Taft,republican,4.273483165,,,,
11/05/1912,Georgia,GA,Wilson,democrat,76.63373673,,,,
11/05/1912,Georgia,GA,Roosevelt,independent,18.09911912,,,,
11/05/1912,Georgia,GA,Debs,independent,0.870996954,,,,
11/05/1912,Georgia,GA,Other,independent,0.122664032,,,,
11/05/1912,Idaho,ID,Taft,republican,31.02483121,,,,
11/05/1912,Idaho,ID,Wilson,democrat,32.07538249,,,,
11/05/1912,Idaho,ID,Roosevelt,independent,24.13809407,,,,
11/05/1912,Idaho,ID,Debs,independent,11.3092649,,,,
11/05/1912,Idaho,ID,Other,independent,1.452427331,,,,
11/05/1912,Illinois,IL,Taft,republican,22.12519402,,,,
11/05/1912,Illinois,IL,Wilson,democrat,35.33916782,,,,
11/05/1912,Illinois,IL,Roosevelt,independent,33.71899356,,,,
11/05/1912,Illinois,IL,Debs,independent,7.091250623,,,,
11/05/1912,Illinois,IL,Other,independent,1.725393985,,,,
11/05/1912,Indiana,IN,Taft,republican,23.11275925,,,,
11/05/1912,Indiana,IN,Wilson,democrat,43.07122972,,,,
11/05/1912,Indiana,IN,Roosevelt,independent,24.75377173,,,,
11/05/1912,Indiana,IN,Debs,independent,5.642852122,,,,
11/05/1912,Indiana,IN,Other,independent,3.419387172,,,,
11/05/1912,Iowa,IA,Taft,republican,24.33300295,,,,
11/05/1912,Iowa,IA,Wilson,democrat,37.64044716,,,,
11/05/1912,Iowa,IA,Roosevelt,independent,32.86625937,,,,
11/05/1912,Iowa,IA,Debs,independent,3.446083728,,,,
11/05/1912,Iowa,IA,Other,independent,1.714206793,,,,
11/05/1912,Kansas,KS,Taft,republican,20.47406718,,,,
11/05/1912,Kansas,KS,Wilson,democrat,39.29943101,,,,
11/05/1912,Kansas,KS,Roosevelt,independent,32.88379473,,,,
11/05/1912,Kansas,KS,Debs,independent,7.325473247,,,,
11/05/1912,Kansas,KS,Other,independent,0.017233833,,,,
11/05/1912,Kentucky,KY,Taft,republican,25.46010783,,,,
11/05/1912,Kentucky,KY,Wilson,democrat,48.39871456,,,,
11/05/1912,Kentucky,KY,Roosevelt,independent,22.65075006,,,,
11/05/1912,Kentucky,KY,Debs,independent,2.56712615,,,,
11/05/1912,Kentucky,KY,Other,independent,0.923301403,,,,
11/05/1912,Louisiana,LA,Taft,republican,4.836715122,,,,
11/05/1912,Louisiana,LA,Wilson,democrat,76.81077125,,,,
11/05/1912,Louisiana,LA,Roosevelt,independent,11.71386029,,,,
11/05/1912,Louisiana,LA,Debs,independent,6.638653341,,,,
11/05/1912,Louisiana,LA,Other,independent,0,,,,
11/05/1912,Maine,ME,Taft,republican,20.47593335,,,,
11/05/1912,Maine,ME,Wilson,democrat,39.42687442,,,,
11/05/1912,Maine,ME,Roosevelt,independent,37.40743598,,,,
11/05/1912,Maine,ME,Debs,independent,1.960043197,,,,
11/05/1912,Maine,ME,Other,independent,0.729713052,,,,
11/05/1912,Maryland,MD,Taft,republican,23.68987115,,,,
11/05/1912,Maryland,MD,Wilson,democrat,48.57035706,,,,
11/05/1912,Maryland,MD,Roosevelt,independent,24.91109186,,,,
11/05/1912,Maryland,MD,Debs,independent,1.722554864,,,,
11/05/1912,Maryland,MD,Other,independent,1.106125071,,,,
11/05/1912,Massachusetts,MA,Taft,republican,31.95282518,,,,
11/05/1912,Massachusetts,MA,Wilson,democrat,35.53027618,,,,
11/05/1912,Massachusetts,MA,Roosevelt,independent,29.14167812,,,,
11/05/1912,Massachusetts,MA,Debs,independent,2.584943972,,,,
11/05/1912,Massachusetts,MA,Other,independent,0.790276546,,,,
11/05/1912,Michigan,MI,Taft,republican,27.63169358,,,,
11/05/1912,Michigan,MI,Wilson,democrat,27.36071989,,,,
11/05/1912,Michigan,MI,Roosevelt,independent,38.94616099,,,,
11/05/1912,Michigan,MI,Debs,independent,4.21270618,,,,
11/05/1912,Michigan,MI,Other,independent,1.848719363,,,,
11/05/1912,Minnesota,MN,Taft,republican,19.24905526,,,,
11/05/1912,Minnesota,MN,Wilson,democrat,31.84319264,,,,
11/05/1912,Minnesota,MN,Roosevelt,independent,37.65674603,,,,
11/05/1912,Minnesota,MN,Debs,independent,8.229633863,,,,
11/05/1912,Minnesota,MN,Other,independent,3.021372214,,,,
11/05/1912,Mississippi,MS,Taft,republican,2.419242281,,,,
11/05/1912,Mississippi,MS,Wilson,democrat,88.89784905,,,,
11/05/1912,Mississippi,MS,Roosevelt,independent,5.503776189,,,,
11/05/1912,Mississippi,MS,Debs,independent,3.179132485,,,,
11/05/1912,Mississippi,MS,Other,independent,0,,,,
11/05/1912,Missouri,MO,Taft,republican,29.74965859,,,,
11/05/1912,Missouri,MO,Wilson,democrat,47.3464211,,,,
11/05/1912,Missouri,MO,Roosevelt,independent,17.80433059,,,,
11/05/1912,Missouri,MO,Debs,independent,4.074919192,,,,
11/05/1912,Missouri,MO,Other,independent,1.024670539,,,,
11/05/1912,Montana,MT,Taft,republican,23.19043921,,,,
11/05/1912,Montana,MT,Wilson,democrat,35.00238018,,,,
11/05/1912,Montana,MT,Roosevelt,independent,28.13118533,,,,
11/05/1912,Montana,MT,Debs,independent,13.6359081,,,,
11/05/1912,Montana,MT,Other,independent,0.04008719,,,,
11/05/1912,Nebraska,NE,Taft,republican,21.7353487,,,,
11/05/1912,Nebraska,NE,Wilson,democrat,43.69355828,,,,
11/05/1912,Nebraska,NE,Roosevelt,independent,29.13264631,,,,
11/05/1912,Nebraska,NE,Debs,independent,4.082442491,,,,
11/05/1912,Nebraska,NE,Other,independent,1.356004217,,,,
11/05/1912,Nevada,NV,Taft,republican,15.88864032,,,,
11/05/1912,Nevada,NV,Wilson,democrat,39.70171514,,,,
11/05/1912,Nevada,NV,Roosevelt,independent,27.93934874,,,,
11/05/1912,Nevada,NV,Debs,independent,16.4702958,,,,
11/05/1912,Nevada,NV,Other,independent,0,,,,
11/05/1912,New Hampshire,NH,Taft,republican,37.43363536,,,,
11/05/1912,New Hampshire,NH,Wilson,democrat,39.47658621,,,,
11/05/1912,New Hampshire,NH,Roosevelt,independent,20.22941986,,,,
11/05/1912,New Hampshire,NH,Debs,independent,2.252134469,,,,
11/05/1912,New Hampshire,NH,Other,independent,0.608224099,,,,
11/05/1912,New Jersey,NJ,Taft,republican,20.5285403,,,,
11/05/1912,New Jersey,NJ,Wilson,democrat,41.20012294,,,,
11/05/1912,New Jersey,NJ,Roosevelt,independent,33.60224061,,,,
11/05/1912,New Jersey,NJ,Debs,independent,3.685362308,,,,
11/05/1912,New Jersey,NJ,Other,independent,0.983733844,,,,
11/05/1912,New Mexico,NM,Taft,republican,35.91420933,,,,
11/05/1912,New Mexico,NM,Wilson,democrat,41.39055412,,,,
11/05/1912,New Mexico,NM,Roosevelt,independent,16.90497408,,,,
11/05/1912,New Mexico,NM,Debs,independent,5.790262476,,,,
11/05/1912,New Mexico,NM,Other,independent,0,,,,
11/05/1912,New York,NY,Taft,republican,28.67737193,,,,
11/05/1912,New York,NY,Wilson,democrat,41.27474714,,,,
11/05/1912,New York,NY,Roosevelt,independent,24.56017855,,,,
11/05/1912,New York,NY,Debs,independent,3.993792163,,,,
11/05/1912,New York,NY,Other,independent,1.493910213,,,,
11/05/1912,North Carolina,NC,Taft,republican,11.94622783,,,,
11/05/1912,North Carolina,NC,Wilson,democrat,59.24409023,,,,
11/05/1912,North Carolina,NC,Roosevelt,independent,28.34149181,,,,
11/05/1912,North Carolina,NC,Debs,independent,0.42022319,,,,
11/05/1912,North Carolina,NC,Other,independent,0.04796694,,,,
11/05/1912,North Dakota,ND,Taft,republican,26.66897667,,,,
11/05/1912,North Dakota,ND,Wilson,democrat,34.13605914,,,,
11/05/1912,North Dakota,ND,Roosevelt,independent,29.71355971,,,,
11/05/1912,North Dakota,ND,Debs,independent,8.045738046,,,,
11/05/1912,North Dakota,ND,Other,independent,1.435666436,,,,
11/05/1912,Ohio,OH,Taft,republican,26.82186957,,,,
11/05/1912,Ohio,OH,Wilson,democrat,40.96388563,,,,
11/05/1912,Ohio,OH,Roosevelt,independent,22.15874357,,,,
11/05/1912,Ohio,OH,Debs,independent,8.691979705,,,,
11/05/1912,Ohio,OH,Other,independent,1.363521532,,,,
11/05/1912,Oklahoma,OK,Taft,republican,35.77054464,,,,
11/05/1912,Oklahoma,OK,Wilson,democrat,46.94859358,,,,
11/05/1912,Oklahoma,OK,Roosevelt,independent,0,,,,
11/05/1912,Oklahoma,OK,Debs,independent,16.41995106,,,,
11/05/1912,Oklahoma,OK,Other,independent,0.860910714,,,,
11/05/1912,Oregon,OR,Taft,republican,25.30137186,,,,
11/05/1912,Oregon,OR,Wilson,democrat,34.34325744,,,,
11/05/1912,Oregon,OR,Roosevelt,independent,27.4372446,,,,
11/05/1912,Oregon,OR,Debs,independent,9.736573263,,,,
11/05/1912,Oregon,OR,Other,independent,3.181552831,,,,
11/05/1912,Pennsylvania,PA,Taft,republican,22.44821538,,,,
11/05/1912,Pennsylvania,PA,Wilson,democrat,32.48955439,,,,
11/05/1912,Pennsylvania,PA,Roosevelt,independent,36.5345198,,,,
11/05/1912,Pennsylvania,PA,Debs,independent,6.8663487,,,,
11/05/1912,Pennsylvania,PA,Other,independent,1.66136174,,,,
11/05/1912,Rhode Island,RI,Taft,republican,35.56499859,,,,
11/05/1912,Rhode Island,RI,Wilson,democrat,39.04280176,,,,
11/05/1912,Rhode Island,RI,Roosevelt,independent,21.66790767,,,,
11/05/1912,Rhode Island,RI,Debs,independent,2.630497856,,,,
11/05/1912,Rhode Island,RI,Other,independent,1.09379413,,,,
11/05/1912,South Carolina,SC,Taft,republican,1.063386569,,,,
11/05/1912,South Carolina,SC,Wilson,democrat,95.93691102,,,,
11/05/1912,South Carolina,SC,Roosevelt,independent,2.565221704,,,,
11/05/1912,South Carolina,SC,Debs,independent,0.325364547,,,,
11/05/1912,South Carolina,SC,Other,independent,0.109116159,,,,
11/05/1912,South Dakota,SD,Taft,republican,0,,,,
11/05/1912,South Dakota,SD,Wilson,democrat,42.07350097,,,,
11/05/1912,South Dakota,SD,Roosevelt,independent,50.55748979,,,,
11/05/1912,South Dakota,SD,Debs,independent,4.007736944,,,,
11/05/1912,South Dakota,SD,Other,independent,3.361272297,,,,
11/05/1912,Tennessee,TN,Taft,republican,24.00439799,,,,
11/05/1912,Tennessee,TN,Wilson,democrat,52.80014925,,,,
11/05/1912,Tennessee,TN,Roosevelt,independent,21.45054439,,,,
11/05/1912,Tennessee,TN,Debs,independent,1.414661835,,,,
11/05/1912,Tennessee,TN,Other,independent,0.330246534,,,,
11/05/1912,Texas,TX,Taft,republican,9.453656209,,,,
11/05/1912,Texas,TX,Wilson,democrat,72.72953199,,,,
11/05/1912,Texas,TX,Roosevelt,independent,8.862181399,,,,
11/05/1912,Texas,TX,Debs,independent,8.249499649,,,,
11/05/1912,Texas,TX,Other,independent,0.705130754,,,,
11/05/1912,Utah,UT,Taft,republican,37.46018187,,,,
11/05/1912,Utah,UT,Wilson,democrat,32.54764828,,,,
11/05/1912,Utah,UT,Roosevelt,independent,21.50979659,,,,
11/05/1912,Utah,UT,Debs,independent,8.028580072,,,,
11/05/1912,Utah,UT,Other,independent,0.453793177,,,,
11/05/1912,Vermont,VT,Taft,republican,37.12803539,,,,
11/05/1912,Vermont,VT,Wilson,democrat,24.43270424,,,,
11/05/1912,Vermont,VT,Roosevelt,independent,35.21848445,,,,
11/05/1912,Vermont,VT,Debs,independent,1.476719391,,,,
11/05/1912,Vermont,VT,Other,independent,1.744056523,,,,
11/05/1912,Virginia,VA,Taft,republican,17.00151851,,,,
11/05/1912,Virginia,VA,Wilson,democrat,65.94731924,,,,
11/05/1912,Virginia,VA,Roosevelt,independent,15.89840556,,,,
11/05/1912,Virginia,VA,Debs,independent,0.598645018,,,,
11/05/1912,Virginia,VA,Other,independent,0.554111669,,,,
11/05/1912,Washington,WA,Taft,republican,21.82317789,,,,
11/05/1912,Washington,WA,Wilson,democrat,26.90218991,,,,
11/05/1912,Washington,WA,Roosevelt,independent,35.22253786,,,,
11/05/1912,Washington,WA,Debs,independent,12.43312402,,,,
11/05/1912,Washington,WA,Other,independent,3.618970319,,,,
11/05/1912,West Virginia,WV,Taft,republican,21.11164016,,,,
11/05/1912,West Virginia,WV,Wilson,democrat,42.10759296,,,,
11/05/1912,West Virginia,WV,Roosevelt,independent,29.42848215,,,,
11/05/1912,West Virginia,WV,Debs,independent,5.672028211,,,,
11/05/1912,West Virginia,WV,Other,independent,1.680256521,,,,
11/05/1912,Wisconsin,WI,Taft,republican,32.65104069,,,,
11/05/1912,Wisconsin,WI,Wilson,democrat,41.06006625,,,,
11/05/1912,Wisconsin,WI,Roosevelt,independent,15.61297581,,,,
11/05/1912,Wisconsin,WI,Debs,independent,8.369523095,,,,
11/05/1912,Wisconsin,WI,Other,independent,2.30639415,,,,
11/05/1912,Wyoming,WY,Taft,republican,34.42405901,,,,
11/05/1912,Wyoming,WY,Wilson,democrat,36.19727634,,,,
11/05/1912,Wyoming,WY,Roosevelt,independent,21.82712313,,,,
11/05/1912,Wyoming,WY,Debs,independent,6.525439758,,,,
11/05/1912,Wyoming,WY,Other,independent,1.026101759,,,,
11/05/1912,National Popular Vote,NPV,Taft,republican,23.18100374,,,,
11/05/1912,National Popular Vote,NPV,Wilson,democrat,41.83276687,,,,
11/05/1912,National Popular Vote,NPV,Roosevelt,independent,27.39240384,,,,
11/05/1912,National Popular Vote,NPV,Debs,independent,5.986379593,,,,
11/07/1916,Alabama,AL,Hughes,republican,21.9249128,,,,
11/07/1916,Alabama,AL,Wilson,democrat,76.04262285,,,,
11/07/1916,Alabama,AL,Benson,independent,1.465638578,,,,
11/07/1916,Alabama,AL,Other,independent,0.566825776,,,,
11/07/1916,Arizona,AZ,Hughes,republican,35.37339929,,,,
11/07/1916,Arizona,AZ,Wilson,democrat,57.16895607,,,,
11/07/1916,Arizona,AZ,Benson,independent,5.470433119,,,,
11/07/1916,Arizona,AZ,Other,independent,1.987211527,,,,
11/07/1916,Arkansas,AR,Hughes,republican,28.73477402,,,,
11/07/1916,Arkansas,AR,Wilson,democrat,65.96611485,,,,
11/07/1916,Arkansas,AR,Benson,independent,4.114541692,,,,
11/07/1916,Arkansas,AR,Other,independent,1.18456944,,,,
11/07/1916,California,CA,Hughes,republican,46.26996918,,,,
11/07/1916,California,CA,Wilson,democrat,46.64741903,,,,
11/07/1916,California,CA,Benson,independent,4.291503727,,,,
11/07/1916,California,CA,Other,independent,2.79110807,,,,
11/07/1916,Colorado,CO,Hughes,republican,34.75430998,,,,
11/07/1916,Colorado,CO,Wilson,democrat,60.74428875,,,,
11/07/1916,Colorado,CO,Benson,independent,3.413673036,,,,
11/07/1916,Colorado,CO,Other,independent,1.087728238,,,,
11/07/1916,Connecticut,CN,Hughes,republican,49.80222,,,,
11/07/1916,Connecticut,CN,Wilson,democrat,46.65644258,,,,
11/07/1916,Connecticut,CN,Benson,independent,2.421519212,,,,
11/07/1916,Connecticut,CN,Other,independent,1.119818211,,,,
11/07/1916,Delaware,DE,Hughes,republican,50.20459371,,,,
11/07/1916,Delaware,DE,Wilson,democrat,47.77649102,,,,
11/07/1916,Delaware,DE,Benson,independent,0.926462073,,,,
11/07/1916,Delaware,DE,Other,independent,1.092453194,,,,
11/07/1916,Florida,FL,Hughes,republican,18.09770357,,,,
11/07/1916,Florida,FL,Wilson,democrat,69.3437709,,,,
11/07/1916,Florida,FL,Benson,independent,6.630415934,,,,
11/07/1916,Florida,FL,Other,independent,5.928109594,,,,
11/07/1916,Georgia,GA,Hughes,republican,7.028833527,,,,
11/07/1916,Georgia,GA,Wilson,democrat,79.50784474,,,,
11/07/1916,Georgia,GA,Benson,independent,0.585632402,,,,
11/07/1916,Georgia,GA,Other,independent,12.87768933,,,,
11/07/1916,Idaho,ID,Hughes,republican,41.1306318,,,,
11/07/1916,Idaho,ID,Wilson,democrat,52.04026297,,,,
11/07/1916,Idaho,ID,Benson,independent,5.991902834,,,,
11/07/1916,Idaho,ID,Other,independent,0.837202392,,,,
11/07/1916,Illinois,IL,Hughes,republican,52.56283671,,,,
11/07/1916,Illinois,IL,Wilson,democrat,43.33588573,,,,
11/07/1916,Illinois,IL,Benson,independent,2.799918092,,,,
11/07/1916,Illinois,IL,Other,independent,1.301359461,,,,
11/07/1916,Indiana,IN,Hughes,republican,47.43770588,,,,
11/07/1916,Indiana,IN,Wilson,democrat,46.47199408,,,,
11/07/1916,Indiana,IN,Benson,independent,3.040281116,,,,
11/07/1916,Indiana,IN,Other,independent,3.050018919,,,,
11/07/1916,Iowa,IA,Hughes,republican,54.24939645,,,,
11/07/1916,Iowa,IA,Wilson,democrat,42.88646352,,,,
11/07/1916,Iowa,IA,Benson,independent,2.123247392,,,,
11/07/1916,Iowa,IA,Other,independent,0.740892631,,,,
11/07/1916,Kansas,KS,Hughes,republican,44.08578419,,,,
11/07/1916,Kansas,KS,Wilson,democrat,49.94942943,,,,
11/07/1916,Kansas,KS,Benson,independent,3.919417351,,,,
11/07/1916,Kansas,KS,Other,independent,2.045369022,,,,
11/07/1916,Kentucky,KY,Hughes,republican,46.50421386,,,,
11/07/1916,Kentucky,KY,Wilson,democrat,51.91426522,,,,
11/07/1916,Kentucky,KY,Benson,independent,0.91026383,,,,
11/07/1916,Kentucky,KY,Other,independent,0.671257083,,,,
11/07/1916,Louisiana,LA,Hughes,republican,6.954034114,,,,
11/07/1916,Louisiana,LA,Wilson,democrat,85.9037233,,,,
11/07/1916,Louisiana,LA,Benson,independent,0.314039276,,,,
11/07/1916,Louisiana,LA,Other,independent,6.828203308,,,,
11/07/1916,Maine,ME,Hughes,republican,50.99109409,,,,
11/07/1916,Maine,ME,Wilson,democrat,46.9746321,,,,
11/07/1916,Maine,ME,Benson,independent,1.597047992,,,,
11/07/1916,Maine,ME,Other,independent,0.437225817,,,,
11/07/1916,Maryland,MD,Hughes,republican,44.78226524,,,,
11/07/1916,Maryland,MD,Wilson,democrat,52.80091895,,,,
11/07/1916,Maryland,MD,Benson,independent,1.020458787,,,,
11/07/1916,Maryland,MD,Other,independent,1.396357031,,,,
11/07/1916,Massachusetts,MA,Hughes,republican,50.53926804,,,,
11/07/1916,Massachusetts,MA,Wilson,democrat,46.61133591,,,,
11/07/1916,Massachusetts,MA,Benson,independent,2.079228027,,,,
11/07/1916,Massachusetts,MA,Other,independent,0.770168023,,,,
11/07/1916,Michigan,MI,Hughes,republican,52.09079332,,,,
11/07/1916,Michigan,MI,Wilson,democrat,44.05328639,,,,
11/07/1916,Michigan,MI,Benson,independent,2.47629318,,,,
11/07/1916,Michigan,MI,Other,independent,1.379627112,,,,
11/07/1916,Minnesota,MN,Hughes,republican,46.35020291,,,,
11/07/1916,Minnesota,MN,Wilson,democrat,46.2490061,,,,
11/07/1916,Minnesota,MN,Benson,independent,5.193306554,,,,
11/07/1916,Minnesota,MN,Other,independent,2.207484433,,,,
11/07/1916,Mississippi,MS,Hughes,republican,4.906609444,,,,
11/07/1916,Mississippi,MS,Wilson,democrat,92.78141188,,,,
11/07/1916,Mississippi,MS,Benson,independent,1.712064052,,,,
11/07/1916,Mississippi,MS,Other,independent,0.599914628,,,,
11/07/1916,Missouri,MO,Hughes,republican,46.94376621,,,,
11/07/1916,Missouri,MO,Wilson,democrat,50.59070706,,,,
11/07/1916,Missouri,MO,Benson,independent,1.857216032,,,,
11/07/1916,Missouri,MO,Other,independent,0.608310699,,,,
11/07/1916,Montana,MT,Hughes,republican,37.56774858,,,,
11/07/1916,Montana,MT,Wilson,democrat,56.8795412,,,,
11/07/1916,Montana,MT,Benson,independent,5.382740785,,,,
11/07/1916,Montana,MT,Other,independent,0.169969439,,,,
11/07/1916,Nebraska,NE,Hughes,republican,40.99020239,,,,
11/07/1916,Nebraska,NE,Wilson,democrat,55.27974523,,,,
11/07/1916,Nebraska,NE,Benson,independent,2.485425404,,,,
11/07/1916,Nebraska,NE,Other,independent,1.244626977,,,,
11/07/1916,Nevada,NV,Hughes,republican,36.39992796,,,,
11/07/1916,Nevada,NV,Wilson,democrat,53.35574499,,,,
11/07/1916,Nevada,NV,Benson,independent,9.199783888,,,,
11/07/1916,Nevada,NV,Other,independent,1.044543162,,,,
11/07/1916,New Hampshire,NH,Hughes,republican,49.05920765,,,,
11/07/1916,New Hampshire,NH,Wilson,democrat,49.12203934,,,,
11/07/1916,New Hampshire,NH,Benson,independent,1.478788695,,,,
11/07/1916,New Hampshire,NH,Other,independent,0.339964321,,,,
11/07/1916,New Jersey,NJ,Hughes,republican,54.40112288,,,,
11/07/1916,New Jersey,NJ,Wilson,democrat,42.67800875,,,,
11/07/1916,New Jersey,NJ,Benson,independent,2.104392426,,,,
11/07/1916,New Jersey,NJ,Other,independent,0.816475947,,,,
11/07/1916,New Mexico,NM,Hughes,republican,46.64380793,,,,
11/07/1916,New Mexico,NM,Wilson,democrat,50.1998892,,,,
11/07/1916,New Mexico,NM,Benson,independent,2.988605567,,,,
11/07/1916,New Mexico,NM,Other,independent,0.167697306,,,,
11/07/1916,New York,NY,Hughes,republican,51.52877123,,,,
11/07/1916,New York,NY,Wilson,democrat,44.50704886,,,,
11/07/1916,New York,NY,Benson,independent,2.69260185,,,,
11/07/1916,New York,NY,Other,independent,1.271578059,,,,
11/07/1916,North Carolina,NC,Hughes,republican,41.70993841,,,,
11/07/1916,North Carolina,NC,Wilson,democrat,58.09615816,,,,
11/07/1916,North Carolina,NC,Benson,independent,0.175617162,,,,
11/07/1916,North Carolina,NC,Other,independent,0.018286266,,,,
11/07/1916,North Dakota,ND,Hughes,republican,46.33937083,,,,
11/07/1916,North Dakota,ND,Wilson,democrat,47.84296733,,,,
11/07/1916,North Dakota,ND,Benson,independent,4.953635497,,,,
11/07/1916,North Dakota,ND,Other,independent,0.864026345,,,,
11/07/1916,Ohio,OH,Hughes,republican,44.1815454,,,,
11/07/1916,Ohio,OH,Wilson,democrat,51.85548535,,,,
11/07/1916,Ohio,OH,Benson,independent,3.26945822,,,,
11/07/1916,Ohio,OH,Other,independent,0.693511037,,,,
11/07/1916,Oklahoma,OK,Hughes,republican,33.25160046,,,,
11/07/1916,Oklahoma,OK,Wilson,democrat,50.65146914,,,,
11/07/1916,Oklahoma,OK,Benson,independent,15.45401072,,,,
11/07/1916,Oklahoma,OK,Other,independent,0.642919676,,,,
11/07/1916,Oregon,OR,Hughes,republican,48.46665393,,,,
11/07/1916,Oregon,OR,Wilson,democrat,45.89604433,,,,
11/07/1916,Oregon,OR,Benson,independent,3.711446589,,,,
11/07/1916,Oregon,OR,Other,independent,1.92585515,,,,
11/07/1916,Pennsylvania,PA,Hughes,republican,54.25324445,,,,
11/07/1916,Pennsylvania,PA,Wilson,democrat,40.22101424,,,,
11/07/1916,Pennsylvania,PA,Benson,independent,3.286692587,,,,
11/07/1916,Pennsylvania,PA,Other,independent,2.239048726,,,,
11/07/1916,Rhode Island,RI,Hughes,republican,51.08180742,,,,
11/07/1916,Rhode Island,RI,Wilson,democrat,45.99845131,,,,
11/07/1916,Rhode Island,RI,Benson,independent,2.179557256,,,,
11/07/1916,Rhode Island,RI,Other,independent,0.740184021,,,,
11/07/1916,South Carolina,SC,Hughes,republican,2.42369277,,,,
11/07/1916,South Carolina,SC,Wilson,democrat,96.70690518,,,,
11/07/1916,South Carolina,SC,Benson,independent,0.211095822,,,,
11/07/1916,South Carolina,SC,Other,independent,0.65830623,,,,
11/07/1916,South Dakota,SD,Hughes,republican,49.80301221,,,,
11/07/1916,South Dakota,SD,Wilson,democrat,45.90513564,,,,
11/07/1916,South Dakota,SD,Benson,independent,2.91603977,,,,
11/07/1916,South Dakota,SD,Other,independent,1.375812381,,,,
11/07/1916,Tennessee,TN,Hughes,republican,42.69921746,,,,
11/07/1916,Tennessee,TN,Wilson,democrat,56.31360447,,,,
11/07/1916,Tennessee,TN,Benson,independent,0.933906462,,,,
11/07/1916,Tennessee,TN,Other,independent,0.053271612,,,,
11/07/1916,Texas,TX,Hughes,republican,17.45122308,,,,
11/07/1916,Texas,TX,Wilson,democrat,76.92456391,,,,
11/07/1916,Texas,TX,Benson,independent,5.091271301,,,,
11/07/1916,Texas,TX,Other,independent,0.532941704,,,,
11/07/1916,Utah,UT,Hughes,republican,37.81942911,,,,
11/07/1916,Utah,UT,Wilson,democrat,58.7826415,,,,
11/07/1916,Utah,UT,Benson,independent,3.115700054,,,,
11/07/1916,Utah,UT,Other,independent,0.282229332,,,,
11/07/1916,Vermont,VT,Hughes,republican,62.4272974,,,,
11/07/1916,Vermont,VT,Wilson,democrat,35.21985266,,,,
11/07/1916,Vermont,VT,Benson,independent,1.237689027,,,,
11/07/1916,Vermont,VT,Other,independent,1.115160915,,,,
11/07/1916,Virginia,VA,Hughes,republican,32.05101564,,,,
11/07/1916,Virginia,VA,Wilson,democrat,66.77229986,,,,
11/07/1916,Virginia,VA,Benson,independent,0.689646215,,,,
11/07/1916,Virginia,VA,Other,independent,0.487038288,,,,
11/07/1916,Washington,WA,Hughes,republican,43.88730531,,,,
11/07/1916,Washington,WA,Wilson,democrat,48.13409135,,,,
11/07/1916,Washington,WA,Benson,independent,5.98434621,,,,
11/07/1916,Washington,WA,Other,independent,1.994257127,,,,
11/07/1916,West Virginia,WV,Hughes,republican,49.37830341,,,7,
11/07/1916,West Virginia,WV,Wilson,democrat,48.43954846,,,1,
11/07/1916,West Virginia,WV,Benson,independent,2.121772491,,,,
11/07/1916,West Virginia,WV,Other,independent,0.06037564,,,,
11/07/1916,Wisconsin,WI,Hughes,republican,49.38609008,,,,
11/07/1916,Wisconsin,WI,Wilson,democrat,42.79768481,,,,
11/07/1916,Wisconsin,WI,Benson,independent,6.179579276,,,,
11/07/1916,Wisconsin,WI,Other,independent,1.636645838,,,,
11/07/1916,Wyoming,WY,Hughes,republican,41.85570988,,,,
11/07/1916,Wyoming,WY,Wilson,democrat,54.62191358,,,,
11/07/1916,Wyoming,WY,Benson,independent,2.802854938,,,,
11/07/1916,Wyoming,WY,Other,independent,0.719521605,,,,
11/07/1916,National Popular Vote,NPV,Hughes,republican,46.1116236,,,,
11/07/1916,National Popular Vote,NPV,Wilson,democrat,49.24603502,,,,
11/07/1916,National Popular Vote,NPV,Benson,independent,3.183108078,,,,
11/02/1920,Alabama,AL,Harding,republican,37.105802,,,,
11/02/1920,Alabama,AL,Cox,democrat,61.68101511,,,,
11/02/1920,Alabama,AL,Debs,independent,0.922756591,,,,
11/02/1920,Alabama,AL,Other,independent,0.290426304,,,,
11/02/1920,Arizona,AZ,Harding,republican,55.61130976,,,,
11/02/1920,Arizona,AZ,Cox,democrat,44.38869024,,,,
11/02/1920,Arizona,AZ,Debs,independent,0,,,,
11/02/1920,Arizona,AZ,Other,independent,0,,,,
11/02/1920,Arkansas,AR,Harding,republican,38.72694501,,,,
11/02/1920,Arkansas,AR,Cox,democrat,58.48984682,,,,
11/02/1920,Arkansas,AR,Debs,independent,2.783208177,,,,
11/02/1920,Arkansas,AR,Other,independent,0,,,,
11/02/1920,California,CA,Harding,republican,66.20327313,,,,
11/02/1920,California,CA,Cox,democrat,24.27742175,,,,
11/02/1920,California,CA,Debs,independent,6.787352365,,,,
11/02/1920,California,CA,Other,independent,2.731952757,,,,
11/02/1920,Colorado,CO,Harding,republican,59.32073973,,,,
11/02/1920,Colorado,CO,Cox,democrat,35.93046468,,,,
11/02/1920,Colorado,CO,Debs,independent,2.754979404,,,,
11/02/1920,Colorado,CO,Other,independent,1.993816191,,,,
11/02/1920,Connecticut,CN,Harding,republican,62.71592644,,,,
11/02/1920,Connecticut,CN,Cox,democrat,33.02737485,,,,
11/02/1920,Connecticut,CN,Debs,independent,2.831597897,,,,
11/02/1920,Connecticut,CN,Other,independent,1.425100816,,,,
11/02/1920,Delaware,DE,Harding,republican,55.71330698,,,,
11/02/1920,Delaware,DE,Cox,democrat,42.06693017,,,,
11/02/1920,Delaware,DE,Debs,independent,1.041370224,,,,
11/02/1920,Delaware,DE,Other,independent,1.178392622,,,,
11/02/1920,Florida,FL,Harding,republican,30.78850365,,,,
11/02/1920,Florida,FL,Cox,democrat,62.13233023,,,,
11/02/1920,Florida,FL,Debs,independent,3.561892079,,,,
11/02/1920,Florida,FL,Other,independent,3.517274044,,,,
11/02/1920,Georgia,GA,Harding,republican,27.62917238,,,,
11/02/1920,Georgia,GA,Cox,democrat,72.05815111,,,,
11/02/1920,Georgia,GA,Debs,independent,0.312676511,,,,
11/02/1920,Georgia,GA,Other,independent,0,,,,
11/02/1920,Idaho,ID,Harding,republican,65.60417035,,,,
11/02/1920,Idaho,ID,Cox,democrat,34.34421636,,,,
11/02/1920,Idaho,ID,Debs,independent,0.02801864,,,,
11/02/1920,Idaho,ID,Other,independent,0.023594644,,,,
11/02/1920,Illinois,IL,Harding,republican,67.81259876,,,,
11/02/1920,Illinois,IL,Cox,democrat,25.51159729,,,,
11/02/1920,Illinois,IL,Debs,independent,3.568363032,,,,
11/02/1920,Illinois,IL,Other,independent,3.10744092,,,,
11/02/1920,Indiana,IN,Harding,republican,55.13775531,,,,
11/02/1920,Indiana,IN,Cox,democrat,40.48919843,,,,
11/02/1920,Indiana,IN,Debs,independent,1.955954406,,,,
11/02/1920,Indiana,IN,Other,independent,2.417091857,,,,
11/02/1920,Iowa,IA,Harding,republican,70.9067996,,,,
11/02/1920,Iowa,IA,Cox,democrat,25.46370053,,,,
11/02/1920,Iowa,IA,Debs,independent,1.897144619,,,,
11/02/1920,Iowa,IA,Other,independent,1.732355248,,,,
11/02/1920,Kansas,KS,Harding,republican,64.74773723,,,,
11/02/1920,Kansas,KS,Cox,democrat,32.51940146,,,,
11/02/1920,Kansas,KS,Debs,independent,2.719710758,,,,
11/02/1920,Kansas,KS,Other,independent,0.013150558,,,,
11/02/1920,Kentucky,KY,Harding,republican,49.25563553,,,,
11/02/1920,Kentucky,KY,Cox,democrat,49.69291428,,,,
11/02/1920,Kentucky,KY,Debs,independent,0.697664799,,,,
11/02/1920,Kentucky,KY,Other,independent,0.353785395,,,,
11/02/1920,Louisiana,LA,Harding,republican,30.48988892,,,,
11/02/1920,Louisiana,LA,Cox,democrat,69.24190639,,,,
11/02/1920,Louisiana,LA,Debs,independent,0,,,,
11/02/1920,Louisiana,LA,Other,independent,0.26820469,,,,
11/02/1920,Maine,ME,Harding,republican,68.92185605,,,,
11/02/1920,Maine,ME,Cox,democrat,29.80236555,,,,
11/02/1920,Maine,ME,Debs,independent,1.11908613,,,,
11/02/1920,Maine,ME,Other,independent,0.156692277,,,,
11/02/1920,Maryland,MD,Harding,republican,55.11048144,,,,
11/02/1920,Maryland,MD,Cox,democrat,42.15870022,,,,
11/02/1920,Maryland,MD,Debs,independent,2.071687482,,,,
11/02/1920,Maryland,MD,Other,independent,0.659130853,,,,
11/02/1920,Massachusetts,MA,Harding,republican,68.54590538,,,,
11/02/1920,Massachusetts,MA,Cox,democrat,27.84401611,,,,
11/02/1920,Massachusetts,MA,Debs,independent,3.247098271,,,,
11/02/1920,Massachusetts,MA,Other,independent,0.362980242,,,,
11/02/1920,Michigan,MI,Harding,republican,72.7639256,,,,
11/02/1920,Michigan,MI,Cox,democrat,22.26703077,,,,
11/02/1920,Michigan,MI,Debs,independent,2.76103551,,,,
11/02/1920,Michigan,MI,Other,independent,2.208008119,,,,
11/02/1920,Minnesota,MN,Harding,republican,70.5890427,,,,
11/02/1920,Minnesota,MN,Cox,democrat,19.43280994,,,,
11/02/1920,Minnesota,MN,Debs,independent,7.624776106,,,,
11/02/1920,Minnesota,MN,Other,independent,2.353371258,,,,
11/02/1920,Mississippi,MS,Harding,republican,14.03287592,,,,
11/02/1920,Mississippi,MS,Cox,democrat,83.98026475,,,,
11/02/1920,Mississippi,MS,Debs,independent,1.986859332,,,,
11/02/1920,Mississippi,MS,Other,independent,0,,,,
11/02/1920,Missouri,MO,Harding,republican,54.55897359,,,,
11/02/1920,Missouri,MO,Cox,democrat,43.12717587,,,,
11/02/1920,Missouri,MO,Debs,independent,1.518757503,,,,
11/02/1920,Missouri,MO,Other,independent,0.795093037,,,,
11/02/1920,Montana,MT,Harding,republican,61.13202909,,,,
11/02/1920,Montana,MT,Cox,democrat,32.05032234,,,,
11/02/1920,Montana,MT,Debs,independent,0,,,,
11/02/1920,Montana,MT,Other,independent,6.81764857,,,,
11/02/1920,Nebraska,NE,Harding,republican,64.66427864,,,,
11/02/1920,Nebraska,NE,Cox,democrat,31.25021228,,,,
11/02/1920,Nebraska,NE,Debs,independent,2.50821047,,,,
11/02/1920,Nebraska,NE,Other,independent,1.577298605,,,,
11/02/1920,Nevada,NV,Harding,republican,56.92064426,,,,
11/02/1920,Nevada,NV,Cox,democrat,36.22490255,,,,
11/02/1920,Nevada,NV,Debs,independent,6.854453188,,,,
11/02/1920,Nevada,NV,Other,independent,0,,,,
11/02/1920,New Hampshire,NH,Harding,republican,59.8370754,,,,
11/02/1920,New Hampshire,NH,Cox,democrat,39.38727277,,,,
11/02/1920,New Hampshire,NH,Debs,independent,0.775651824,,,,
11/02/1920,New Hampshire,NH,Other,independent,0,,,,
11/02/1920,New Jersey,NJ,Harding,republican,67.65260641,,,,
11/02/1920,New Jersey,NJ,Cox,democrat,28.41849541,,,,
11/02/1920,New Jersey,NJ,Debs,independent,3.002512327,,,,
11/02/1920,New Jersey,NJ,Other,independent,0.926385845,,,,
11/02/1920,New Mexico,NM,Harding,republican,54.67810182,,,,
11/02/1920,New Mexico,NM,Cox,democrat,44.27451948,,,,
11/02/1920,New Mexico,NM,Debs,independent,0,,,,
11/02/1920,New Mexico,NM,Other,independent,1.047378707,,,,
11/02/1920,New York,NY,Harding,republican,64.5561017,,,,
11/02/1920,New York,NY,Cox,democrat,26.95306179,,,,
11/02/1920,New York,NY,Debs,independent,7.010525742,,,,
11/02/1920,New York,NY,Other,independent,1.480310766,,,,
11/02/1920,North Carolina,NC,Harding,republican,43.21940463,,,,
11/02/1920,North Carolina,NC,Cox,democrat,56.69465697,,,,
11/02/1920,North Carolina,NC,Debs,independent,0.082782993,,,,
11/02/1920,North Carolina,NC,Other,independent,0.003155406,,,,
11/02/1920,North Dakota,ND,Harding,republican,77.78944095,,,,
11/02/1920,North Dakota,ND,Cox,democrat,18.18579426,,,,
11/02/1920,North Dakota,ND,Debs,independent,4.024764793,,,,
11/02/1920,North Dakota,ND,Other,independent,0,,,,
11/02/1920,Ohio,OH,Harding,republican,58.46809517,,,,
11/02/1920,Ohio,OH,Cox,democrat,38.58411904,,,,
11/02/1920,Ohio,OH,Debs,independent,2.826746232,,,,
11/02/1920,Ohio,OH,Other,independent,0.121039565,,,,
11/02/1920,Oklahoma,OK,Harding,republican,50.10809478,,,,
11/02/1920,Oklahoma,OK,Cox,democrat,44.60512525,,,,
11/02/1920,Oklahoma,OK,Debs,independent,5.286779968,,,,
11/02/1920,Oklahoma,OK,Other,independent,0,,,,
11/02/1920,Oregon,OR,Harding,republican,60.2007362,,,,
11/02/1920,Oregon,OR,Cox,democrat,33.54784884,,,,
11/02/1920,Oregon,OR,Debs,independent,4.10905493,,,,
11/02/1920,Oregon,OR,Other,independent,2.142360034,,,,
11/02/1920,Pennsylvania,PA,Harding,republican,65.75653023,,,,
11/02/1920,Pennsylvania,PA,Cox,democrat,27.19629972,,,,
11/02/1920,Pennsylvania,PA,Debs,independent,3.809262146,,,,
11/02/1920,Pennsylvania,PA,Other,independent,3.23790791,,,,
11/02/1920,Rhode Island,RI,Harding,republican,63.9733065,,,,
11/02/1920,Rhode Island,RI,Cox,democrat,32.77870712,,,,
11/02/1920,Rhode Island,RI,Debs,independent,2.590173889,,,,
11/02/1920,Rhode Island,RI,Other,independent,0.657812491,,,,
11/02/1920,South Carolina,SC,Harding,republican,3.906717758,,,,
11/02/1920,South Carolina,SC,Cox,democrat,96.05137109,,,,
11/02/1920,South Carolina,SC,Debs,independent,0.041911148,,,,
11/02/1920,South Carolina,SC,Other,independent,0,,,,
11/02/1920,South Dakota,SD,Harding,republican,60.74068383,,,,
11/02/1920,South Dakota,SD,Cox,democrat,19.72047389,,,,
11/02/1920,South Dakota,SD,Debs,independent,0,,,,
11/02/1920,South Dakota,SD,Other,independent,19.53884228,,,,
11/02/1920,Tennessee,TN,Harding,republican,51.2869028,,,,
11/02/1920,Tennessee,TN,Cox,democrat,48.19073038,,,,
11/02/1920,Tennessee,TN,Debs,independent,0.522366819,,,,
11/02/1920,Tennessee,TN,Other,independent,0,,,,
11/02/1920,Texas,TX,Harding,republican,23.53644679,,,,
11/02/1920,Texas,TX,Cox,democrat,59.33881444,,,,
11/02/1920,Texas,TX,Debs,independent,1.668786641,,,,
11/02/1920,Texas,TX,Other,independent,15.45595213,,,,
11/02/1920,Utah,UT,Harding,republican,55.92547385,,,,
11/02/1920,Utah,UT,Cox,democrat,38.83959185,,,,
11/02/1920,Utah,UT,Debs,independent,2.166250651,,,,
11/02/1920,Utah,UT,Other,independent,3.068683655,,,,
11/02/1920,Vermont,VT,Harding,republican,75.82396816,,,,
11/02/1920,Vermont,VT,Cox,democrat,23.25340981,,,,
11/02/1920,Vermont,VT,Debs,independent,0,,,,
11/02/1920,Vermont,VT,Other,independent,0.922622025,,,,
11/02/1920,Virginia,VA,Harding,republican,37.85990416,,,,
11/02/1920,Virginia,VA,Cox,democrat,61.32926982,,,,
11/02/1920,Virginia,VA,Debs,independent,0.349352162,,,,
11/02/1920,Virginia,VA,Other,independent,0.461473859,,,,
11/02/1920,Washington,WA,Harding,republican,55.96403446,,,,
11/02/1920,Washington,WA,Cox,democrat,21.14242002,,,,
11/02/1920,Washington,WA,Debs,independent,2.235431323,,,,
11/02/1920,Washington,WA,Other,independent,20.65811419,,,,
11/02/1920,West Virginia,WV,Harding,republican,55.30177942,,,,
11/02/1920,West Virginia,WV,Cox,democrat,43.29688474,,,,
11/02/1920,West Virginia,WV,Debs,independent,1.101693918,,,,
11/02/1920,West Virginia,WV,Other,independent,0.29964192,,,,
11/02/1920,Wisconsin,WI,Harding,republican,71.09514031,,,,
11/02/1920,Wisconsin,WI,Cox,democrat,16.17356833,,,,
11/02/1920,Wisconsin,WI,Debs,independent,11.49826032,,,,
11/02/1920,Wisconsin,WI,Other,independent,1.233031029,,,,
11/02/1920,Wyoming,WY,Harding,republican,64.15173675,,,,
11/02/1920,Wyoming,WY,Cox,democrat,31.86288848,,,,
11/02/1920,Wyoming,WY,Debs,independent,0,,,,
11/02/1920,Wyoming,WY,Other,independent,3.985374771,,,,
11/02/1920,National Popular Vote,NPV,Harding,republican,60.34788046,,,,
11/02/1920,National Popular Vote,NPV,Cox,democrat,34.12042418,,,,
11/02/1920,National Popular Vote,NPV,Debs,independent,3.412659853,,,,
11/04/1924,Alabama,AL,Coolidge,republican,25.01616827,,,,
11/04/1924,Alabama,AL,Davis,democrat,69.68556558,,,,
11/04/1924,Alabama,AL,La Follette,independent,4.952111115,,,,
11/04/1924,Alabama,AL,Other,independent,0.346155031,,,,
11/04/1924,Arizona,AZ,Coolidge,republican,41.25958275,,,,
11/04/1924,Arizona,AZ,Davis,democrat,35.47139709,,,,
11/04/1924,Arizona,AZ,La Follette,independent,23.26902016,,,,
11/04/1924,Arizona,AZ,Other,independent,0,,,,
11/04/1924,Arkansas,AR,Coolidge,republican,29.28132128,,,,
11/04/1924,Arkansas,AR,Davis,democrat,61.20968441,,,,
11/04/1924,Arkansas,AR,La Follette,independent,9.508994312,,,,
11/04/1924,Arkansas,AR,Other,independent,0,,,,
11/04/1924,California,CA,Coolidge,republican,57.20024963,,,,
11/04/1924,California,CA,Davis,democrat,8.231063265,,,,
11/04/1924,California,CA,La Follette,independent,33.12653093,,,,
11/04/1924,California,CA,Other,independent,1.442156174,,,,
11/04/1924,Colorado,CO,Coolidge,republican,57.02419213,,,,
11/04/1924,Colorado,CO,Davis,democrat,21.98270321,,,,
11/04/1924,Colorado,CO,La Follette,independent,20.43621808,,,,
11/04/1924,Colorado,CO,Other,independent,0.556886578,,,,
11/04/1924,Connecticut,CN,Coolidge,republican,61.53511785,,,,
11/04/1924,Connecticut,CN,Davis,democrat,27.5256998,,,,
11/04/1924,Connecticut,CN,La Follette,independent,10.59618531,,,,
11/04/1924,Connecticut,CN,Other,independent,0.34299704,,,,
11/04/1924,Delaware,DE,Coolidge,republican,57.7003906,,,,
11/04/1924,Delaware,DE,Davis,democrat,36.7992518,,,,
11/04/1924,Delaware,DE,La Follette,independent,5.478351763,,,,
11/04/1924,Delaware,DE,Other,independent,0.022005832,,,,
11/04/1924,Florida,FL,Coolidge,republican,28.06401964,,,,
11/04/1924,Florida,FL,Davis,democrat,56.87652308,,,,
11/04/1924,Florida,FL,La Follette,independent,7.901680195,,,,
11/04/1924,Florida,FL,Other,independent,7.157777086,,,,
11/04/1924,Georgia,GA,Coolidge,republican,18.1897861,,,,
11/04/1924,Georgia,GA,Davis,democrat,73.95979037,,,,
11/04/1924,Georgia,GA,La Follette,independent,7.61869886,,,,
11/04/1924,Georgia,GA,Other,independent,0.231724668,,,,
11/04/1924,Idaho,ID,Coolidge,republican,47.1216157,,,,
11/04/1924,Idaho,ID,Davis,democrat,16.35658653,,,,
11/04/1924,Idaho,ID,La Follette,independent,36.52179777,,,,
11/04/1924,Idaho,ID,Other,independent,0,,,,
11/04/1924,Illinois,IL,Coolidge,republican,58.83731089,,,,
11/04/1924,Illinois,IL,Davis,democrat,23.35867812,,,,
11/04/1924,Illinois,IL,La Follette,independent,17.49049722,,,,
11/04/1924,Illinois,IL,Other,independent,0.313513763,,,,
11/04/1924,Indiana,IN,Coolidge,republican,55.2536565,,,,
11/04/1924,Indiana,IN,Davis,democrat,38.68664482,,,,
11/04/1924,Indiana,IN,La Follette,independent,5.635064721,,,,
11/04/1924,Indiana,IN,Other,independent,0.424633957,,,,
11/04/1924,Iowa,IA,Coolidge,republican,55.0240077,,,,
11/04/1924,Iowa,IA,Davis,democrat,16.41962796,,,,
11/04/1924,Iowa,IA,La Follette,independent,28.09750504,,,,
11/04/1924,Iowa,IA,Other,independent,0.458859302,,,,
11/04/1924,Kansas,KS,Coolidge,republican,61.53951822,,,,
11/04/1924,Kansas,KS,Davis,democrat,23.59695919,,,,
11/04/1924,Kansas,KS,La Follette,independent,14.86306974,,,,
11/04/1924,Kansas,KS,Other,independent,0.000452862,,,,
11/04/1924,Kentucky,KY,Coolidge,republican,48.93295001,,,,
11/04/1924,Kentucky,KY,Davis,democrat,45.97574976,,,,
11/04/1924,Kentucky,KY,La Follette,independent,4.717710086,,,,
11/04/1924,Kentucky,KY,Other,independent,0.373590145,,,,
11/04/1924,Louisiana,LA,Coolidge,republican,20.22943641,,,,
11/04/1924,Louisiana,LA,Davis,democrat,76.43889759,,,,
11/04/1924,Louisiana,LA,La Follette,independent,0,,,,
11/04/1924,Louisiana,LA,Other,independent,3.331665997,,,,
11/04/1924,Maine,ME,Coolidge,republican,72.03213453,,,,
11/04/1924,Maine,ME,Davis,democrat,21.83441558,,,,
11/04/1924,Maine,ME,La Follette,independent,5.922202797,,,,
11/04/1924,Maine,ME,Other,independent,0.211247086,,,,
11/04/1924,Maryland,MD,Coolidge,republican,45.2873435,,,,
11/04/1924,Maryland,MD,Davis,democrat,41.28823579,,,,
11/04/1924,Maryland,MD,La Follette,independent,13.1492067,,,,
11/04/1924,Maryland,MD,Other,independent,0.275214009,,,,
11/04/1924,Massachusetts,MA,Coolidge,republican,62.26349465,,,,
11/04/1924,Massachusetts,MA,Davis,democrat,24.85588629,,,,
11/04/1924,Massachusetts,MA,La Follette,independent,12.49959065,,,,
11/04/1924,Massachusetts,MA,Other,independent,0.381028414,,,,
11/04/1924,Michigan,MI,Coolidge,republican,75.37199925,,,,
11/04/1924,Michigan,MI,Davis,democrat,13.12965403,,,,
11/04/1924,Michigan,MI,La Follette,independent,10.51465031,,,,
11/04/1924,Michigan,MI,Other,independent,0.983696406,,,,
11/04/1924,Minnesota,MN,Coolidge,republican,51.17813624,,,,
11/04/1924,Minnesota,MN,Davis,democrat,6.800860188,,,,
11/04/1924,Minnesota,MN,La Follette,independent,41.25690571,,,,
11/04/1924,Minnesota,MN,Other,independent,0.764097861,,,,
11/04/1924,Mississippi,MS,Coolidge,republican,7.552773381,,,,
11/04/1924,Mississippi,MS,Davis,democrat,89.34039942,,,,
11/04/1924,Mississippi,MS,La Follette,independent,3.106827195,,,,
11/04/1924,Mississippi,MS,Other,independent,0,,,,
11/04/1924,Missouri,MO,Coolidge,republican,49.58003239,,,,
11/04/1924,Missouri,MO,Davis,democrat,43.78986175,,,,
11/04/1924,Missouri,MO,La Follette,independent,6.434457376,,,,
11/04/1924,Missouri,MO,Other,independent,0.195648484,,,,
11/04/1924,Montana,MT,Coolidge,republican,42.50471555,,,,
11/04/1924,Montana,MT,Davis,democrat,19.38104493,,,,
11/04/1924,Montana,MT,La Follette,independent,37.90956468,,,,
11/04/1924,Montana,MT,Other,independent,0.204674842,,,,
11/04/1924,Nebraska,NE,Coolidge,republican,47.09127847,,,,
11/04/1924,Nebraska,NE,Davis,democrat,29.57711888,,,,
11/04/1924,Nebraska,NE,La Follette,independent,22.98733446,,,,
11/04/1924,Nebraska,NE,Other,independent,0.344268193,,,,
11/04/1924,Nevada,NV,Coolidge,republican,41.762936,,,,
11/04/1924,Nevada,NV,Davis,democrat,21.94940753,,,,
11/04/1924,Nevada,NV,La Follette,independent,36.28765648,,,,
11/04/1924,Nevada,NV,Other,independent,0,,,,
11/04/1924,New Hampshire,NH,Coolidge,republican,59.8261809,,,,
11/04/1924,New Hampshire,NH,Davis,democrat,34.71587495,,,,
11/04/1924,New Hampshire,NH,La Follette,independent,5.457944152,,,,
11/04/1924,New Hampshire,NH,Other,independent,0,,,,
11/04/1924,New Jersey,NJ,Coolidge,republican,62.16509112,,,,
11/04/1924,New Jersey,NJ,Davis,democrat,27.41448826,,,,
11/04/1924,New Jersey,NJ,La Follette,independent,10.02698699,,,,
11/04/1924,New Jersey,NJ,Other,independent,0.393433627,,,,
11/04/1924,New Mexico,NM,Coolidge,republican,48.51989719,,,,
11/04/1924,New Mexico,NM,Davis,democrat,43.02224586,,,,
11/04/1924,New Mexico,NM,La Follette,independent,8.457856953,,,,
11/04/1924,New Mexico,NM,Other,independent,0,,,,
11/04/1924,New York,NY,Coolidge,republican,55.76262301,,,,
11/04/1924,New York,NY,Davis,democrat,29.13032382,,,,
11/04/1924,New York,NY,La Follette,independent,14.55030256,,,,
11/04/1924,New York,NY,Other,independent,0.556750601,,,,
11/04/1924,North Carolina,NC,Coolidge,republican,39.72615795,,,,
11/04/1924,North Carolina,NC,Davis,democrat,58.89323723,,,,
11/04/1924,North Carolina,NC,La Follette,independent,1.377911566,,,,
11/04/1924,North Carolina,NC,Other,independent,0.002693257,,,,
11/04/1924,North Dakota,ND,Coolidge,republican,47.68461079,,,,
11/04/1924,North Dakota,ND,Davis,democrat,6.960985729,,,,
11/04/1924,North Dakota,ND,La Follette,independent,45.16854948,,,,
11/04/1924,North Dakota,ND,Other,independent,0.185853999,,,,
11/04/1924,Ohio,OH,Coolidge,republican,58.33292416,,,,
11/04/1924,Ohio,OH,Davis,democrat,23.70197551,,,,
11/04/1924,Ohio,OH,La Follette,independent,17.75327008,,,,
11/04/1924,Ohio,OH,Other,independent,0.211830256,,,,
11/04/1924,Oklahoma,OK,Coolidge,republican,42.81521153,,,,
11/04/1924,Oklahoma,OK,Davis,democrat,48.40854253,,,,
11/04/1924,Oklahoma,OK,La Follette,independent,8.776245943,,,,
11/04/1924,Oklahoma,OK,Other,independent,0,,,,
11/04/1924,Oregon,OR,Coolidge,republican,51.01435482,,,,
11/04/1924,Oregon,OR,Davis,democrat,24.18314919,,,,
11/04/1924,Oregon,OR,La Follette,independent,24.47439604,,,,
11/04/1924,Oregon,OR,Other,independent,0.328099954,,,,
11/04/1924,Pennsylvania,PA,Coolidge,republican,65.34167891,,,,
11/04/1924,Pennsylvania,PA,Davis,democrat,19.07788423,,,,
11/04/1924,Pennsylvania,PA,La Follette,independent,14.33979066,,,,
11/04/1924,Pennsylvania,PA,Other,independent,1.240646199,,,,
11/04/1924,Rhode Island,RI,Coolidge,republican,59.62734693,,,,
11/04/1924,Rhode Island,RI,Davis,democrat,36.45908193,,,,
11/04/1924,Rhode Island,RI,La Follette,independent,3.63039288,,,,
11/04/1924,Rhode Island,RI,Other,independent,0.28317826,,,,
11/04/1924,South Carolina,SC,Coolidge,republican,2.212720681,,,,
11/04/1924,South Carolina,SC,Davis,democrat,96.56368222,,,,
11/04/1924,South Carolina,SC,La Follette,independent,1.221626734,,,,
11/04/1924,South Carolina,SC,Other,independent,0.001970366,,,,
11/04/1924,South Dakota,SD,Coolidge,republican,49.68852395,,,,
11/04/1924,South Dakota,SD,Davis,democrat,13.34883356,,,,
11/04/1924,South Dakota,SD,La Follette,independent,36.96264249,,,,
11/04/1924,South Dakota,SD,Other,independent,0,,,,
11/04/1924,Tennessee,TN,Coolidge,republican,43.54406768,,,,
11/04/1924,Tennessee,TN,Davis,democrat,52.85523949,,,,
11/04/1924,Tennessee,TN,La Follette,independent,3.534075012,,,,
11/04/1924,Tennessee,TN,Other,independent,0.066617814,,,,
11/04/1924,Texas,TX,Coolidge,republican,19.77509053,,,,
11/04/1924,Texas,TX,Davis,democrat,73.70317364,,,,
11/04/1924,Texas,TX,La Follette,independent,6.521735824,,,,
11/04/1924,Texas,TX,Other,independent,0,,,,
11/04/1924,Utah,UT,Coolidge,republican,49.25600357,,,,
11/04/1924,Utah,UT,Davis,democrat,29.93884961,,,,
11/04/1924,Utah,UT,La Follette,independent,20.80514682,,,,
11/04/1924,Utah,UT,Other,independent,0,,,,
11/04/1924,Vermont,VT,Coolidge,republican,78.21642683,,,,
11/04/1924,Vermont,VT,Davis,democrat,15.66699379,,,,
11/04/1924,Vermont,VT,La Follette,independent,5.794960988,,,,
11/04/1924,Vermont,VT,Other,independent,0.321618392,,,,
11/04/1924,Virginia,VA,Coolidge,republican,32.78682659,,,,
11/04/1924,Virginia,VA,Davis,democrat,62.48423538,,,,
11/04/1924,Virginia,VA,La Follette,independent,4.640835055,,,,
11/04/1924,Virginia,VA,Other,independent,0.088102969,,,,
11/04/1924,Washington,WA,Coolidge,republican,52.24161367,,,,
11/04/1924,Washington,WA,Davis,democrat,10.1629941,,,,
11/04/1924,Washington,WA,La Follette,independent,35.75551122,,,,
11/04/1924,Washington,WA,Other,independent,1.83988101,,,,
11/04/1924,West Virginia,WV,Coolidge,republican,49.45242281,,,,
11/04/1924,West Virginia,WV,Davis,democrat,44.07208282,,,,
11/04/1924,West Virginia,WV,La Follette,independent,6.291826434,,,,
11/04/1924,West Virginia,WV,Other,independent,0.183667945,,,,
11/04/1924,Wisconsin,WI,Coolidge,republican,37.06046197,,,,
11/04/1924,Wisconsin,WI,Davis,democrat,8.100962625,,,,
11/04/1924,Wisconsin,WI,La Follette,independent,53.95622876,,,,
11/04/1924,Wisconsin,WI,Other,independent,0.882346645,,,,
11/04/1924,Wyoming,WY,Coolidge,republican,52.38798498,,,,
11/04/1924,Wyoming,WY,Davis,democrat,16.10513141,,,,
11/04/1924,Wyoming,WY,La Follette,independent,31.5068836,,,,
11/04/1924,Wyoming,WY,Other,independent,0,,,,
11/04/1924,National Popular Vote,NPV,Coolidge,republican,54.03111112,,,,
11/04/1924,National Popular Vote,NPV,Davis,democrat,28.81947328,,,,
11/04/1924,National Popular Vote,NPV,La Follette,independent,16.61528022,,,,
11/06/1928,Alabama,AL,Hoover,republican,48.4876356,,,,
11/06/1928,Alabama,AL,Smith,democrat,51.32761134,,,,
11/06/1928,Alabama,AL,Other,independent,0.184753053,,,,
11/06/1928,Arizona,AZ,Hoover,republican,57.56788744,,,,
11/06/1928,Arizona,AZ,Smith,democrat,42.23047757,,,,
11/06/1928,Arizona,AZ,Other,independent,0.201634997,,,,
11/06/1928,Arkansas,AR,Hoover,republican,39.32916188,,,,
11/06/1928,Arkansas,AR,Smith,democrat,60.29348535,,,,
11/06/1928,Arkansas,AR,Other,independent,0.377352764,,,,
11/06/1928,California,CA,Hoover,republican,64.69368649,,,,
11/06/1928,California,CA,Smith,democrat,34.19491544,,,,
11/06/1928,California,CA,Other,independent,1.111398064,,,,
11/06/1928,Colorado,CO,Hoover,republican,64.72330857,,,,
11/06/1928,Colorado,CO,Smith,democrat,33.9410364,,,,
11/06/1928,Colorado,CO,Other,independent,1.335655029,,,,
11/06/1928,Connecticut,CT,Hoover,republican,53.63010826,,,,
11/06/1928,Connecticut,CT,Smith,democrat,45.57477166,,,,
11/06/1928,Connecticut,CT,Other,independent,0.795120082,,,,
11/06/1928,Delaware,DE,Hoover,republican,65.02913373,,,,
11/06/1928,Delaware,DE,Smith,democrat,34.60445175,,,,
11/06/1928,Delaware,DE,Other,independent,0.366414521,,,,
11/06/1928,Florida,FL,Hoover,republican,56.83199697,,,,
11/06/1928,Florida,FL,Smith,democrat,40.11605446,,,,
11/06/1928,Florida,FL,Other,independent,3.051948564,,,,
11/06/1928,Georgia,GA,Hoover,republican,43.3622217,,,,
11/06/1928,Georgia,GA,Smith,democrat,56.55573884,,,,
11/06/1928,Georgia,GA,Other,independent,0.082039466,,,,
11/06/1928,Idaho,ID,Hoover,republican,64.2215638,,,,
11/06/1928,Idaho,ID,Smith,democrat,34.92520176,,,,
11/06/1928,Idaho,ID,Other,independent,0.853234438,,,,
11/06/1928,Illinois,IL,Hoover,republican,56.93152896,,,,
11/06/1928,Illinois,IL,Smith,democrat,42.27905553,,,,
11/06/1928,Illinois,IL,Other,independent,0.789415506,,,,
11/06/1928,Indiana,IN,Hoover,republican,59.68350414,,,,
11/06/1928,Indiana,IN,Smith,democrat,39.58949254,,,,
11/06/1928,Indiana,IN,Other,independent,0.727003322,,,,
11/06/1928,Iowa,IA,Hoover,republican,61.77085634,,,,
11/06/1928,Iowa,IA,Smith,democrat,37.57455505,,,,
11/06/1928,Iowa,IA,Other,independent,0.654588609,,,,
11/06/1928,Kansas,KS,Hoover,republican,72.0235558,,,,
11/06/1928,Kansas,KS,Smith,democrat,27.06155356,,,,
11/06/1928,Kansas,KS,Other,independent,0.914890634,,,,
11/06/1928,Kentucky,KY,Hoover,republican,59.35933639,,,,
11/06/1928,Kentucky,KY,Smith,democrat,40.48449229,,,,
11/06/1928,Kentucky,KY,Other,independent,0.156171317,,,,
11/06/1928,Louisiana,LA,Hoover,republican,23.70351151,,,,
11/06/1928,Louisiana,LA,Smith,democrat,76.28814871,,,,
11/06/1928,Louisiana,LA,Other,independent,0.008339781,,,,
11/06/1928,Maine,ME,Hoover,republican,68.62810913,,,,
11/06/1928,Maine,ME,Smith,democrat,30.96414172,,,,
11/06/1928,Maine,ME,Other,independent,0.407749141,,,,
11/06/1928,Maryland,MD,Hoover,republican,57.06068727,,,,
11/06/1928,Maryland,MD,Smith,democrat,42.32551273,,,,
11/06/1928,Maryland,MD,Other,independent,0.613799996,,,,
11/06/1928,Massachusetts,MA,Hoover,republican,49.15418269,,,,
11/06/1928,Massachusetts,MA,Smith,democrat,50.24378527,,,,
11/06/1928,Massachusetts,MA,Other,independent,0.60203204,,,,
11/06/1928,Michigan,MI,Hoover,republican,70.35993476,,,,
11/06/1928,Michigan,MI,Smith,democrat,28.91678486,,,,
11/06/1928,Michigan,MI,Other,independent,0.723280387,,,,
11/06/1928,Minnesota,MN,Hoover,republican,57.7745485,,,,
11/06/1928,Minnesota,MN,Smith,democrat,40.8301544,,,,
11/06/1928,Minnesota,MN,Other,independent,1.395297103,,,,
11/06/1928,Mississippi,MS,Hoover,republican,17.90008702,,,,
11/06/1928,Mississippi,MS,Smith,democrat,82.09991298,,,,
11/06/1928,Mississippi,MS,Other,independent,0,,,,
11/06/1928,Missouri,MO,Hoover,republican,55.57861854,,,,
11/06/1928,Missouri,MO,Smith,democrat,44.14957877,,,,
11/06/1928,Missouri,MO,Other,independent,0.271802687,,,,
11/06/1928,Montana,MT,Hoover,republican,58.36956746,,,,
11/06/1928,Montana,MT,Smith,democrat,40.48158757,,,,
11/06/1928,Montana,MT,Other,independent,1.148844973,,,,
11/06/1928,Nebraska,NE,Hoover,republican,63.19086018,,,,
11/06/1928,Nebraska,NE,Smith,democrat,36.18042051,,,,
11/06/1928,Nebraska,NE,Other,independent,0.628719313,,,,
11/06/1928,Nevada,NV,Hoover,republican,56.53515131,,,,
11/06/1928,Nevada,NV,Smith,democrat,43.46484869,,,,
11/06/1928,Nevada,NV,Other,independent,0,,,,
11/06/1928,New Hampshire,NH,Hoover,republican,58.65305936,,,,
11/06/1928,New Hampshire,NH,Smith,democrat,41.0226828,,,,
11/06/1928,New Hampshire,NH,Other,independent,0.324257841,,,,
11/06/1928,New Jersey,NJ,Hoover,republican,59.76903034,,,,
11/06/1928,New Jersey,NJ,Smith,democrat,39.79118112,,,,
11/06/1928,New Jersey,NJ,Other,independent,0.439788535,,,,
11/06/1928,New Mexico,NM,Hoover,republican,59.01418476,,,,
11/06/1928,New Mexico,NM,Smith,democrat,40.85193282,,,,
11/06/1928,New Mexico,NM,Other,independent,0.133882421,,,,
11/06/1928,New York,NY,Hoover,republican,49.78507027,,,,
11/06/1928,New York,NY,Smith,democrat,47.43623267,,,,
11/06/1928,New York,NY,Other,independent,2.778697057,,,,
11/06/1928,North Carolina,NC,Hoover,republican,54.93552704,,,,
11/06/1928,North Carolina,NC,Smith,democrat,45.06447296,,,,
11/06/1928,North Carolina,NC,Other,independent,0,,,,
11/06/1928,North Dakota,ND,Hoover,republican,54.79745025,,,,
11/06/1928,North Dakota,ND,Smith,democrat,44.46130564,,,,
11/06/1928,North Dakota,ND,Other,independent,0.741244106,,,,
11/06/1928,Ohio,OH,Hoover,republican,64.88522716,,,,
11/06/1928,Ohio,OH,Smith,democrat,34.45338083,,,,
11/06/1928,Ohio,OH,Other,independent,0.661392009,,,,
11/06/1928,Oklahoma,OK,Hoover,republican,63.71746382,,,,
11/06/1928,Oklahoma,OK,Smith,democrat,35.4405613,,,,
11/06/1928,Oklahoma,OK,Other,independent,0.841974881,,,,
11/06/1928,Oregon,OR,Hoover,republican,64.18069525,,,,
11/06/1928,Oregon,OR,Smith,democrat,34.13837508,,,,
11/06/1928,Oregon,OR,Other,independent,1.680929669,,,,
11/06/1928,Pennsylvania,PA,Hoover,republican,65.23758891,,,,
11/06/1928,Pennsylvania,PA,Smith,democrat,33.88505718,,,,
11/06/1928,Pennsylvania,PA,Other,independent,0.877353909,,,,
11/06/1928,Rhode Island,RI,Hoover,republican,49.54678449,,,,
11/06/1928,Rhode Island,RI,Smith,democrat,50.15852003,,,,
11/06/1928,Rhode Island,RI,Other,independent,0.294695481,,,,
11/06/1928,South Carolina,SC,Hoover,republican,8.538736244,,,,
11/06/1928,South Carolina,SC,Smith,democrat,91.39275563,,,,
11/06/1928,South Carolina,SC,Other,independent,0.068508126,,,,
11/06/1928,South Dakota,SD,Hoover,republican,60.18482806,,,,
11/06/1928,South Dakota,SD,Smith,democrat,39.20340634,,,,
11/06/1928,South Dakota,SD,Other,independent,0.611765604,,,,
11/06/1928,Tennessee,TN,Hoover,republican,53.75584982,,,,
11/06/1928,Tennessee,TN,Smith,democrat,46.04000847,,,,
11/06/1928,Tennessee,TN,Other,independent,0.204141711,,,,
11/06/1928,Texas,TX,Hoover,republican,51.76819713,,,,
11/06/1928,Texas,TX,Smith,democrat,48.10049097,,,,
11/06/1928,Texas,TX,Other,independent,0.131311892,,,,
11/06/1928,Utah,UT,Hoover,republican,53.57666631,,,,
11/06/1928,Utah,UT,Smith,democrat,45.8570919,,,,
11/06/1928,Utah,UT,Other,independent,0.566241797,,,,
11/06/1928,Vermont,VT,Hoover,republican,66.8713154,,,,
11/06/1928,Vermont,VT,Smith,democrat,32.87201071,,,,
11/06/1928,Vermont,VT,Other,independent,0.256673891,,,,
11/06/1928,Virginia,VA,Hoover,republican,53.90688962,,,,
11/06/1928,Virginia,VA,Smith,democrat,45.89563725,,,,
11/06/1928,Virginia,VA,Other,independent,0.19747313,,,,
11/06/1928,Washington,WA,Hoover,republican,67.05614568,,,,
11/06/1928,Washington,WA,Smith,democrat,31.30181295,,,,
11/06/1928,Washington,WA,Other,independent,1.64204137,,,,
11/06/1928,West Virginia,WV,Hoover,republican,58.42860077,,,,
11/06/1928,West Virginia,WV,Smith,democrat,41.03977895,,,,
11/06/1928,West Virginia,WV,Other,independent,0.531620283,,,,
11/06/1928,Wisconsin,WI,Hoover,republican,53.51970976,,,,
11/06/1928,Wisconsin,WI,Smith,democrat,44.280613,,,,
11/06/1928,Wisconsin,WI,Other,independent,2.199677232,,,,
11/06/1928,Wyoming,WY,Hoover,republican,63.67839681,,,,
11/06/1928,Wyoming,WY,Smith,democrat,35.37031448,,,,
11/06/1928,Wyoming,WY,Other,independent,0.951288707,,,,
11/06/1928,National Popular Vote,NPV,Hoover,republican,58.21567199,,,,
11/06/1928,National Popular Vote,NPV,Smith,democrat,40.79404197,,,,
11/08/1932,Alabama,AL,Hoover,republican,14.132641,,,,
11/08/1932,Alabama,AL,Roosevelt,democrat,84.73878559,,,,
11/08/1932,Alabama,AL,Thomas,independent,0.827375955,,,,
11/08/1932,Alabama,AL,Other,independent,0.301197454,,,,
11/08/1932,Arizona,AZ,Hoover,republican,30.53166569,,,,
11/08/1932,Arizona,AZ,Roosevelt,democrat,67.03029996,,,,
11/08/1932,Arizona,AZ,Thomas,independent,2.213934766,,,,
11/08/1932,Arizona,AZ,Other,independent,0.224099585,,,,
11/08/1932,Arkansas,AR,Hoover,republican,12.90657502,,,,
11/08/1932,Arkansas,AR,Roosevelt,democrat,85.96313055,,,,
11/08/1932,Arkansas,AR,Thomas,independent,0.575348428,,,,
11/08/1932,Arkansas,AR,Other,independent,0.554946002,,,,
11/08/1932,California,CA,Hoover,republican,37.3860102,,,,
11/08/1932,California,CA,Roosevelt,democrat,58.38522271,,,,
11/08/1932,California,CA,Thomas,independent,2.79100304,,,,
11/08/1932,California,CA,Other,independent,1.437764058,,,,
11/08/1932,Colorado,CO,Hoover,republican,41.42859016,,,,
11/08/1932,Colorado,CO,Roosevelt,democrat,54.81302,,,,
11/08/1932,Colorado,CO,Thomas,independent,2.96943823,,,,
11/08/1932,Colorado,CO,Other,independent,0.788951619,,,,
11/08/1932,Connecticut,CN,Hoover,republican,48.54060113,,,,
11/08/1932,Connecticut,CN,Roosevelt,democrat,47.39819214,,,,
11/08/1932,Connecticut,CN,Thomas,independent,3.44674957,,,,
11/08/1932,Connecticut,CN,Other,independent,0.614457162,,,,
11/08/1932,Delaware,DE,Hoover,republican,50.55136801,,,,
11/08/1932,Delaware,DE,Roosevelt,democrat,48.11206278,,,,
11/08/1932,Delaware,DE,Thomas,independent,1.218766884,,,,
11/08/1932,Delaware,DE,Other,independent,0.117802322,,,,
11/08/1932,Florida,FL,Hoover,republican,25.03873275,,,,
11/08/1932,Florida,FL,Roosevelt,democrat,74.68072629,,,,
11/08/1932,Florida,FL,Thomas,independent,0.280540955,,,,
11/08/1932,Florida,FL,Other,independent,0,,,,
11/08/1932,Georgia,GA,Hoover,republican,7.771430807,,,,
11/08/1932,Georgia,GA,Roosevelt,democrat,91.59904535,,,,
11/08/1932,Georgia,GA,Thomas,independent,0.180366994,,,,
11/08/1932,Georgia,GA,Other,independent,0.449156853,,,,
11/08/1932,Idaho,ID,Hoover,republican,38.26764903,,,,
11/08/1932,Idaho,ID,Roosevelt,democrat,58.66255861,,,,
11/08/1932,Idaho,ID,Thomas,independent,0.281848627,,,,
11/08/1932,Idaho,ID,Other,independent,2.787943737,,,,
11/08/1932,Illinois,IL,Hoover,republican,42.04187532,,,,
11/08/1932,Illinois,IL,Roosevelt,democrat,55.23312419,,,,
11/08/1932,Illinois,IL,Thomas,independent,1.973575717,,,,
11/08/1932,Illinois,IL,Other,independent,0.751424767,,,,
11/08/1932,Indiana,IN,Hoover,republican,42.94326878,,,,
11/08/1932,Indiana,IN,Roosevelt,democrat,54.66670302,,,,
11/08/1932,Indiana,IN,Thomas,independent,1.356308821,,,,
11/08/1932,Indiana,IN,Other,independent,1.03371938,,,,
11/08/1932,Iowa,IA,Hoover,republican,39.9766757,,,,
11/08/1932,Iowa,IA,Roosevelt,democrat,57.6855888,,,,
11/08/1932,Iowa,IA,Thomas,independent,1.974269958,,,,
11/08/1932,Iowa,IA,Other,independent,0.36346554,,,,
11/08/1932,Kansas,KS,Hoover,republican,44.12976118,,,,
11/08/1932,Kansas,KS,Roosevelt,democrat,53.56259896,,,,
11/08/1932,Kansas,KS,Thomas,independent,2.307639859,,,,
11/08/1932,Kansas,KS,Other,independent,0,,,,
11/08/1932,Kentucky,KY,Hoover,republican,40.15164847,,,,
11/08/1932,Kentucky,KY,Roosevelt,democrat,59.05765958,,,,
11/08/1932,Kentucky,KY,Thomas,independent,0.391938258,,,,
11/08/1932,Kentucky,KY,Other,independent,0.398753691,,,,
11/08/1932,Louisiana,LA,Hoover,republican,7.013660511,,,,
11/08/1932,Louisiana,LA,Roosevelt,democrat,92.78805375,,,,
11/08/1932,Louisiana,LA,Thomas,independent,0,,,,
11/08/1932,Louisiana,LA,Other,independent,0.19828574,,,,
11/08/1932,Maine,ME,Hoover,republican,55.83325515,,,,
11/08/1932,Maine,ME,Roosevelt,democrat,43.19302784,,,,
11/08/1932,Maine,ME,Thomas,independent,0.833992307,,,,
11/08/1932,Maine,ME,Other,independent,0.139724706,,,,
11/08/1932,Maryland,MD,Hoover,republican,36.04002708,,,,
11/08/1932,Maryland,MD,Roosevelt,democrat,61.50308969,,,,
11/08/1932,Maryland,MD,Thomas,independent,2.052424988,,,,
11/08/1932,Maryland,MD,Other,independent,0.404458237,,,,
11/08/1932,Massachusetts,MA,Hoover,republican,46.63960955,,,,
11/08/1932,Massachusetts,MA,Roosevelt,democrat,50.63862481,,,,
11/08/1932,Massachusetts,MA,Thomas,independent,2.171045887,,,,
11/08/1932,Massachusetts,MA,Other,independent,0.550719758,,,,
11/08/1932,Michigan,MI,Hoover,republican,44.444351,,,,
11/08/1932,Michigan,MI,Roosevelt,democrat,52.36174475,,,,
11/08/1932,Michigan,MI,Thomas,independent,2.35498704,,,,
11/08/1932,Michigan,MI,Other,independent,0.838917205,,,,
11/08/1932,Minnesota,MN,Hoover,republican,36.2927198,,,,
11/08/1932,Minnesota,MN,Roosevelt,democrat,59.91027509,,,,
11/08/1932,Minnesota,MN,Thomas,independent,2.540377706,,,,
11/08/1932,Minnesota,MN,Other,independent,1.256627408,,,,
11/08/1932,Mississippi,MS,Hoover,republican,3.547119164,,,,
11/08/1932,Mississippi,MS,Roosevelt,democrat,95.98312722,,,,
11/08/1932,Mississippi,MS,Thomas,independent,0.469753619,,,,
11/08/1932,Mississippi,MS,Other,independent,0,,,,
11/08/1932,Missouri,MO,Hoover,republican,35.07765108,,,,
11/08/1932,Missouri,MO,Roosevelt,democrat,63.69400718,,,,
11/08/1932,Missouri,MO,Thomas,independent,1.017085597,,,,
11/08/1932,Missouri,MO,Other,independent,0.211256145,,,,
11/08/1932,Montana,MT,Hoover,republican,36.06723978,,,,
11/08/1932,Montana,MT,Roosevelt,democrat,58.798313,,,,
11/08/1932,Montana,MT,Thomas,independent,3.645157267,,,,
11/08/1932,Montana,MT,Other,independent,1.489289954,,,,
11/08/1932,Nebraska,NE,Hoover,republican,35.28572957,,,,
11/08/1932,Nebraska,NE,Roosevelt,democrat,62.9817044,,,,
11/08/1932,Nebraska,NE,Thomas,independent,1.732215239,,,,
11/08/1932,Nebraska,NE,Other,independent,0.000350793,,,,
11/08/1932,Nevada,NV,Hoover,republican,30.59135892,,,,
11/08/1932,Nevada,NV,Roosevelt,democrat,69.40864108,,,,
11/08/1932,Nevada,NV,Thomas,independent,0,,,,
11/08/1932,Nevada,NV,Other,independent,0,,,,
11/08/1932,New Hampshire,NH,Hoover,republican,50.42282989,,,,
11/08/1932,New Hampshire,NH,Roosevelt,democrat,48.98793305,,,,
11/08/1932,New Hampshire,NH,Thomas,independent,0.460782406,,,,
11/08/1932,New Hampshire,NH,Other,independent,0.128454652,,,,
11/08/1932,New Jersey,NJ,Hoover,republican,47.58613624,,,,
11/08/1932,New Jersey,NJ,Roosevelt,democrat,49.48459047,,,,
11/08/1932,New Jersey,NJ,Thomas,independent,2.637812158,,,,
11/08/1932,New Jersey,NJ,Other,independent,0.291461128,,,,
11/08/1932,New Mexico,NM,Hoover,republican,35.76177724,,,,
11/08/1932,New Mexico,NM,Roosevelt,democrat,62.72113241,,,,
11/08/1932,New Mexico,NM,Thomas,independent,1.171457594,,,,
11/08/1932,New Mexico,NM,Other,independent,0.345632759,,,,
11/08/1932,New York,NY,Hoover,republican,41.33338765,,,,
11/08/1932,New York,NY,Roosevelt,democrat,54.0662763,,,,
11/08/1932,New York,NY,Thomas,independent,3.783570155,,,,
11/08/1932,New York,NY,Other,independent,0.816765893,,,,
11/08/1932,North Carolina,NC,Hoover,republican,29.28232005,,,,
11/08/1932,North Carolina,NC,Roosevelt,democrat,69.93187641,,,,
11/08/1932,North Carolina,NC,Thomas,independent,0.785803534,,,,
11/08/1932,North Carolina,NC,Other,independent,0,,,,
11/08/1932,North Dakota,ND,Hoover,republican,28.00421398,,,,
11/08/1932,North Dakota,ND,Roosevelt,democrat,69.58913731,,,,
11/08/1932,North Dakota,ND,Thomas,independent,1.373834328,,,,
11/08/1932,North Dakota,ND,Other,independent,1.03281439,,,,
11/08/1932,Ohio,OH,Hoover,republican,47.02861754,,,,
11/08/1932,Ohio,OH,Roosevelt,democrat,49.87856972,,,,
11/08/1932,Ohio,OH,Thomas,independent,2.45596476,,,,
11/08/1932,Ohio,OH,Other,independent,0.636847978,,,,
11/08/1932,Oklahoma,OK,Hoover,republican,26.70397214,,,,
11/08/1932,Oklahoma,OK,Roosevelt,democrat,73.29602786,,,,
11/08/1932,Oklahoma,OK,Thomas,independent,0,,,,
11/08/1932,Oklahoma,OK,Other,independent,0,,,,
11/08/1932,Oregon,OR,Hoover,republican,36.88070758,,,,
11/08/1932,Oregon,OR,Roosevelt,democrat,57.98979415,,,,
11/08/1932,Oregon,OR,Thomas,independent,4.189171601,,,,
11/08/1932,Oregon,OR,Other,independent,0.940326674,,,,
11/08/1932,Pennsylvania,PA,Hoover,republican,50.8377061,,,,
11/08/1932,Pennsylvania,PA,Roosevelt,democrat,45.32591022,,,,
11/08/1932,Pennsylvania,PA,Thomas,independent,3.1905335,,,,
11/08/1932,Pennsylvania,PA,Other,independent,0.645850187,,,,
11/08/1932,Rhode Island,RI,Hoover,republican,43.30540632,,,,
11/08/1932,Rhode Island,RI,Roosevelt,democrat,55.0790848,,,,
11/08/1932,Rhode Island,RI,Thomas,independent,1.178945787,,,,
11/08/1932,Rhode Island,RI,Other,independent,0.436563099,,,,
11/08/1932,South Carolina,SC,Hoover,republican,1.894508989,,,,
11/08/1932,South Carolina,SC,Roosevelt,democrat,98.02695222,,,,
11/08/1932,South Carolina,SC,Thomas,independent,0.078538795,,,,
11/08/1932,South Carolina,SC,Other,independent,0,,,,
11/08/1932,South Dakota,SD,Hoover,republican,34.39630007,,,,
11/08/1932,South Dakota,SD,Roosevelt,democrat,63.62372503,,,,
11/08/1932,South Dakota,SD,Thomas,independent,0.537723878,,,,
11/08/1932,South Dakota,SD,Other,independent,1.442251021,,,,
11/08/1932,Tennessee,TN,Hoover,republican,32.47919315,,,,
11/08/1932,Tennessee,TN,Roosevelt,democrat,66.48789513,,,,
11/08/1932,Tennessee,TN,Thomas,independent,0.460210734,,,,
11/08/1932,Tennessee,TN,Other,independent,0.572700996,,,,
11/08/1932,Texas,TX,Hoover,republican,11.34538455,,,,
11/08/1932,Texas,TX,Roosevelt,democrat,88.06174472,,,,
11/08/1932,Texas,TX,Thomas,independent,0.515388696,,,,
11/08/1932,Texas,TX,Other,independent,0.077482031,,,,
11/08/1932,Utah,UT,Hoover,republican,41.04744939,,,,
11/08/1932,Utah,UT,Roosevelt,democrat,56.51618275,,,,
11/08/1932,Utah,UT,Thomas,independent,1.978429455,,,,
11/08/1932,Utah,UT,Other,independent,0.457938406,,,,
11/08/1932,Vermont,VT,Hoover,republican,57.6609724,,,,
11/08/1932,Vermont,VT,Roosevelt,democrat,41.0760695,,,,
11/08/1932,Vermont,VT,Thomas,independent,1.119141481,,,,
11/08/1932,Vermont,VT,Other,independent,0.143816616,,,,
11/08/1932,Virginia,VA,Hoover,republican,30.08538575,,,,
11/08/1932,Virginia,VA,Roosevelt,democrat,68.46265381,,,,
11/08/1932,Virginia,VA,Thomas,independent,0.799484463,,,,
11/08/1932,Virginia,VA,Other,independent,0.652475985,,,,
11/08/1932,Washington,WA,Hoover,republican,33.93627992,,,,
11/08/1932,Washington,WA,Roosevelt,democrat,57.45802796,,,,
11/08/1932,Washington,WA,Thomas,independent,2.778075971,,,,
11/08/1932,Washington,WA,Other,independent,5.827616157,,,,
11/08/1932,West Virginia,WV,Hoover,republican,44.46659872,,,,
11/08/1932,West Virginia,WV,Roosevelt,democrat,54.46869614,,,,
11/08/1932,West Virginia,WV,Thomas,independent,0.690128991,,,,
11/08/1932,West Virginia,WV,Other,independent,0.374576148,,,,
11/08/1932,Wisconsin,WI,Hoover,republican,31.19290497,,,,
11/08/1932,Wisconsin,WI,Roosevelt,democrat,63.45576996,,,,
11/08/1932,Wisconsin,WI,Thomas,independent,4.788178772,,,,
11/08/1932,Wisconsin,WI,Other,independent,0.5631463,,,,
11/08/1932,Wyoming,WY,Hoover,republican,40.82320909,,,,
11/08/1932,Wyoming,WY,Roosevelt,democrat,56.07351334,,,,
11/08/1932,Wyoming,WY,Thomas,independent,2.917637838,,,,
11/08/1932,Wyoming,WY,Other,independent,0.185639735,,,,
11/08/1932,National Popular Vote,NPV,Hoover,republican,39.64920505,,,,
11/08/1932,National Popular Vote,NPV,Roosevelt,democrat,57.40906712,,,,
11/08/1932,National Popular Vote,NPV,Thomas,independent,2.226013519,,,,
11/03/1936,Alabama,AL,Landon,republican,12.82276314,,,,
11/03/1936,Alabama,AL,Roosevelt,democrat,86.38302193,,,,
11/03/1936,Alabama,AL,Other,independent,0.794214924,,,,
11/03/1936,Arizona,AZ,Landon,republican,26.92670119,,,,
11/03/1936,Arizona,AZ,Roosevelt,democrat,69.84528402,,,,
11/03/1936,Arizona,AZ,Other,independent,3.228014787,,,,
11/03/1936,Arkansas,AR,Landon,republican,17.85668504,,,,
11/03/1936,Arkansas,AR,Roosevelt,democrat,81.79832017,,,,
11/03/1936,Arkansas,AR,Other,independent,0.344994789,,,,
11/03/1936,California,CA,Landon,republican,31.69641538,,,,
11/03/1936,California,CA,Roosevelt,democrat,66.95396005,,,,
11/03/1936,California,CA,Other,independent,1.349624576,,,,
11/03/1936,Colorado,CO,Landon,republican,37.0928862,,,,
11/03/1936,Colorado,CO,Roosevelt,democrat,60.37050528,,,,
11/03/1936,Colorado,CO,Other,independent,2.536608524,,,,
11/03/1936,Connecticut,CT,Landon,republican,40.34685395,,,,
11/03/1936,Connecticut,CT,Roosevelt,democrat,55.32304556,,,,
11/03/1936,Connecticut,CT,Other,independent,4.330100489,,,,
11/03/1936,Delaware,DE,Landon,republican,44.85474479,,,,
11/03/1936,Delaware,DE,Roosevelt,democrat,54.62410758,,,,
11/03/1936,Delaware,DE,Other,independent,0.521147622,,,,
11/03/1936,Florida,FL,Landon,republican,23.897481,,,,
11/03/1936,Florida,FL,Roosevelt,democrat,76.08205673,,,,
11/03/1936,Florida,FL,Other,independent,0.020462264,,,,
11/03/1936,Georgia,GA,Landon,republican,12.60053619,,,,
11/03/1936,Georgia,GA,Roosevelt,democrat,87.10203358,,,,
11/03/1936,Georgia,GA,Other,independent,0.29743023,,,,
11/03/1936,Idaho,ID,Landon,republican,33.19156184,,,,
11/03/1936,Idaho,ID,Roosevelt,democrat,62.96207237,,,,
11/03/1936,Idaho,ID,Other,independent,3.84636579,,,,
11/03/1936,Illinois,IL,Landon,republican,39.69124903,,,,
11/03/1936,Illinois,IL,Roosevelt,democrat,57.70216872,,,,
11/03/1936,Illinois,IL,Other,independent,2.606582246,,,,
11/03/1936,Indiana,IN,Landon,republican,41.8905601,,,,
11/03/1936,Indiana,IN,Roosevelt,democrat,56.63430244,,,,
11/03/1936,Indiana,IN,Other,independent,1.475137456,,,,
11/03/1936,Iowa,IA,Landon,republican,42.70262607,,,,
11/03/1936,Iowa,IA,Roosevelt,democrat,54.40956024,,,,
11/03/1936,Iowa,IA,Other,independent,2.887813689,,,,
11/03/1936,Kansas,KS,Landon,republican,45.95269401,,,,
11/03/1936,Kansas,KS,Roosevelt,democrat,53.66984243,,,,
11/03/1936,Kansas,KS,Other,independent,0.377463565,,,,
11/03/1936,Kentucky,KY,Landon,republican,39.91574229,,,,
11/03/1936,Kentucky,KY,Roosevelt,democrat,58.51225321,,,,
11/03/1936,Kentucky,KY,Other,independent,1.5720045,,,,
11/03/1936,Louisiana,LA,Landon,republican,11.15629302,,,,
11/03/1936,Louisiana,LA,Roosevelt,democrat,88.81550619,,,,
11/03/1936,Louisiana,LA,Other,independent,0.02820079,,,,
11/03/1936,Maine,ME,Landon,republican,55.49007363,,,,
11/03/1936,Maine,ME,Roosevelt,democrat,41.52412569,,,,
11/03/1936,Maine,ME,Other,independent,2.985800684,,,,
11/03/1936,Maryland,MD,Landon,republican,37.03576275,,,,
11/03/1936,Maryland,MD,Roosevelt,democrat,62.34829476,,,,
11/03/1936,Maryland,MD,Other,independent,0.615942493,,,,
11/03/1936,Massachusetts,MA,Landon,republican,41.76434246,,,,
11/03/1936,Massachusetts,MA,Roosevelt,democrat,51.22462653,,,,
11/03/1936,Massachusetts,MA,Other,independent,7.011031012,,,,
11/03/1936,Michigan,MI,Landon,republican,38.76426654,,,,
11/03/1936,Michigan,MI,Roosevelt,democrat,56.32901926,,,,
11/03/1936,Michigan,MI,Other,independent,4.906714206,,,,
11/03/1936,Minnesota,MN,Landon,republican,31.01493396,,,,
11/03/1936,Minnesota,MN,Roosevelt,democrat,61.84304962,,,,
11/03/1936,Minnesota,MN,Other,independent,7.142016416,,,,
11/03/1936,Mississippi,MS,Landon,republican,2.754992537,,,,
11/03/1936,Mississippi,MS,Roosevelt,democrat,97.03408124,,,,
11/03/1936,Mississippi,MS,Other,independent,0.210926225,,,,
11/03/1936,Missouri,MO,Landon,republican,38.16458725,,,,
11/03/1936,Missouri,MO,Roosevelt,democrat,60.75805177,,,,
11/03/1936,Missouri,MO,Other,independent,1.077360982,,,,
11/03/1936,Montana,MT,Landon,republican,27.58988686,,,,
11/03/1936,Montana,MT,Roosevelt,democrat,69.27621989,,,,
11/03/1936,Montana,MT,Other,independent,3.133893246,,,,
11/03/1936,Nebraska,NE,Landon,republican,40.74368897,,,,
11/03/1936,Nebraska,NE,Roosevelt,democrat,57.14339754,,,,
11/03/1936,Nebraska,NE,Other,independent,2.112913492,,,,
11/03/1936,Nevada,NV,Landon,republican,27.19166211,,,,
11/03/1936,Nevada,NV,Roosevelt,democrat,72.80833789,,,,
11/03/1936,Nevada,NV,Other,independent,0,,,,
11/03/1936,New Hampshire,NH,Landon,republican,47.97582915,,,,
11/03/1936,New Hampshire,NH,Roosevelt,democrat,49.72628992,,,,
11/03/1936,New Hampshire,NH,Other,independent,2.297880925,,,,
11/03/1936,New Jersey,NJ,Landon,republican,39.56863105,,,,
11/03/1936,New Jersey,NJ,Roosevelt,democrat,59.53790216,,,,
11/03/1936,New Jersey,NJ,Other,independent,0.893466789,,,,
11/03/1936,New Mexico,NM,Landon,republican,36.49548292,,,,
11/03/1936,New Mexico,NM,Roosevelt,democrat,62.69333554,,,,
11/03/1936,New Mexico,NM,Other,independent,0.811181534,,,,
11/03/1936,New York,NY,Landon,republican,38.96559894,,,,
11/03/1936,New York,NY,Roosevelt,democrat,58.84538591,,,,
11/03/1936,New York,NY,Other,independent,2.189015149,,,,
11/03/1936,North Carolina,NC,Landon,republican,26.59828176,,,,
11/03/1936,North Carolina,NC,Roosevelt,democrat,73.39695329,,,,
11/03/1936,North Carolina,NC,Other,independent,0.004764945,,,,
11/03/1936,North Dakota,ND,Landon,republican,26.5790089,,,,
11/03/1936,North Dakota,ND,Roosevelt,democrat,59.6048459,,,,
11/03/1936,North Dakota,ND,Other,independent,13.8161452,,,,
11/03/1936,Ohio,OH,Landon,republican,37.43806407,,,,
11/03/1936,Ohio,OH,Roosevelt,democrat,57.99463518,,,,
11/03/1936,Ohio,OH,Other,independent,4.56730075,,,,
11/03/1936,Oklahoma,OK,Landon,republican,32.69426735,,,,
11/03/1936,Oklahoma,OK,Roosevelt,democrat,66.83236855,,,,
11/03/1936,Oklahoma,OK,Other,independent,0.4733641,,,,
11/03/1936,Oregon,OR,Landon,republican,29.63762708,,,,
11/03/1936,Oregon,OR,Roosevelt,democrat,64.42499294,,,,
11/03/1936,Oregon,OR,Other,independent,5.937379988,,,,
11/03/1936,Pennsylvania,PA,Landon,republican,40.84161466,,,,
11/03/1936,Pennsylvania,PA,Roosevelt,democrat,56.88121523,,,,
11/03/1936,Pennsylvania,PA,Other,independent,2.277170113,,,,
11/03/1936,Rhode Island,RI,Landon,republican,40.17989704,,,,
11/03/1936,Rhode Island,RI,Roosevelt,democrat,53.10079761,,,,
11/03/1936,Rhode Island,RI,Other,independent,6.719305349,,,,
11/03/1936,South Carolina,SC,Landon,republican,1.425885981,,,,
11/03/1936,South Carolina,SC,Roosevelt,democrat,98.57411402,,,,
11/03/1936,South Carolina,SC,Other,independent,0,,,,
11/03/1936,South Dakota,SD,Landon,republican,42.49490643,,,,
11/03/1936,South Dakota,SD,Roosevelt,democrat,54.01785112,,,,
11/03/1936,South Dakota,SD,Other,independent,3.487242454,,,,
11/03/1936,Tennessee,TN,Landon,republican,30.8114178,,,,
11/03/1936,Tennessee,TN,Roosevelt,democrat,68.78167465,,,,
11/03/1936,Tennessee,TN,Other,independent,0.406907545,,,,
11/03/1936,Texas,TX,Landon,republican,12.3168843,,,,
11/03/1936,Texas,TX,Roosevelt,democrat,87.08022256,,,,
11/03/1936,Texas,TX,Other,independent,0.602893134,,,,
11/03/1936,Utah,UT,Landon,republican,29.79319448,,,,
11/03/1936,Utah,UT,Roosevelt,democrat,69.34100066,,,,
11/03/1936,Utah,UT,Other,independent,0.865804862,,,,
11/03/1936,Vermont,VT,Landon,republican,56.38775411,,,,
11/03/1936,Vermont,VT,Roosevelt,democrat,43.23504235,,,,
11/03/1936,Vermont,VT,Other,independent,0.377203544,,,,
11/03/1936,Virginia,VA,Landon,republican,29.3899997,,,,
11/03/1936,Virginia,VA,Roosevelt,democrat,70.22923578,,,,
11/03/1936,Virginia,VA,Other,independent,0.380764518,,,,
11/03/1936,Washington,WA,Landon,republican,29.88309178,,,,
11/03/1936,Washington,WA,Roosevelt,democrat,66.38072733,,,,
11/03/1936,Washington,WA,Other,independent,3.736180883,,,,
11/03/1936,West Virginia,WV,Landon,republican,39.20235678,,,,
11/03/1936,West Virginia,WV,Roosevelt,democrat,60.55606094,,,,
11/03/1936,West Virginia,WV,Other,independent,0.241582274,,,,
11/03/1936,Wisconsin,WI,Landon,republican,30.25902619,,,,
11/03/1936,Wisconsin,WI,Roosevelt,democrat,63.80180524,,,,
11/03/1936,Wisconsin,WI,Other,independent,5.939168574,,,,
11/03/1936,Wyoming,WY,Landon,republican,37.47170687,,,,
11/03/1936,Wyoming,WY,Roosevelt,democrat,60.57534194,,,,
11/03/1936,Wyoming,WY,Other,independent,1.952951191,,,,
11/03/1936,National Popular Vote,NPV,Landon,republican,36.54319931,,,,
11/03/1936,National Popular Vote,NPV,Roosevelt,democrat,60.79904302,,,,
11/05/1940,Alabama,AL,Willkie,republican,14.33761926,,,,
11/05/1940,Alabama,AL,Roosevelt,democrat,85.21747406,,,,
11/05/1940,Alabama,AL,Other,independent,0.444906685,,,,
11/05/1940,Arizona,AZ,Willkie,republican,36.01063723,,,,
11/05/1940,Arizona,AZ,Roosevelt,democrat,63.49482468,,,,
11/05/1940,Arizona,AZ,Other,independent,0.494538087,,,,
11/05/1940,Arkansas,AR,Willkie,republican,20.98254983,,,,
11/05/1940,Arkansas,AR,Roosevelt,democrat,79.01745017,,,,
11/05/1940,Arkansas,AR,Other,independent,0,,,,
11/05/1940,California,CA,Willkie,republican,41.34308373,,,,
11/05/1940,California,CA,Roosevelt,democrat,57.44074797,,,,
11/05/1940,California,CA,Other,independent,1.216168302,,,,
11/05/1940,Colorado,CO,Willkie,republican,50.92421913,,,,
11/05/1940,Colorado,CO,Roosevelt,democrat,48.37013938,,,,
11/05/1940,Colorado,CO,Other,independent,0.705641489,,,,
11/05/1940,Connecticut,CT,Willkie,republican,46.29789815,,,,
11/05/1940,Connecticut,CT,Roosevelt,democrat,53.43825096,,,,
11/05/1940,Connecticut,CT,Other,independent,0.263850892,,,,
11/05/1940,Delaware,DE,Willkie,republican,45.052576,,,,
11/05/1940,Delaware,DE,Roosevelt,democrat,54.701776,,,,
11/05/1940,Delaware,DE,Other,independent,0.245647997,,,,
11/05/1940,Florida,FL,Willkie,republican,25.98559811,,,,
11/05/1940,Florida,FL,Roosevelt,democrat,74.01440189,,,,
11/05/1940,Florida,FL,Other,independent,0,,,,
11/05/1940,Georgia,GA,Willkie,republican,14.83277929,,,,
11/05/1940,Georgia,GA,Roosevelt,democrat,84.84823277,,,,
11/05/1940,Georgia,GA,Other,independent,0.318987941,,,,
11/05/1940,Idaho,ID,Willkie,republican,45.30931079,,,,
11/05/1940,Idaho,ID,Roosevelt,democrat,54.36198803,,,,
11/05/1940,Idaho,ID,Other,independent,0.328701184,,,,
11/05/1940,Illinois,IL,Willkie,republican,48.53654691,,,,
11/05/1940,Illinois,IL,Roosevelt,democrat,50.97124541,,,,
11/05/1940,Illinois,IL,Other,independent,0.49220768,,,,
11/05/1940,Indiana,IN,Willkie,republican,50.45393429,,,,
11/05/1940,Indiana,IN,Roosevelt,democrat,49.02899851,,,,
11/05/1940,Indiana,IN,Other,independent,0.5170672,,,,
11/05/1940,Iowa,IA,Willkie,republican,52.0285002,,,,
11/05/1940,Iowa,IA,Roosevelt,democrat,47.62100656,,,,
11/05/1940,Iowa,IA,Other,independent,0.350493241,,,,
11/05/1940,Kansas,KS,Willkie,republican,56.86047958,,,,
11/05/1940,Kansas,KS,Roosevelt,democrat,42.39524257,,,,
11/05/1940,Kansas,KS,Other,independent,0.744277848,,,,
11/05/1940,Kentucky,KY,Willkie,republican,42.30052063,,,,
11/05/1940,Kentucky,KY,Roosevelt,democrat,57.44622295,,,,
11/05/1940,Kentucky,KY,Other,independent,0.253256412,,,,
11/05/1940,Louisiana,LA,Willkie,republican,14.0868374,,,,
11/05/1940,Louisiana,LA,Roosevelt,democrat,85.88415412,,,,
11/05/1940,Louisiana,LA,Other,independent,0.029008474,,,,
11/05/1940,Maine,ME,Willkie,republican,51.10054856,,,,
11/05/1940,Maine,ME,Roosevelt,democrat,48.77135021,,,,
11/05/1940,Maine,ME,Other,independent,0.128101234,,,,
11/05/1940,Maryland,MD,Willkie,republican,40.83124658,,,,
11/05/1940,Maryland,MD,Roosevelt,democrat,58.25421857,,,,
11/05/1940,Maryland,MD,Other,independent,0.914534848,,,,
11/05/1940,Massachusetts,MA,Willkie,republican,46.35931155,,,,
11/05/1940,Massachusetts,MA,Roosevelt,democrat,53.10931019,,,,
11/05/1940,Massachusetts,MA,Other,independent,0.531378253,,,,
11/05/1940,Michigan,MI,Willkie,republican,49.85390203,,,,
11/05/1940,Michigan,MI,Roosevelt,democrat,49.52186771,,,,
11/05/1940,Michigan,MI,Other,independent,0.624230259,,,,
11/05/1940,Minnesota,MN,Willkie,republican,47.65662714,,,,
11/05/1940,Minnesota,MN,Roosevelt,democrat,51.486747,,,,
11/05/1940,Minnesota,MN,Other,independent,0.856625863,,,,
11/05/1940,Mississippi,MS,Willkie,republican,4.188279188,,,,
11/05/1940,Mississippi,MS,Roosevelt,democrat,95.70195195,,,,
11/05/1940,Mississippi,MS,Other,independent,0.10976886,,,,
11/05/1940,Missouri,MO,Willkie,republican,47.4993306,,,,
11/05/1940,Missouri,MO,Roosevelt,democrat,52.26922844,,,,
11/05/1940,Missouri,MO,Other,independent,0.23144096,,,,
11/05/1940,Montana,MT,Willkie,republican,40.17339525,,,,
11/05/1940,Montana,MT,Roosevelt,democrat,58.77929424,,,,
11/05/1940,Montana,MT,Other,independent,1.047310518,,,,
11/05/1940,Nebraska,NE,Willkie,republican,57.18681297,,,,
11/05/1940,Nebraska,NE,Roosevelt,democrat,42.81318703,,,,
11/05/1940,Nebraska,NE,Other,independent,0,,,,
11/05/1940,Nevada,NV,Willkie,republican,39.9236469,,,,
11/05/1940,Nevada,NV,Roosevelt,democrat,60.0763531,,,,
11/05/1940,Nevada,NV,Other,independent,0,,,,
11/05/1940,New Hampshire,NH,Willkie,republican,46.77914697,,,,
11/05/1940,New Hampshire,NH,Roosevelt,democrat,53.22085303,,,,
11/05/1940,New Hampshire,NH,Other,independent,0,,,,
11/05/1940,New Jersey,NJ,Willkie,republican,47.93156277,,,,
11/05/1940,New Jersey,NJ,Roosevelt,democrat,51.54784259,,,,
11/05/1940,New Jersey,NJ,Other,independent,0.520594641,,,,
11/05/1940,New Mexico,NM,Willkie,republican,43.28051163,,,,
11/05/1940,New Mexico,NM,Roosevelt,democrat,56.58634275,,,,
11/05/1940,New Mexico,NM,Other,independent,0.13314562,,,,
11/05/1940,New York,NY,Willkie,republican,47.94943598,,,,
11/05/1940,New York,NY,Roosevelt,democrat,51.50413445,,,,
11/05/1940,New York,NY,Other,independent,0.546429566,,,,
11/05/1940,North Carolina,NC,Willkie,republican,25.96894419,,,,
11/05/1940,North Carolina,NC,Roosevelt,democrat,74.03105581,,,,
11/05/1940,North Carolina,NC,Other,independent,0,,,,
11/05/1940,North Dakota,ND,Willkie,republican,55.05832072,,,,
11/05/1940,North Dakota,ND,Roosevelt,democrat,44.17629775,,,,
11/05/1940,North Dakota,ND,Other,independent,0.765381533,,,,
11/05/1940,Ohio,OH,Willkie,republican,47.79563434,,,,
11/05/1940,Ohio,OH,Roosevelt,democrat,52.20436566,,,,
11/05/1940,Ohio,OH,Other,independent,0,,,,
11/05/1940,Oklahoma,OK,Willkie,republican,42.22548208,,,,
11/05/1940,Oklahoma,OK,Roosevelt,democrat,57.40814706,,,,
11/05/1940,Oklahoma,OK,Other,independent,0.366370859,,,,
11/05/1940,Oregon,OR,Willkie,republican,45.62276619,,,,
11/05/1940,Oregon,OR,Roosevelt,democrat,53.69773917,,,,
11/05/1940,Oregon,OR,Other,independent,0.679494639,,,,
11/05/1940,Pennsylvania,PA,Willkie,republican,46.33440835,,,,
11/05/1940,Pennsylvania,PA,Roosevelt,democrat,53.22841955,,,,
11/05/1940,Pennsylvania,PA,Other,independent,0.437172109,,,,
11/05/1940,Rhode Island,RI,Willkie,republican,43.17417515,,,,
11/05/1940,Rhode Island,RI,Roosevelt,democrat,56.728362,,,,
11/05/1940,Rhode Island,RI,Other,independent,0.097462852,,,,
11/05/1940,South Carolina,SC,Willkie,republican,4.367337126,,,,
11/05/1940,South Carolina,SC,Roosevelt,democrat,95.63065951,,,,
11/05/1940,South Carolina,SC,Other,independent,0.002003366,,,,
11/05/1940,South Dakota,SD,Willkie,republican,57.40904655,,,,
11/05/1940,South Dakota,SD,Roosevelt,democrat,42.59095345,,,,
11/05/1940,South Dakota,SD,Other,independent,0,,,,
11/05/1940,Tennessee,TN,Willkie,republican,32.35377939,,,,
11/05/1940,Tennessee,TN,Roosevelt,democrat,67.25048439,,,,
11/05/1940,Tennessee,TN,Other,independent,0.395736224,,,,
11/05/1940,Texas,TX,Willkie,republican,18.91384053,,,,
11/05/1940,Texas,TX,Roosevelt,democrat,80.92031256,,,,
11/05/1940,Texas,TX,Other,independent,0.165846918,,,,
11/05/1940,Utah,UT,Willkie,republican,37.58832051,,,,
11/05/1940,Utah,UT,Roosevelt,democrat,62.25390305,,,,
11/05/1940,Utah,UT,Other,independent,0.157776442,,,,
11/05/1940,Vermont,VT,Willkie,republican,54.78114384,,,,
11/05/1940,Vermont,VT,Roosevelt,democrat,44.92387916,,,,
11/05/1940,Vermont,VT,Other,independent,0.294977003,,,,
11/05/1940,Virginia,VA,Willkie,republican,31.55244989,,,,
11/05/1940,Virginia,VA,Roosevelt,democrat,68.07739024,,,,
11/05/1940,Virginia,VA,Other,independent,0.370159864,,,,
11/05/1940,Washington,WA,Willkie,republican,40.57818206,,,,
11/05/1940,Washington,WA,Roosevelt,democrat,58.21690456,,,,
11/05/1940,Washington,WA,Other,independent,1.204913376,,,,
11/05/1940,West Virginia,WV,Willkie,republican,42.90108239,,,,
11/05/1940,West Virginia,WV,Roosevelt,democrat,57.09891761,,,,
11/05/1940,West Virginia,WV,Other,independent,0,,,,
11/05/1940,Wisconsin,WI,Willkie,republican,48.32411019,,,,
11/05/1940,Wisconsin,WI,Roosevelt,democrat,50.14656476,,,,
11/05/1940,Wisconsin,WI,Other,independent,1.529325048,,,,
11/05/1940,Wyoming,WY,Willkie,republican,46.89326443,,,,
11/05/1940,Wyoming,WY,Roosevelt,democrat,52.82163222,,,,
11/05/1940,Wyoming,WY,Other,independent,0.28510335,,,,
11/05/1940,National Popular Vote,NPV,Willkie,republican,44.77472656,,,,
11/05/1940,National Popular Vote,NPV,Roosevelt,democrat,54.72428023,,,,
11/07/1944,Alabama,AL,Dewey,republican,18.19868188,,,,
11/07/1944,Alabama,AL,Roosevelt,democrat,81.27627756,,,,
11/07/1944,Alabama,AL,Other,independent,0.525040553,,,,
11/07/1944,Arizona,AZ,Dewey,republican,40.89614485,,,,
11/07/1944,Arizona,AZ,Roosevelt,democrat,58.79797143,,,,
11/07/1944,Arizona,AZ,Other,independent,0.305883721,,,,
11/07/1944,Arkansas,AR,Dewey,republican,29.84259511,,,,
11/07/1944,Arkansas,AR,Roosevelt,democrat,69.95172666,,,,
11/07/1944,Arkansas,AR,Other,independent,0.205678222,,,,
11/07/1944,California,CA,Dewey,republican,42.97127845,,,,
11/07/1944,California,CA,Roosevelt,democrat,56.47925587,,,,
11/07/1944,California,CA,Other,independent,0.549465687,,,,
11/07/1944,Colorado,CO,Dewey,republican,53.20995012,,,,
11/07/1944,Colorado,CO,Roosevelt,democrat,46.39859496,,,,
11/07/1944,Colorado,CO,Other,independent,0.391454917,,,,
11/07/1944,Connecticut,CT,Dewey,republican,46.93890552,,,,
11/07/1944,Connecticut,CT,Roosevelt,democrat,52.30183055,,,,
11/07/1944,Connecticut,CT,Other,independent,0.759263934,,,,
11/07/1944,Delaware,DE,Dewey,republican,45.26686928,,,,
11/07/1944,Delaware,DE,Roosevelt,democrat,54.3757628,,,,
11/07/1944,Delaware,DE,Other,independent,0.357367921,,,,
11/07/1944,Florida,FL,Dewey,republican,29.67620682,,,,
11/07/1944,Florida,FL,Roosevelt,democrat,70.32379318,,,,
11/07/1944,Florida,FL,Other,independent,0,,,,
11/07/1944,Georgia,GA,Dewey,republican,18.25003276,,,,
11/07/1944,Georgia,GA,Roosevelt,democrat,81.73716661,,,,
11/07/1944,Georgia,GA,Other,independent,0.012800624,,,,
11/07/1944,Idaho,ID,Dewey,republican,48.06860566,,,,
11/07/1944,Idaho,ID,Roosevelt,democrat,51.55457203,,,,
11/07/1944,Idaho,ID,Other,independent,0.376822308,,,,
11/07/1944,Illinois,IL,Dewey,republican,48.04967021,,,,
11/07/1944,Illinois,IL,Roosevelt,democrat,51.5224869,,,,
11/07/1944,Illinois,IL,Other,independent,0.427842889,,,,
11/07/1944,Indiana,IN,Dewey,republican,52.38297437,,,,
11/07/1944,Indiana,IN,Roosevelt,democrat,46.73208575,,,,
11/07/1944,Indiana,IN,Other,independent,0.884939875,,,,
11/07/1944,Iowa,IA,Dewey,republican,51.99197415,,,,
11/07/1944,Iowa,IA,Roosevelt,democrat,47.48968981,,,,
11/07/1944,Iowa,IA,Other,independent,0.518336043,,,,
11/07/1944,Kansas,KS,Dewey,republican,60.24944942,,,,
11/07/1944,Kansas,KS,Roosevelt,democrat,39.17517062,,,,
11/07/1944,Kansas,KS,Other,independent,0.575379953,,,,
11/07/1944,Kentucky,KY,Dewey,republican,45.2170186,,,,
11/07/1944,Kentucky,KY,Roosevelt,democrat,54.45069309,,,,
11/07/1944,Kentucky,KY,Other,independent,0.332288307,,,,
11/07/1944,Louisiana,LA,Dewey,republican,19.391327,,,,
11/07/1944,Louisiana,LA,Roosevelt,democrat,80.5889239,,,,
11/07/1944,Louisiana,LA,Other,independent,0.019749101,,,,
11/07/1944,Maine,ME,Dewey,republican,52.44062078,,,,
11/07/1944,Maine,ME,Roosevelt,democrat,47.44635628,,,,
11/07/1944,Maine,ME,Other,independent,0.113022942,,,,
11/07/1944,Maryland,MD,Dewey,republican,48.14763682,,,,
11/07/1944,Maryland,MD,Roosevelt,democrat,51.85236318,,,,
11/07/1944,Maryland,MD,Other,independent,0,,,,
11/07/1944,Massachusetts,MA,Dewey,republican,46.99170945,,,,
11/07/1944,Massachusetts,MA,Roosevelt,democrat,52.80330908,,,,
11/07/1944,Massachusetts,MA,Other,independent,0.204981473,,,,
11/07/1944,Michigan,MI,Dewey,republican,49.17520813,,,,
11/07/1944,Michigan,MI,Roosevelt,democrat,50.19442478,,,,
11/07/1944,Michigan,MI,Other,independent,0.630367088,,,,
11/07/1944,Minnesota,MN,Dewey,republican,46.8593879,,,,
11/07/1944,Minnesota,MN,Roosevelt,democrat,52.40771228,,,,
11/07/1944,Minnesota,MN,Other,independent,0.732899819,,,,
11/07/1944,Mississippi,MS,Dewey,republican,6.442136828,,,,
11/07/1944,Mississippi,MS,Roosevelt,democrat,93.55786317,,,,
11/07/1944,Mississippi,MS,Other,independent,0,,,,
11/07/1944,Missouri,MO,Dewey,republican,48.42840009,,,,
11/07/1944,Missouri,MO,Roosevelt,democrat,51.37153301,,,,
11/07/1944,Missouri,MO,Other,independent,0.200066901,,,,
11/07/1944,Montana,MT,Dewey,republican,44.92922765,,,,
11/07/1944,Montana,MT,Roosevelt,democrat,54.28178727,,,,
11/07/1944,Montana,MT,Other,independent,0.788985074,,,,
11/07/1944,Nebraska,NE,Dewey,republican,58.58014015,,,,
11/07/1944,Nebraska,NE,Roosevelt,democrat,41.41985985,,,,
11/07/1944,Nebraska,NE,Other,independent,0,,,,
11/07/1944,Nevada,NV,Dewey,republican,45.37928237,,,,
11/07/1944,Nevada,NV,Roosevelt,democrat,54.62071763,,,,
11/07/1944,Nevada,NV,Other,independent,0,,,,
11/07/1944,New Hampshire,NH,Dewey,republican,47.86719332,,,,
11/07/1944,New Hampshire,NH,Roosevelt,democrat,52.11190322,,,,
11/07/1944,New Hampshire,NH,Other,independent,0.020903465,,,,
11/07/1944,New Jersey,NJ,Dewey,republican,48.9537678,,,,
11/07/1944,New Jersey,NJ,Roosevelt,democrat,50.30520516,,,,
11/07/1944,New Jersey,NJ,Other,independent,0.741027039,,,,
11/07/1944,New Mexico,NM,Dewey,republican,46.43652488,,,,
11/07/1944,New Mexico,NM,Roosevelt,democrat,53.46625062,,,,
11/07/1944,New Mexico,NM,Other,independent,0.097224503,,,,
11/07/1944,New York,NY,Dewey,republican,47.29671605,,,,
11/07/1944,New York,NY,Roosevelt,democrat,52.30859149,,,,
11/07/1944,New York,NY,Other,independent,0.394692454,,,,
11/07/1944,North Carolina,NC,Dewey,republican,33.28741617,,,,
11/07/1944,North Carolina,NC,Roosevelt,democrat,66.71258383,,,,
11/07/1944,North Carolina,NC,Other,independent,0,,,,
11/07/1944,North Dakota,ND,Dewey,republican,53.83769888,,,,
11/07/1944,North Dakota,ND,Roosevelt,democrat,45.48464603,,,,
11/07/1944,North Dakota,ND,Other,independent,0.677655095,,,,
11/07/1944,Ohio,OH,Dewey,republican,50.18283849,,,,
11/07/1944,Ohio,OH,Roosevelt,democrat,49.81716151,,,,
11/07/1944,Ohio,OH,Other,independent,0,,,,
11/07/1944,Oklahoma,OK,Dewey,republican,44.20261376,,,,
11/07/1944,Oklahoma,OK,Roosevelt,democrat,55.56725654,,,,
11/07/1944,Oklahoma,OK,Other,independent,0.230129692,,,,
11/07/1944,Oregon,OR,Dewey,republican,46.93666731,,,,
11/07/1944,Oregon,OR,Roosevelt,democrat,51.78309976,,,,
11/07/1944,Oregon,OR,Other,independent,1.280232929,,,,
11/07/1944,Pennsylvania,PA,Dewey,republican,48.35715677,,,,
11/07/1944,Pennsylvania,PA,Roosevelt,democrat,51.13530567,,,,
11/07/1944,Pennsylvania,PA,Other,independent,0.507537565,,,,
11/07/1944,Rhode Island,RI,Dewey,republican,41.26191208,,,,
11/07/1944,Rhode Island,RI,Roosevelt,democrat,58.59340542,,,,
11/07/1944,Rhode Island,RI,Other,independent,0.1446825,,,,
11/07/1944,South Carolina,SC,Dewey,republican,4.45949214,,,,
11/07/1944,South Carolina,SC,Roosevelt,democrat,87.64304716,,,,
11/07/1944,South Carolina,SC,Other,independent,7.897460701,,,,
11/07/1944,South Dakota,SD,Dewey,republican,58.32787535,,,,
11/07/1944,South Dakota,SD,Roosevelt,democrat,41.67212465,,,,
11/07/1944,South Dakota,SD,Other,independent,0,,,,
11/07/1944,Tennessee,TN,Dewey,republican,39.22344583,,,,
11/07/1944,Tennessee,TN,Roosevelt,democrat,60.44876364,,,,
11/07/1944,Tennessee,TN,Other,independent,0.327790527,,,,
11/07/1944,Texas,TX,Dewey,republican,16.6408625,,,,
11/07/1944,Texas,TX,Roosevelt,democrat,71.42335554,,,,
11/07/1944,Texas,TX,Other,independent,11.93578196,,,,
11/07/1944,Utah,UT,Dewey,republican,39.42146996,,,,
11/07/1944,Utah,UT,Roosevelt,democrat,60.44160938,,,,
11/07/1944,Utah,UT,Other,independent,0.136920655,,,,
11/07/1944,Vermont,VT,Dewey,republican,57.0568199,,,,
11/07/1944,Vermont,VT,Roosevelt,democrat,42.93201235,,,,
11/07/1944,Vermont,VT,Other,independent,0.011167748,,,,
11/07/1944,Virginia,VA,Dewey,republican,37.3870291,,,,
11/07/1944,Virginia,VA,Roosevelt,democrat,62.36431265,,,,
11/07/1944,Virginia,VA,Other,independent,0.248658249,,,,
11/07/1944,Washington,WA,Dewey,republican,42.2372035,,,,
11/07/1944,Washington,WA,Roosevelt,democrat,56.84434002,,,,
11/07/1944,Washington,WA,Other,independent,0.918456479,,,,
11/07/1944,West Virginia,WV,Dewey,republican,45.11190672,,,,
11/07/1944,West Virginia,WV,Roosevelt,democrat,54.88809328,,,,
11/07/1944,West Virginia,WV,Other,independent,0,,,,
11/07/1944,Wisconsin,WI,Dewey,republican,50.37008495,,,,
11/07/1944,Wisconsin,WI,Roosevelt,democrat,48.5690198,,,,
11/07/1944,Wisconsin,WI,Other,independent,1.060895253,,,,
11/07/1944,Wyoming,WY,Dewey,republican,51.23445826,,,,
11/07/1944,Wyoming,WY,Roosevelt,democrat,48.76554174,,,,
11/07/1944,Wyoming,WY,Other,independent,0,,,,
11/07/1944,National Popular Vote,NPV,Dewey,republican,45.89258765,,,,
11/07/1944,National Popular Vote,NPV,Roosevelt,democrat,53.38572,,,,
11/02/1948,Alabama,AL,Dewey,republican,19.03898037,,,,
11/02/1948,Alabama,AL,Truman,democrat,0,,,,
11/02/1948,Alabama,AL,Thurmond,independent,79.74834868,,,,
11/02/1948,Alabama,AL,Wallace,independent,0.707972835,,,,
11/02/1948,Alabama,AL,Other,independent,0.504698112,,,,
11/02/1948,Arizona,AZ,Dewey,republican,43.82401943,,,,
11/02/1948,Arizona,AZ,Truman,democrat,53.7943693,,,,
11/02/1948,Arizona,AZ,Thurmond,independent,0,,,,
11/02/1948,Arizona,AZ,Wallace,independent,1.869370005,,,,
11/02/1948,Arizona,AZ,Other,independent,0.512241267,,,,
11/02/1948,Arkansas,AR,Dewey,republican,21.01618724,,,,
11/02/1948,Arkansas,AR,Truman,democrat,61.72141458,,,,
11/02/1948,Arkansas,AR,Thurmond,independent,16.52459016,,,,
11/02/1948,Arkansas,AR,Wallace,independent,0.309722652,,,,
11/02/1948,Arkansas,AR,Other,independent,0.42808537,,,,
11/02/1948,California,CA,Dewey,republican,47.12796448,,,,
11/02/1948,California,CA,Truman,democrat,47.5721975,,,,
11/02/1948,California,CA,Thurmond,independent,0.030535581,,,,
11/02/1948,California,CA,Wallace,independent,4.734034591,,,,
11/02/1948,California,CA,Other,independent,0.53526785,,,,
11/02/1948,Colorado,CO,Dewey,republican,46.52499723,,,,
11/02/1948,Colorado,CO,Truman,democrat,51.87670916,,,,
11/02/1948,Colorado,CO,Thurmond,independent,0,,,,
11/02/1948,Colorado,CO,Wallace,independent,1.186832467,,,,
11/02/1948,Colorado,CO,Other,independent,0.411461133,,,,
11/02/1948,Connecticut,CT,Dewey,republican,49.54669854,,,,
11/02/1948,Connecticut,CT,Truman,democrat,47.91039911,,,,
11/02/1948,Connecticut,CT,Thurmond,independent,0,,,,
11/02/1948,Connecticut,CT,Wallace,independent,1.55209062,,,,
11/02/1948,Connecticut,CT,Other,independent,0.990811732,,,,
11/02/1948,Delaware,DE,Dewey,republican,50.03703091,,,,
11/02/1948,Delaware,DE,Truman,democrat,48.76072279,,,,
11/02/1948,Delaware,DE,Thurmond,independent,0,,,,
11/02/1948,Delaware,DE,Wallace,independent,0.754999173,,,,
11/02/1948,Delaware,DE,Other,independent,0.447247129,,,,
11/02/1948,Florida,FL,Dewey,republican,33.63323021,,,,
11/02/1948,Florida,FL,Truman,democrat,48.81700289,,,,
11/02/1948,Florida,FL,Thurmond,independent,15.5381438,,,,
11/02/1948,Florida,FL,Wallace,independent,2.011623096,,,,
11/02/1948,Florida,FL,Other,independent,0,,,,
11/02/1948,Georgia,GA,Dewey,republican,18.31365638,,,,
11/02/1948,Georgia,GA,Truman,democrat,60.80895206,,,,
11/02/1948,Georgia,GA,Thurmond,independent,20.31096274,,,,
11/02/1948,Georgia,GA,Wallace,independent,0.390673506,,,,
11/02/1948,Georgia,GA,Other,independent,0.175755318,,,,
11/02/1948,Idaho,ID,Dewey,republican,47.25625652,,,,
11/02/1948,Idaho,ID,Truman,democrat,49.98231044,,,,
11/02/1948,Idaho,ID,Thurmond,independent,0,,,,
11/02/1948,Idaho,ID,Wallace,independent,2.314538954,,,,
11/02/1948,Idaho,ID,Other,independent,0.446894086,,,,
11/02/1948,Illinois,IL,Dewey,republican,49.22390454,,,,
11/02/1948,Illinois,IL,Truman,democrat,50.0675695,,,,
11/02/1948,Illinois,IL,Thurmond,independent,0,,,,
11/02/1948,Illinois,IL,Wallace,independent,0,,,,
11/02/1948,Illinois,IL,Other,independent,0.708525956,,,,
11/02/1948,Indiana,IN,Dewey,republican,49.5756587,,,,
11/02/1948,Indiana,IN,Truman,democrat,48.77588283,,,,
11/02/1948,Indiana,IN,Thurmond,independent,0,,,,
11/02/1948,Indiana,IN,Wallace,independent,0.582593795,,,,
11/02/1948,Indiana,IN,Other,independent,1.065864677,,,,
11/02/1948,Iowa,IA,Dewey,republican,47.58078808,,,,
11/02/1948,Iowa,IA,Truman,democrat,50.31244221,,,,
11/02/1948,Iowa,IA,Thurmond,independent,0,,,,
11/02/1948,Iowa,IA,Wallace,independent,1.167805739,,,,
11/02/1948,Iowa,IA,Other,independent,0.938963971,,,,
11/02/1948,Kansas,KS,Dewey,republican,53.62941308,,,,
11/02/1948,Kansas,KS,Truman,democrat,44.61124795,,,,
11/02/1948,Kansas,KS,Thurmond,independent,0,,,,
11/02/1948,Kansas,KS,Wallace,independent,0.583530569,,,,
11/02/1948,Kansas,KS,Other,independent,1.175808392,,,,
11/02/1948,Kentucky,KY,Dewey,republican,41.47653095,,,,
11/02/1948,Kentucky,KY,Truman,democrat,56.73755072,,,,
11/02/1948,Kentucky,KY,Thurmond,independent,1.265531971,,,,
11/02/1948,Kentucky,KY,Wallace,independent,0.190480127,,,,
11/02/1948,Kentucky,KY,Other,independent,0.329906231,,,,
11/02/1948,Louisiana,LA,Dewey,republican,17.45152953,,,,
11/02/1948,Louisiana,LA,Truman,democrat,32.74854925,,,,
11/02/1948,Louisiana,LA,Thurmond,independent,49.06854079,,,,
11/02/1948,Louisiana,LA,Wallace,independent,0.728978517,,,,
11/02/1948,Louisiana,LA,Other,independent,0.002401906,,,,
11/02/1948,Maine,ME,Dewey,republican,56.73725117,,,,
11/02/1948,Maine,ME,Truman,democrat,42.26610622,,,,
11/02/1948,Maine,ME,Thurmond,independent,0,,,,
11/02/1948,Maine,ME,Wallace,independent,0.711509919,,,,
11/02/1948,Maine,ME,Other,independent,0.285132691,,,,
11/02/1948,Maryland,MD,Dewey,republican,49.40450954,,,,
11/02/1948,Maryland,MD,Truman,democrat,48.01478043,,,,
11/02/1948,Maryland,MD,Thurmond,independent,0.414924548,,,,
11/02/1948,Maryland,MD,Wallace,independent,1.672936898,,,,
11/02/1948,Maryland,MD,Other,independent,0.492848584,,,,
11/02/1948,Massachusetts,MA,Dewey,republican,43.156478,,,,
11/02/1948,Massachusetts,MA,Truman,democrat,54.6610439,,,,
11/02/1948,Massachusetts,MA,Thurmond,independent,0,,,,
11/02/1948,Massachusetts,MA,Wallace,independent,1.810837977,,,,
11/02/1948,Massachusetts,MA,Other,independent,0.371640124,,,,
11/02/1948,Michigan,MI,Dewey,republican,49.23163487,,,,
11/02/1948,Michigan,MI,Truman,democrat,47.56559154,,,,
11/02/1948,Michigan,MI,Thurmond,independent,0,,,,
11/02/1948,Michigan,MI,Wallace,independent,2.204910957,,,,
11/02/1948,Michigan,MI,Other,independent,0.997862637,,,,
11/02/1948,Minnesota,MN,Dewey,republican,39.89495358,,,,
11/02/1948,Minnesota,MN,Truman,democrat,57.16475311,,,,
11/02/1948,Minnesota,MN,Thurmond,independent,0,,,,
11/02/1948,Minnesota,MN,Wallace,independent,2.298746273,,,,
11/02/1948,Minnesota,MN,Other,independent,0.641547038,,,,
11/02/1948,Mississippi,MS,Dewey,republican,2.623965867,,,,
11/02/1948,Mississippi,MS,Truman,democrat,10.08585254,,,,
11/02/1948,Mississippi,MS,Thurmond,independent,87.17310994,,,,
11/02/1948,Mississippi,MS,Wallace,independent,0.117071648,,,,
11/02/1948,Mississippi,MS,Other,independent,0,,,,
11/02/1948,Missouri,MO,Dewey,republican,41.49419623,,,,
11/02/1948,Missouri,MO,Truman,democrat,58.10837005,,,,
11/02/1948,Missouri,MO,Thurmond,independent,0.002660538,,,,
11/02/1948,Missouri,MO,Wallace,independent,0.253257892,,,,
11/02/1948,Missouri,MO,Other,independent,0.141515291,,,,
11/02/1948,Montana,MT,Dewey,republican,43.14734392,,,,
11/02/1948,Montana,MT,Truman,democrat,53.09080694,,,,
11/02/1948,Montana,MT,Thurmond,independent,0,,,,
11/02/1948,Montana,MT,Wallace,independent,3.260685399,,,,
11/02/1948,Montana,MT,Other,independent,0.501163734,,,,
11/02/1948,Nebraska,NE,Dewey,republican,54.15265677,,,,
11/02/1948,Nebraska,NE,Truman,democrat,45.84713871,,,,
11/02/1948,Nebraska,NE,Thurmond,independent,0,,,,
11/02/1948,Nebraska,NE,Wallace,independent,0,,,,
11/02/1948,Nebraska,NE,Other,independent,0.000204524,,,,
11/02/1948,Nevada,NV,Dewey,republican,47.26081427,,,,
11/02/1948,Nevada,NV,Truman,democrat,50.37429367,,,,
11/02/1948,Nevada,NV,Thurmond,independent,0,,,,
11/02/1948,Nevada,NV,Wallace,independent,2.364892059,,,,
11/02/1948,Nevada,NV,Other,independent,0,,,,
11/02/1948,New Hampshire,NH,Dewey,republican,52.41055997,,,,
11/02/1948,New Hampshire,NH,Truman,democrat,46.66220187,,,,
11/02/1948,New Hampshire,NH,Thurmond,independent,0.003024542,,,,
11/02/1948,New Hampshire,NH,Wallace,independent,0.851192534,,,,
11/02/1948,New Hampshire,NH,Other,independent,0.073021085,,,,
11/02/1948,New Jersey,NJ,Dewey,republican,50.32553583,,,,
11/02/1948,New Jersey,NJ,Truman,democrat,45.93125098,,,,
11/02/1948,New Jersey,NJ,Thurmond,independent,0,,,,
11/02/1948,New Jersey,NJ,Wallace,independent,2.189371421,,,,
11/02/1948,New Jersey,NJ,Other,independent,1.553841774,,,,
11/02/1948,New Mexico,NM,Dewey,republican,42.92831827,,,,
11/02/1948,New Mexico,NM,Truman,democrat,56.37886701,,,,
11/02/1948,New Mexico,NM,Thurmond,independent,0,,,,
11/02/1948,New Mexico,NM,Wallace,independent,0.554358692,,,,
11/02/1948,New Mexico,NM,Other,independent,0.138456028,,,,
11/02/1948,New York,NY,Dewey,republican,45.98465777,,,,
11/02/1948,New York,NY,Truman,democrat,44.99802703,,,,
11/02/1948,New York,NY,Thurmond,independent,0.000258962,,,,
11/02/1948,New York,NY,Wallace,independent,8.247290363,,,,
11/02/1948,New York,NY,Other,independent,0.769765875,,,,
11/02/1948,North Carolina,NC,Dewey,republican,32.68061915,,,,
11/02/1948,North Carolina,NC,Truman,democrat,58.02133191,,,,
11/02/1948,North Carolina,NC,Thurmond,independent,8.803236566,,,,
11/02/1948,North Carolina,NC,Wallace,independent,0.494812369,,,,
11/02/1948,North Carolina,NC,Other,independent,0,,,,
11/02/1948,North Dakota,ND,Dewey,republican,52.16613204,,,,
11/02/1948,North Dakota,ND,Truman,democrat,43.40963048,,,,
11/02/1948,North Dakota,ND,Thurmond,independent,0.169448522,,,,
11/02/1948,North Dakota,ND,Wallace,independent,3.801718045,,,,
11/02/1948,North Dakota,ND,Other,independent,0.453070915,,,,
11/02/1948,Ohio,OH,Dewey,republican,49.23872754,,,,
11/02/1948,Ohio,OH,Truman,democrat,49.48078572,,,,
11/02/1948,Ohio,OH,Thurmond,independent,0,,,,
11/02/1948,Ohio,OH,Wallace,independent,1.280486746,,,,
11/02/1948,Ohio,OH,Other,independent,0,,,,
11/02/1948,Oklahoma,OK,Dewey,republican,37.25296183,,,,
11/02/1948,Oklahoma,OK,Truman,democrat,62.74703817,,,,
11/02/1948,Oklahoma,OK,Thurmond,independent,0,,,,
11/02/1948,Oklahoma,OK,Wallace,independent,0,,,,
11/02/1948,Oklahoma,OK,Other,independent,0,,,,
11/02/1948,Oregon,OR,Dewey,republican,49.7832392,,,,
11/02/1948,Oregon,OR,Truman,democrat,46.39501603,,,,
11/02/1948,Oregon,OR,Thurmond,independent,0,,,,
11/02/1948,Oregon,OR,Wallace,independent,2.857960617,,,,
11/02/1948,Oregon,OR,Other,independent,0.963784155,,,,
11/02/1948,Pennsylvania,PA,Dewey,republican,50.92695122,,,,
11/02/1948,Pennsylvania,PA,Truman,democrat,46.91717704,,,,
11/02/1948,Pennsylvania,PA,Thurmond,independent,0,,,,
11/02/1948,Pennsylvania,PA,Wallace,independent,1.476808951,,,,
11/02/1948,Pennsylvania,PA,Other,independent,0.679062784,,,,
11/02/1948,Rhode Island,RI,Dewey,republican,41.43612184,,,,
11/02/1948,Rhode Island,RI,Truman,democrat,57.59378948,,,,
11/02/1948,Rhode Island,RI,Thurmond,independent,0,,,,
11/02/1948,Rhode Island,RI,Wallace,independent,0.799201714,,,,
11/02/1948,Rhode Island,RI,Other,independent,0.170886964,,,,
11/02/1948,South Carolina,SC,Dewey,republican,3.777766867,,,,
11/02/1948,South Carolina,SC,Truman,democrat,24.14446136,,,,
11/02/1948,South Carolina,SC,Thurmond,independent,71.96905402,,,,
11/02/1948,South Carolina,SC,Wallace,independent,0.108016357,,,,
11/02/1948,South Carolina,SC,Other,independent,0.000701405,,,,
11/02/1948,South Dakota,SD,Dewey,republican,51.83862778,,,,
11/02/1948,South Dakota,SD,Truman,democrat,47.04144259,,,,
11/02/1948,South Dakota,SD,Thurmond,independent,0,,,,
11/02/1948,South Dakota,SD,Wallace,independent,1.11992963,,,,
11/02/1948,South Dakota,SD,Other,independent,0,,,,
11/02/1948,Tennessee,TN,Dewey,republican,36.87448095,,,11,
11/02/1948,Tennessee,TN,Truman,democrat,49.1387159,,,1,
11/02/1948,Tennessee,TN,Thurmond,independent,13.41400697,,,,
11/02/1948,Tennessee,TN,Wallace,independent,0.338734797,,,,
11/02/1948,Tennessee,TN,Other,independent,0.234061383,,,,
11/02/1948,Texas,TX,Dewey,republican,24.28839665,,,,
11/02/1948,Texas,TX,Truman,democrat,65.96877621,,,,
11/02/1948,Texas,TX,Thurmond,independent,9.106217865,,,,
11/02/1948,Texas,TX,Wallace,independent,0.313742565,,,,
11/02/1948,Texas,TX,Other,independent,0.322866711,,,,
11/02/1948,Utah,UT,Dewey,republican,45.02343425,,,,
11/02/1948,Utah,UT,Truman,democrat,53.98056496,,,,
11/02/1948,Utah,UT,Thurmond,independent,0,,,,
11/02/1948,Utah,UT,Wallace,independent,0.969580717,,,,
11/02/1948,Utah,UT,Other,independent,0.026420079,,,,
11/02/1948,Vermont,VT,Dewey,republican,61.53733932,,,,
11/02/1948,Vermont,VT,Truman,democrat,36.92353828,,,,
11/02/1948,Vermont,VT,Thurmond,independent,0,,,,
11/02/1948,Vermont,VT,Wallace,independent,1.036617983,,,,
11/02/1948,Vermont,VT,Other,independent,0.502504417,,,,
11/02/1948,Virginia,VA,Dewey,republican,41.04175015,,,,
11/02/1948,Virginia,VA,Truman,democrat,47.89102601,,,,
11/02/1948,Virginia,VA,Thurmond,independent,10.35000095,,,,
11/02/1948,Virginia,VA,Wallace,independent,0.488245845,,,,
11/02/1948,Virginia,VA,Other,independent,0.228977045,,,,
11/02/1948,Washington,WA,Dewey,republican,42.68395762,,,,
11/02/1948,Washington,WA,Truman,democrat,52.61148721,,,,
11/02/1948,Washington,WA,Thurmond,independent,0,,,,
11/02/1948,Washington,WA,Wallace,independent,3.501650169,,,,
11/02/1948,Washington,WA,Other,independent,1.202905004,,,,
11/02/1948,West Virginia,WV,Dewey,republican,42.23719533,,,,
11/02/1948,West Virginia,WV,Truman,democrat,57.320601,,,,
11/02/1948,West Virginia,WV,Thurmond,independent,0,,,,
11/02/1948,West Virginia,WV,Wallace,independent,0.442203673,,,,
11/02/1948,West Virginia,WV,Other,independent,0,,,,
11/02/1948,Wisconsin,WI,Dewey,republican,46.28438283,,,,
11/02/1948,Wisconsin,WI,Truman,democrat,50.69783835,,,,
11/02/1948,Wisconsin,WI,Thurmond,independent,0,,,,
11/02/1948,Wisconsin,WI,Wallace,independent,1.980106516,,,,
11/02/1948,Wisconsin,WI,Other,independent,1.037672306,,,,
11/02/1948,Wyoming,WY,Dewey,republican,47.2733547,,,,
11/02/1948,Wyoming,WY,Truman,democrat,51.61843727,,,,
11/02/1948,Wyoming,WY,Thurmond,independent,0,,,,
11/02/1948,Wyoming,WY,Wallace,independent,0.917919645,,,,
11/02/1948,Wyoming,WY,Other,independent,0.19028839,,,,
11/02/1948,National Popular Vote,NPV,Dewey,republican,45.06914243,,,,
11/02/1948,National Popular Vote,NPV,Truman,democrat,49.55336112,,,,
11/02/1948,National Popular Vote,NPV,Thurmond,independent,2.409993818,,,,
11/02/1948,National Popular Vote,NPV,Wallace,independent,2.371837929,,,,
11/04/1952,Alabama,AL,Eisenhower,republican,35.02088614,,,,
11/04/1952,Alabama,AL,Stevenson,democrat,64.55341218,,,,
11/04/1952,Alabama,AL,Other,independent,0.42570168,,,,
11/04/1952,Arizona,AZ,Eisenhower,republican,58.34977165,,,,
11/04/1952,Arizona,AZ,Stevenson,democrat,41.65022835,,,,
11/04/1952,Arizona,AZ,Other,independent,0,,,,
11/04/1952,Arkansas,AR,Eisenhower,republican,43.76358696,,,,
11/04/1952,Arkansas,AR,Stevenson,democrat,55.9041502,,,,
11/04/1952,Arkansas,AR,Other,independent,0.332262846,,,,
11/04/1952,California,CA,Eisenhower,republican,56.34762903,,,,
11/04/1952,California,CA,Stevenson,democrat,42.73847793,,,,
11/04/1952,California,CA,Other,independent,0.913893037,,,,
11/04/1952,Colorado,CO,Eisenhower,republican,60.27300299,,,,
11/04/1952,Colorado,CO,Stevenson,democrat,38.96251883,,,,
11/04/1952,Colorado,CO,Other,independent,0.764478189,,,,
11/04/1952,Connecticut,CT,Eisenhower,republican,55.70296952,,,,
11/04/1952,Connecticut,CT,Stevenson,democrat,43.90957881,,,,
11/04/1952,Connecticut,CT,Other,independent,0.387451671,,,,
11/04/1952,Delaware,DE,Eisenhower,republican,51.75061054,,,,
11/04/1952,Delaware,DE,Stevenson,democrat,47.87530527,,,,
11/04/1952,Delaware,DE,Other,independent,0.374084183,,,,
11/04/1952,Florida,FL,Eisenhower,republican,54.98995792,,,,
11/04/1952,Florida,FL,Stevenson,democrat,44.97456377,,,,
11/04/1952,Florida,FL,Other,independent,0.035478305,,,,
11/04/1952,Georgia,GA,Eisenhower,republican,30.34127627,,,,
11/04/1952,Georgia,GA,Stevenson,democrat,69.65857125,,,,
11/04/1952,Georgia,GA,Other,independent,0.000152485,,,,
11/04/1952,Idaho,ID,Eisenhower,republican,65.41335148,,,,
11/04/1952,Idaho,ID,Stevenson,democrat,34.41796318,,,,
11/04/1952,Idaho,ID,Other,independent,0.16868534,,,,
11/04/1952,Illinois,IL,Eisenhower,republican,54.8380985,,,,
11/04/1952,Illinois,IL,Stevenson,democrat,44.94295767,,,,
11/04/1952,Illinois,IL,Other,independent,0.21894383,,,,
11/04/1952,Indiana,IN,Eisenhower,republican,58.11100456,,,,
11/04/1952,Indiana,IN,Stevenson,democrat,40.99216243,,,,
11/04/1952,Indiana,IN,Other,independent,0.896833007,,,,
11/04/1952,Iowa,IA,Eisenhower,republican,63.75498218,,,,
11/04/1952,Iowa,IA,Stevenson,democrat,35.58658641,,,,
11/04/1952,Iowa,IA,Other,independent,0.658431414,,,,
11/04/1952,Kansas,KS,Eisenhower,republican,68.77096431,,,,
11/04/1952,Kansas,KS,Stevenson,democrat,30.49613576,,,,
11/04/1952,Kansas,KS,Other,independent,0.732899932,,,,
11/04/1952,Kentucky,KY,Eisenhower,republican,49.84443406,,,,
11/04/1952,Kentucky,KY,Stevenson,democrat,49.91491701,,,,
11/04/1952,Kentucky,KY,Other,independent,0.240648926,,,,
11/04/1952,Louisiana,LA,Eisenhower,republican,47.07785236,,,,
11/04/1952,Louisiana,LA,Stevenson,democrat,52.92214764,,,,
11/04/1952,Louisiana,LA,Other,independent,0,,,,
11/04/1952,Maine,ME,Eisenhower,republican,66.04953011,,,,
11/04/1952,Maine,ME,Stevenson,democrat,33.77223653,,,,
11/04/1952,Maine,ME,Other,independent,0.178233358,,,,
11/04/1952,Maryland,MD,Eisenhower,republican,55.36397236,,,,
11/04/1952,Maryland,MD,Stevenson,democrat,43.82534027,,,,
11/04/1952,Maryland,MD,Other,independent,0.810687372,,,,
11/04/1952,Massachusetts,MA,Eisenhower,republican,54.22195538,,,,
11/04/1952,Massachusetts,MA,Stevenson,democrat,45.46135392,,,,
11/04/1952,Massachusetts,MA,Other,independent,0.316690708,,,,
11/04/1952,Michigan,MI,Eisenhower,republican,55.43962821,,,,
11/04/1952,Michigan,MI,Stevenson,democrat,43.97414843,,,,
11/04/1952,Michigan,MI,Other,independent,0.586223358,,,,
11/04/1952,Minnesota,MN,Eisenhower,republican,55.32587208,,,,
11/04/1952,Minnesota,MN,Stevenson,democrat,44.10768382,,,,
11/04/1952,Minnesota,MN,Other,independent,0.566444095,,,,
11/04/1952,Mississippi,MS,Eisenhower,republican,39.56334141,,,,
11/04/1952,Mississippi,MS,Stevenson,democrat,60.43665859,,,,
11/04/1952,Mississippi,MS,Other,independent,0,,,,
11/04/1952,Missouri,MO,Eisenhower,republican,50.70811633,,,,
11/04/1952,Missouri,MO,Stevenson,democrat,49.14373842,,,,
11/04/1952,Missouri,MO,Other,independent,0.148145251,,,,
11/04/1952,Montana,MT,Eisenhower,republican,59.38567068,,,,
11/04/1952,Montana,MT,Stevenson,democrat,40.07478201,,,,
11/04/1952,Montana,MT,Other,independent,0.539547309,,,,
11/04/1952,Nebraska,NE,Eisenhower,republican,69.15379064,,,,
11/04/1952,Nebraska,NE,Stevenson,democrat,30.84620936,,,,
11/04/1952,Nebraska,NE,Other,independent,0,,,,
11/04/1952,Nevada,NV,Eisenhower,republican,61.44543132,,,,
11/04/1952,Nevada,NV,Stevenson,democrat,38.55456868,,,,
11/04/1952,Nevada,NV,Other,independent,0,,,,
11/04/1952,New Hampshire,NH,Eisenhower,republican,60.92214691,,,,
11/04/1952,New Hampshire,NH,Stevenson,democrat,39.07785309,,,,
11/04/1952,New Hampshire,NH,Other,independent,0,,,,
11/04/1952,New Jersey,NJ,Eisenhower,republican,56.81266052,,,,
11/04/1952,New Jersey,NJ,Stevenson,democrat,41.98715962,,,,
11/04/1952,New Jersey,NJ,Other,independent,1.200179868,,,,
11/04/1952,New Mexico,NM,Eisenhower,republican,55.39210756,,,,
11/04/1952,New Mexico,NM,Stevenson,democrat,44.28225374,,,,
11/04/1952,New Mexico,NM,Other,independent,0.325638705,,,,
11/04/1952,New York,NY,Eisenhower,republican,55.45288101,,,,
11/04/1952,New York,NY,Stevenson,democrat,43.55353586,,,,
11/04/1952,New York,NY,Other,independent,0.993583129,,,,
11/04/1952,North Carolina,NC,Eisenhower,republican,46.08988282,,,,
11/04/1952,North Carolina,NC,Stevenson,democrat,53.91011718,,,,
11/04/1952,North Carolina,NC,Other,independent,0,,,,
11/04/1952,North Dakota,ND,Eisenhower,republican,70.97106176,,,,
11/04/1952,North Dakota,ND,Stevenson,democrat,28.39183051,,,,
11/04/1952,North Dakota,ND,Other,independent,0.637107731,,,,
11/04/1952,Ohio,OH,Eisenhower,republican,56.75569708,,,,
11/04/1952,Ohio,OH,Stevenson,democrat,43.24430292,,,,
11/04/1952,Ohio,OH,Other,independent,0,,,,
11/04/1952,Oklahoma,OK,Eisenhower,republican,54.5894346,,,,
11/04/1952,Oklahoma,OK,Stevenson,democrat,45.4105654,,,,
11/04/1952,Oklahoma,OK,Other,independent,0,,,,
11/04/1952,Oregon,OR,Eisenhower,republican,60.54378118,,,,
11/04/1952,Oregon,OR,Stevenson,democrat,38.92892546,,,,
11/04/1952,Oregon,OR,Other,independent,0.527293367,,,,
11/04/1952,Pennsylvania,PA,Eisenhower,republican,52.73532739,,,,
11/04/1952,Pennsylvania,PA,Stevenson,democrat,46.85185602,,,,
11/04/1952,Pennsylvania,PA,Other,independent,0.41281659,,,,
11/04/1952,Rhode Island,RI,Eisenhower,republican,50.88926846,,,,
11/04/1952,Rhode Island,RI,Stevenson,democrat,49.0455925,,,,
11/04/1952,Rhode Island,RI,Other,independent,0.065139036,,,,
11/04/1952,South Carolina,SC,Eisenhower,republican,49.27848109,,,,
11/04/1952,South Carolina,SC,Stevenson,democrat,50.72151891,,,,
11/04/1952,South Carolina,SC,Other,independent,0,,,,
11/04/1952,South Dakota,SD,Eisenhower,republican,69.27243504,,,,
11/04/1952,South Dakota,SD,Stevenson,democrat,30.72756496,,,,
11/04/1952,South Dakota,SD,Other,independent,0,,,,
11/04/1952,Tennessee,TN,Eisenhower,republican,49.98549106,,,,
11/04/1952,Tennessee,TN,Stevenson,democrat,49.71245405,,,,
11/04/1952,Tennessee,TN,Other,independent,0.302054892,,,,
11/04/1952,Texas,TX,Eisenhower,republican,53.12652641,,,,
11/04/1952,Texas,TX,Stevenson,democrat,46.68849768,,,,
11/04/1952,Texas,TX,Other,independent,0.18497591,,,,
11/04/1952,Utah,UT,Eisenhower,republican,58.9250927,,,,
11/04/1952,Utah,UT,Stevenson,democrat,41.0749073,,,,
11/04/1952,Utah,UT,Other,independent,0,,,,
11/04/1952,Vermont,VT,Eisenhower,republican,71.45034092,,,,
11/04/1952,Vermont,VT,Stevenson,democrat,28.23381546,,,,
11/04/1952,Vermont,VT,Other,independent,0.315843628,,,,
11/04/1952,Virginia,VA,Eisenhower,republican,56.32454344,,,,
11/04/1952,Virginia,VA,Stevenson,democrat,43.3567483,,,,
11/04/1952,Virginia,VA,Other,independent,0.318708255,,,,
11/04/1952,Washington,WA,Eisenhower,republican,54.33052086,,,,
11/04/1952,Washington,WA,Stevenson,democrat,44.69406225,,,,
11/04/1952,Washington,WA,Other,independent,0.975416883,,,,
11/04/1952,West Virginia,WV,Eisenhower,republican,48.0763507,,,,
11/04/1952,West Virginia,WV,Stevenson,democrat,51.9236493,,,,
11/04/1952,West Virginia,WV,Other,independent,0,,,,
11/04/1952,Wisconsin,WI,Eisenhower,republican,60.95323417,,,,
11/04/1952,Wisconsin,WI,Stevenson,democrat,38.70764043,,,,
11/04/1952,Wisconsin,WI,Other,independent,0.339125404,,,,
11/04/1952,Wyoming,WY,Eisenhower,republican,62.70512414,,,,
11/04/1952,Wyoming,WY,Stevenson,democrat,37.08597999,,,,
11/04/1952,Wyoming,WY,Other,independent,0.208895869,,,,
11/04/1952,National Popular Vote,NPV,Eisenhower,republican,55.1357156,,,,
11/04/1952,National Popular Vote,NPV,Stevenson,democrat,44.37694691,,,,
11/06/1956,Alabama,AL,Eisenhower,republican,39.38527304,,,10,
11/06/1956,Alabama,AL,Stevenson,democrat,56.52251792,,,1,
11/06/1956,Alabama,AL,Jones,dixiecrat,0,,,,
11/06/1956,Alabama,AL,Other,independent,4.092209044,,,,
11/06/1956,Arizona,AZ,Eisenhower,republican,60.99464802,,,,
11/06/1956,Arizona,AZ,Stevenson,democrat,38.90093151,,,,
11/06/1956,Arizona,AZ,Other,independent,0.104420466,,,,
11/06/1956,Arkansas,AR,Eisenhower,republican,45.81894474,,,,
11/06/1956,Arkansas,AR,Stevenson,democrat,52.45737532,,,,
11/06/1956,Arkansas,AR,Other,independent,1.723679939,,,,
11/06/1956,California,CA,Eisenhower,republican,55.38732848,,,,
11/06/1956,California,CA,Stevenson,democrat,44.27328631,,,,
11/06/1956,California,CA,Other,independent,0.339385203,,,,
11/06/1956,Colorado,CO,Eisenhower,republican,59.49245484,,,,
11/06/1956,Colorado,CO,Stevenson,democrat,39.81410823,,,,
11/06/1956,Colorado,CO,Other,independent,0.693436932,,,,
11/06/1956,Connecticut,CT,Eisenhower,republican,63.72067126,,,,
11/06/1956,Connecticut,CT,Stevenson,democrat,36.260978,,,,
11/06/1956,Connecticut,CT,Other,independent,0.018350743,,,,
11/06/1956,Delaware,DE,Eisenhower,republican,55.09191631,,,,
11/06/1956,Delaware,DE,Stevenson,democrat,44.62154752,,,,
11/06/1956,Delaware,DE,Other,independent,0.286536171,,,,
11/06/1956,Florida,FL,Eisenhower,republican,57.27072993,,,,
11/06/1956,Florida,FL,Stevenson,democrat,42.72927007,,,,
11/06/1956,Florida,FL,Other,independent,0,,,,
11/06/1956,Georgia,GA,Eisenhower,republican,32.65388557,,,,
11/06/1956,Georgia,GA,Stevenson,democrat,66.4818834,,,,
11/06/1956,Georgia,GA,Other,independent,0.864231024,,,,
11/06/1956,Idaho,ID,Eisenhower,republican,61.16693347,,,,
11/06/1956,Idaho,ID,Stevenson,democrat,38.78104979,,,,
11/06/1956,Idaho,ID,Other,independent,0.052016748,,,,
11/06/1956,Illinois,IL,Eisenhower,republican,59.52087021,,,,
11/06/1956,Illinois,IL,Stevenson,democrat,40.28858692,,,,
11/06/1956,Illinois,IL,Other,independent,0.190542875,,,,
11/06/1956,Indiana,IN,Eisenhower,republican,59.90108411,,,,
11/06/1956,Indiana,IN,Stevenson,democrat,39.69944399,,,,
11/06/1956,Indiana,IN,Other,independent,0.399471895,,,,
11/06/1956,Iowa,IA,Eisenhower,republican,59.06433364,,,,
11/06/1956,Iowa,IA,Stevenson,democrat,40.65062646,,,,
11/06/1956,Iowa,IA,Other,independent,0.285039901,,,,
11/06/1956,Kansas,KS,Eisenhower,republican,65.44099058,,,,
11/06/1956,Kansas,KS,Stevenson,democrat,34.20714511,,,,
11/06/1956,Kansas,KS,Other,independent,0.351864315,,,,
11/06/1956,Kentucky,KY,Eisenhower,republican,54.29771163,,,,
11/06/1956,Kentucky,KY,Stevenson,democrat,45.21263422,,,,
11/06/1956,Kentucky,KY,Other,independent,0.489654158,,,,
11/06/1956,Louisiana,LA,Eisenhower,republican,53.28316687,,,,
11/06/1956,Louisiana,LA,Stevenson,democrat,39.50763023,,,,
11/06/1956,Louisiana,LA,Other,independent,7.209202907,,,,
11/06/1956,Maine,ME,Eisenhower,republican,70.86543875,,,,
11/06/1956,Maine,ME,Stevenson,democrat,29.13456125,,,,
11/06/1956,Maine,ME,Other,independent,0,,,,
11/06/1956,Maryland,MD,Eisenhower,republican,60.03511553,,,,
11/06/1956,Maryland,MD,Stevenson,democrat,39.96488447,,,,
11/06/1956,Maryland,MD,Other,independent,0,,,,
11/06/1956,Massachusetts,MA,Eisenhower,republican,59.32269281,,,,
11/06/1956,Massachusetts,MA,Stevenson,democrat,40.37417831,,,,
11/06/1956,Massachusetts,MA,Other,independent,0.303128883,,,,
11/06/1956,Michigan,MI,Eisenhower,republican,55.62943683,,,,
11/06/1956,Michigan,MI,Stevenson,democrat,44.1458246,,,,
11/06/1956,Michigan,MI,Other,independent,0.224738579,,,,
11/06/1956,Minnesota,MN,Eisenhower,republican,53.67905344,,,,
11/06/1956,Minnesota,MN,Stevenson,democrat,46.08378327,,,,
11/06/1956,Minnesota,MN,Other,independent,0.237163294,,,,
11/06/1956,Mississippi,MS,Eisenhower,republican,24.4550653,,,,
11/06/1956,Mississippi,MS,Stevenson,democrat,58.23033742,,,,
11/06/1956,Mississippi,MS,Other,independent,17.31459728,,,,
11/06/1956,Missouri,MO,Eisenhower,republican,49.89129972,,,,
11/06/1956,Missouri,MO,Stevenson,democrat,50.10870028,,,,
11/06/1956,Missouri,MO,Other,independent,0,,,,
11/06/1956,Montana,MT,Eisenhower,republican,57.13479686,,,,
11/06/1956,Montana,MT,Stevenson,democrat,42.86520314,,,,
11/06/1956,Montana,MT,Other,independent,0,,,,
11/06/1956,Nebraska,NE,Eisenhower,republican,65.51442725,,,,
11/06/1956,Nebraska,NE,Stevenson,democrat,34.48557275,,,,
11/06/1956,Nebraska,NE,Other,independent,0,,,,
11/06/1956,Nevada,NV,Eisenhower,republican,57.96833145,,,,
11/06/1956,Nevada,NV,Stevenson,democrat,42.03166855,,,,
11/06/1956,Nevada,NV,Other,independent,0,,,,
11/06/1956,New Hampshire,NH,Eisenhower,republican,66.11347071,,,,
11/06/1956,New Hampshire,NH,Stevenson,democrat,33.84495532,,,,
11/06/1956,New Hampshire,NH,Other,independent,0.041573968,,,,
11/06/1956,New Jersey,NJ,Eisenhower,republican,64.68358242,,,,
11/06/1956,New Jersey,NJ,Stevenson,democrat,34.22826924,,,,
11/06/1956,New Jersey,NJ,Other,independent,1.088148349,,,,
11/06/1956,New Mexico,NM,Eisenhower,republican,57.8073927,,,,
11/06/1956,New Mexico,NM,Stevenson,democrat,41.78303915,,,,
11/06/1956,New Mexico,NM,Other,independent,0.409568142,,,,
11/06/1956,New York,NY,Eisenhower,republican,61.18898076,,,,
11/06/1956,New York,NY,Stevenson,democrat,38.77962358,,,,
11/06/1956,New York,NY,Other,independent,0.031395665,,,,
11/06/1956,North Carolina,NC,Eisenhower,republican,49.33647451,,,,
11/06/1956,North Carolina,NC,Stevenson,democrat,50.66352549,,,,
11/06/1956,North Carolina,NC,Other,independent,0,,,,
11/06/1956,North Dakota,ND,Eisenhower,republican,61.72108461,,,,
11/06/1956,North Dakota,ND,Stevenson,democrat,38.08875118,,,,
11/06/1956,North Dakota,ND,Other,independent,0.190164218,,,,
11/06/1956,Ohio,OH,Eisenhower,republican,61.11420981,,,,
11/06/1956,Ohio,OH,Stevenson,democrat,38.88579019,,,,
11/06/1956,Ohio,OH,Other,independent,0,,,,
11/06/1956,Oklahoma,OK,Eisenhower,republican,55.13108745,,,,
11/06/1956,Oklahoma,OK,Stevenson,democrat,44.86891255,,,,
11/06/1956,Oklahoma,OK,Other,independent,0,,,,
11/06/1956,Oregon,OR,Eisenhower,republican,55.24669078,,,,
11/06/1956,Oregon,OR,Stevenson,democrat,44.75330922,,,,
11/06/1956,Oregon,OR,Other,independent,0,,,,
11/06/1956,Pennsylvania,PA,Eisenhower,republican,56.48968219,,,,
11/06/1956,Pennsylvania,PA,Stevenson,democrat,43.30312905,,,,
11/06/1956,Pennsylvania,PA,Other,independent,0.207188764,,,,
11/06/1956,Rhode Island,RI,Eisenhower,republican,58.25918253,,,,
11/06/1956,Rhode Island,RI,Stevenson,democrat,41.74030149,,,,
11/06/1956,Rhode Island,RI,Other,independent,0.000515981,,,,
11/06/1956,South Carolina,SC,Eisenhower,republican,25.18439167,,,,
11/06/1956,South Carolina,SC,Stevenson,democrat,45.36916592,,,,
11/06/1956,South Carolina,SC,Other,independent,29.44644241,,,,
11/06/1956,South Dakota,SD,Eisenhower,republican,58.38520097,,,,
11/06/1956,South Dakota,SD,Stevenson,democrat,41.61479903,,,,
11/06/1956,South Dakota,SD,Other,independent,0,,,,
11/06/1956,Tennessee,TN,Eisenhower,republican,49.21077619,,,,
11/06/1956,Tennessee,TN,Stevenson,democrat,48.59538601,,,,
11/06/1956,Tennessee,TN,Other,independent,2.193837795,,,,
11/06/1956,Texas,TX,Eisenhower,republican,55.25922441,,,,
11/06/1956,Texas,TX,Stevenson,democrat,43.97536237,,,,
11/06/1956,Texas,TX,Other,independent,0.765413222,,,,
11/06/1956,Utah,UT,Eisenhower,republican,64.56114612,,,,
11/06/1956,Utah,UT,Stevenson,democrat,35.43885388,,,,
11/06/1956,Utah,UT,Other,independent,0,,,,
11/06/1956,Vermont,VT,Eisenhower,republican,72.16070285,,,,
11/06/1956,Vermont,VT,Stevenson,democrat,27.81380329,,,,
11/06/1956,Vermont,VT,Other,independent,0.025493862,,,,
11/06/1956,Virginia,VA,Eisenhower,republican,55.36836405,,,,
11/06/1956,Virginia,VA,Stevenson,democrat,38.36224064,,,,
11/06/1956,Virginia,VA,Other,independent,6.26939531,,,,
11/06/1956,Washington,WA,Eisenhower,republican,53.90876097,,,,
11/06/1956,Washington,WA,Stevenson,democrat,45.44330513,,,,
11/06/1956,Washington,WA,Other,independent,0.647933902,,,,
11/06/1956,West Virginia,WV,Eisenhower,republican,54.07802549,,,,
11/06/1956,West Virginia,WV,Stevenson,democrat,45.92197451,,,,
11/06/1956,West Virginia,WV,Other,independent,0,,,,
11/06/1956,Wisconsin,WI,Eisenhower,republican,61.58066967,,,,
11/06/1956,Wisconsin,WI,Stevenson,democrat,37.84237674,,,,
11/06/1956,Wisconsin,WI,Other,independent,0.576953587,,,,
11/06/1956,Wyoming,WY,Eisenhower,republican,60.07798464,,,,
11/06/1956,Wyoming,WY,Stevenson,democrat,39.92201536,,,,
11/06/1956,Wyoming,WY,Other,independent,0,,,,
11/06/1956,National Popular Vote,NPV,Eisenhower,republican,57.36543815,,,,
11/06/1956,National Popular Vote,NPV,Stevenson,democrat,41.96581344,,,,
11/08/1960,Alabama,AL,Nixon,republican,42.1598553,,,,JJCooley
11/08/1960,Alabama,AL,Kennedy,democrat,56.38941101,,,5,JJCooley
11/08/1960,Alabama,AL,Byrd,southern democrat ,0,,,6,JJCooley
11/08/1960,Alabama,AL,Other,independent,1.450733693,,,,JJCooley
11/08/1960,Alaska,AK,Nixon,republican,50.94137783,,,,JJCooley
11/08/1960,Alaska,AK,Kennedy,democrat,49.05862217,,,,JJCooley
11/08/1960,Alaska,AK,Other,independent,0,,,,JJCooley
11/08/1960,Arizona,AZ,Nixon,republican,55.51969806,,,,JJCooley
11/08/1960,Arizona,AZ,Kennedy,democrat,44.36260794,,,,JJCooley
11/08/1960,Arizona,AZ,Other,independent,0.117694001,,,,JJCooley
11/08/1960,Arkansas,AR,Nixon,republican,43.0581388,,,,JJCooley
11/08/1960,Arkansas,AR,Kennedy,democrat,50.18541034,,,,JJCooley
11/08/1960,Arkansas,AR,Other,independent,6.756450856,,,,JJCooley
11/08/1960,California,CA,Nixon,republican,50.09886918,,,,JJCooley
11/08/1960,California,CA,Kennedy,democrat,49.55137708,,,,JJCooley
11/08/1960,California,CA,Other,independent,0.349753742,,,,JJCooley
11/08/1960,Colorado,CO,Nixon,republican,54.63418477,,,,JJCooley
11/08/1960,Colorado,CO,Kennedy,democrat,44.90740867,,,,JJCooley
11/08/1960,Colorado,CO,Other,independent,0.458406565,,,,JJCooley
11/08/1960,Connecticut,CT,Nixon,republican,46.26877633,,,,JJCooley
11/08/1960,Connecticut,CT,Kennedy,democrat,53.72999706,,,,JJCooley
11/08/1960,Connecticut,CT,Other,independent,0.00122661,,,,JJCooley
11/08/1960,Delaware,DE,Nixon,republican,48.99915092,,,,JJCooley
11/08/1960,Delaware,DE,Kennedy,democrat,50.63477779,,,,JJCooley
11/08/1960,Delaware,DE,Other,independent,0.366071292,,,,JJCooley
11/08/1960,Florida,FL,Nixon,republican,51.51459419,,,,JJCooley
11/08/1960,Florida,FL,Kennedy,democrat,48.48540581,,,,JJCooley
11/08/1960,Florida,FL,Other,independent,0,,,,JJCooley
11/08/1960,Georgia,GA,Nixon,republican,37.42720042,,,,JJCooley
11/08/1960,Georgia,GA,Kennedy,democrat,62.54020937,,,,JJCooley
11/08/1960,Georgia,GA,Other,independent,0.032590213,,,,JJCooley
11/08/1960,Hawaii,HI,Nixon,republican,49.96886928,,,,JJCooley
11/08/1960,Hawaii,HI,Kennedy,democrat,50.03113072,,,,JJCooley
11/08/1960,Hawaii,HI,Other,independent,0,,,,JJCooley
11/08/1960,Idaho,ID,Nixon,republican,53.78498918,,,,JJCooley
11/08/1960,Idaho,ID,Kennedy,democrat,46.21501082,,,,JJCooley
11/08/1960,Idaho,ID,Other,independent,0,,,,JJCooley
11/08/1960,Illinois,IL,Nixon,republican,49.79576068,,,,JJCooley
11/08/1960,Illinois,IL,Kennedy,democrat,49.98195446,,,,JJCooley
11/08/1960,Illinois,IL,Other,independent,0.222284861,,,,JJCooley
11/08/1960,Indiana,IN,Nixon,republican,55.0314701,,,,JJCooley
11/08/1960,Indiana,IN,Kennedy,democrat,44.59941181,,,,JJCooley
11/08/1960,Indiana,IN,Other,independent,0.369118088,,,,JJCooley
11/08/1960,Iowa,IA,Nixon,republican,56.71026291,,,,JJCooley
11/08/1960,Iowa,IA,Kennedy,democrat,43.22190908,,,,JJCooley
11/08/1960,Iowa,IA,Other,independent,0.067828012,,,,JJCooley
11/08/1960,Kansas,KS,Nixon,republican,60.44992329,,,,JJCooley
11/08/1960,Kansas,KS,Kennedy,democrat,39.1045676,,,,JJCooley
11/08/1960,Kansas,KS,Other,independent,0.445509111,,,,JJCooley
11/08/1960,Kentucky,KY,Nixon,republican,53.59069493,,,,JJCooley
11/08/1960,Kentucky,KY,Kennedy,democrat,46.40930507,,,,JJCooley
11/08/1960,Kentucky,KY,Other,independent,0,,,,JJCooley
11/08/1960,Louisiana,LA,Nixon,republican,28.59049055,,,,JJCooley
11/08/1960,Louisiana,LA,Kennedy,democrat,50.42004429,,,,JJCooley
11/08/1960,Louisiana,LA,Other,independent,20.98946516,,,,JJCooley
11/08/1960,Maine,ME,Nixon,republican,57.04680006,,,,JJCooley
11/08/1960,Maine,ME,Kennedy,democrat,42.95177738,,,,JJCooley
11/08/1960,Maine,ME,Other,independent,0.001422566,,,,JJCooley
11/08/1960,Maryland,MD,Nixon,republican,46.38636129,,,,JJCooley
11/08/1960,Maryland,MD,Kennedy,democrat,53.61335444,,,,JJCooley
11/08/1960,Maryland,MD,Other,independent,0.000284266,,,,JJCooley
11/08/1960,Massachusetts,MA,Nixon,republican,39.55286133,,,,JJCooley
11/08/1960,Massachusetts,MA,Kennedy,democrat,60.22215203,,,,JJCooley
11/08/1960,Massachusetts,MA,Other,independent,0.224986637,,,,JJCooley
11/08/1960,Michigan,MI,Nixon,republican,48.83606477,,,,JJCooley
11/08/1960,Michigan,MI,Kennedy,democrat,50.85050256,,,,JJCooley
11/08/1960,Michigan,MI,Other,independent,0.313432669,,,,JJCooley
11/08/1960,Minnesota,MN,Nixon,republican,49.15502887,,,,JJCooley
11/08/1960,Minnesota,MN,Kennedy,democrat,50.58301938,,,,JJCooley
11/08/1960,Minnesota,MN,Other,independent,0.261951751,,,,JJCooley
11/08/1960,Mississippi,MS,Nixon,republican,24.67074263,,,,JJCooley
11/08/1960,Mississippi,MS,Kennedy,democrat,36.34223315,,,,JJCooley
11/08/1960,Mississippi,MS,Byrd,independent,38.98702422,,,,JJCooley
11/08/1960,Missouri,MO,Nixon,republican,49.74204181,,,,JJCooley
11/08/1960,Missouri,MO,Kennedy,democrat,50.25795819,,,,JJCooley
11/08/1960,Missouri,MO,Other,independent,0,,,,JJCooley
11/08/1960,Montana,MT,Nixon,republican,51.09932668,,,,JJCooley
11/08/1960,Montana,MT,Kennedy,democrat,48.59553496,,,,JJCooley
11/08/1960,Montana,MT,Other,independent,0.305138357,,,,JJCooley
11/08/1960,Nebraska,NE,Nixon,republican,62.07080469,,,,JJCooley
11/08/1960,Nebraska,NE,Kennedy,democrat,37.92919531,,,,JJCooley
11/08/1960,Nebraska,NE,Other,independent,0,,,,JJCooley
11/08/1960,Nevada,NV,Nixon,republican,48.83794643,,,,JJCooley
11/08/1960,Nevada,NV,Kennedy,democrat,51.16205357,,,,JJCooley
11/08/1960,Nevada,NV,Other,independent,0,,,,JJCooley
11/08/1960,New Hampshire,NH,Nixon,republican,53.41779342,,,,JJCooley
11/08/1960,New Hampshire,NH,Kennedy,democrat,46.58220658,,,,JJCooley
11/08/1960,New Hampshire,NH,Other,independent,0,,,,JJCooley
11/08/1960,New Jersey,NJ,Nixon,republican,49.16225856,,,,JJCooley
11/08/1960,New Jersey,NJ,Kennedy,democrat,49.9588729,,,,JJCooley
11/08/1960,New Jersey,NJ,Other,independent,0.878868534,,,,JJCooley
11/08/1960,New Mexico,NM,Nixon,republican,49.41483155,,,,JJCooley
11/08/1960,New Mexico,NM,Kennedy,democrat,50.15219844,,,,JJCooley
11/08/1960,New Mexico,NM,Other,independent,0.432970007,,,,JJCooley
11/08/1960,New York,NY,Nixon,republican,47.26898447,,,,JJCooley
11/08/1960,New York,NY,Kennedy,democrat,52.53111371,,,,JJCooley
11/08/1960,New York,NY,Other,independent,0.199901825,,,,JJCooley
11/08/1960,North Carolina,NC,Nixon,republican,47.8913541,,,,JJCooley
11/08/1960,North Carolina,NC,Kennedy,democrat,52.1086459,,,,JJCooley
11/08/1960,North Carolina,NC,Other,independent,0,,,,JJCooley
11/08/1960,North Dakota,ND,Nixon,republican,55.42127134,,,,JJCooley
11/08/1960,North Dakota,ND,Kennedy,democrat,44.52198211,,,,JJCooley
11/08/1960,North Dakota,ND,Other,independent,0.056746555,,,,JJCooley
11/08/1960,Ohio,OH,Nixon,republican,53.28414538,,,,JJCooley
11/08/1960,Ohio,OH,Kennedy,democrat,46.71585462,,,,JJCooley
11/08/1960,Ohio,OH,Other,independent,0,,,,JJCooley
11/08/1960,Oklahoma,OK,Nixon,republican,59.01998561,,,7,JJCooley
11/08/1960,Oklahoma,OK,Kennedy,democrat,40.98001439,,,,JJCooley
11/08/1960,Oklahoma,OK,Other,independent,0,,,,JJCooley
11/08/1960,Oklahoma,OK,Byrd,southern democrat,0,,,1,JJCooley
11/08/1960,Oregon,OR,Nixon,republican,52.55653827,,,,JJCooley
11/08/1960,Oregon,OR,Kennedy,democrat,47.31994627,,,,JJCooley
11/08/1960,Oregon,OR,Other,independent,0.123515464,,,,JJCooley
11/08/1960,Pennsylvania,PA,Nixon,republican,48.7353644,,,,JJCooley
11/08/1960,Pennsylvania,PA,Kennedy,democrat,51.05884482,,,,JJCooley
11/08/1960,Pennsylvania,PA,Other,independent,0.205790785,,,,JJCooley
11/08/1960,Rhode Island,RI,Nixon,republican,36.37219969,,,,JJCooley
11/08/1960,Rhode Island,RI,Kennedy,democrat,63.62755373,,,,JJCooley
11/08/1960,Rhode Island,RI,Other,independent,0.000246588,,,,JJCooley
11/08/1960,South Carolina,SC,Nixon,republican,48.76230967,,,,JJCooley
11/08/1960,South Carolina,SC,Kennedy,democrat,51.23743173,,,,JJCooley
11/08/1960,South Carolina,SC,Other,independent,0.000258606,,,,JJCooley
11/08/1960,South Dakota,SD,Nixon,republican,58.21356208,,,,JJCooley
11/08/1960,South Dakota,SD,Kennedy,democrat,41.78643792,,,,JJCooley
11/08/1960,South Dakota,SD,Other,independent,0,,,,JJCooley
11/08/1960,Tennessee,TN,Nixon,republican,52.91702162,,,,JJCooley
11/08/1960,Tennessee,TN,Kennedy,democrat,45.77454478,,,,JJCooley
11/08/1960,Tennessee,TN,Other,independent,1.308433607,,,,JJCooley
11/08/1960,Texas,TX,Nixon,republican,48.51879032,,,,JJCooley
11/08/1960,Texas,TX,Kennedy,democrat,50.5203186,,,,JJCooley
11/08/1960,Texas,TX,Other,independent,0.96089108,,,,JJCooley
11/08/1960,Utah,UT,Nixon,republican,54.80546237,,,,JJCooley
11/08/1960,Utah,UT,Kennedy,democrat,45.16785025,,,,JJCooley
11/08/1960,Utah,UT,Other,independent,0.026687376,,,,JJCooley
11/08/1960,Vermont,VT,Nixon,republican,58.64729507,,,,JJCooley
11/08/1960,Vermont,VT,Kennedy,democrat,41.34852143,,,,JJCooley
11/08/1960,Vermont,VT,Other,independent,0.0041835,,,,JJCooley
11/08/1960,Virginia,VA,Nixon,republican,52.43651881,,,,JJCooley
11/08/1960,Virginia,VA,Kennedy,democrat,46.96707106,,,,JJCooley
11/08/1960,Virginia,VA,Other,independent,0.596410132,,,,JJCooley
11/08/1960,Washington,WA,Nixon,republican,50.68356889,,,,JJCooley
11/08/1960,Washington,WA,Kennedy,democrat,48.26929087,,,,JJCooley
11/08/1960,Washington,WA,Other,independent,1.047140238,,,,JJCooley
11/08/1960,West Virginia,WV,Nixon,republican,47.2671259,,,,JJCooley
11/08/1960,West Virginia,WV,Kennedy,democrat,52.7328741,,,,JJCooley
11/08/1960,West Virginia,WV,Other,independent,0,,,,JJCooley
11/08/1960,Wisconsin,WI,Nixon,republican,51.77169157,,,,JJCooley
11/08/1960,Wisconsin,WI,Kennedy,democrat,48.04890688,,,,JJCooley
11/08/1960,Wisconsin,WI,Other,independent,0.179401555,,,,JJCooley
11/08/1960,Wyoming,WY,Nixon,republican,55.01484565,,,,JJCooley
11/08/1960,Wyoming,WY,Kennedy,democrat,44.98515435,,,,JJCooley
11/08/1960,Wyoming,WY,Other,independent,0,,,,JJCooley
11/08/1960,National Popular Vote,NPV,Kennedy,democrat,49.71632943,,,,20210915
11/08/1960,National Popular Vote,NPV,Nixon,republican,49.55241408,,,,20210915
11/03/1964,Alabama,AL,Goldwater,republican,69.45102832,,,,JJCooley
11/03/1964,Alabama,AL,Johnson,democrat,0,,,,JJCooley
11/03/1964,Alabama,AL,Other,independent,30.54897168,,,,JJCooley
11/03/1964,Alaska,AK,Goldwater,republican,34.09209176,,,,JJCooley
11/03/1964,Alaska,AK,Johnson,democrat,65.90790824,,,,JJCooley
11/03/1964,Alaska,AK,Other,independent,0,,,,JJCooley
11/03/1964,Arizona,AZ,Goldwater,republican,50.44719928,,,,JJCooley
11/03/1964,Arizona,AZ,Johnson,democrat,49.45254488,,,,JJCooley
11/03/1964,Arizona,AZ,Other,independent,0.10025584,,,,JJCooley
11/03/1964,Arkansas,AR,Goldwater,republican,43.40697969,,,,JJCooley
11/03/1964,Arkansas,AR,Johnson,democrat,56.06395849,,,,JJCooley
11/03/1964,Arkansas,AR,Other,independent,0.529061821,,,,JJCooley
11/03/1964,California,CA,Goldwater,republican,40.79451529,,,,JJCooley
11/03/1964,California,CA,Johnson,democrat,59.11195414,,,,JJCooley
11/03/1964,California,CA,Other,independent,0.093530564,,,,JJCooley
11/03/1964,Colorado,CO,Goldwater,republican,38.19463929,,,,JJCooley
11/03/1964,Colorado,CO,Johnson,democrat,61.26545395,,,,JJCooley
11/03/1964,Colorado,CO,Other,independent,0.539906768,,,,JJCooley
11/03/1964,Connecticut,CT,Goldwater,republican,32.08625135,,,,JJCooley
11/03/1964,Connecticut,CT,Johnson,democrat,67.80600011,,,,JJCooley
11/03/1964,Connecticut,CT,Other,independent,0.10774854,,,,JJCooley
11/03/1964,Delaware,DE,Goldwater,republican,38.78303199,,,,JJCooley
11/03/1964,Delaware,DE,Johnson,democrat,60.94973177,,,,JJCooley
11/03/1964,Delaware,DE,Other,independent,0.267236241,,,,JJCooley
11/03/1964,District of Columbia,DC,Goldwater,republican,14.50223317,,,,JJCooley
11/03/1964,District of Columbia,DC,Johnson,democrat,85.49776683,,,,JJCooley
11/03/1964,District of Columbia,DC,Other,independent,0,,,,JJCooley
11/03/1964,Florida,FL,Goldwater,republican,48.85145763,,,,JJCooley
11/03/1964,Florida,FL,Johnson,democrat,51.14854237,,,,JJCooley
11/03/1964,Florida,FL,Other,independent,0,,,,JJCooley
11/03/1964,Georgia,GA,Goldwater,republican,54.11783706,,,,JJCooley
11/03/1964,Georgia,GA,Johnson,democrat,45.86504771,,,,JJCooley
11/03/1964,Georgia,GA,Other,independent,0.017115232,,,,JJCooley
11/03/1964,Hawaii,HI,Goldwater,republican,21.2388612,,,,JJCooley
11/03/1964,Hawaii,HI,Johnson,democrat,78.7611388,,,,JJCooley
11/03/1964,Hawaii,HI,Other,independent,0,,,,JJCooley
11/03/1964,Idaho,ID,Goldwater,republican,49.08317577,,,,JJCooley
11/03/1964,Idaho,ID,Johnson,democrat,50.91682423,,,,JJCooley
11/03/1964,Idaho,ID,Other,independent,0,,,,JJCooley
11/03/1964,Illinois,IL,Goldwater,republican,40.52754495,,,,JJCooley
11/03/1964,Illinois,IL,Johnson,democrat,59.4711367,,,,JJCooley
11/03/1964,Illinois,IL,Other,independent,0.001318352,,,,JJCooley
11/03/1964,Indiana,IN,Goldwater,republican,43.56068973,,,,JJCooley
11/03/1964,Indiana,IN,Johnson,democrat,55.97842041,,,,JJCooley
11/03/1964,Indiana,IN,Other,independent,0.460889862,,,,JJCooley
11/03/1964,Iowa,IA,Goldwater,republican,37.91753585,,,,JJCooley
11/03/1964,Iowa,IA,Johnson,democrat,61.8831461,,,,JJCooley
11/03/1964,Iowa,IA,Other,independent,0.199318047,,,,JJCooley
11/03/1964,Kansas,KS,Goldwater,republican,45.06102686,,,,JJCooley
11/03/1964,Kansas,KS,Johnson,democrat,54.08875849,,,,JJCooley
11/03/1964,Kansas,KS,Other,independent,0.850214652,,,,JJCooley
11/03/1964,Kentucky,KY,Goldwater,republican,35.65387796,,,,JJCooley
11/03/1964,Kentucky,KY,Johnson,democrat,64.01451097,,,,JJCooley
11/03/1964,Kentucky,KY,Other,independent,0.331611072,,,,JJCooley
11/03/1964,Louisiana,LA,Goldwater,republican,56.81456845,,,,JJCooley
11/03/1964,Louisiana,LA,Johnson,democrat,43.18543155,,,,JJCooley
11/03/1964,Louisiana,LA,Other,independent,0,,,,JJCooley
11/03/1964,Maine,ME,Goldwater,republican,31.13705698,,,,JJCooley
11/03/1964,Maine,ME,Johnson,democrat,68.79579037,,,,JJCooley
11/03/1964,Maine,ME,Other,independent,0.067152649,,,,JJCooley
11/03/1964,Maryland,MD,Goldwater,republican,34.5284234,,,,JJCooley
11/03/1964,Maryland,MD,Johnson,democrat,65.46709815,,,,JJCooley
11/03/1964,Maryland,MD,Other,independent,0.004478453,,,,JJCooley
11/03/1964,Massachusetts,MA,Goldwater,republican,23.44453552,,,,JJCooley
11/03/1964,Massachusetts,MA,Johnson,democrat,76.18660541,,,,JJCooley
11/03/1964,Massachusetts,MA,Other,independent,0.368859066,,,,JJCooley
11/03/1964,Michigan,MI,Goldwater,republican,33.09766595,,,,JJCooley
11/03/1964,Michigan,MI,Johnson,democrat,66.70455702,,,,JJCooley
11/03/1964,Michigan,MI,Other,independent,0.19777703,,,,JJCooley
11/03/1964,Minnesota,MN,Goldwater,republican,36.00113737,,,,JJCooley
11/03/1964,Minnesota,MN,Johnson,democrat,63.75948721,,,,JJCooley
11/03/1964,Minnesota,MN,Other,independent,0.239375424,,,,JJCooley
11/03/1964,Mississippi,MS,Goldwater,republican,87.1395541,,,,JJCooley
11/03/1964,Mississippi,MS,Johnson,democrat,12.8604459,,,,JJCooley
11/03/1964,Mississippi,MS,Other,independent,0,,,,JJCooley
11/03/1964,Missouri,MO,Goldwater,republican,35.95041254,,,,JJCooley
11/03/1964,Missouri,MO,Johnson,democrat,64.04958746,,,,JJCooley
11/03/1964,Missouri,MO,Other,independent,0,,,,JJCooley
11/03/1964,Montana,MT,Goldwater,republican,40.56735145,,,,JJCooley
11/03/1964,Montana,MT,Johnson,democrat,58.94813156,,,,JJCooley
11/03/1964,Montana,MT,Other,independent,0.48451699,,,,JJCooley
11/03/1964,Nebraska,NE,Goldwater,republican,47.3928108,,,,JJCooley
11/03/1964,Nebraska,NE,Johnson,democrat,52.6071892,,,,JJCooley
11/03/1964,Nebraska,NE,Other,independent,0,,,,JJCooley
11/03/1964,Nevada,NV,Goldwater,republican,41.41826586,,,,JJCooley
11/03/1964,Nevada,NV,Johnson,democrat,58.58173414,,,,JJCooley
11/03/1964,Nevada,NV,Other,independent,0,,,,JJCooley
11/03/1964,New Hampshire,NH,Goldwater,republican,36.10952019,,,,JJCooley
11/03/1964,New Hampshire,NH,Johnson,democrat,63.89047981,,,,JJCooley
11/03/1964,New Hampshire,NH,Other,independent,0,,,,JJCooley
11/03/1964,New Jersey,NJ,Goldwater,republican,33.85742438,,,,JJCooley
11/03/1964,New Jersey,NJ,Johnson,democrat,65.60667002,,,,JJCooley
11/03/1964,New Jersey,NJ,Other,independent,0.535905605,,,,JJCooley
11/03/1964,New Mexico,NM,Goldwater,republican,40.24174717,,,,JJCooley
11/03/1964,New Mexico,NM,Johnson,democrat,59.22103689,,,,JJCooley
11/03/1964,New Mexico,NM,Other,independent,0.537215939,,,,JJCooley
11/03/1964,New York,NY,Goldwater,republican,31.30832129,,,,JJCooley
11/03/1964,New York,NY,Johnson,democrat,68.56189947,,,,JJCooley
11/03/1964,New York,NY,Other,independent,0.129779243,,,,JJCooley
11/03/1964,North Carolina,NC,Goldwater,republican,43.84922487,,,,JJCooley
11/03/1964,North Carolina,NC,Johnson,democrat,56.15077513,,,,JJCooley
11/03/1964,North Carolina,NC,Other,independent,0,,,,JJCooley
11/03/1964,North Dakota,ND,Goldwater,republican,41.87755671,,,,JJCooley
11/03/1964,North Dakota,ND,Johnson,democrat,57.96841197,,,,JJCooley
11/03/1964,North Dakota,ND,Other,independent,0.154031325,,,,JJCooley
11/03/1964,Ohio,OH,Goldwater,republican,37.05700096,,,,JJCooley
11/03/1964,Ohio,OH,Johnson,democrat,62.94299904,,,,JJCooley
11/03/1964,Ohio,OH,Other,independent,0,,,,JJCooley
11/03/1964,Oklahoma,OK,Goldwater,republican,44.25366676,,,,JJCooley
11/03/1964,Oklahoma,OK,Johnson,democrat,55.74633324,,,,JJCooley
11/03/1964,Oklahoma,OK,Other,independent,0,,,,JJCooley
11/03/1964,Oregon,OR,Goldwater,republican,35.9630169,,,,JJCooley
11/03/1964,Oregon,OR,Johnson,democrat,63.71789573,,,,JJCooley
11/03/1964,Oregon,OR,Other,independent,0.319087377,,,,JJCooley
11/03/1964,Pennsylvania,PA,Goldwater,republican,34.70380638,,,,JJCooley
11/03/1964,Pennsylvania,PA,Johnson,democrat,64.92131984,,,,JJCooley
11/03/1964,Pennsylvania,PA,Other,independent,0.374873774,,,,JJCooley
11/03/1964,Rhode Island,RI,Goldwater,republican,19.12758818,,,,JJCooley
11/03/1964,Rhode Island,RI,Johnson,democrat,80.86907927,,,,JJCooley
11/03/1964,Rhode Island,RI,Other,independent,0.003332556,,,,JJCooley
11/03/1964,South Carolina,SC,Goldwater,republican,58.89365724,,,,JJCooley
11/03/1964,South Carolina,SC,Johnson,democrat,41.10481824,,,,JJCooley
11/03/1964,South Carolina,SC,Other,independent,0.001524518,,,,JJCooley
11/03/1964,South Dakota,SD,Goldwater,republican,44.38758452,,,,JJCooley
11/03/1964,South Dakota,SD,Johnson,democrat,55.61241548,,,,JJCooley
11/03/1964,South Dakota,SD,Other,independent,0,,,,JJCooley
11/03/1964,Tennessee,TN,Goldwater,republican,44.4920477,,,,JJCooley
11/03/1964,Tennessee,TN,Johnson,democrat,55.50498013,,,,JJCooley
11/03/1964,Tennessee,TN,Other,independent,0.002972168,,,,JJCooley
11/03/1964,Texas,TX,Goldwater,republican,36.49162425,,,,JJCooley
11/03/1964,Texas,TX,Johnson,democrat,63.31574674,,,,JJCooley
11/03/1964,Texas,TX,Other,independent,0.192629009,,,,JJCooley
11/03/1964,Utah,UT,Goldwater,republican,45.13551997,,,,JJCooley
11/03/1964,Utah,UT,Johnson,democrat,54.86448003,,,,JJCooley
11/03/1964,Utah,UT,Other,independent,0,,,,JJCooley
11/03/1964,Vermont,VT,Goldwater,republican,33.68835421,,,,JJCooley
11/03/1964,Vermont,VT,Johnson,democrat,66.29938255,,,,JJCooley
11/03/1964,Vermont,VT,Other,independent,0.012263243,,,,JJCooley
11/03/1964,Virginia,VA,Goldwater,republican,46.18144871,,,,JJCooley
11/03/1964,Virginia,VA,Johnson,democrat,53.54079137,,,,JJCooley
11/03/1964,Virginia,VA,Other,independent,0.277759921,,,,JJCooley
11/03/1964,Washington,WA,Goldwater,republican,37.3734661,,,,JJCooley
11/03/1964,Washington,WA,Johnson,democrat,61.96633284,,,,JJCooley
11/03/1964,Washington,WA,Other,independent,0.660201056,,,,JJCooley
11/03/1964,West Virginia,WV,Goldwater,republican,32.06315338,,,,JJCooley
11/03/1964,West Virginia,WV,Johnson,democrat,67.93684662,,,,JJCooley
11/03/1964,West Virginia,WV,Other,independent,0,,,,JJCooley
11/03/1964,Wisconsin,WI,Goldwater,republican,37.74023756,,,,JJCooley
11/03/1964,Wisconsin,WI,Johnson,democrat,62.08858534,,,,JJCooley
11/03/1964,Wisconsin,WI,Other,independent,0.171177109,,,,JJCooley
11/03/1964,Wyoming,WY,Goldwater,republican,43.44152022,,,,JJCooley
11/03/1964,Wyoming,WY,Johnson,democrat,56.55847978,,,,JJCooley
11/03/1964,Wyoming,WY,Other,independent,0,,,,JJCooley
11/03/1964,National Popular Vote,NPV,Johnson,democrat,61.05336975,,,,20210915
11/03/1964,National Popular Vote,NPV,Goldwater,republican,38.46993481,,,,20210915
11/05/1968,Alabama,AL,Nixon,republican,13.99377284,,,,JJCooley
11/05/1968,Alabama,AL,Humphrey,democrat,18.72328956,,,,JJCooley
11/05/1968,Alabama,AL,Wallace,independent,65.8552057,,,,JJCooley
11/05/1968,Alabama,AL,Other,independent,1.427731906,,,,JJCooley
11/05/1968,Alaska,AK,Nixon,republican,45.28210995,,,,JJCooley
11/05/1968,Alaska,AK,Humphrey,democrat,42.64587222,,,,JJCooley
11/05/1968,Alaska,AK,Wallace,independent,12.07201782,,,,JJCooley
11/05/1968,Alaska,AK,Other,independent,0,,,,JJCooley
11/05/1968,Arizona,AZ,Nixon,republican,54.77537089,,,,JJCooley
11/05/1968,Arizona,AZ,Humphrey,democrat,35.0177436,,,,JJCooley
11/05/1968,Arizona,AZ,Wallace,independent,9.56450129,,,,JJCooley
11/05/1968,Arizona,AZ,Other,independent,0.642384215,,,,JJCooley
11/05/1968,Arkansas,AR,Nixon,republican,31.01461638,,,,JJCooley
11/05/1968,Arkansas,AR,Humphrey,democrat,30.33202644,,,,JJCooley
11/05/1968,Arkansas,AR,Wallace,independent,38.65335717,,,,JJCooley
11/05/1968,Arkansas,AR,Other,independent,0,,,,JJCooley
11/05/1968,California,CA,Nixon,republican,47.81938078,,,,JJCooley
11/05/1968,California,CA,Humphrey,democrat,44.73942049,,,,JJCooley
11/05/1968,California,CA,Wallace,independent,6.719494643,,,,JJCooley
11/05/1968,California,CA,Other,independent,0.72170409,,,,JJCooley
11/05/1968,Colorado,CO,Nixon,republican,50.46172394,,,,JJCooley
11/05/1968,Colorado,CO,Humphrey,democrat,41.31834482,,,,JJCooley
11/05/1968,Colorado,CO,Wallace,independent,7.496680839,,,,JJCooley
11/05/1968,Colorado,CO,Other,independent,0.723250399,,,,JJCooley
11/05/1968,Connecticut,CN,Nixon,republican,44.31673449,,,,JJCooley
11/05/1968,Connecticut,CN,Humphrey,democrat,49.47820148,,,,JJCooley
11/05/1968,Connecticut,CN,Wallace,independent,6.101579963,,,,JJCooley
11/05/1968,Connecticut,CN,Other,independent,0.10348407,,,,JJCooley
11/05/1968,Delaware,DE,Nixon,republican,45.11608596,,,,JJCooley
11/05/1968,Delaware,DE,Humphrey,democrat,41.60808333,,,,JJCooley
11/05/1968,Delaware,DE,Wallace,independent,13.2758307,,,,JJCooley
11/05/1968,Delaware,DE,Other,independent,0,,,,JJCooley
11/05/1968,District of Columbia,DC,Nixon,republican,18.18053911,,,,JJCooley
11/05/1968,District of Columbia,DC,Humphrey,democrat,81.81946089,,,,JJCooley
11/05/1968,District of Columbia,DC,Wallace,independent,0,,,,JJCooley
11/05/1968,District of Columbia,DC,Other,independent,0,,,,JJCooley
11/05/1968,Florida,FL,Nixon,republican,40.53395984,,,,JJCooley
11/05/1968,Florida,FL,Humphrey,democrat,30.93484109,,,,JJCooley
11/05/1968,Florida,FL,Wallace,independent,28.53119908,,,,JJCooley
11/05/1968,Florida,FL,Other,independent,0,,,,JJCooley
11/05/1968,Georgia,GA,Nixon,republican,30.40241037,,,,JJCooley
11/05/1968,Georgia,GA,Humphrey,democrat,26.7495077,,,,JJCooley
11/05/1968,Georgia,GA,Wallace,independent,42.83488474,,,,JJCooley
11/05/1968,Georgia,GA,Other,independent,0.013197192,,,,JJCooley
11/05/1968,Hawaii,HI,Nixon,republican,38.7036551,,,,JJCooley
11/05/1968,Hawaii,HI,Humphrey,democrat,59.8277862,,,,JJCooley
11/05/1968,Hawaii,HI,Wallace,independent,1.468558704,,,,JJCooley
11/05/1968,Hawaii,HI,Other,independent,0,,,,JJCooley
11/05/1968,Idaho,ID,Nixon,republican,56.79212042,,,,JJCooley
11/05/1968,Idaho,ID,Humphrey,democrat,30.65872664,,,,JJCooley
11/05/1968,Idaho,ID,Wallace,independent,12.54915294,,,,JJCooley
11/05/1968,Idaho,ID,Other,independent,0,,,,JJCooley
11/05/1968,Illinois,IL,Nixon,republican,47.07558787,,,,JJCooley
11/05/1968,Illinois,IL,Humphrey,democrat,44.15421704,,,,JJCooley
11/05/1968,Illinois,IL,Wallace,independent,8.462754145,,,,JJCooley
11/05/1968,Illinois,IL,Other,independent,0.307440945,,,,JJCooley
11/05/1968,Indiana,IN,Nixon,republican,50.28661276,,,,JJCooley
11/05/1968,Indiana,IN,Humphrey,democrat,37.9855029,,,,JJCooley
11/05/1968,Indiana,IN,Wallace,independent,11.4479348,,,,JJCooley
11/05/1968,Indiana,IN,Other,independent,0.279949538,,,,JJCooley
11/05/1968,Iowa,IA,Nixon,republican,53.0087822,,,,JJCooley
11/05/1968,Iowa,IA,Humphrey,democrat,40.81568175,,,,JJCooley
11/05/1968,Iowa,IA,Wallace,independent,5.687151039,,,,JJCooley
11/05/1968,Iowa,IA,Other,independent,0.488385016,,,,JJCooley
11/05/1968,Kansas,KS,Nixon,republican,54.84456045,,,,JJCooley
11/05/1968,Kansas,KS,Humphrey,democrat,34.7160749,,,,JJCooley
11/05/1968,Kansas,KS,Wallace,independent,10.18821402,,,,JJCooley
11/05/1968,Kansas,KS,Other,independent,0.25115063,,,,JJCooley
11/05/1968,Kentucky,KY,Nixon,republican,43.79335785,,,,JJCooley
11/05/1968,Kentucky,KY,Humphrey,democrat,37.64974292,,,,JJCooley
11/05/1968,Kentucky,KY,Wallace,independent,18.28764846,,,,JJCooley
11/05/1968,Kentucky,KY,Other,independent,0.269250767,,,,JJCooley
11/05/1968,Louisiana,LA,Nixon,republican,23.46667274,,,,JJCooley
11/05/1968,Louisiana,LA,Humphrey,democrat,28.21221924,,,,JJCooley
11/05/1968,Louisiana,LA,Wallace,independent,48.32110802,,,,JJCooley
11/05/1968,Louisiana,LA,Other,independent,0,,,,JJCooley
11/05/1968,Maine,ME,Nixon,republican,43.0741902,,,,JJCooley
11/05/1968,Maine,ME,Humphrey,democrat,55.30468066,,,,JJCooley
11/05/1968,Maine,ME,Wallace,independent,1.621129141,,,,JJCooley
11/05/1968,Maine,ME,Other,independent,0,,,,JJCooley
11/05/1968,Maryland,MD,Nixon,republican,41.94159051,,,,JJCooley
11/05/1968,Maryland,MD,Humphrey,democrat,43.58647784,,,,JJCooley
11/05/1968,Maryland,MD,Wallace,independent,14.47193166,,,,JJCooley
11/05/1968,Maryland,MD,Other,independent,0,,,,JJCooley
11/05/1968,Massachusetts,MA,Nixon,republican,32.88703087,,,,JJCooley
11/05/1968,Massachusetts,MA,Humphrey,democrat,63.00918794,,,,JJCooley
11/05/1968,Massachusetts,MA,Wallace,independent,3.734874035,,,,JJCooley
11/05/1968,Massachusetts,MA,Other,independent,0.368907157,,,,JJCooley
11/05/1968,Michigan,MI,Nixon,republican,41.45678639,,,,JJCooley
11/05/1968,Michigan,MI,Humphrey,democrat,48.18395463,,,,JJCooley
11/05/1968,Michigan,MI,Wallace,independent,10.04062004,,,,JJCooley
11/05/1968,Michigan,MI,Other,independent,0.318638941,,,,JJCooley
11/05/1968,Minnesota,MN,Nixon,republican,41.46294326,,,,JJCooley
11/05/1968,Minnesota,MN,Humphrey,democrat,53.99638655,,,,JJCooley
11/05/1968,Minnesota,MN,Wallace,independent,4.339349453,,,,JJCooley
11/05/1968,Minnesota,MN,Other,independent,0.201320735,,,,JJCooley
11/05/1968,Mississippi,MS,Nixon,republican,13.52403099,,,,JJCooley
11/05/1968,Mississippi,MS,Humphrey,democrat,23.01633744,,,,JJCooley
11/05/1968,Mississippi,MS,Wallace,independent,63.45963157,,,,JJCooley
11/05/1968,Mississippi,MS,Other,independent,0,,,,JJCooley
11/05/1968,Missouri,MO,Nixon,republican,44.87046712,,,,JJCooley
11/05/1968,Missouri,MO,Humphrey,democrat,43.7382219,,,,JJCooley
11/05/1968,Missouri,MO,Wallace,independent,11.39131098,,,,JJCooley
11/05/1968,Missouri,MO,Other,independent,0,,,,JJCooley
11/05/1968,Montana,MT,Nixon,republican,50.59510794,,,,JJCooley
11/05/1968,Montana,MT,Humphrey,democrat,41.58722176,,,,JJCooley
11/05/1968,Montana,MT,Wallace,independent,7.293989884,,,,JJCooley
11/05/1968,Montana,MT,Other,independent,0.523680413,,,,JJCooley
11/05/1968,Nebraska,NE,Nixon,republican,59.8234892,,,,JJCooley
11/05/1968,Nebraska,NE,Humphrey,democrat,31.8121788,,,,JJCooley
11/05/1968,Nebraska,NE,Wallace,independent,8.364332003,,,,JJCooley
11/05/1968,Nebraska,NE,Other,independent,0,,,,JJCooley
11/05/1968,Nevada,NV,Nixon,republican,47.45749523,,,,JJCooley
11/05/1968,Nevada,NV,Humphrey,democrat,39.29372706,,,,JJCooley
11/05/1968,Nevada,NV,Wallace,independent,13.2487777,,,,JJCooley
11/05/1968,Nevada,NV,Other,independent,0,,,,JJCooley
11/05/1968,New Hampshire,NH,Nixon,republican,52.10343795,,,,JJCooley
11/05/1968,New Hampshire,NH,Humphrey,democrat,43.92513934,,,,JJCooley
11/05/1968,New Hampshire,NH,Wallace,independent,3.758169385,,,,JJCooley
11/05/1968,New Hampshire,NH,Other,independent,0.213253324,,,,JJCooley
11/05/1968,New Jersey,NJ,Nixon,republican,46.09686669,,,,JJCooley
11/05/1968,New Jersey,NJ,Humphrey,democrat,43.96634202,,,,JJCooley
11/05/1968,New Jersey,NJ,Wallace,independent,9.118295052,,,,JJCooley
11/05/1968,New Jersey,NJ,Other,independent,0.818496241,,,,JJCooley
11/05/1968,New Mexico,NM,Nixon,republican,51.84902271,,,,JJCooley
11/05/1968,New Mexico,NM,Humphrey,democrat,39.74596753,,,,JJCooley
11/05/1968,New Mexico,NM,Wallace,independent,7.863884552,,,,JJCooley
11/05/1968,New Mexico,NM,Other,independent,0.54112521,,,,JJCooley
11/05/1968,New York,NY,Nixon,republican,44.29900976,,,,JJCooley
11/05/1968,New York,NY,Humphrey,democrat,49.75607012,,,,JJCooley
11/05/1968,New York,NY,Wallace,independent,5.285132722,,,,JJCooley
11/05/1968,New York,NY,Other,independent,0.659787401,,,,JJCooley
11/05/1968,North Carolina,NC,Nixon,republican,39.50833169,,,12,JJCooley
11/05/1968,North Carolina,NC,Humphrey,democrat,29.23559348,,,,JJCooley
11/05/1968,North Carolina,NC,Wallace,independent,31.25607483,,,1,JJCooley
11/05/1968,North Carolina,NC,Other,independent,0,,,,JJCooley
11/05/1968,North Dakota,ND,Nixon,republican,55.9415367,,,,JJCooley
11/05/1968,North Dakota,ND,Humphrey,democrat,38.23149724,,,,JJCooley
11/05/1968,North Dakota,ND,Wallace,independent,5.746282505,,,,JJCooley
11/05/1968,North Dakota,ND,Other,independent,0.080683551,,,,JJCooley
11/05/1968,Ohio,OH,Nixon,republican,45.2310757,,,,JJCooley
11/05/1968,Ohio,OH,Humphrey,democrat,42.94736619,,,,JJCooley
11/05/1968,Ohio,OH,Wallace,independent,11.80632967,,,,JJCooley
11/05/1968,Ohio,OH,Other,independent,0.015228434,,,,JJCooley
11/05/1968,Oklahoma,OK,Nixon,republican,47.68356226,,,,JJCooley
11/05/1968,Oklahoma,OK,Humphrey,democrat,31.98626636,,,,JJCooley
11/05/1968,Oklahoma,OK,Wallace,independent,20.33017137,,,,JJCooley
11/05/1968,Oklahoma,OK,Other,independent,0,,,,JJCooley
11/05/1968,Oregon,OR,Nixon,republican,49.83187372,,,,JJCooley
11/05/1968,Oregon,OR,Humphrey,democrat,43.78432985,,,,JJCooley
11/05/1968,Oregon,OR,Wallace,independent,6.061696733,,,,JJCooley
11/05/1968,Oregon,OR,Other,independent,0.3220997,,,,JJCooley
11/05/1968,Pennsylvania,PA,Nixon,republican,44.01955969,,,,JJCooley
11/05/1968,Pennsylvania,PA,Humphrey,democrat,47.58717908,,,,JJCooley
11/05/1968,Pennsylvania,PA,Wallace,independent,7.973625548,,,,JJCooley
11/05/1968,Pennsylvania,PA,Other,independent,0.419635681,,,,JJCooley
11/05/1968,Rhode Island,RI,Nixon,republican,31.78155844,,,,JJCooley
11/05/1968,Rhode Island,RI,Humphrey,democrat,64.03064935,,,,JJCooley
11/05/1968,Rhode Island,RI,Wallace,independent,4.072207792,,,,JJCooley
11/05/1968,Rhode Island,RI,Other,independent,0.115584416,,,,JJCooley
11/05/1968,South Carolina,SC,Nixon,republican,38.09128282,,,,JJCooley
11/05/1968,South Carolina,SC,Humphrey,democrat,29.60889499,,,,JJCooley
11/05/1968,South Carolina,SC,Wallace,independent,32.29922247,,,,JJCooley
11/05/1968,South Carolina,SC,Other,independent,0.000599716,,,,JJCooley
11/05/1968,South Dakota,SD,Nixon,republican,53.27414813,,,,JJCooley
11/05/1968,South Dakota,SD,Humphrey,democrat,41.96164458,,,,JJCooley
11/05/1968,South Dakota,SD,Wallace,independent,4.764207293,,,,JJCooley
11/05/1968,South Dakota,SD,Other,independent,0,,,,JJCooley
11/05/1968,Tennessee,TN,Nixon,republican,37.8492364,,,,JJCooley
11/05/1968,Tennessee,TN,Humphrey,democrat,28.12976277,,,,JJCooley
11/05/1968,Tennessee,TN,Wallace,independent,34.02100084,,,,JJCooley
11/05/1968,Tennessee,TN,Other,independent,0,,,,JJCooley
11/05/1968,Texas,TX,Nixon,republican,39.87275468,,,,JJCooley
11/05/1968,Texas,TX,Humphrey,democrat,41.13793374,,,,JJCooley
11/05/1968,Texas,TX,Wallace,independent,18.97343189,,,,JJCooley
11/05/1968,Texas,TX,Other,independent,0.015879686,,,,JJCooley
11/05/1968,Utah,UT,Nixon,republican,56.49457602,,,,JJCooley
11/05/1968,Utah,UT,Humphrey,democrat,37.07450635,,,,JJCooley
11/05/1968,Utah,UT,Wallace,independent,6.367259234,,,,JJCooley
11/05/1968,Utah,UT,Other,independent,0.063658393,,,,JJCooley
11/05/1968,Vermont,VT,Nixon,republican,52.75086119,,,,JJCooley
11/05/1968,Vermont,VT,Humphrey,democrat,43.52742187,,,,JJCooley
11/05/1968,Vermont,VT,Wallace,independent,3.162251245,,,,JJCooley
11/05/1968,Vermont,VT,Other,independent,0.559465689,,,,JJCooley
11/05/1968,Virginia,VA,Nixon,republican,43.35827413,,,,JJCooley
11/05/1968,Virginia,VA,Humphrey,democrat,32.49283322,,,,JJCooley
11/05/1968,Virginia,VA,Wallace,independent,23.63827598,,,,JJCooley
11/05/1968,Virginia,VA,Other,independent,0.51061667,,,,JJCooley
11/05/1968,Washington,WA,Nixon,republican,45.12141172,,,,JJCooley
11/05/1968,Washington,WA,Humphrey,democrat,47.23192318,,,,JJCooley
11/05/1968,Washington,WA,Wallace,independent,7.436280985,,,,JJCooley
11/05/1968,Washington,WA,Other,independent,0.210384112,,,,JJCooley
11/05/1968,West Virginia,WV,Nixon,republican,40.77864668,,,,JJCooley
11/05/1968,West Virginia,WV,Humphrey,democrat,49.60063961,,,,JJCooley
11/05/1968,West Virginia,WV,Wallace,independent,9.620713704,,,,JJCooley
11/05/1968,West Virginia,WV,Other,independent,0,,,,JJCooley
11/05/1968,Wisconsin,WI,Nixon,republican,47.88523817,,,,JJCooley
11/05/1968,Wisconsin,WI,Humphrey,democrat,44.26764282,,,,JJCooley
11/05/1968,Wisconsin,WI,Wallace,independent,7.557323572,,,,JJCooley
11/05/1968,Wisconsin,WI,Other,independent,0.289795441,,,,JJCooley
11/05/1968,Wyoming,WY,Nixon,republican,55.75802838,,,,JJCooley
11/05/1968,Wyoming,WY,Humphrey,democrat,35.51196887,,,,JJCooley
11/05/1968,Wyoming,WY,Wallace,independent,8.730002751,,,,JJCooley
11/05/1968,Wyoming,WY,Other,independent,0,,,,JJCooley
11/05/1968,National Popular Vote,NPV,Nixon,republican,43.42046917,,,,20210915
11/05/1968,National Popular Vote,NPV,Humphrey,democrat,42.72109211,,,,20210915
11/05/1968,National Popular Vote,NPV,Wallace,independent,13.52611767,,,,20210915
11/07/1972,Alabama,AL,Nixon,republican,72.42879137,,,,JJCooley
11/07/1972,Alabama,AL,McGovern,democrat,25.53670486,,,,JJCooley
11/07/1972,Alabama,AL,Other,independent,2.034503769,,,,JJCooley
11/07/1972,Alaska,AK,Nixon,republican,58.12810468,,,,JJCooley
11/07/1972,Alaska,AK,McGovern,democrat,34.62229177,,,,JJCooley
11/07/1972,Alaska,AK,Other,independent,7.249603546,,,,JJCooley
11/07/1972,Arizona,AZ,Nixon,republican,61.63870208,,,,JJCooley
11/07/1972,Arizona,AZ,McGovern,democrat,30.3807928,,,,JJCooley
11/07/1972,Arizona,AZ,Other,independent,7.980505122,,,,JJCooley
11/07/1972,Arkansas,AR,Nixon,republican,68.82420877,,,,JJCooley
11/07/1972,Arkansas,AR,McGovern,democrat,30.7101191,,,,JJCooley
11/07/1972,Arkansas,AR,Other,independent,0.465672121,,,,JJCooley
11/07/1972,California,CA,Nixon,republican,54.99727409,,,,JJCooley
11/07/1972,California,CA,McGovern,democrat,41.53805357,,,,JJCooley
11/07/1972,California,CA,Other,independent,3.464672338,,,,JJCooley
11/07/1972,Colorado,CO,Nixon,republican,62.60604015,,,,JJCooley
11/07/1972,Colorado,CO,McGovern,democrat,34.59330485,,,,JJCooley
11/07/1972,Colorado,CO,Other,independent,2.800655006,,,,JJCooley
11/07/1972,Connecticut,CT,Nixon,republican,58.56941927,,,,JJCooley
11/07/1972,Connecticut,CT,McGovern,democrat,40.12910711,,,,JJCooley
11/07/1972,Connecticut,CT,Other,independent,1.301473621,,,,JJCooley
11/07/1972,Delaware,DE,Nixon,republican,59.59552642,,,,JJCooley
11/07/1972,Delaware,DE,McGovern,democrat,39.18332512,,,,JJCooley
11/07/1972,Delaware,DE,Other,independent,1.221148457,,,,JJCooley
11/07/1972,District of Columbia,DC,Nixon,republican,21.55536926,,,,JJCooley
11/07/1972,District of Columbia,DC,McGovern,democrat,78.09706219,,,,JJCooley
11/07/1972,District of Columbia,DC,Other,independent,0.34756855,,,,JJCooley
11/07/1972,Florida,FL,Nixon,republican,71.91465279,,,,JJCooley
11/07/1972,Florida,FL,McGovern,democrat,27.79861904,,,,JJCooley
11/07/1972,Florida,FL,Other,independent,0.286728167,,,,JJCooley
11/07/1972,Georgia,GA,Nixon,republican,75.03549625,,,,JJCooley
11/07/1972,Georgia,GA,McGovern,democrat,24.64554824,,,,JJCooley
11/07/1972,Georgia,GA,Other,independent,0.318955508,,,,JJCooley
11/07/1972,Hawaii,HI,Nixon,republican,62.47918779,,,,JJCooley
11/07/1972,Hawaii,HI,McGovern,democrat,37.52081221,,,,JJCooley
11/07/1972,Hawaii,HI,Other,independent,0,,,,JJCooley
11/07/1972,Idaho,ID,Nixon,republican,64.23888214,,,,JJCooley
11/07/1972,Idaho,ID,McGovern,democrat,26.04106592,,,,JJCooley
11/07/1972,Idaho,ID,Other,independent,9.720051937,,,,JJCooley
11/07/1972,Illinois,IL,Nixon,republican,59.03111765,,,,JJCooley
11/07/1972,Illinois,IL,McGovern,democrat,40.51188634,,,,JJCooley
11/07/1972,Illinois,IL,Other,independent,0.456996009,,,,JJCooley
11/07/1972,Indiana,IN,Nixon,republican,66.10843701,,,,JJCooley
11/07/1972,Indiana,IN,McGovern,democrat,33.33607775,,,,JJCooley
11/07/1972,Indiana,IN,Other,independent,0.555485246,,,,JJCooley
11/07/1972,Iowa,IA,Nixon,republican,57.60515978,,,,JJCooley
11/07/1972,Iowa,IA,McGovern,democrat,40.47542139,,,,JJCooley
11/07/1972,Iowa,IA,Other,independent,1.919418832,,,,JJCooley
11/07/1972,Kansas,KS,Nixon,republican,67.65804856,,,,JJCooley
11/07/1972,Kansas,KS,McGovern,democrat,29.50425447,,,,JJCooley
11/07/1972,Kansas,KS,Other,independent,2.837696964,,,,JJCooley
11/07/1972,Kentucky,KY,Nixon,republican,63.36736615,,,,JJCooley
11/07/1972,Kentucky,KY,McGovern,democrat,34.76902554,,,,JJCooley
11/07/1972,Kentucky,KY,Other,independent,1.863608303,,,,JJCooley
11/07/1972,Louisiana,LA,Nixon,republican,65.32171935,,,,JJCooley
11/07/1972,Louisiana,LA,McGovern,democrat,28.35421321,,,,JJCooley
11/07/1972,Louisiana,LA,Other,independent,6.324067443,,,,JJCooley
11/07/1972,Maine,ME,Nixon,republican,61.46077729,,,,JJCooley
11/07/1972,Maine,ME,McGovern,democrat,38.48434231,,,,JJCooley
11/07/1972,Maine,ME,Other,independent,0.054880401,,,,JJCooley
11/07/1972,Maine 1st CD,ME-1,Nixon,republican,61.42,,,,JJCooley
11/07/1972,Maine 1st CD,ME-1,McGovern,democrat,38.58,,,,JJCooley
11/07/1972,Maine 1st CD,ME-1,Other,independent,0,,,,JJCooley
11/07/1972,Maine 2nd CD,ME-2,Nixon,republican,61.58,,,,JJCooley
11/07/1972,Maine 2nd CD,ME-2,McGovern,democrat,38.42,,,,JJCooley
11/07/1972,Maine 2nd CD,ME-2,Other,independent,0,,,,JJCooley
11/07/1972,Maryland,MD,Nixon,republican,61.2570283,,,,JJCooley
11/07/1972,Maryland,MD,McGovern,democrat,37.35976635,,,,JJCooley
11/07/1972,Maryland,MD,Other,independent,1.383205349,,,,JJCooley
11/07/1972,Massachusetts,MA,Nixon,republican,45.22929481,,,,JJCooley
11/07/1972,Massachusetts,MA,McGovern,democrat,54.19569896,,,,JJCooley
11/07/1972,Massachusetts,MA,Other,independent,0.575006223,,,,JJCooley
11/07/1972,Michigan,MI,Nixon,republican,56.20453683,,,,JJCooley
11/07/1972,Michigan,MI,McGovern,democrat,41.81372795,,,,JJCooley
11/07/1972,Michigan,MI,Other,independent,1.981735225,,,,JJCooley
11/07/1972,Minnesota,MN,Nixon,republican,51.57568791,,,,JJCooley
11/07/1972,Minnesota,MN,McGovern,democrat,46.06810086,,,,JJCooley
11/07/1972,Minnesota,MN,Other,independent,2.356211229,,,,JJCooley
11/07/1972,Mississippi,MS,Nixon,republican,78.19720325,,,,JJCooley
11/07/1972,Mississippi,MS,McGovern,democrat,19.62682073,,,,JJCooley
11/07/1972,Mississippi,MS,Other,independent,2.175976023,,,,JJCooley
11/07/1972,Missouri,MO,Nixon,republican,62.29433512,,,,JJCooley
11/07/1972,Missouri,MO,McGovern,democrat,37.70566488,,,,JJCooley
11/07/1972,Missouri,MO,Other,independent,0,,,,JJCooley
11/07/1972,Montana,MT,Nixon,republican,57.92640498,,,,JJCooley
11/07/1972,Montana,MT,McGovern,democrat,37.84504554,,,,JJCooley
11/07/1972,Montana,MT,Other,independent,4.228549478,,,,JJCooley
11/07/1972,Nebraska,NE,Nixon,republican,70.50247359,,,,JJCooley
11/07/1972,Nebraska,NE,McGovern,democrat,29.49752641,,,,JJCooley
11/07/1972,Nebraska,NE,Other,independent,0,,,,JJCooley
11/07/1972,Nevada,NV,Nixon,republican,63.68077638,,,,JJCooley
11/07/1972,Nevada,NV,McGovern,democrat,36.31922362,,,,JJCooley
11/07/1972,Nevada,NV,Other,independent,0,,,,JJCooley
11/07/1972,New Hampshire,NH,Nixon,republican,63.97792007,,,,JJCooley
11/07/1972,New Hampshire,NH,McGovern,democrat,34.85462149,,,,JJCooley
11/07/1972,New Hampshire,NH,Other,independent,1.167458443,,,,JJCooley
11/07/1972,New Jersey,NJ,Nixon,republican,61.57360682,,,,JJCooley
11/07/1972,New Jersey,NJ,McGovern,democrat,36.77433389,,,,JJCooley
11/07/1972,New Jersey,NJ,Other,independent,1.652059285,,,,JJCooley
11/07/1972,New Mexico,NM,Nixon,republican,61.04873669,,,,JJCooley
11/07/1972,New Mexico,NM,McGovern,democrat,36.55679383,,,,JJCooley
11/07/1972,New Mexico,NM,Other,independent,2.394469478,,,,JJCooley
11/07/1972,New York,NY,Nixon,republican,58.54338905,,,,JJCooley
11/07/1972,New York,NY,McGovern,democrat,41.20572535,,,,JJCooley
11/07/1972,New York,NY,Other,independent,0.250885598,,,,JJCooley
11/07/1972,North Carolina,NC,Nixon,republican,69.46402373,,,,JJCooley
11/07/1972,North Carolina,NC,McGovern,democrat,28.88855086,,,,JJCooley
11/07/1972,North Carolina,NC,Other,independent,1.647425412,,,,JJCooley
11/07/1972,North Dakota,ND,Nixon,republican,62.06784688,,,,JJCooley
11/07/1972,North Dakota,ND,McGovern,democrat,35.78573618,,,,JJCooley
11/07/1972,North Dakota,ND,Other,independent,2.146416935,,,,JJCooley
11/07/1972,Ohio,OH,Nixon,republican,59.63257674,,,,JJCooley
11/07/1972,Ohio,OH,McGovern,democrat,38.07008765,,,,JJCooley
11/07/1972,Ohio,OH,Other,independent,2.297335612,,,,JJCooley
11/07/1972,Oklahoma,OK,Nixon,republican,73.69890281,,,,JJCooley
11/07/1972,Oklahoma,OK,McGovern,democrat,23.99718419,,,,JJCooley
11/07/1972,Oklahoma,OK,Other,independent,2.303913001,,,,JJCooley
11/07/1972,Oregon,OR,Nixon,republican,52.44766398,,,,JJCooley
11/07/1972,Oregon,OR,McGovern,democrat,42.32573878,,,,JJCooley
11/07/1972,Oregon,OR,Other,independent,5.226597237,,,,JJCooley
11/07/1972,Pennsylvania,PA,Nixon,republican,59.11278161,,,,JJCooley
11/07/1972,Pennsylvania,PA,McGovern,democrat,39.13131342,,,,JJCooley
11/07/1972,Pennsylvania,PA,Other,independent,1.755904972,,,,JJCooley
11/07/1972,Rhode Island,RI,Nixon,republican,53.00114476,,,,JJCooley
11/07/1972,Rhode Island,RI,McGovern,democrat,46.81126866,,,,JJCooley
11/07/1972,Rhode Island,RI,Other,independent,0.187586578,,,,JJCooley
11/07/1972,South Carolina,SC,Nixon,republican,70.57694577,,,,JJCooley
11/07/1972,South Carolina,SC,McGovern,democrat,27.92087095,,,,JJCooley
11/07/1972,South Carolina,SC,Other,independent,1.502183277,,,,JJCooley
11/07/1972,South Dakota,SD,Nixon,republican,54.15350585,,,,JJCooley
11/07/1972,South Dakota,SD,McGovern,democrat,45.52315274,,,,JJCooley
11/07/1972,South Dakota,SD,Other,independent,0.323341411,,,,JJCooley
11/07/1972,Tennessee,TN,Nixon,republican,67.69556986,,,,JJCooley
11/07/1972,Tennessee,TN,McGovern,democrat,29.74511773,,,,JJCooley
11/07/1972,Tennessee,TN,Other,independent,2.559312411,,,,JJCooley
11/07/1972,Texas,TX,Nixon,republican,66.19882893,,,,JJCooley
11/07/1972,Texas,TX,McGovern,democrat,33.23887311,,,,JJCooley
11/07/1972,Texas,TX,Other,independent,0.562297961,,,,JJCooley
11/07/1972,Utah,UT,Nixon,republican,67.64038322,,,,JJCooley
11/07/1972,Utah,UT,McGovern,democrat,26.39296433,,,,JJCooley
11/07/1972,Utah,UT,Other,independent,5.966652455,,,,JJCooley
11/07/1972,Vermont,VT,Nixon,republican,62.66461973,,,,JJCooley
11/07/1972,Vermont,VT,McGovern,democrat,36.46721513,,,,JJCooley
11/07/1972,Vermont,VT,Other,independent,0.868165139,,,,JJCooley
11/07/1972,Virginia,VA,Nixon,republican,67.8435216,,,11,JJCooley
11/07/1972,Virginia,VA,McGovern,democrat,30.12225647,,,,JJCooley
11/07/1972,Virginia,VA,Other,independent,2.034221928,,,,JJCooley
11/07/1972,Virginia,VA,Hospers,libertarian,0,,,1,JJCooley
11/07/1972,Washington,WA,Nixon,republican,56.91516521,,,,JJCooley
11/07/1972,Washington,WA,McGovern,democrat,38.63991292,,,,JJCooley
11/07/1972,Washington,WA,Other,independent,4.444921872,,,,JJCooley
11/07/1972,West Virginia,WV,Nixon,republican,63.61026182,,,,JJCooley
11/07/1972,West Virginia,WV,McGovern,democrat,36.38973818,,,,JJCooley
11/07/1972,West Virginia,WV,Other,independent,0,,,,JJCooley
11/07/1972,Wisconsin,WI,Nixon,republican,53.39928436,,,,JJCooley
11/07/1972,Wisconsin,WI,McGovern,democrat,43.72488383,,,,JJCooley
11/07/1972,Wisconsin,WI,Other,independent,2.875831809,,,,JJCooley
11/07/1972,Wyoming,WY,Nixon,republican,69.01421996,,,,JJCooley
11/07/1972,Wyoming,WY,McGovern,democrat,30.4719379,,,,JJCooley
11/07/1972,Wyoming,WY,Other,independent,0.513842138,,,,JJCooley
11/07/1972,National Popular Vote,NPV,Nixon,republican,60.67180978,,,,20210915
11/07/1972,National Popular Vote,NPV,McGovern,democrat,37.52471026,,,,20210915
11/02/1976,Alabama,AL,Carter,democrat,55.727268884473900,,,,20171015
11/02/1976,Alabama,AL,Ford,republican,42.614870862746800,,,,20171015
11/02/1976,Alabama,AL,Maddox,american independent party,0.77761339138521400,,,,20171015
11/02/1976,Alabama,AL,Bubar,prohibition,0.56380775246227300,,,,20171015
11/02/1976,Alabama,AL,Hall,communist party use,0.165194234,,,,20171015
11/02/1976,Alabama,AL,Macbride,libertarian,0.12520607008496400,,,,20171015
11/02/1976,Alaska,AK,Ford,republican,57.904575396118900,,,,20171015
11/02/1976,Alaska,AK,Carter,democrat,35.653130917506900,,,,20171015
11/02/1976,Alaska,AK,Macbride,libertarian,5.4906371890527100,,,,20171015
11/02/1976,Arizona,AZ,Ford,republican,56.366135779480500,,,,20171015
11/02/1976,Arizona,AZ,Carter,democrat,39.799978188251500,,,,20171015
11/02/1976,Arizona,AZ,McCarthy,independent,2.5890006853197500,,,,20171015
11/02/1976,Arizona,AZ,Macbride,libertarian,1.0295953112819200,,,,20171015
11/02/1976,Arizona,AZ,Camejo,socialist workers,0.12494631213150600,,,,20171015
11/02/1976,Arizona,AZ,Anderson,american,0.075937198321303200,,,,20171015
11/02/1976,Arizona,AZ,Maddox,american independent party,0.011444435917217700,,,,20171015
11/02/1976,Arkansas,AR,Carter,democrat,64.961728129661800,,,,20171015
11/02/1976,Arkansas,AR,Ford,republican,34.904336610056900,,,,20171015
11/02/1976,Arkansas,AR,Maddox,american independent party,0.050681727869087400,,,,20171015
11/02/1976,California,CA,Ford,republican,49.748313955946900,,,,20171015
11/02/1976,California,CA,Carter,democrat,47.954821836112500,,,,20171015
11/02/1976,California,CA,Macbride,independent,0.7225738329038400,,,,20171015
11/02/1976,California,CA,Maddox,american independent party,0.65478608416188600,,,,20171015
11/02/1976,California,CA,Wright,peace & freedom,0.53475435590746500,,,,20171015
11/02/1976,California,CA,Camejo,independent,0.22116233564033800,,,,20171015
11/02/1976,California,CA,Hall,independent,0.16358759932699200,,,,20171015
11/02/1976,Colorado,CO,Ford,republican,54.027777777777800,,,,20171015
11/02/1976,Colorado,CO,Carter,democrat,42.609945997928700,,,,20171015
11/02/1976,Colorado,CO,McCarthy,independent,2.4085478621097800,,,,20171015
11/02/1976,Colorado,CO,Macbride,libertarian,0.4936011244266900,,,,20171015
11/02/1976,Colorado,CO,Bubar,prohibition,0.26686640035508200,,,,20171015
11/02/1976,Colorado,CO,Camejo,socialist workers,0.10375055481580100,,,,20171015
11/02/1976,Colorado,CO,Larouche,u.s. labor,0.052245154608669900,,,,20171015
11/02/1976,Colorado,CO,Hall,communist party use,0.037265127977511500,,,,20171015
11/02/1976,Connecticut,CT,Ford,republican,52.06279143,,,,20171015
11/02/1976,Connecticut,CT,Carter,democrat,46.89705442,,,,20171015
11/02/1976,Connecticut,CT,Maddox,american independent party,0.513996841,,,,20171015
11/02/1976,Connecticut,CT,Larouche,u.s. labor,0.129494487,,,,20171015
11/02/1976,Delaware,DE,Carter,democrat,51.969088702353600,,,,20171015
11/02/1976,Delaware,DE,Ford,republican,46.587620203529100,,,,20171015
11/02/1976,Delaware,DE,Anderson,american,0.27372030452975300,,,,20171015
11/02/1976,Delaware,DE,Larouche,u.s. labor,0.057290296,,,,20171015
11/02/1976,Delaware,DE,Bubar,prohibition,0.043710374,,,,20171015
11/02/1976,District of Columbia,DC,Carter,democrat,81.631226677723200,,,,20171015
11/02/1976,District of Columbia,DC,Ford,republican,16.509506604276500,,,,20171015
11/02/1976,Florida,FL,Carter,democrat,51.926106230783600,,,,20171015
11/02/1976,Florida,FL,Ford,republican,46.64243448375900,,,,20171015
11/02/1976,Florida,FL,McCarthy,independent,0.75042110612128200,,,,20171015
11/02/1976,Florida,FL,Anderson,american,0.67684854240309300,,,,20171015
11/02/1976,Georgia,GA,Carter,democrat,66.938294859317400,,,,20171015
11/02/1976,Georgia,GA,Ford,republican,33.061705140682600,,,,20171015
11/02/1976,Hawaii,HI,Carter,democrat,50.591999340887900,,,,20171015
11/02/1976,Hawaii,HI,Ford,republican,48.061283689379700,,,,20171015
11/02/1976,Hawaii,HI,Macbride,libertarian,1.3467169697323400,,,,20171015
11/02/1976,Idaho,ID,Ford,republican,59.88026937923100,,,,20171015
11/02/1976,Idaho,ID,Carter,democrat,37.118545633733400,,,,20171015
11/02/1976,Idaho,ID,Maddox,american,1.7408163504745800,,,,20171015
11/02/1976,Idaho,ID,Macbride,libertarian,1.0436098694167800,,,,20171015
11/02/1976,Idaho,ID,Larouche,u.s. labor,0.21675876714418100,,,,20171015
11/02/1976,Illinois,IL,Ford,republican,50.07684353529400,,,,20171015
11/02/1976,Illinois,IL,Carter,democrat,48.107590268914200,,,,20171015
11/02/1976,Illinois,IL,McCarthy,independent,1.1848264941598500,,,,20171015
11/02/1976,Illinois,IL,Hall,communist party use,0.19592136203683700,,,,20171015
11/02/1976,Illinois,IL,Macbride,libertarian,0.17065280150603200,,,,20171015
11/02/1976,Illinois,IL,Camejo,socialist workers,0.076568186352774500,,,,20171015
11/02/1976,Illinois,IL,Levin,socialist labor,0.051299625821969500,,,,20171015
11/02/1976,Illinois,IL,Larouche,u.s. labor,0.042742628,,,,20171015
11/02/1976,Indiana,IN,Ford,republican,53.322746471070900,,,,20171015
11/02/1976,Indiana,IN,Carter,democrat,45.700385792947300,,,,20171015
11/02/1976,Indiana,IN,Anderson,american,0.63268962448465600,,,,20171015
11/02/1976,Indiana,IN,Camejo,socialist workers,0.25648970753417700,,,,20171015
11/02/1976,Indiana,IN,Larouche,u.s. labor,0.087688403962957400,,,,20171015
11/02/1976,Iowa,IA,Ford,republican,49.469437654722900,,,,20171015
11/02/1976,Iowa,IA,Carter,democrat,48.458496540694400,,,,20171015
11/02/1976,Iowa,IA,McCarthy,independent,1.5678068448209700,,,,20171015
11/02/1976,Iowa,IA,Anderson,american party of iowa,0.23770756419706700,,,,20171015
11/02/1976,Iowa,IA,Macbride,libertarian,0.113655639,,,,20171015
11/02/1976,Iowa,IA,Hall,communist party use,0.043070328139619800,,,,20171015
11/02/1976,Iowa,IA,Camejo,socialist workers,0.020479901946606900,,,,20171015
11/02/1976,Iowa,IA,Larouche,u.s. labor,0.018838383,,,,20171015
11/02/1976,Iowa,IA,Zeidler,socialist u.s.a.,0.018213042570837400,,,,20171015
11/02/1976,Iowa,IA,Levin,socialist labor,0.012506810349072900,,,,20171015
11/02/1976,Kansas,KS,Ford,republican,52.487824230433900,,,,20171015
11/02/1976,Kansas,KS,Carter,democrat,44.936393675385900,,,,20171015
11/02/1976,Kansas,KS,McCarthy,independent,1.3765275175002200,,,,20171015
11/02/1976,Kansas,KS,Anderson,american,0.49319044313015200,,,,20171015
11/02/1976,Kansas,KS,Macbride,independent,0.33846812375697500,,,,20171015
11/02/1976,Kansas,KS,Maddox,conservative,0.22112137141186700,,,,20171015
11/02/1976,Kansas,KS,Bubar,prohibition,0.14647463838094900,,,,20171015
11/02/1976,Kentucky,KY,Carter,democrat,52.754249268726500,,,,20171015
11/02/1976,Kentucky,KY,Ford,republican,45.568748275702500,,,,20171015
11/02/1976,Kentucky,KY,Anderson,american,0.71182426816959700,,,,20171015
11/02/1976,Kentucky,KY,McCarthy,independent,0.58578990388487400,,,,20171015
11/02/1976,Kentucky,KY,Maddox,american independent party,0.19946159079186600,,,,20171015
11/02/1976,Kentucky,KY,Macbride,libertarian,0.069743013275162700,,,,20171015
11/02/1976,Kentucky,KY,Larouche,u.s. labor,0.043696482518836600,,,,20171015
11/02/1976,Kentucky,KY,Hall,communist party use,0.036499414809851800,,,,20171015
11/02/1976,Kentucky,KY,Camejo,socialist workers,0.029987782120770200,,,,20171015
11/02/1976,Louisiana,LA,Carter,democrat,51.77499622274600,,,,20171015
11/02/1976,Louisiana,LA,Ford,republican,45.988243150253300,,,,20171015
11/02/1976,Louisiana,LA,Maddox,american independent party,0.78739109570113300,,,,20171015
11/02/1976,Louisiana,LA,Hall,communist party use,0.58064026216099600,,,,20171015
11/02/1976,Louisiana,LA,McCarthy,independent,0.50807001502290200,,,,20171015
11/02/1976,Louisiana,LA,Macbride,libertarian,0.24534536626837800,,,,20171015
11/02/1976,Louisiana,LA,Camejo,socialist workers,0.11531388784726300,,,,20171015
11/02/1976,Maine,ME,Ford,republican,48.930778022560500,,,,20171015
11/02/1976,Maine,ME,Carter,democrat,48.094076626194700,,,,20171015
11/02/1976,Maine,ME,McCarthy,independent,2.2514949230590800,,,,20171015
11/02/1976,Maine,ME,Bubar,prohibition,0.72365042818571800,,,,20171015
11/02/1976,Maine 1st CD,ME-1,Ford,republican,49.22,,,,JJCooley
11/02/1976,Maine 1st CD,ME-1,Carter,democrat,47.9,,,,JJCooley
11/02/1976,Maine 2nd CD,ME-2,Ford,republican,48.54,,,,JJCooley
11/02/1976,Maine 2nd CD,ME-2,Carter,democrat,48.27,,,,JJCooley
11/02/1976,Maryland,MD,Carter,democrat,53.035419923436400,,,,20171015
11/02/1976,Maryland,MD,Ford,republican,46.964580076563600,,,,20171015
11/02/1976,Massachusetts,MA,Carter,democrat,56.111578225108100,,,,20171015
11/02/1976,Massachusetts,MA,Ford,republican,40.441709276098900,,,,20171015
11/02/1976,Massachusetts,MA,McCarthy,independent,2.5764673463764100,,,,20171015
11/02/1976,Massachusetts,MA,Camejo,socialist workers,0.3194431687129400,,,,20171015
11/02/1976,Massachusetts,MA,Anderson,american,0.29655850818705600,,,,20171015
11/02/1976,Massachusetts,MA,Larouche,u.s. labor,0.1932046296885100,,,,20171015
11/02/1976,Massachusetts,MA,Macbride,libertarian,0.005299192,,,,20171015
11/02/1976,Massachusetts,MA,Levin,socialist labor,0.000745812,,,,20171015
11/02/1976,Michigan,MI,Ford,republican,51.860751070081800,,,,20171015
11/02/1976,Michigan,MI,Carter,democrat,46.465074118397700,,,,20171015
11/02/1976,Michigan,MI,McCarthy,independent,1.3118942707149500,,,,20171015
11/02/1976,Michigan,MI,Macbride,libertarian,0.14807248349349200,,,,20171015
11/02/1976,Michigan,MI,Wright,human rights,0.095958199,,,,20171015
11/02/1976,Michigan,MI,Camejo,socialist workers,0.049403136715786800,,,,20171015
11/02/1976,Michigan,MI,Larouche,u.s. labor,0.037408361836898400,,,,20171015
11/02/1976,Michigan,MI,Levin,socialist labor,0.03143836,,,,20171015
11/02/1976,Minnesota,MN,Carter,democrat,54.896301458872100,,,,20171015
11/02/1976,Minnesota,MN,Ford,republican,42.021743333482100,,,,20171015
11/02/1976,Minnesota,MN,McCarthy,mccarthy '76,1.8200644022788500,,,,20171015
11/02/1976,Minnesota,MN,Anderson,american,0.69705030588261800,,,,20171015
11/02/1976,Minnesota,MN,Camejo,socialist workers,0.21277675979303900,,,,20171015
11/02/1976,Minnesota,MN,Macbride,libertarian,0.18098076290904700,,,,20171015
11/02/1976,Minnesota,MN,Hall,communist party use,0.056001982,,,,20171015
11/02/1976,Minnesota,MN,Wright,people's,0.032565254873121200,,,,20171015
11/02/1976,Minnesota,MN,Larouche,international development bank,0.027847139206464200,,,,20171015
11/02/1976,Minnesota,MN,Levin,industrial government party,0.018975030398511500,,,,20171015
11/02/1976,Minnesota,MN,Zeidler,socialist,0.018154488543440800,,,,20171015
11/02/1976,Mississippi,MS,Carter,democrat,49.627012324470600,,,,20171015
11/02/1976,Mississippi,MS,Ford,republican,47.742162183266300,,,,20171015
11/02/1976,Mississippi,MS,Anderson,american,0.86908991527739800,,,,20171015
11/02/1976,Mississippi,MS,McCarthy,independent,0.53019950806231200,,,,20171015
11/02/1976,Mississippi,MS,Maddox,american independent party,0.52694595192545500,,,,20171015
11/02/1976,Mississippi,MS,Camejo,socialist workers,0.36504899855542100,,,,20171015
11/02/1976,Mississippi,MS,Macbride,libertarian,0.33954111844245800,,,,20171015
11/02/1976,Missouri,MO,Carter,democrat,51.104985667485700,,,,20171015
11/02/1976,Missouri,MO,Ford,republican,47.47353603603600,,,,20171015
11/02/1976,Missouri,MO,McCarthy,independent,1.2299856674856700,,,,20171015
11/02/1976,Montana,MT,Ford,republican,52.839986128602500,,,,20171015
11/02/1976,Montana,MT,Carter,democrat,45.404186971837400,,,,20171015
11/02/1976,Montana,MT,Anderson,american,1.7558268995601300,,,,20171015
11/02/1976,Nebraska,NE,Ford,republican,59.203888263515900,,,,20171015
11/02/1976,Nebraska,NE,Carter,democrat,38.449671940126800,,,,20171015
11/02/1976,Nebraska,NE,McCarthy,independent,1.5464384778549300,,,,20171015
11/02/1976,Nebraska,NE,Maddox,american independent party,0.5567376295634600,,,,20171015
11/02/1976,Nebraska,NE,Macbride,libertarian,0.24326368893891900,,,,20171015
11/02/1976,Nevada,NV,Ford,republican,50.165943450434900,,,,20171015
11/02/1976,Nevada,NV,Carter,democrat,45.809804038122400,,,,20171015
11/02/1976,Nevada,NV,Macbride,libertarian,0.75244209316610200,,,,20171015
11/02/1976,Nevada,NV,Maddox,american independent party,0.7415443143315700,,,,20171015
11/02/1976,New Hampshire,NH,Ford,republican,54.746825193521100,,,,20171015
11/02/1976,New Hampshire,NH,Carter,democrat,43.472692100451400,,,,20171015
11/02/1976,New Hampshire,NH,McCarthy,independent,1.2057345264069100,,,,20171015
11/02/1976,New Hampshire,NH,Macbride,libertarian,0.27559646317872300,,,,20171015
11/02/1976,New Hampshire,NH,Larouche,u.s. labor,0.054765963836797400,,,,20171015
11/02/1976,New Hampshire,NH,Camejo,socialist workers,0.047404947192066600,,,,20171015
11/02/1976,New Hampshire,NH,Levin,socialist labor,0.019433083942089400,,,,20171015
11/02/1976,New Jersey,NJ,Ford,republican,50.081340944616500,,,,20171015
11/02/1976,New Jersey,NJ,Carter,democrat,47.923915033876600,,,,20171015
11/02/1976,New Jersey,NJ,McCarthy,independent,1.0853310297790100,,,,20171015
11/02/1976,New Jersey,NJ,Macbride,libertarian,0.31345456186025300,,,,20171015
11/02/1976,New Jersey,NJ,Maddox,american independent party,0.25596522376057900,,,,20171015
11/02/1976,New Jersey,NJ,Levin,socialist labor,0.12227680336722300,,,,20171015
11/02/1976,New Jersey,NJ,Hall,communist party use,0.055134033422768600,,,,20171015
11/02/1976,New Jersey,NJ,Larouche,u.s. labor,0.054735953759066300,,,,20171015
11/02/1976,New Jersey,NJ,Camejo,socialist workers,0.039277193485293600,,,,20171015
11/02/1976,New Jersey,NJ,Wright,peace & freedom,0.034632930742100100,,,,20171015
11/02/1976,New Jersey,NJ,Bubar,prohibition,0.018378011140922900,,,,20171015
11/02/1976,New Jersey,NJ,Zeidler,socialist,0.015558280189698200,,,,20171015
11/02/1976,New Mexico,NM,Ford,republican,50.749897981228500,,,,20171015
11/02/1976,New Mexico,NM,Carter,democrat,48.284404330396800,,,,20171015
11/02/1976,New Mexico,NM,Camejo,socialist workers,0.59098874192851500,,,,20171015
11/02/1976,New Mexico,NM,Macbride,libertarian,0.26644902662089800,,,,20171015
11/02/1976,New Mexico,NM,Zeidler,socialist,0.057610600350464500,,,,20171015
11/02/1976,New Mexico,NM,Bubar,prohibition,0.050649319474783400,,,,20171015
11/02/1976,New York,NY,Carter,democrat,49.71728944,,,,20171015
11/02/1976,New York,NY,Ford,republican,43.30751813,,,,20171015
11/02/1976,New York,NY,Ford,conservative,4.212544395,,,,20171015
11/02/1976,New York,NY,Carter,liberal party,2.228168377,,,,20171015
11/02/1976,New York,NY,Macbride,free libertarian,0.186920758,,,,20171015
11/02/1976,New York,NY,Hall,communist party use,0.157389209,,,,20171015
11/02/1976,New York,NY,Camejo,socialist workers,0.107214694,,,,20171015
11/02/1976,New York,NY,Larouche,labor,0.082954994,,,,20171015
11/02/1976,North Carolina,NC,Carter,democrat,55.269186712485700,,,,20171015
11/02/1976,North Carolina,NC,Ford,republican,44.219402040400400,,,,20171015
11/02/1976,North Carolina,NC,Anderson,american,0.33416651469152600,,,,20171015
11/02/1976,North Carolina,NC,Macbride,libertarian,0.13224817123247700,,,,20171015
11/02/1976,North Carolina,NC,Larouche,u.s. labor,0.044996561189959400,,,,20171015
11/02/1976,North Dakota,ND,Ford,republican,51.691848184374500,,,,20171015
11/02/1976,North Dakota,ND,Carter,democrat,45.770043187536200,,,,20171015
11/02/1976,North Dakota,ND,Anderson,american,1.2438279494665500,,,,20171015
11/02/1976,North Dakota,ND,McCarthy,independent,0.99290970979590200,,,,20171015
11/02/1976,North Dakota,ND,Maddox,american independent party,0.090478560953623900,,,,20171015
11/02/1976,North Dakota,ND,Macbride,libertarian,0.086105991093411500,,,,20171015
11/02/1976,North Dakota,ND,Larouche,u.s. labor,0.047761916934626700,,,,20171015
11/02/1976,North Dakota,ND,Hall,communist party use,0.028589879855234300,,,,20171015
11/02/1976,North Dakota,ND,Bubar,prohibition,0.021190146245644200,,,,20171015
11/02/1976,North Dakota,ND,Camejo,socialist workers,0.014463115691471500,,,,20171015
11/02/1976,North Dakota,ND,Zeidler,socialist,0.012781358052928300,,,,20171015
11/02/1976,Ohio,OH,Carter,democrat,48.898686666394200,,,,20171015
11/02/1976,Ohio,OH,Ford,republican,48.671631565938200,,,,20171015
11/02/1976,Ohio,OH,McCarthy,independent,1.417531290932200,,,,20171015
11/02/1976,Ohio,OH,Maddox,american independent party,0.37728174197704600,,,,20171015
11/02/1976,Ohio,OH,Macbride,libertarian,0.21778605585365700,,,,20171015
11/02/1976,Ohio,OH,Hall,communist party use,0.19017354765505300,,,,20171015
11/02/1976,Ohio,OH,Camejo,socialist workers,0.11757819570383400,,,,20171015
11/02/1976,Ohio,OH,Larouche,u.s. labor,0.10616826940855200,,,,20171015
11/02/1976,Ohio,OH,Levin,socialist labor,0.001654318,,,,20171015
11/02/1976,Ohio,OH,Bubar,prohibition,0.001508348,,,,20171015
11/02/1976,Oklahoma,OK,Ford,republican,49.961776185144300,,,,20171015
11/02/1976,Oklahoma,OK,Carter,democrat,48.74722019023100,,,,20171015
11/02/1976,Oklahoma,OK,McCarthy,independent,1.2910036246247400,,,,20171015
11/02/1976,Oregon,OR,Ford,republican,47.784393460960300,,,,20171015
11/02/1976,Oregon,OR,Carter,democrat,47.618062757069800,,,,20171015
11/02/1976,Oregon,OR,McCarthy,independent,3.9040622366187800,,,,20171015
11/02/1976,Oregon,OR,Anderson,american,0.10049753562564800,,,,20171015
11/02/1976,Pennsylvania,PA,Carter,democrat,50.395679350725300,,,,20171015
11/02/1976,Pennsylvania,PA,Ford,republican,47.732215313105800,,,,20171015
11/02/1976,Pennsylvania,PA,McCarthy,mccarthy '76,1.0947052958727600,,,,20171015
11/02/1976,Pennsylvania,PA,Maddox,constitution party,0.54847799736278700,,,,20171015
11/02/1976,Pennsylvania,PA,Camejo,socialist workers,0.065118777,,,,20171015
11/02/1976,Pennsylvania,PA,Larouche,u.s. labor,0.059383823578104800,,,,20171015
11/02/1976,Pennsylvania,PA,Hall,communist party use,0.040923764718001500,,,,20171015
11/02/1976,Rhode Island,RI,Carter,democrat,55.442004559359400,,,,20171015
11/02/1976,Rhode Island,RI,Ford,republican,44.144194610603400,,,,20171015
11/02/1976,Rhode Island,RI,Macbride,libertarian,0.17414219745533200,,,,20171015
11/02/1976,Rhode Island,RI,Camejo,socialist workers,0.11252265066344500,,,,20171015
11/02/1976,Rhode Island,RI,Hall,communist party use,0.081347543986127100,,,,20171015
11/02/1976,Rhode Island,RI,Levin,socialist labor,0.045788438,,,,20171015
11/02/1976,South Carolina,SC,Carter,democrat,56.169517669823600,,,,20171015
11/02/1976,South Carolina,SC,Ford,republican,43.129371043244100,,,,20171015
11/02/1976,South Carolina,SC,Anderson,american,0.37329472465776100,,,,20171015
11/02/1976,South Carolina,SC,Maddox,american independent party,0.24296552506095900,,,,20171015
11/02/1976,South Dakota,SD,Ford,republican,50.387790260677500,,,,20171015
11/02/1976,South Dakota,SD,Carter,democrat,48.91212526357100,,,,20171015
11/02/1976,South Dakota,SD,Macbride,libertarian,0.53844977018604600,,,,20171015
11/02/1976,South Dakota,SD,Hall,communist party use,0.10576098018478200,,,,20171015
11/02/1976,South Dakota,SD,Camejo,socialist workers,0.055873725380639800,,,,20171015
11/02/1976,Tennessee,TN,Carter,democrat,55.940748306968700,,,,20171015
11/02/1976,Tennessee,TN,Ford,republican,42.941762974262100,,,,20171015
11/02/1976,Tennessee,TN,Anderson,independent,0.39076205713294900,,,,20171015
11/02/1976,Tennessee,TN,McCarthy,independent,0.33894493567226100,,,,20171015
11/02/1976,Tennessee,TN,Maddox,independent,0.15599324277642200,,,,20171015
11/02/1976,Tennessee,TN,Macbride,independent,0.093135349030647300,,,,20171015
11/02/1976,Tennessee,TN,Hall,independent,0.037050935214373900,,,,20171015
11/02/1976,Tennessee,TN,Larouche,independent,0.034680217239048300,,,,20171015
11/02/1976,Tennessee,TN,Bubar,independent,0.029938781288397200,,,,20171015
11/02/1976,Texas,TX,Carter,democrat,51.138956807217500,,,,20171015
11/02/1976,Texas,TX,Ford,republican,47.970423518941100,,,,20171015
11/02/1976,Texas,TX,McCarthy,independent,0.49407104917527100,,,,20171015
11/02/1976,Texas,TX,Anderson,american,0.28100014636959200,,,,20171015
11/02/1976,Texas,TX,Camejo,socialist workers,0.042314564953225600,,,,20171015
11/02/1976,Utah,UT,Ford,republican,62.434730552198900,,,,20171015
11/02/1976,Utah,UT,Carter,democrat,33.648178737588200,,,,20171015
11/02/1976,Utah,UT,Anderson,american,2.4581591890883200,,,,20171015
11/02/1976,Utah,UT,McCarthy,independent,0.72189025494347900,,,,20171015
11/02/1976,Utah,UT,Macbride,liberal party,0.45046543167448200,,,,20171015
11/02/1976,Utah,UT,Maddox,concerned citizens,0.21470091534280100,,,,20171015
11/02/1976,Utah,UT,Camejo,independent,0.049517939166842200,,,,20171015
11/02/1976,Utah,UT,Hall,independent,0.022356979996969800,,,,20171015
11/02/1976,Vermont,VT,Ford,republican,54.587225805048300,,,,20171015
11/02/1976,Vermont,VT,Carter,democrat,42.304053245750500,,,,20171015
11/02/1976,Vermont,VT,McCarthy,independent,2.1756152733521100,,,,20171015
11/02/1976,Vermont,VT,Camejo,socialist workers,0.23382018683864200,,,,20171015
11/02/1976,Vermont,VT,Larouche,u.s. labor,0.10657850376831100,,,,20171015
11/02/1976,Virginia,VA,Ford,republican,49.293321407064100,,,,20171015
11/02/1976,Virginia,VA,Carter,democrat,47.958215632133500,,,,20171015
11/02/1976,Virginia,VA,Camejo,socialist workers,1.0489695915488500,,,,20171015
11/02/1976,Virginia,VA,Anderson,american,0.98321012271565400,,,,20171015
11/02/1976,Virginia,VA,Larouche,u.s. labor,0.44240330824338500,,,,20171015
11/02/1976,Virginia,VA,Macbride,libertarian,0.2738799382945200,,,,20171015
11/02/1976,Washington,WA,Ford,republican,49.99774996882100,,,8,20171015
11/02/1976,Washington,WA,Carter,democrat,46.114260440466100,,,,20171015
11/02/1976,Washington,WA,McCarthy,independent,2.3777043767606500,,,,20171015
11/02/1976,Washington,WA,Maddox,american independent party,0.55190050490699700,,,,20171015
11/02/1976,Washington,WA,Macbride,libertarian,0.3241330629867300,,,,20171015
11/02/1976,Washington,WA,Anderson,constitution party,0.067243788949646900,,,,20171015
11/02/1976,Washington,WA,Camejo,socialist workers,0.058179377628518600,,,,20171015
11/02/1976,Washington,WA,Larouche,u.s. labor,0.058050804418289800,,,,20171015
11/02/1976,Washington,WA,Hall,communist party use,0.052522156378452700,,,,20171015
11/02/1976,Washington,WA,Levin,socialist labor,0.045836349446556600,,,,20171015
11/02/1976,Washington,WA,Reagan,independent,0,,,1,JJCooley
11/02/1976,West Virginia,WV,Carter,democrat,58.069518645332300,,,,20171015
11/02/1976,West Virginia,WV,Ford,republican,41.930481354667700,,,,20171015
11/02/1976,Wisconsin,WI,Carter,democrat,49.503363574411700,,,,20171015
11/02/1976,Wisconsin,WI,Ford,republican,47.82609730190700,,,,20171015
11/02/1976,Wisconsin,WI,McCarthy,independent,1.662894463331900,,,,20171015
11/02/1976,Wisconsin,WI,Maddox,american independent party,0.40697917896043300,,,,20171015
11/02/1976,Wisconsin,WI,Zeidler,socialist,0.20453654246631700,,,,20171015
11/02/1976,Wisconsin,WI,Macbride,libertarian,0.18150357677211100,,,,20171015
11/02/1976,Wisconsin,WI,Camejo,socialist workers,0.080472613613434500,,,,20171015
11/02/1976,Wisconsin,WI,Levin,socialist labor,0.018512032345136600,,,,20171015
11/02/1976,Wyoming,WY,Ford,republican,59.303582507691400,,,,20171015
11/02/1976,Wyoming,WY,Carter,democrat,39.809265525159400,,,,20171015
11/02/1976,National Popular Vote,NPV,Carter,democrat,50.08105938,,,,20210915
11/02/1976,National Popular Vote,NPV,Ford,republican,48.01652572,,,,20210915
11/02/1976,National Popular Vote,NPV,McCarthy,independent,0.908187924,,,,20210915
11/04/1980,Alabama,AL,Reagan,republican,48.750120162840200,,,,20171015
11/04/1980,Alabama,AL,Carter,democrat,47.448859067804600,,,,20171015
11/04/1980,Alabama,AL,Anderson,independent,1.2281573764334800,,,,20171015
11/04/1980,Alabama,AL,Rarick,conservative,1.1185390583257400,,,,20171015
11/04/1980,Alabama,AL,Clark,libertarian,0.99245191064504900,,,,20171015
11/04/1980,Alabama,AL,Bubar,statesman,0.12988764681290900,,,,20171015
11/04/1980,Alabama,AL,Hall,communist party use,0.12139241345853600,,,,20171015
11/04/1980,Alabama,AL,Deberry,socialist workers,0.097099026848663400,,,,20171015
11/04/1980,Alabama,AL,McReynolds,socialist,0.074966708372797700,,,,20171015
11/04/1980,Alabama,AL,Commoner,citizens,0.038526628457988500,,,,20171015
11/04/1980,Alaska,AK,Reagan,republican,54.348196535075300,,,,20171015
11/04/1980,Alaska,AK,Carter,democrat,26.407901795575800,,,,20171015
11/04/1980,Alaska,AK,Clark,libertarian,11.662722080217100,,,,20171015
11/04/1980,Alaska,AK,Anderson,independent,7.0402978951686700,,,,20171015
11/04/1980,Arizona,AZ,Reagan,republican,60.608848382907400,,,,20171015
11/04/1980,Arizona,AZ,Carter,democrat,28.244683589928400,,,,20171015
11/04/1980,Arizona,AZ,Anderson,independent,8.8051307576563700,,,,20171015
11/04/1980,Arizona,AZ,Clark,libertarian,2.1493343402616900,,,,20171015
11/04/1980,Arizona,AZ,Deberry,socialist workers,0.12586604420186600,,,,20171015
11/04/1980,Arizona,AZ,Commoner,citizens,0.063047445777480300,,,,20171015
11/04/1980,Arizona,AZ,Hall,communist party use,0.002860592,,,,20171015
11/04/1980,Arizona,AZ,Griswold,workers world,0.000228847,,,,20171015
11/04/1980,Arkansas,AR,Reagan,republican,48.134272226480500,,,,20171015
11/04/1980,Arkansas,AR,Carter,democrat,47.522630620046800,,,,20171015
11/04/1980,Arkansas,AR,Anderson,independent,2.6824836254838300,,,,20171015
11/04/1980,Arkansas,AR,Clark,libertarian,1.0709399199123200,,,,20171015
11/04/1980,Arkansas,AR,Commoner,citizens,0.27997258775857200,,,,20171015
11/04/1980,Arkansas,AR,Bubar,statesman,0.16117824881623500,,,,20171015
11/04/1980,Arkansas,AR,Hall,communist party use,0.14852277150177500,,,,20171015
11/04/1980,California,CA,Reagan,republican,52.697502883045400,,,,20171015
11/04/1980,California,CA,Carter,democrat,35.919436910764100,,,,20171015
11/04/1980,California,CA,Anderson,independent,8.617305635902300,,,,20171015
11/04/1980,California,CA,Clark,libertarian,1.7288951638704600,,,,20171015
11/04/1980,California,CA,Commoner,citizens,0.71124829283399200,,,,20171015
11/04/1980,California,CA,Smith,peace & freedom,0.21095340546558800,,,,20171015
11/04/1980,California,CA,Rarick,american independent party,0.11465770811812900,,,,20171015
11/04/1980,Colorado,CO,Reagan,republican,55.068934948710400,,,,20171015
11/04/1980,Colorado,CO,Carter,democrat,31.07003250453800,,,,20171015
11/04/1980,Colorado,CO,Anderson,national unity campaign,11.0290008,,,,20171015
11/04/1980,Colorado,CO,Clark,libertarian,2.1734982481320400,,,,20171015
11/04/1980,Colorado,CO,Commoner,citizens,0.47397526278019300,,,,20171015
11/04/1980,Colorado,CO,Bubar,statesman,0.099624298197475600,,,,20171015
11/04/1980,Colorado,CO,Pulley,socialist workers,0.043817805732618500,,,,20171015
11/04/1980,Colorado,CO,Hall,communist party use,0.041116129849297100,,,,20171015
11/04/1980,Connecticut,CT,Reagan,republican,48.155957007292300,,,,20171015
11/04/1980,Connecticut,CT,Carter,democrat,38.522205669547800,,,,20171015
11/04/1980,Connecticut,CT,Anderson,anderson coalition,12.217082597055400,,,,20171015
11/04/1980,Connecticut,CT,Clark,libertarian,0.60940705475774800,,,,20171015
11/04/1980,Connecticut,CT,Commoner,citizens,0.43590026203792300,,,,20171015
11/04/1980,Delaware,DE,Reagan,republican,47.207087937267700,,,,20171015
11/04/1980,Delaware,DE,Carter,democrat,44.87414498362100,,,,20171015
11/04/1980,Delaware,DE,Anderson,independent,6.9114177571838300,,,,20171015
11/04/1980,Delaware,DE,Clark,libertarian,0.83761902337186200,,,,20171015
11/04/1980,Delaware,DE,Greaves,american,0.16973029855559500,,,,20171015
11/04/1980,District of Columbia,DC,Carter,democrat,74.893178981994300,,,,20171015
11/04/1980,District of Columbia,DC,Reagan,republican,13.406828494039300,,,,20171015
11/04/1980,District of Columbia,DC,Anderson,independent,9.2766074909856300,,,,20171015
11/04/1980,District of Columbia,DC,Commoner,citizens,1.0500951756580300,,,,20171015
11/04/1980,District of Columbia,DC,Clark,libertarian,0.6348877732346500,,,,20171015
11/04/1980,District of Columbia,DC,Hall,communist party use,0.21220433724962500,,,,20171015
11/04/1980,District of Columbia,DC,Deberry,socialist workers,0.099488754320284800,,,,20171015
11/04/1980,District of Columbia,DC,Griswold,workers world,0.029904134246559600,,,,20171015
11/04/1980,Florida,FL,Reagan,republican,55.519162706503300,,,,20171015
11/04/1980,Florida,FL,Carter,democrat,38.500219830769600,,,,20171015
11/04/1980,Florida,FL,Anderson,independent,5.1449893095252500,,,,20171015
11/04/1980,Florida,FL,Clark,libertarian,0.8278981384768400,,,,20171015
11/04/1980,Georgia,GA,Carter,democrat,55.796105347866500,,,,20171015
11/04/1980,Georgia,GA,Reagan,republican,40.967306590347600,,,,20171015
11/04/1980,Georgia,GA,Anderson,independent,2.2579463365908800,,,,20171015
11/04/1980,Georgia,GA,Clark,libertarian,0.97864172519499900,,,,20171015
11/04/1980,Hawaii,HI,Carter,democrat,44.802118125735700,,,,20171015
11/04/1980,Hawaii,HI,Reagan,republican,42.900618885741900,,,,20171015
11/04/1980,Hawaii,HI,Anderson,independent,10.55798633,,,,20171015
11/04/1980,Hawaii,HI,Clark,libertarian,1.0778569473798700,,,,20171015
11/04/1980,Hawaii,HI,Commoner,citizens,0.51040763369349800,,,,20171015
11/04/1980,Hawaii,HI,Hall,communist party use,0.15101207766900700,,,,20171015
11/04/1980,Idaho,ID,Reagan,republican,66.455966769616200,,,,20171015
11/04/1980,Idaho,ID,Carter,democrat,25.190715792890800,,,,20171015
11/04/1980,Idaho,ID,Anderson,independent,6.1856612814363900,,,,20171015
11/04/1980,Idaho,ID,Clark,libertarian,1.9260180462747300,,,,20171015
11/04/1980,Idaho,ID,Rarick,american independent party,0.24163810978188600,,,,20171015
11/04/1980,Illinois,IL,Reagan,republican,49.646052894475300,,,,20171015
11/04/1980,Illinois,IL,Carter,democrat,41.716408184817600,,,,20171015
11/04/1980,Illinois,IL,Anderson,independent,7.3005130196068400,,,,20171015
11/04/1980,Illinois,IL,Clark,libertarian,0.81981657448932300,,,,20171015
11/04/1980,Illinois,IL,Commoner,citizens,0.22510795897274800,,,,20171015
11/04/1980,Illinois,IL,Hall,communist party use,0.20445411425218400,,,,20171015
11/04/1980,Illinois,IL,Griswold,workers world,0.047518580565047900,,,,20171015
11/04/1980,Illinois,IL,Deberry,socialist workers,0.027412136,,,,20171015
11/04/1980,Indiana,IN,Reagan,republican,56.005241671286700,,,,20171015
11/04/1980,Indiana,IN,Carter,democrat,37.653192437399400,,,,20171015
11/04/1980,Indiana,IN,Anderson,independent,4.9793647105105100,,,,20171015
11/04/1980,Indiana,IN,Clark,libertarian,0.87541084364057100,,,,20171015
11/04/1980,Indiana,IN,Commoner,citizens,0.21641073079655800,,,,20171015
11/04/1980,Indiana,IN,Greaves,american,0.21186128839316800,,,,20171015
11/04/1980,Indiana,IN,Hall,communist party use,0.031310868305685100,,,,20171015
11/04/1980,Indiana,IN,Deberry,socialist workers,0.027207449667333200,,,,20171015
11/04/1980,Iowa,IA,Reagan,republican,51.305001817614700,,,,20171015
11/04/1980,Iowa,IA,Carter,democrat,38.604162982739900,,,,20171015
11/04/1980,Iowa,IA,Anderson,nominated by petition,8.7756259007438200,,,,20171015
11/04/1980,Iowa,IA,Clark,libertarian,0.99593142697552700,,,,20171015
11/04/1980,Iowa,IA,Commoner,citizens,0.17250263914618400,,,,20171015
11/04/1980,Iowa,IA,McReynolds,socialist,0.040526356930955700,,,,20171015
11/04/1980,Iowa,IA,Hall,communist party use,0.022615832144990300,,,,20171015
11/04/1980,Iowa,IA,Deberry,socialist workers,0.018517661,,,,20171015
11/04/1980,Iowa,IA,Greaves,american,0.014343598239607900,,,,20171015
11/04/1980,Iowa,IA,Bubar,statesman,0.011383808126672900,,,,20171015
11/04/1980,Kansas,KS,Reagan,republican,57.850060471833400,,,,20171015
11/04/1980,Kansas,KS,Carter,democrat,33.28757546221400,,,,20171015
11/04/1980,Kansas,KS,Anderson,independent,6.9638036528049200,,,,20171015
11/04/1980,Kansas,KS,Clark,libertarian,1.4768395429656200,,,,20171015
11/04/1980,Kansas,KS,Shelton,american,0.1587066682316200,,,,20171015
11/04/1980,Kansas,KS,Hall,communist party use,0.098694114585193800,,,,20171015
11/04/1980,Kansas,KS,Bubar,statesman,0.083793038339652700,,,,20171015
11/04/1980,Kansas,KS,Rarick,american independent party,0.080527049025561500,,,,20171015
11/04/1980,Kentucky,KY,Reagan,republican,49.032167437078700,,,,20171015
11/04/1980,Kentucky,KY,Carter,democrat,47.653915826082700,,,,20171015
11/04/1980,Kentucky,KY,Anderson,independent,2.4024661418757100,,,,20171015
11/04/1980,Kentucky,KY,Clark,libertarian,0.42689755616392700,,,,20171015
11/04/1980,Kentucky,KY,McCormack,respect for life,0.32671440159860800,,,,20171015
11/04/1980,Kentucky,KY,Commoner,citizens,0.10064625081138300,,,,20171015
11/04/1980,Kentucky,KY,Pulley,socialist workers,0.030332804117234400,,,,20171015
11/04/1980,Kentucky,KY,Hall,communist party use,0.026859582271749500,,,,20171015
11/04/1980,Louisiana,LA,Reagan,republican,51.1983474,,,,20171015
11/04/1980,Louisiana,LA,Carter,democrat,45.748231779727500,,,,20171015
11/04/1980,Louisiana,LA,Anderson,independent,1.7012238867460800,,,,20171015
11/04/1980,Louisiana,LA,Rarick,american independent party,0.66725171462316400,,,,20171015
11/04/1980,Louisiana,LA,Clark,libertarian,0.53209659619615500,,,,20171015
11/04/1980,Louisiana,LA,Commoner,citizens,0.10228653014256200,,,,20171015
11/04/1980,Louisiana,LA,Deberry,socialist workers,0.050562091604561800,,,,20171015
11/04/1980,Maine,ME,Reagan,republican,45.605541757247900,,,,20171015
11/04/1980,Maine,ME,Carter,democrat,42.250354199051300,,,,20171015
11/04/1980,Maine,ME,Anderson,independent,10.196152662181100,,,,20171015
11/04/1980,Maine,ME,Clark,libertarian,0.97875570494693200,,,,20171015
11/04/1980,Maine,ME,Commoner,citizens,0.84013529352155100,,,,20171015
11/04/1980,Maine,ME,Hall,communist party use,0.11299953538262100,,,,20171015
11/04/1980,Maine 1st CD,ME-1,Reagan,republican,45.02,,,,JJCooley
11/04/1980,Maine 1st CD,ME-1,Carter,democrat,41.93,,,,JJCooley
11/04/1980,Maine 2nd CD,ME-2,Reagan,republican,46.29,,,,JJCooley
11/04/1980,Maine 2nd CD,ME-2,Carter,democrat,42.62,,,,JJCooley
11/04/1980,Maryland,MD,Carter,democrat,47.138129537499600,,,,20171015
11/04/1980,Maryland,MD,Reagan,republican,44.180965091762700,,,,20171015
11/04/1980,Maryland,MD,Anderson,independent,7.7596436472408900,,,,20171015
11/04/1980,Maryland,MD,Clark,libertarian,0.92126172349684800,,,,20171015
11/04/1980,Massachusetts,MA,Reagan,republican,41.901477364119300,,,,20171015
11/04/1980,Massachusetts,MA,Carter,democrat,41.749779128319500,,,,20171015
11/04/1980,Massachusetts,MA,Anderson,independent,15.155521395829800,,,,20171015
11/04/1980,Massachusetts,MA,Clark,libertarian,0.87310674342040100,,,,20171015
11/04/1980,Massachusetts,MA,Deberry,socialist workers,0.14797412136651200,,,,20171015
11/04/1980,Massachusetts,MA,Commoner,citizens,0.081455098669223400,,,,20171015
11/04/1980,Michigan,MI,Reagan,republican,48.986181892588400,,,,20171015
11/04/1980,Michigan,MI,Carter,democrat,42.497413500949600,,,,20171015
11/04/1980,Michigan,MI,Anderson,independent,7.0394465083861400,,,,20171015
11/04/1980,Michigan,MI,Clark,libertarian,1.063936721892200,,,,20171015
11/04/1980,Michigan,MI,Commoner,citizens,0.30513655052465300,,,,20171015
11/04/1980,Michigan,MI,Hall,communist party use,0.083432978,,,,20171015
11/04/1980,Minnesota,MN,Carter,democrat,46.501562442127300,,,,20171015
11/04/1980,Minnesota,MN,Reagan,republican,42.55866224543300,,,,20171015
11/04/1980,Minnesota,MN,Anderson,independent,8.5284680269562700,,,,20171015
11/04/1980,Minnesota,MN,Clark,libertarian,1.5396829109963600,,,,20171015
11/04/1980,Minnesota,MN,Commoner,citizens,0.40966589275584400,,,,20171015
11/04/1980,Minnesota,MN,Hall,communist party use,0.054436926267936900,,,,20171015
11/04/1980,Minnesota,MN,Deberry,socialist workers,0.034650541250226600,,,,20171015
11/04/1980,Minnesota,MN,Griswold,workers world,0.034016987050152200,,,,20171015
11/04/1980,Minnesota,MN,McReynolds,socialist,0.026121927018454900,,,,20171015
11/04/1980,Mississippi,MS,Reagan,republican,49.463302495093900,,,,20171015
11/04/1980,Mississippi,MS,Carter,democrat,48.139164564059400,,,,20171015
11/04/1980,Mississippi,MS,Anderson,independent,1.3497056349873800,,,,20171015
11/04/1980,Mississippi,MS,Clark,libertarian,0.52727782450238300,,,,20171015
11/04/1980,Mississippi,MS,Griswold,workers world,0.26935800392486700,,,,20171015
11/04/1980,Mississippi,MS,Pulley,socialist workers,0.25119147743201600,,,,20171015
11/04/1980,Missouri,MO,Reagan,republican,51.155763530657800,,,,20171015
11/04/1980,Missouri,MO,Carter,democrat,44.345716593390700,,,,20171015
11/04/1980,Missouri,MO,Anderson,independent,3.7107871897835200,,,,20171015
11/04/1980,Missouri,MO,Clark,libertarian,0.68681946677435800,,,,20171015
11/04/1980,Missouri,MO,Deberry,socialist workers,0.072148903908137100,,,,20171015
11/04/1980,Montana,MT,Reagan,republican,56.824526311161900,,,,20171015
11/04/1980,Montana,MT,Carter,democrat,32.430650195630200,,,,20171015
11/04/1980,Montana,MT,Anderson,independent,8.0452916868158400,,,,20171015
11/04/1980,Montana,MT,Clark,libertarian,2.6995318063920500,,,,20171015
11/04/1980,Nebraska,NE,Reagan,republican,65.550018529145500,,,,20171015
11/04/1980,Nebraska,NE,Carter,democrat,26.022738466975100,,,,20171015
11/04/1980,Nebraska,NE,Anderson,independent,7.013555203562600,,,,20171015
11/04/1980,Nebraska,NE,Clark,libertarian,1.4136878003167900,,,,20171015
11/04/1980,Nevada,NV,Reagan,republican,63.611854307896900,,,,20171015
11/04/1980,Nevada,NV,Carter,democrat,27.356663329120400,,,,20171015
11/04/1980,Nevada,NV,Anderson,independent,7.2431593979285300,,,,20171015
11/04/1980,Nevada,NV,Clark,libertarian,1.7883229650542500,,,,20171015
11/04/1980,New Hampshire,NH,Reagan,republican,57.737180655746200,,,,20171015
11/04/1980,New Hampshire,NH,Carter,democrat,28.350738300476600,,,,20171015
11/04/1980,New Hampshire,NH,Anderson,independent,12.941222427667400,,,,20171015
11/04/1980,New Hampshire,NH,Clark,libertarian,0.53751399776035800,,,,20171015
11/04/1980,New Hampshire,NH,Commoner,citizens,0.34375895205604300,,,,20171015
11/04/1980,New Hampshire,NH,Hall,communist party use,0.033594624860022400,,,,20171015
11/04/1980,New Hampshire,NH,Griswold,workers world,0.019792182088075200,,,,20171015
11/04/1980,New Hampshire,NH,Deberry,socialist workers,0.018490064845438700,,,,20171015
11/04/1980,New Jersey,NJ,Reagan,republican,51.973159784439500,,,,20171015
11/04/1980,New Jersey,NJ,Carter,democrat,38.557992044854200,,,,20171015
11/04/1980,New Jersey,NJ,Anderson,independent,7.8849770338517100,,,,20171015
11/04/1980,New Jersey,NJ,Clark,libertarian,0.69402530645055100,,,,20171015
11/04/1980,New Jersey,NJ,Commoner,citizens,0.27566771202856200,,,,20171015
11/04/1980,New Jersey,NJ,McCormack,right-to-life,0.13196965806853100,,,,20171015
11/04/1980,New Jersey,NJ,Lynen,middle class candidate,0.12413952556790300,,,,20171015
11/04/1980,New Jersey,NJ,Hall,communist party use,0.085862611755818200,,,,20171015
11/04/1980,New Jersey,NJ,Pulley,socialist workers,0.073865370113224400,,,,20171015
11/04/1980,New Jersey,NJ,McReynolds,socialist,0.066304083363690500,,,,20171015
11/04/1980,New Jersey,NJ,Gahres,down with lawyers,0.057734625047552100,,,,20171015
11/04/1980,New Jersey,NJ,Griswold,workers world,0.043284165926220700,,,,20171015
11/04/1980,New Jersey,NJ,Wendelken,independent,0.031018078532532400,,,,20171015
11/04/1980,New Mexico,NM,Reagan,republican,54.966826452041400,,,,20171015
11/04/1980,New Mexico,NM,Carter,democrat,36.784828937591600,,,,20171015
11/04/1980,New Mexico,NM,Anderson,independent,6.4569511021683900,,,,20171015
11/04/1980,New Mexico,NM,Clark,libertarian,0.95673958929240700,,,,20171015
11/04/1980,New Mexico,NM,Commoner,citizens,0.48264388903135900,,,,20171015
11/04/1980,New Mexico,NM,Bubar,statesman,0.28077512345557200,,,,20171015
11/04/1980,New Mexico,NM,Pulley,socialist workers,0.071234906419251400,,,,20171015
11/04/1980,New York,NY,Carter,democrat,43.992099915526700,,,,20171015
11/04/1980,New York,NY,Reagan,republican,42.530110244198600,,,,20171015
11/04/1980,New York,NY,Anderson,liberal party,7.5427941397226300,,,,20171015
11/04/1980,New York,NY,Reagan,conservative,4.1298402649872400,,,,20171015
11/04/1980,New York,NY,Clark,free libertarian,0.84889306749689900,,,,20171015
11/04/1980,New York,NY,McCormack,right-to-life,0.38953820881434400,,,,20171015
11/04/1980,New York,NY,Commoner,citizens,0.37384961751601400,,,,20171015
11/04/1980,New York,NY,Hall,communist party use,0.11954287346949600,,,,20171015
11/04/1980,New York,NY,Deberry,socialist workers,0.033344302985556700,,,,20171015
11/04/1980,New York,NY,Griswold,workers world,0.022831495661290200,,,,20171015
11/04/1980,North Carolina,NC,Reagan,republican,49.304975178262300,,,,20171015
11/04/1980,North Carolina,NC,Carter,democrat,47.182855353903100,,,,20171015
11/04/1980,North Carolina,NC,Anderson,independent,2.8450835824128600,,,,20171015
11/04/1980,North Carolina,NC,Clark,libertarian,0.52143700429941700,,,,20171015
11/04/1980,North Carolina,NC,Commoner,citizens,0.12323307107913300,,,,20171015
11/04/1980,North Carolina,NC,Deberry,socialist workers,0.022415810043252800,,,,20171015
11/04/1980,North Dakota,ND,Reagan,republican,64.325708364882600,,,,20171015
11/04/1980,North Dakota,ND,Carter,democrat,26.298502902535900,,,,20171015
11/04/1980,North Dakota,ND,Anderson,independent,7.8507950424421200,,,,20171015
11/04/1980,North Dakota,ND,Clark,libertarian,1.2430425483866700,,,,20171015
11/04/1980,North Dakota,ND,McLain,natural people's league,0.098300986995045100,,,,20171015
11/04/1980,North Dakota,ND,Greaves,american,0.078043013323768900,,,,20171015
11/04/1980,North Dakota,ND,Hall,communist party use,0.030885107400470300,,,,20171015
11/04/1980,North Dakota,ND,Deberry,socialist workers,0.029556716,,,,20171015
11/04/1980,North Dakota,ND,McReynolds,socialist,0.027232030181059800,,,,20171015
11/04/1980,North Dakota,ND,Bubar,statesman,0.017933288,,,,20171015
11/04/1980,Ohio,OH,Reagan,republican,51.511426245616100,,,,20171015
11/04/1980,Ohio,OH,Carter,democrat,40.909813537809200,,,,20171015
11/04/1980,Ohio,OH,Anderson,independent,5.9406065408022200,,,,20171015
11/04/1980,Ohio,OH,Clark,libertarian,1.1446672345686600,,,,20171015
11/04/1980,Ohio,OH,Commoner,citizens,0.19992515646291200,,,,20171015
11/04/1980,Ohio,OH,Hall,communist party use,0.11039771892960200,,,,20171015
11/04/1980,Ohio,OH,Congress,socialist workers,0.094056335,,,,20171015
11/04/1980,Ohio,OH,Griswold,workers world,0.088476920013362600,,,,20171015
11/04/1980,Ohio,OH,Bubar,statesman,0.000630311,,,,20171015
11/04/1980,Oklahoma,OK,Reagan,republican,60.499709491453500,,,,20171015
11/04/1980,Oklahoma,OK,Carter,democrat,34.967661354013400,,,,20171015
11/04/1980,Oklahoma,OK,Anderson,independent,3.3298889805063500,,,,20171015
11/04/1980,Oklahoma,OK,Clark,libertarian,1.202740174026800,,,,20171015
11/04/1980,Oregon,OR,Reagan,republican,48.331465676300600,,,,20171015
11/04/1980,Oregon,OR,Carter,democrat,38.669810650046200,,,,20171015
11/04/1980,Oregon,OR,Anderson,independent,9.512270676,,,,20171015
11/04/1980,Oregon,OR,Clark,libertarian,2.1868514687909400,,,,20171015
11/04/1980,Oregon,OR,Commoner,citizens,1.1546183039417200,,,,20171015
11/04/1980,Pennsylvania,PA,Reagan,republican,49.586134037896700,,,,20171015
11/04/1980,Pennsylvania,PA,Carter,democrat,42.475930620205900,,,,20171015
11/04/1980,Pennsylvania,PA,Anderson,independent,6.421592366,,,,20171015
11/04/1980,Pennsylvania,PA,Clark,libertarian,0.72921172219407600,,,,20171015
11/04/1980,Pennsylvania,PA,Deberry,socialist workers,0.44483164642515700,,,,20171015
11/04/1980,Pennsylvania,PA,Commoner,citizens,0.22865280529369600,,,,20171015
11/04/1980,Pennsylvania,PA,Hall,communist party use,0.11364680178739400,,,,20171015
11/04/1980,Rhode Island,RI,Carter,democrat,47.68214786269100,,,,20171015
11/04/1980,Rhode Island,RI,Reagan,republican,37.212807746768400,,,,20171015
11/04/1980,Rhode Island,RI,Anderson,independent,14.380708085016400,,,,20171015
11/04/1980,Rhode Island,RI,Clark,libertarian,0.59091225986676800,,,,20171015
11/04/1980,Rhode Island,RI,Hall,communist party use,0.052408004,,,,20171015
11/04/1980,Rhode Island,RI,McReynolds,socialist,0.040868627,,,,20171015
11/04/1980,Rhode Island,RI,Deberry,socialist workers,0.021636331728238100,,,,20171015
11/04/1980,Rhode Island,RI,Griswold,workers world,0.018511084,,,,20171015
11/04/1980,South Carolina,SC,Reagan,republican,49.45376230779800,,,,20171015
11/04/1980,South Carolina,SC,Carter,democrat,48.208966313841200,,,,20171015
11/04/1980,South Carolina,SC,Anderson,independent,1.5612581029385600,,,,20171015
11/04/1980,South Carolina,SC,Clark,libertarian,0.54117159654064500,,,,20171015
11/04/1980,South Carolina,SC,Rarick,american independent party,0.23484167888158600,,,,20171015
11/04/1980,South Dakota,SD,Reagan,republican,60.525231688449600,,,,20171015
11/04/1980,South Dakota,SD,Carter,democrat,31.69180630021700,,,,20171015
11/04/1980,South Dakota,SD,Anderson,independent,6.5397631391839600,,,,20171015
11/04/1980,South Dakota,SD,Clark,libertarian,1.1669102815659300,,,,20171015
11/04/1980,South Dakota,SD,Pulley,socialist workers,0.076288590583546700,,,,20171015
11/04/1980,Tennessee,TN,Reagan,republican,48.698887745917400,,,,20171015
11/04/1980,Tennessee,TN,Carter,democrat,48.407718519104700,,,,20171015
11/04/1980,Tennessee,TN,Anderson,independent,2.2249409006834700,,,,20171015
11/04/1980,Tennessee,TN,Clark,libertarian,0.4399066280254400,,,,20171015
11/04/1980,Tennessee,TN,Commoner,citizens,0.068743138050068700,,,,20171015
11/04/1980,Tennessee,TN,Bubar,statesman,0.032207891118782200,,,,20171015
11/04/1980,Tennessee,TN,McReynolds,socialist,0.032084252381282100,,,,20171015
11/04/1980,Tennessee,TN,Hall,communist party use,0.031095142481281100,,,,20171015
11/04/1980,Tennessee,TN,Deberry,socialist workers,0.030291490687530300,,,,20171015
11/04/1980,Tennessee,TN,Griswold,workers world,0.024727747500024700,,,,20171015
11/04/1980,Texas,TX,Reagan,republican,55.281951261615900,,,,20171015
11/04/1980,Texas,TX,Carter,democrat,41.420030138919100,,,,20171015
11/04/1980,Texas,TX,Anderson,independent,2.4575505390568500,,,,20171015
11/04/1980,Texas,TX,Clark,libertarian,0.82884229383420400,,,,20171015
11/04/1980,Utah,UT,Reagan,republican,72.777546048014400,,,,20171015
11/04/1980,Utah,UT,Carter,democrat,20.56866483931200,,,,20171015
11/04/1980,Utah,UT,Anderson,independent,5.0126458242296600,,,,20171015
11/04/1980,Utah,UT,Clark,libertarian,1.1844701333439300,,,,20171015
11/04/1980,Utah,UT,Commoner,citizens,0.16701095088653200,,,,20171015
11/04/1980,Utah,UT,Greaves,american,0.15972801546630600,,,,20171015
11/04/1980,Utah,UT,Rarick,american independent party,0.086402097,,,,20171015
11/04/1980,Utah,UT,Hall,communist party use,0.023007455077530200,,,,20171015
11/04/1980,Utah,UT,Deberry,socialist workers,0.020524636184271500,,,,20171015
11/04/1980,Vermont,VT,Reagan,republican,44.364014833637300,,,,20171015
11/04/1980,Vermont,VT,Carter,democrat,38.421183409204900,,,,20171015
11/04/1980,Vermont,VT,Anderson,independent,14.890365168144200,,,,20171015
11/04/1980,Vermont,VT,Commoner,citizens,1.0857997458966100,,,,20171015
11/04/1980,Vermont,VT,Clark,libertarian,0.89076835803262100,,,,20171015
11/04/1980,Vermont,VT,McReynolds,socialist,0.063760261417071800,,,,20171015
11/04/1980,Vermont,VT,Hall,communist party use,0.055321403288341700,,,,20171015
11/04/1980,Vermont,VT,Deberry,socialist workers,0.035161908869708700,,,,20171015
11/04/1980,Virginia,VA,Reagan,republican,53.032799008805900,,,,20171015
11/04/1980,Virginia,VA,Carter,democrat,40.30874068611900,,,,20171015
11/04/1980,Virginia,VA,Anderson,independent,5.1134171332538800,,,,20171015
11/04/1980,Virginia,VA,Commoner,citizens,0.75154123830673900,,,,20171015
11/04/1980,Virginia,VA,Clark,libertarian,0.68707289049705500,,,,20171015
11/04/1980,Virginia,VA,Deberry,socialist workers,0.10642904301748300,,,,20171015
11/04/1980,Washington,WA,Reagan,republican,49.658343635251300,,,,20171015
11/04/1980,Washington,WA,Carter,democrat,37.316072025041400,,,,20171015
11/04/1980,Washington,WA,Anderson,independent,10.621765226464300,,,,20171015
11/04/1980,Washington,WA,Clark,libertarian,1.676601273879500,,,,20171015
11/04/1980,Washington,WA,Commoner,citizens,0.53965980139968300,,,,20171015
11/04/1980,Washington,WA,Deberry,socialist workers,0.065255045644096600,,,,20171015
11/04/1980,Washington,WA,McReynolds,socialist,0.054867039257481400,,,,20171015
11/04/1980,Washington,WA,Hall,communist party use,0.047865178599099900,,,,20171015
11/04/1980,Washington,WA,Griswold,workers world,0.019570774463181100,,,,20171015
11/04/1980,West Virginia,WV,Carter,democrat,49.810834807479900,,,,20171015
11/04/1980,West Virginia,WV,Reagan,republican,45.302860860901600,,,,20171015
11/04/1980,West Virginia,WV,Anderson,independent,4.2958324014016300,,,,20171015
11/04/1980,West Virginia,WV,Clark,libertarian,0.59047193021695400,,,,20171015
11/04/1980,Wisconsin,WI,Reagan,republican,47.898774470234100,,,,20171015
11/04/1980,Wisconsin,WI,Carter,democrat,43.18031550825900,,,,20171015
11/04/1980,Wisconsin,WI,Anderson,independent,7.0673726839581400,,,,20171015
11/04/1980,Wisconsin,WI,Clark,libertarian,1.2816615718401300,,,,20171015
11/04/1980,Wisconsin,WI,Commoner,citizens,0.34167377478916500,,,,20171015
11/04/1980,Wisconsin,WI,Rarick,american independent party,0.066821483700880800,,,,20171015
11/04/1980,Wisconsin,WI,McReynolds,socialist,0.035544278360968900,,,,20171015
11/04/1980,Wisconsin,WI,Hall,communist party use,0.033960622,,,,20171015
11/04/1980,Wisconsin,WI,Griswold,workers world,0.018212043615644900,,,,20171015
11/04/1980,Wisconsin,WI,Deberry,socialist workers,0.016848339866647400,,,,20171015
11/04/1980,Wyoming,WY,Reagan,republican,62.643948096631300,,,,20171015
11/04/1980,Wyoming,WY,Carter,democrat,27.97021158601800,,,,20171015
11/04/1980,Wyoming,WY,Anderson,independent,6.8314159116759900,,,,20171015
11/04/1980,Wyoming,WY,Clark,libertarian,2.5544244056747400,,,,20171015
11/04/1980,National Popular Vote,NPV,Reagan,republican,50.74950111,,,,20210915
11/04/1980,National Popular Vote,NPV,Carter,democrat,41.01288529,,,,20210915
11/04/1980,National Popular Vote,NPV,Anderson,independent,6.611803595,,,,20210915
11/06/1984,Alabama,AL,Reagan,republican,60.542493547606200,,,,20171015
11/06/1984,Alabama,AL,Mondale,democrat,38.280781265064500,,,,20171015
11/06/1984,Alabama,AL,Bergland,libertarian,0.65921580786189800,,,,20171015
11/06/1984,Alabama,AL,Hall,communist party use,0.32398958738667100,,,,20171015
11/06/1984,Alabama,AL,Richards,populist,0.097176067636207800,,,,20171015
11/06/1984,Alabama,AL,Mason,socialist workers,0.050634210831143200,,,,20171015
11/06/1984,Alabama,AL,Serrette,alliance,0.045709513613319700,,,,20171015
11/06/1984,Alaska,AK,Reagan,republican,66.653982322198400,,,,20171015
11/06/1984,Alaska,AK,Mondale,democrat,29.867777751017600,,,,20171015
11/06/1984,Alaska,AK,Bergland,libertarian,3.072180342477300,,,,20171015
11/06/1984,Arizona,AZ,Reagan,republican,66.421482858415600,,,,20171015
11/06/1984,Arizona,AZ,Mondale,democrat,32.542643169830900,,,,20171015
11/06/1984,Arizona,AZ,Bergland,libertarian,1.0317799935081200,,,,20171015
11/06/1984,Arkansas,AR,Reagan,republican,60.467025325472700,,,,20171015
11/06/1984,Arkansas,AR,Mondale,democrat,38.290785001458600,,,,20171015
11/06/1984,Arkansas,AR,Bergland,libertarian,0.25112900636133200,,,,20171015
11/06/1984,Arkansas,AR,Larouche,independent,0.21370275642634700,,,,20171015
11/06/1984,Arkansas,AR,Hall,communist party use,0.16949229200163700,,,,20171015
11/06/1984,Arkansas,AR,Richards,populist,0.16519562282481100,,,,20171015
11/06/1984,Arkansas,AR,Serrette,alliance,0.1459736817705900,,,,20171015
11/06/1984,Arkansas,AR,Johnson,citizens,0.10854743183560500,,,,20171015
11/06/1984,Arkansas,AR,Dodge,prohibition,0.095205143339145100,,,,20171015
11/06/1984,Arkansas,AR,Lowery,united sovereign citizens,0.092943738509236700,,,,20171015
11/06/1984,California,CA,Reagan,republican,57.516942851693100,,,,20171015
11/06/1984,California,CA,Mondale,democrat,41.267775699231600,,,,20171015
11/06/1984,California,CA,Bergland,libertarian,0.5255211418867100,,,,20171015
11/06/1984,California,CA,Richards,populist,0.41309658737926500,,,,20171015
11/06/1984,California,CA,Johnson,citizens,0.2766637198093100,,,,20171015
11/06/1984,Colorado,CO,Reagan,republican,63.442155969676900,,,,20171015
11/06/1984,Colorado,CO,Mondale,democrat,35.122898300112700,,,,20171015
11/06/1984,Colorado,CO,Bergland,libertarian,0.8690114097793700,,,,20171015
11/06/1984,Colorado,CO,Larouche,independent,0.35989439392301900,,,,20171015
11/06/1984,Colorado,CO,Serrette,alliance,0.075499081350646100,,,,20171015
11/06/1984,Colorado,CO,Dodge,prohibition,0.066235390387376700,,,,20171015
11/06/1984,Colorado,CO,Mason,socialist workers,0.062529914002068900,,,,20171015
11/06/1984,Connecticut,CT,Reagan,republican,60.731951734951300,,,,20171015
11/06/1984,Connecticut,CT,Mondale,democrat,38.829981593837300,,,,20171015
11/06/1984,Connecticut,CT,Hall,communist party use,0.32899311473174700,,,,20171015
11/06/1984,Connecticut,CT,Serrette,alliance,0.093666916626900300,,,,20171015
11/06/1984,Delaware,DE,Reagan,republican,59.782694090473400,,,,20171015
11/06/1984,Delaware,DE,Mondale,democrat,39.932121364486300,,,,20171015
11/06/1984,Delaware,DE,Dennis,american,0.10566755181245400,,,,20171015
11/06/1984,Delaware,DE,Bergland,libertarian,0.10527473563471200,,,,20171015
11/06/1984,Delaware,DE,Johnson,citizens,0.047530757506717200,,,,20171015
11/06/1984,Delaware,DE,Serrette,alliance,0.026711500086419600,,,,20171015
11/06/1984,District of Columbia,DC,Mondale,democrat,85.384877513157400,,,,20171015
11/06/1984,District of Columbia,DC,Reagan,republican,13.729601302487600,,,,20171015
11/06/1984,District of Columbia,DC,Bergland,libertarian,0.13204725303850700,,,,20171015
11/06/1984,District of Columbia,DC,Hall,communist party use,0.12163492484192200,,,,20171015
11/06/1984,District of Columbia,DC,Serrette,alliance,0.078092461474385700,,,,20171015
11/06/1984,District of Columbia,DC,Larouche,independent,0.060107531,,,,20171015
11/06/1984,District of Columbia,DC,Mason,socialist workers,0.060107531,,,,20171015
11/06/1984,District of Columbia,DC,Holmes,workers world,0.050641778047025900,,,,20171015
11/06/1984,Florida,FL,Reagan,republican,65.318581041236100,,,,20171015
11/06/1984,Florida,FL,Mondale,democrat,34.660246968278600,,,,20171015
11/06/1984,Georgia,GA,Reagan,republican,60.172298566017800,,,,20171015
11/06/1984,Georgia,GA,Mondale,democrat,39.785305244121500,,,,20171015
11/06/1984,Hawaii,HI,Reagan,republican,55.099658772175300,,,,20171015
11/06/1984,Hawaii,HI,Mondale,democrat,43.815915627996200,,,,20171015
11/06/1984,Hawaii,HI,Bergland,libertarian,0.64523620945314200,,,,20171015
11/06/1984,Hawaii,HI,Hall,communist party use,0.24445728101570400,,,,20171015
11/06/1984,Hawaii,HI,Larouche,independent,0.19473210935964700,,,,20171015
11/06/1984,Idaho,ID,Reagan,republican,72.364670285836600,,,,20171015
11/06/1984,Idaho,ID,Mondale,democrat,26.392212947288500,,,,20171015
11/06/1984,Idaho,ID,Bergland,libertarian,0.68662074601599400,,,,20171015
11/06/1984,Idaho,ID,Richards,populist,0.55649602085887200,,,,20171015
11/06/1984,Illinois,IL,Reagan,republican,56.174591540972100,,,,20171015
11/06/1984,Illinois,IL,Mondale,democrat,43.296553206747800,,,,20171015
11/06/1984,Illinois,IL,Bergland,libertarian,0.20929271264604400,,,,20171015
11/06/1984,Illinois,IL,Hall,communist party use,0.096947804231838100,,,,20171015
11/06/1984,Illinois,IL,Johnson,citizens,0.056359211535460700,,,,20171015
11/06/1984,Illinois,IL,Winn,workers league,0.054616143137456700,,,,20171015
11/06/1984,Illinois,IL,Serrette,alliance,0.049511442829016600,,,,20171015
11/06/1984,Illinois,IL,Mason,socialist workers,0.044240736006480900,,,,20171015
11/06/1984,Indiana,IN,Reagan,republican,61.674314586786200,,,,20171015
11/06/1984,Indiana,IN,Mondale,democrat,37.68271378985600,,,,20171015
11/06/1984,Indiana,IN,Dennis,american,0.3411000734863100,,,,20171015
11/06/1984,Indiana,IN,Bergland,libertarian,0.30187155,,,,20171015
11/06/1984,Iowa,IA,Reagan,republican,53.272112168085400,,,,20171015
11/06/1984,Iowa,IA,Mondale,democrat,45.887081803751300,,,,20171015
11/06/1984,Iowa,IA,Larouche,independent,0.47340326790700100,,,,20171015
11/06/1984,Iowa,IA,Bergland,libertarian,0.13971760979841700,,,,20171015
11/06/1984,Iowa,IA,Baker,big deal party,0.067585741833073800,,,,20171015
11/06/1984,Iowa,IA,Serrette,alliance,0.035080939987346600,,,,20171015
11/06/1984,Iowa,IA,Mason,socialist workers,0.023715624656672800,,,,20171015
11/06/1984,Iowa,IA,Hall,communist party use,0.021669867897151500,,,,20171015
11/06/1984,Kansas,KS,Reagan,republican,66.27220787658600,,,,20171015
11/06/1984,Kansas,KS,Mondale,democrat,32.598036577621500,,,,20171015
11/06/1984,Kansas,KS,Richards,populist,0.34873105536154400,,,,20171015
11/06/1984,Kansas,KS,Bergland,libertarian,0.32573672370891700,,,,20171015
11/06/1984,Kansas,KS,Serrette,alliance,0.24892587116716300,,,,20171015
11/06/1984,Kansas,KS,Dodge,prohibition,0.20636189555485300,,,,20171015
11/06/1984,Kentucky,KY,Reagan,republican,60.006937623462300,,,,20171015
11/06/1984,Kentucky,KY,Mondale,democrat,39.401246581394800,,,,20171015
11/06/1984,Kentucky,KY,Mason,socialist workers,0.22850340856394800,,,,20171015
11/06/1984,Kentucky,KY,Larouche,independent,0.12969704493754300,,,,20171015
11/06/1984,Kentucky,KY,Anderson,national unity,0.10800784316589300,,,,20171015
11/06/1984,Kentucky,KY,Johnson,citizens,0.043743541620263700,,,,20171015
11/06/1984,Kentucky,KY,Dennis,american,0.031255819388101600,,,,20171015
11/06/1984,Kentucky,KY,Serrette,alliance,0.026655079618357700,,,,20171015
11/06/1984,Kentucky,KY,Hall,communist party use,0.023953057848825500,,,,20171015
11/06/1984,Louisiana,LA,Reagan,republican,60.773706924330700,,,,20171015
11/06/1984,Louisiana,LA,Mondale,democrat,38.175392630280100,,,,20171015
11/06/1984,Louisiana,LA,Johnson,citizens,0.55670714345139700,,,,20171015
11/06/1984,Louisiana,LA,Larouche,independent,0.20810605909696500,,,,20171015
11/06/1984,Louisiana,LA,Bergland,libertarian,0.10991187130233800,,,,20171015
11/06/1984,Louisiana,LA,Richards,populist,0.076750826975513600,,,,20171015
11/06/1984,Louisiana,LA,Mason,socialist workers,0.068196918014883800,,,,20171015
11/06/1984,Louisiana,LA,Serrette,alliance,0.031227626548052500,,,,20171015
11/06/1984,Maine,ME,Reagan,republican,60.834068524651800,,,,20171015
11/06/1984,Maine,ME,Mondale,democrat,38.781040741651400,,,,20171015
11/06/1984,Maine,ME,Hall,communist party use,0.23357389757459200,,,,20171015
11/06/1984,Maine,ME,Serrette,alliance,0.13649248658577200,,,,20171015
11/06/1984,Maine 1st CD,ME-1,Reagan,republican,59.69,,,,JJCooley
11/06/1984,Maine 1st CD,ME-1,Mondale,democrat,39.95,,,,JJCooley
11/06/1984,Maine 2nd CD,ME-2,Reagan,republican,62.16,,,,JJCooley
11/06/1984,Maine 2nd CD,ME-2,Mondale,democrat,37.47,,,,JJCooley
11/06/1984,Maryland,MD,Reagan,republican,52.505052590500600,,,,20171015
11/06/1984,Maryland,MD,Mondale,democrat,47.016390860166600,,,,20171015
11/06/1984,Maryland,MD,Bergland,libertarian,0.3413743165502400,,,,20171015
11/06/1984,Maryland,MD,Hall,communist party use,0.053584012631028700,,,,20171015
11/06/1984,Maryland,MD,Holmes,workers world,0.044454443,,,,20171015
11/06/1984,Maryland,MD,Serrette,alliance,0.039143778,,,,20171015
11/06/1984,Massachusetts,MA,Reagan,republican,51.220782508909400,,,,20171015
11/06/1984,Massachusetts,MA,Mondale,democrat,48.433782673402100,,,,20171015
11/06/1984,Massachusetts,MA,Serrette,alliance,0.3124971917059700,,,,20171015
11/06/1984,Michigan,MI,Reagan,republican,59.226027170250500,,,,20171015
11/06/1984,Michigan,MI,Mondale,democrat,40.236075943706700,,,,20171015
11/06/1984,Michigan,MI,Bergland,libertarian,0.26448986205492400,,,,20171015
11/06/1984,Michigan,MI,Larouche,independent,0.10158725482407900,,,,20171015
11/06/1984,Michigan,MI,Holmes,workers world,0.037246906,,,,20171015
11/06/1984,Michigan,MI,Johnson,citizens,0.031328436171796600,,,,20171015
11/06/1984,Michigan,MI,Mason,socialist workers,0.027593223798668900,,,,20171015
11/06/1984,Michigan,MI,Hall,communist party use,0.027566919486182100,,,,20171015
11/06/1984,Michigan,MI,Serrette,alliance,0.017492368,,,,20171015
11/06/1984,Michigan,MI,Winn,workers league,0.014756719305103200,,,,20171015
11/06/1984,Minnesota,MN,Mondale,democrat,49.718846563288400,,,,20171015
11/06/1984,Minnesota,MN,Reagan,republican,49.538415187898600,,,,20171015
11/06/1984,Minnesota,MN,Larouche,independent,0.18542070350485900,,,,20171015
11/06/1984,Minnesota,MN,Mason,socialist workers,0.15255830197812500,,,,20171015
11/06/1984,Minnesota,MN,Bergland,libertarian,0.14373102915926500,,,,20171015
11/06/1984,Minnesota,MN,Richards,populist,0.11403493201320800,,,,20171015
11/06/1984,Minnesota,MN,Johnson,citizens,0.058480682424947800,,,,20171015
11/06/1984,Minnesota,MN,Hall,communist party use,0.030223815,,,,20171015
11/06/1984,Minnesota,MN,Winn,workers league,0.012473320287519600,,,,20171015
11/06/1984,Minnesota,MN,Serrette,alliance,0.011130039641171400,,,,20171015
11/06/1984,Mississippi,MS,Reagan,republican,61.882321188731500,,,,20171015
11/06/1984,Mississippi,MS,Mondale,democrat,37.423281592682600,,,,20171015
11/06/1984,Mississippi,MS,Bergland,libertarian,0.24821911287169100,,,,20171015
11/06/1984,Mississippi,MS,Holmes,workers world,0.12421581461772600,,,,20171015
11/06/1984,Mississippi,MS,Mason,socialist workers,0.10965844370016500,,,,20171015
11/06/1984,Mississippi,MS,Larouche,independent,0.10636444006188500,,,,20171015
11/06/1984,Mississippi,MS,Richards,populist,0.068111494585083100,,,,20171015
11/06/1984,Mississippi,MS,Serrette,alliance,0.037827912749281700,,,,20171015
11/06/1984,Missouri,MO,Reagan,republican,60.02475066787700,,,,20171015
11/06/1984,Missouri,MO,Mondale,democrat,39.97524933212300,,,,20171015
11/06/1984,Montana,MT,Reagan,republican,60.474482083995700,,,,20171015
11/06/1984,Montana,MT,Mondale,democrat,38.176581845427800,,,,20171015
11/06/1984,Montana,MT,Bergland,libertarian,1.3489360705765400,,,,20171015
11/06/1984,Nebraska,NE,Reagan,republican,70.550690855556700,,,,20171015
11/06/1984,Nebraska,NE,Mondale,democrat,28.809826864389900,,,,20171015
11/06/1984,Nebraska,NE,Bergland,libertarian,0.31882102163811700,,,,20171015
11/06/1984,Nebraska,NE,Mason,socialist workers,0.16347436703522500,,,,20171015
11/06/1984,Nebraska,NE,Serrette,alliance,0.15718689138002400,,,,20171015
11/06/1984,Nevada,NV,Reagan,republican,66.769950162176300,,,,20171015
11/06/1984,Nevada,NV,Mondale,democrat,32.419345140193200,,,,20171015
11/06/1984,Nevada,NV,Bergland,libertarian,0.81070469763049300,,,,20171015
11/06/1984,New Hampshire,NH,Reagan,republican,68.667331783679300,,,,20171015
11/06/1984,New Hampshire,NH,Mondale,democrat,30.945168987719300,,,,20171015
11/06/1984,New Hampshire,NH,Bergland,libertarian,0.18899265628535600,,,,20171015
11/06/1984,New Hampshire,NH,Larouche,independent,0.12008104827926700,,,,20171015
11/06/1984,New Hampshire,NH,Serrette,alliance,0.078425524036780300,,,,20171015
11/06/1984,New Jersey,NJ,Reagan,republican,60.090519730181100,,,,20171015
11/06/1984,New Jersey,NJ,Mondale,democrat,39.197547937108600,,,,20171015
11/06/1984,New Jersey,NJ,Holmes,workers world,0.2611671973502900,,,,20171015
11/06/1984,New Jersey,NJ,Bergland,libertarian,0.19938704643020700,,,,20171015
11/06/1984,New Jersey,NJ,Serrette,alliance,0.071258493993838100,,,,20171015
11/06/1984,New Jersey,NJ,Winn,workers league,0.053482716163713700,,,,20171015
11/06/1984,New Jersey,NJ,Hall,communist party use,0.048603700220829900,,,,20171015
11/06/1984,New Jersey,NJ,Mason,socialist workers,0.039280739820414900,,,,20171015
11/06/1984,New Jersey,NJ,Johnson,citizens,0.038752438731058100,,,,20171015
11/06/1984,New Mexico,NM,Reagan,republican,59.704298462196500,,,,20171015
11/06/1984,New Mexico,NM,Mondale,democrat,39.226432334700700,,,,20171015
11/06/1984,New Mexico,NM,Bergland,libertarian,0.86688570484281700,,,,20171015
11/06/1984,New Mexico,NM,Johnson,citizens,0.088457725,,,,20171015
11/06/1984,New Mexico,NM,Mason,socialist workers,0.043548418453642300,,,,20171015
11/06/1984,New Mexico,NM,Dodge,prohibition,0.040048991970760300,,,,20171015
11/06/1984,New Mexico,NM,Serrette,alliance,0.030133950269261400,,,,20171015
11/06/1984,New York,NY,Reagan,republican,49.60501321470700,,,,20171015
11/06/1984,New York,NY,Mondale,democrat,44.092386889012600,,,,20171015
11/06/1984,New York,NY,Reagan,conservative,4.2346414840431900,,,,20171015
11/06/1984,New York,NY,Mondale,liberal party,1.7383179492302600,,,,20171015
11/06/1984,New York,NY,Bergland,libertarian,0.17554478529590200,,,,20171015
11/06/1984,New York,NY,Hall,communist party use,0.062084882639591800,,,,20171015
11/06/1984,New York,NY,Serrette,alliance,0.047011742651844300,,,,20171015
11/06/1984,New York,NY,Holmes,workers world,0.032702543482189200,,,,20171015
11/06/1984,North Carolina,NC,Reagan,republican,61.896898951484400,,,,20171015
11/06/1984,North Carolina,NC,Mondale,democrat,37.891963678672200,,,,20171015
11/06/1984,North Carolina,NC,Bergland,libertarian,0.1744078339181400,,,,20171015
11/06/1984,North Carolina,NC,Mason,socialist workers,0.036729535925301600,,,,20171015
11/06/1984,North Dakota,ND,Reagan,republican,64.839742241181200,,,,20171015
11/06/1984,North Dakota,ND,Mondale,democrat,33.798964951403200,,,,20171015
11/06/1984,North Dakota,ND,Larouche,independent,0.41363105275252400,,,,20171015
11/06/1984,North Dakota,ND,Richards,populist,0.34857640361069500,,,,20171015
11/06/1984,North Dakota,ND,Bergland,libertarian,0.22752944451097400,,,,20171015
11/06/1984,North Dakota,ND,Johnson,citizens,0.11910502927459200,,,,20171015
11/06/1984,North Dakota,ND,Mason,socialist workers,0.077353538034313900,,,,20171015
11/06/1984,North Dakota,ND,Dodge,prohibition,0.071204093588071400,,,,20171015
11/06/1984,North Dakota,ND,Hall,communist party use,0.05469769,,,,20171015
11/06/1984,North Dakota,ND,Serrette,alliance,0.049195555569940200,,,,20171015
11/06/1984,Ohio,OH,Reagan,republican,58.698686348610100,,,,20171015
11/06/1984,Ohio,OH,Mondale,democrat,40.003199484576200,,,,20171015
11/06/1984,Ohio,OH,Serrette,alliance,0.52988724008296700,,,,20171015
11/06/1984,Ohio,OH,Larouche,independent,0.23432937378855100,,,,20171015
11/06/1984,Ohio,OH,Winn,workers league,0.15624880156292600,,,,20171015
11/06/1984,Ohio,OH,Bergland,libertarian,0.12898743983161100,,,,20171015
11/06/1984,Ohio,OH,Hall,communist party use,0.097255565,,,,20171015
11/06/1984,Ohio,OH,Mason,socialist workers,0.095195623,,,,20171015
11/06/1984,Ohio,OH,Holmes,workers world,0.056210122862399200,,,,20171015
11/06/1984,Oklahoma,OK,Reagan,republican,68.61085184394700,,,,20171015
11/06/1984,Oklahoma,OK,Mondale,democrat,30.667146620625100,,,,20171015
11/06/1984,Oklahoma,OK,Bergland,libertarian,0.72200153542792900,,,,20171015
11/06/1984,Oregon,OR,Reagan,republican,55.905821885698400,,,,20171015
11/06/1984,Oregon,OR,Mondale,democrat,43.739681230009600,,,,20171015
11/06/1984,Pennsylvania,PA,Reagan,republican,53.341067922309300,,,,20171015
11/06/1984,Pennsylvania,PA,Mondale,democrat,45.989176666694900,,,,20171015
11/06/1984,Pennsylvania,PA,Johnson,citizens,0.44640728617270600,,,,20171015
11/06/1984,Pennsylvania,PA,Bergland,libertarian,0.1441102123200400,,,,20171015
11/06/1984,Pennsylvania,PA,Winn,workers league,0.042498270863214400,,,,20171015
11/06/1984,Pennsylvania,PA,Hall,communist party use,0.036739641639884200,,,,20171015
11/06/1984,Rhode Island,RI,Reagan,republican,51.665209055541100,,,,20171015
11/06/1984,Rhode Island,RI,Mondale,democrat,48.017364655325700,,,,20171015
11/06/1984,Rhode Island,RI,Richards,populist,0.12424206251568300,,,,20171015
11/06/1984,Rhode Island,RI,Bergland,libertarian,0.067480492778125600,,,,20171015
11/06/1984,Rhode Island,RI,Johnson,citizens,0.058466852948556500,,,,20171015
11/06/1984,Rhode Island,RI,Holmes,workers world,0.022168681742994300,,,,20171015
11/06/1984,Rhode Island,RI,Hall,communist party use,0.018270891546423900,,,,20171015
11/06/1984,Rhode Island,RI,Mason,socialist workers,0.014860325124424800,,,,20171015
11/06/1984,Rhode Island,RI,Serrette,alliance,0.011936982476996900,,,,20171015
11/06/1984,South Carolina,SC,Reagan,republican,63.554008191804300,,,,20171015
11/06/1984,South Carolina,SC,Mondale,democrat,35.565171512675400,,,,20171015
11/06/1984,South Carolina,SC,Bergland,libertarian,0.45006396297890900,,,,20171015
11/06/1984,South Carolina,SC,Dennis,american,0.36034026859288700,,,,20171015
11/06/1984,South Carolina,SC,Serrette,alliance,0.070416064,,,,20171015
11/06/1984,South Dakota,SD,Reagan,republican,63.003394501473900,,,,20171015
11/06/1984,South Dakota,SD,Mondale,democrat,36.528799781040500,,,,20171015
11/06/1984,South Dakota,SD,Serrette,alliance,0.36178653336143700,,,,20171015
11/06/1984,South Dakota,SD,Mason,socialist workers,0.10601918412417800,,,,20171015
11/06/1984,Tennessee,TN,Reagan,republican,57.839722475500800,,,,20171015
11/06/1984,Tennessee,TN,Mondale,democrat,41.572249419244100,,,,20171015
11/06/1984,Tennessee,TN,Bergland,libertarian,0.1794399860279800,,,,20171015
11/06/1984,Tennessee,TN,Larouche,independent,0.10817801241009700,,,,20171015
11/06/1984,Tennessee,TN,Richards,populist,0.10297939302321900,,,,20171015
11/06/1984,Tennessee,TN,Hall,communist party use,0.060514266121415200,,,,20171015
11/06/1984,Tennessee,TN,Johnson,citizens,0.057126401801876500,,,,20171015
11/06/1984,Tennessee,TN,Mason,socialist workers,0.041764189456382100,,,,20171015
11/06/1984,Tennessee,TN,Serrette,alliance,0.030607601783418500,,,,20171015
11/06/1984,Texas,TX,Reagan,republican,63.610612996105100,,,,20171015
11/06/1984,Texas,TX,Mondale,democrat,36.113948292667200,,,,20171015
11/06/1984,Texas,TX,Larouche,independent,0.2707328907762400,,,,20171015
11/06/1984,Utah,UT,Reagan,republican,74.501791454381400,,,,20171015
11/06/1984,Utah,UT,Mondale,democrat,24.675219484925100,,,,20171015
11/06/1984,Utah,UT,Bergland,libertarian,0.38862489994536700,,,,20171015
11/06/1984,Utah,UT,Dennis,american,0.21360870062383300,,,,20171015
11/06/1984,Utah,UT,Johnson,citizens,0.13404144485242700,,,,20171015
11/06/1984,Utah,UT,Serrette,alliance,0.034939713,,,,20171015
11/06/1984,Utah,UT,Hall,communist party use,0.029222305512851500,,,,20171015
11/06/1984,Utah,UT,Mason,socialist workers,0.022551996645787500,,,,20171015
11/06/1984,Vermont,VT,Reagan,republican,57.923098895383300,,,,20171015
11/06/1984,Vermont,VT,Mondale,democrat,40.812411270415800,,,,20171015
11/06/1984,Vermont,VT,Bergland,libertarian,0.42718098916699700,,,,20171015
11/06/1984,Vermont,VT,Larouche,independent,0.18033688464834300,,,,20171015
11/06/1984,Vermont,VT,Serrette,alliance,0.13770405139814400,,,,20171015
11/06/1984,Vermont,VT,Johnson,citizens,0.11255067978052600,,,,20171015
11/06/1984,Vermont,VT,Mason,socialist workers,0.054143698227753100,,,,20171015
11/06/1984,Vermont,VT,Hall,communist party use,0.049027758237729200,,,,20171015
11/06/1984,Virginia,VA,Reagan,republican,62.287161068369800,,,,20171015
11/06/1984,Virginia,VA,Mondale,democrat,37.092938482788200,,,,20171015
11/06/1984,Virginia,VA,Larouche,independent,0.61990044884202500,,,,20171015
11/06/1984,Washington,WA,Reagan,republican,56.091759071102100,,,,20171015
11/06/1984,Washington,WA,Mondale,democrat,42.580817212559500,,,,20171015
11/06/1984,Washington,WA,Bergland,libertarian,0.47170264172680300,,,,20171015
11/06/1984,Washington,WA,Richards,populist,0.30529465414339900,,,,20171015
11/06/1984,Washington,WA,Larouche,independent,0.25131872996570500,,,,20171015
11/06/1984,Washington,WA,Johnson,citizens,0.10085817452571100,,,,20171015
11/06/1984,Washington,WA,Serrette,alliance,0.088217567776586600,,,,20171015
11/06/1984,Washington,WA,Hall,communist party use,0.043415417273362500,,,,20171015
11/06/1984,Washington,WA,Holmes,workers world,0.034188307705436500,,,,20171015
11/06/1984,Washington,WA,Mason,socialist workers,0.032428223221381300,,,,20171015
11/06/1984,West Virginia,WV,Reagan,republican,55.112118106618900,,,,20171015
11/06/1984,West Virginia,WV,Mondale,democrat,44.597834567008500,,,,20171015
11/06/1984,West Virginia,WV,Richards,populist,0.13537354126854300,,,,20171015
11/06/1984,West Virginia,WV,Mason,socialist workers,0.087666600520291100,,,,20171015
11/06/1984,West Virginia,WV,Serrette,alliance,0.067007184583726400,,,,20171015
11/06/1984,Wisconsin,WI,Reagan,republican,54.193152834779200,,,,20171015
11/06/1984,Wisconsin,WI,Mondale,democrat,45.021700609805400,,,,20171015
11/06/1984,Wisconsin,WI,Bergland,libertarian,0.22078149323887800,,,,20171015
11/06/1984,Wisconsin,WI,Richards,populist,0.17470810769506900,,,,20171015
11/06/1984,Wisconsin,WI,Larouche,independent,0.17140746280331500,,,,20171015
11/06/1984,Wisconsin,WI,Johnson,citizens,0.065832040580750700,,,,20171015
11/06/1984,Wisconsin,WI,Serrette,alliance,0.045485599467194500,,,,20171015
11/06/1984,Wisconsin,WI,Holmes,workers world,0.027987660109536200,,,,20171015
11/06/1984,Wisconsin,WI,Hall,communist party use,0.026947730897065500,,,,20171015
11/06/1984,Wisconsin,WI,Mason,socialist workers,0.020075155232042100,,,,20171015
11/06/1984,Wyoming,WY,Reagan,republican,70.509821768765100,,,,20171015
11/06/1984,Wyoming,WY,Mondale,democrat,28.242877100884800,,,,20171015
11/06/1984,Wyoming,WY,Bergland,libertarian,1.2473011303501100,,,,20171015
11/06/1984,National Popular Vote,NPV,Reagan,republican,58.77341808,,,,20210915
11/06/1984,National Popular Vote,NPV,Mondale,democrat,40.55697873,,,,20210915
11/06/1984,National Popular Vote,NPV,Bergland,libertarian,0.246198641,,,,20210915
11/08/1988,Alabama,AL,Bush,republican,59.165048938102700,,,,20171015
11/08/1988,Alabama,AL,Dukakis,democrat,39.863298309147200,,,,20171015
11/08/1988,Alabama,AL,Paul,libertarian,0.61372123997806300,,,,20171015
11/08/1988,Alabama,AL,Winn,independent,0.32122430858426300,,,,20171015
11/08/1988,Alaska,AK,Bush,republican,59.590937256391300,,,,20171015
11/08/1988,Alaska,AK,Dukakis,democrat,36.270962841551900,,,,20171015
11/08/1988,Alaska,AK,Paul,libertarian,2.7404105618741100,,,,20171015
11/08/1988,Alaska,AK,Fulani,new alliance,0.51170321213696100,,,,20171015
11/08/1988,Alaska,AK,Larouche,national economic recovery,0.4077634971716400,,,,20171015
11/08/1988,Arizona,AZ,Bush,republican,59.950267648456800,,,,20171015
11/08/1988,Arizona,AZ,Dukakis,democrat,38.743874122878500,,,,20171015
11/08/1988,Arizona,AZ,Paul,libertarian,1.1392872777169500,,,,20171015
11/08/1988,Arizona,AZ,Fulani,new alliance,0.14182424204670600,,,,20171015
11/08/1988,Arkansas,AR,Bush,republican,56.367836199377100,,,,20171015
11/08/1988,Arkansas,AR,Dukakis,democrat,42.191732166458500,,,,20171015
11/08/1988,Arkansas,AR,Dodge,populist,0.62169430423636500,,,,20171015
11/08/1988,Arkansas,AR,Paul,libertarian,0.39831444249267300,,,,20171015
11/08/1988,Arkansas,AR,Fulani,new alliance,0.26107294820341700,,,,20171015
11/08/1988,Arkansas,AR,Dodge,prohibition,0.15934993923197900,,,,20171015
11/08/1988,California,CA,Bush,republican,51.126567894516700,,,,20171015
11/08/1988,California,CA,Dukakis,democrat,47.559442564603300,,,,20171015
11/08/1988,California,CA,Paul,libertarian,0.70905774362765900,,,,20171015
11/08/1988,California,CA,Fulani,independent,0.59672916077723800,,,,20171015
11/08/1988,Colorado,CO,Bush,republican,53.058888336731300,,,,20171015
11/08/1988,Colorado,CO,Dukakis,democrat,45.282404324122700,,,,20171015
11/08/1988,Colorado,CO,Paul,libertarian,1.1281016967430600,,,,20171015
11/08/1988,Colorado,CO,Dodge,prohibition,0.33547217490021100,,,,20171015
11/08/1988,Colorado,CO,Fulani,new alliance,0.18500518072798300,,,,20171015
11/08/1988,Connecticut,CT,Bush,republican,51.977561220290500,,,,20171015
11/08/1988,Connecticut,CT,Dukakis,democrat,46.874519362003700,,,,20171015
11/08/1988,Connecticut,CT,Paul,libertarian,0.97485509846930200,,,,20171015
11/08/1988,Connecticut,CT,Fulani,new alliance,0.1725793511681500,,,,20171015
11/08/1988,Delaware,DE,Bush,republican,55.879963664157600,,,,20171015
11/08/1988,Delaware,DE,Dukakis,democrat,43.477756301747600,,,,20171015
11/08/1988,Delaware,DE,Paul,libertarian,0.46500274119516100,,,,20171015
11/08/1988,Delaware,DE,Fulani,new alliance,0.17727729289970400,,,,20171015
11/08/1988,District of Columbia,DC,Dukakis,democrat,82.646971904374300,,,,20171015
11/08/1988,District of Columbia,DC,Bush,republican,14.304453097051500,,,,20171015
11/08/1988,District of Columbia,DC,Paul,libertarian,0.28722968523981600,,,,20171015
11/08/1988,District of Columbia,DC,Winn,workers league,0.10784074824888400,,,,20171015
11/08/1988,District of Columbia,DC,Kenoyer,socialist,0.073622049285295800,,,,20171015
11/08/1988,District of Columbia,DC,Warren,socialist workers,0.063771211704868900,,,,20171015
11/08/1988,Florida,FL,Bush,republican,60.87155908926200,,,,20171015
11/08/1988,Florida,FL,Dukakis,democrat,38.507216931915500,,,,20171015
11/08/1988,Florida,FL,Paul,libertarian,0.4601245887967700,,,,20171015
11/08/1988,Florida,FL,Fulani,new alliance,0.15468423613065800,,,,20171015
11/08/1988,Georgia,GA,Bush,republican,59.752872343717500,,,,20171015
11/08/1988,Georgia,GA,Dukakis,democrat,39.498428444491600,,,,20171015
11/08/1988,Georgia,GA,Paul,libertarian,0.4661065651676100,,,,20171015
11/08/1988,Georgia,GA,Fulani,new alliance,0.28176376713570200,,,,20171015
11/08/1988,Hawaii,HI,Dukakis,democrat,54.269440079444600,,,,20171015
11/08/1988,Hawaii,HI,Bush,republican,44.751044543687500,,,,20171015
11/08/1988,Hawaii,HI,Paul,libertarian,0.56395484975780100,,,,20171015
11/08/1988,Hawaii,HI,Fulani,no party affiliation,0.28296483957332400,,,,20171015
11/08/1988,Hawaii,HI,Larouche,national economic recovery,0.13259568753685200,,,,20171015
11/08/1988,Idaho,ID,Bush,republican,62.078451125760500,,,,20171015
11/08/1988,Idaho,ID,Dukakis,democrat,36.010641419377600,,,,20171015
11/08/1988,Idaho,ID,Paul,libertarian,1.2991236478159700,,,,20171015
11/08/1988,Idaho,ID,Fulani,independent,0.61178380704602800,,,,20171015
11/08/1988,Illinois,IL,Bush,republican,50.688268788713600,,,,20171015
11/08/1988,Illinois,IL,Dukakis,democrat,48.604555265051200,,,,20171015
11/08/1988,Illinois,IL,Paul,libertarian,0.32778255452806700,,,,20171015
11/08/1988,Illinois,IL,Fulani,solidarity,0.22539437435294500,,,,20171015
11/08/1988,Illinois,IL,Winn,independent,0.15399901735422600,,,,20171015
11/08/1988,Indiana,IN,Bush,republican,59.842775662506300,,,,20171015
11/08/1988,Indiana,IN,Dukakis,democrat,39.686187674102600,,,,20171015
11/08/1988,Indiana,IN,Fulani,new alliance,0.4710366633911600,,,,20171015
11/08/1988,Iowa,IA,Dukakis,democrat,54.711923982591600,,,,20171015
11/08/1988,Iowa,IA,Bush,republican,44.49647278833300,,,,20171015
11/08/1988,Iowa,IA,Larouche,nominated by petition,0.28769253614922800,,,,20171015
11/08/1988,Iowa,IA,Paul,libertarian,0.20348984264213700,,,,20171015
11/08/1988,Iowa,IA,Duke,patriotic party,0.061601776742106400,,,,20171015
11/08/1988,Iowa,IA,Fulani,new alliance,0.044059548928129100,,,,20171015
11/08/1988,Iowa,IA,Kenoyer,socialist,0.027251646929620600,,,,20171015
11/08/1988,Iowa,IA,Winn,workers league,0.019174062959463600,,,,20171015
11/08/1988,Iowa,IA,Warren,socialist workers,0.016726310241234200,,,,20171015
11/08/1988,Kansas,KS,Bush,republican,55.792996080737600,,,,20171015
11/08/1988,Kansas,KS,Dukakis,democrat,42.559644889853800,,,,20171015
11/08/1988,Kentucky,KY,Bush,republican,55.52147911898300,,,,20171015
11/08/1988,Kentucky,KY,Dukakis,democrat,43.883594691032300,,,,20171015
11/08/1988,Kentucky,KY,Duke,populist,0.33980659605887900,,,,20171015
11/08/1988,Kentucky,KY,Paul,libertarian,0.16014917010518600,,,,20171015
11/08/1988,Kentucky,KY,Fulani,new alliance,0.094970424,,,,20171015
11/08/1988,Louisiana,LA,Bush,republican,54.27471529945300,,,,20171015
11/08/1988,Louisiana,LA,Dukakis,democrat,44.064557100408900,,,,20171015
11/08/1988,Louisiana,LA,Duke,populist,1.1431014087932600,,,,20171015
11/08/1988,Louisiana,LA,Paul,libertarian,0.25273276902988700,,,,20171015
11/08/1988,Louisiana,LA,Fulani,new alliance,0.14463807316291200,,,,20171015
11/08/1988,Louisiana,LA,Larouche,national economic recovery,0.12025534915200900,,,,20171015
11/08/1988,Maine,ME,Bush,republican,55.335429297251500,,,,20171015
11/08/1988,Maine,ME,Dukakis,democrat,43.883538875926700,,,,20171015
11/08/1988,Maine,ME,Paul,libertarian,0.4864558090931200,,,,20171015
11/08/1988,Maine,ME,Fulani,new alliance,0.25313718954660500,,,,20171015
11/08/1988,Maine 1st CD,ME-1,Bush,republican,55.9,,,,JJCooley
11/08/1988,Maine 1st CD,ME-1,Dukakis,democrat,43.3,,,,JJCooley
11/08/1988,Maine 2nd CD,ME-2,Bush,republican,54.7,,,,JJCooley
11/08/1988,Maine 2nd CD,ME-2,Dukakis,democrat,44.5,,,,JJCooley
11/08/1988,Maryland,MD,Bush,republican,51.107586630097100,,,,20171015
11/08/1988,Maryland,MD,Dukakis,democrat,48.199034274054800,,,,20171015
11/08/1988,Maryland,MD,Paul,libertarian,0.39361673582763900,,,,20171015
11/08/1988,Maryland,MD,Fulani,new alliance,0.2983624190513300,,,,20171015
11/08/1988,Massachusetts,MA,Dukakis,democrat,53.229051493067600,,,,20171015
11/08/1988,Massachusetts,MA,Bush,republican,45.375058730226900,,,,20171015
11/08/1988,Massachusetts,MA,Paul,libertarian,0.92111025481986700,,,,20171015
11/08/1988,Massachusetts,MA,Fulani,new alliance,0.36314936069987800,,,,20171015
11/08/1988,Michigan,MI,Bush,republican,53.567693776482500,,,,20171015
11/08/1988,Michigan,MI,Dukakis,democrat,45.672078345933400,,,,20171015
11/08/1988,Michigan,MI,Paul,libertarian,0.49973250030047700,,,,20171015
11/08/1988,Michigan,MI,Winn,workers league,0.053363669043866400,,,,20171015
11/08/1988,Minnesota,MN,Dukakis,democrat,52.912833426332600,,,,20171015
11/08/1988,Minnesota,MN,Bush,republican,45.895726324524600,,,,20171015
11/08/1988,Minnesota,MN,McCarthy,progressive,0.25767959595381500,,,,20171015
11/08/1988,Minnesota,MN,Paul,libertarian,0.24365816319230800,,,,20171015
11/08/1988,Minnesota,MN,Warren,socialist workers,0.10277614830288200,,,,20171015
11/08/1988,Minnesota,MN,Herer,grassroots,0.092951606980193500,,,,20171015
11/08/1988,Minnesota,MN,Fulani,new alliance,0.082697838123989500,,,,20171015
11/08/1988,Minnesota,MN,Larouche,national economic recovery,0.081171696,,,,20171015
11/08/1988,Minnesota,MN,Duke,populist,0.072920988749469400,,,,20171015
11/08/1988,Minnesota,MN,Dennis,american,0.061904148722571200,,,,20171015
11/08/1988,Minnesota,MN,Winn,workers league,0.023321362654343100,,,,20171015
11/08/1988,Mississippi,MS,Bush,republican,59.88983679485400,,,,20171015
11/08/1988,Mississippi,MS,Dukakis,democrat,39.067144591622100,,,,20171015
11/08/1988,Mississippi,MS,Paul,libertarian,0.35737021041794800,,,,20171015
11/08/1988,Missouri,MO,Bush,republican,51.831573053675900,,,,20171015
11/08/1988,Missouri,MO,Dukakis,democrat,47.850449162728600,,,,20171015
11/08/1988,Missouri,MO,Fulani,new alliance,0.3179777835954800,,,,20171015
11/08/1988,Montana,MT,Bush,republican,52.071517253072400,,,,20171015
11/08/1988,Montana,MT,Dukakis,democrat,46.19852655644100,,,,20171015
11/08/1988,Montana,MT,Paul,libertarian,1.3801910991757700,,,,20171015
11/08/1988,Montana,MT,Fulani,new alliance,0.3497650913108400,,,,20171015
11/08/1988,Nebraska,NE,Bush,republican,60.162820406219500,,,,20171015
11/08/1988,Nebraska,NE,Dukakis,democrat,39.191038074576900,,,,20171015
11/08/1988,Nebraska,NE,Paul,libertarian,0.38308905233081100,,,,20171015
11/08/1988,Nebraska,NE,Fulani,new alliance,0.26305246687277500,,,,20171015
11/08/1988,Nevada,NV,Bush,republican,60.046687436067100,,,,20171015
11/08/1988,Nevada,NV,Dukakis,democrat,38.684125397440600,,,,20171015
11/08/1988,Nevada,NV,Paul,libertarian,1.0258412918605900,,,,20171015
11/08/1988,Nevada,NV,Fulani,new alliance,0.24334587463170300,,,,20171015
11/08/1988,New Hampshire,NH,Bush,republican,62.490871760723600,,,,20171015
11/08/1988,New Hampshire,NH,Dukakis,democrat,36.33449864047500,,,,20171015
11/08/1988,New Hampshire,NH,Paul,libertarian,0.99927861938849100,,,,20171015
11/08/1988,New Hampshire,NH,Fulani,new alliance,0.17535097941290700,,,,20171015
11/08/1988,New Jersey,NJ,Bush,republican,56.240109460944900,,,,20171015
11/08/1988,New Jersey,NJ,Dukakis,democrat,42.598142377304100,,,,20171015
11/08/1988,New Jersey,NJ,Herberg G.,peace & freedom,0.32111081823733900,,,,20171015
11/08/1988,New Jersey,NJ,Paul,libertarian,0.27168433641883200,,,,20171015
11/08/1988,New Jersey,NJ,Fulani,new alliance,0.16579810056482300,,,,20171015
11/08/1988,New Jersey,NJ,McCarthy,consumer,0.11143542310778400,,,,20171015
11/08/1988,New Jersey,NJ,Kenoyer,socialist,0.083463647822766700,,,,20171015
11/08/1988,New Jersey,NJ,Duke,populist,0.078914604783334900,,,,20171015
11/08/1988,New Jersey,NJ,Warren,socialist workers,0.074139722727761100,,,,20171015
11/08/1988,New Jersey,NJ,Holmes,workers world,0.032907970923549300,,,,20171015
11/08/1988,New Jersey,NJ,Winn,workers league,0.022293537164875100,,,,20171015
11/08/1988,New Mexico,NM,Bush,republican,51.850353000746100,,,,20171015
11/08/1988,New Mexico,NM,Dukakis,democrat,46.893574254824200,,,,20171015
11/08/1988,New Mexico,NM,Paul,libertarian,0.64596930878598800,,,,20171015
11/08/1988,New Mexico,NM,Fulani,new alliance,0.42904790491515900,,,,20171015
11/08/1988,New Mexico,NM,Warren,socialist workers,0.065977862892630600,,,,20171015
11/08/1988,New Mexico,NM,Holmes,workers world,0.049483397,,,,20171015
11/08/1988,New Mexico,NM,Dodge,prohibition,0.047757232151933200,,,,20171015
11/08/1988,New York,NY,Dukakis,democrat,50.194975610124600,,,,20171015
11/08/1988,New York,NY,Bush,republican,43.764303620759800,,,,20171015
11/08/1988,New York,NY,Bush,conservative,3.7537603980953100,,,,20171015
11/08/1988,New York,NY,Dukakis,liberal party,1.424599382979400,,,,20171015
11/08/1988,New York,NY,Marra,right-to-life,0.31603456413148800,,,,20171015
11/08/1988,New York,NY,Fulani,new alliance,0.24430734588785800,,,,20171015
11/08/1988,New York,NY,Paul,libertarian,0.18670354379022200,,,,20171015
11/08/1988,New York,NY,Holmes,workers world,0.064434231521953800,,,,20171015
11/08/1988,New York,NY,Warren,socialist workers,0.050680861213845900,,,,20171015
11/08/1988,North Carolina,NC,Bush,republican,57.96829977932600,,,,20171015
11/08/1988,North Carolina,NC,Dukakis,democrat,41.706311464272800,,,,20171015
11/08/1988,North Carolina,NC,Fulani,new alliance,0.26621438644658600,,,,20171015
11/08/1988,North Carolina,NC,Paul,,0.059174369954600200,,,,20171015
11/08/1988,North Dakota,ND,Bush,republican,56.031231813120500,,,,20171015
11/08/1988,North Dakota,ND,Dukakis,democrat,42.972001036126500,,,,20171015
11/08/1988,North Dakota,ND,Paul,libertarian,0.44237219144119100,,,,20171015
11/08/1988,North Dakota,ND,Larouche,national economic recovery,0.30444626102986900,,,,20171015
11/08/1988,North Dakota,ND,Fulani,new alliance,0.13321626449483800,,,,20171015
11/08/1988,North Dakota,ND,Warren,socialist workers,0.11673243378714300,,,,20171015
11/08/1988,Ohio,OH,Bush,republican,55.001758245259900,,,,20171015
11/08/1988,Ohio,OH,Dukakis,democrat,44.146841360756600,,,,20171015
11/08/1988,Ohio,OH,Fulani,new alliance,0.2735124050177700,,,,20171015
11/08/1988,Ohio,OH,Paul,libertarian,0.27144120348189500,,,,20171015
11/08/1988,Ohio,OH,Winn,workers league,0.12292922522268300,,,,20171015
11/08/1988,Oklahoma,OK,Bush,republican,57.928791258338800,,,,20171015
11/08/1988,Oklahoma,OK,Dukakis,democrat,41.281651460757800,,,,20171015
11/08/1988,Oklahoma,OK,Paul,libertarian,0.53465478431064500,,,,20171015
11/08/1988,Oklahoma,OK,Fulani,new alliance,0.25490249659276100,,,,20171015
11/08/1988,Oregon,OR,Dukakis,democrat,51.278112397998200,,,,20171015
11/08/1988,Oregon,OR,Bush,republican,46.611366953650400,,,,20171015
11/08/1988,Oregon,OR,Paul,libertarian,1.2325101065662300,,,,20171015
11/08/1988,Oregon,OR,Fulani,independent,0.53982128561846900,,,,20171015
11/08/1988,Pennsylvania,PA,Bush,republican,50.704579618720400,,,,20171015
11/08/1988,Pennsylvania,PA,Dukakis,democrat,48.386740504438600,,,,20171015
11/08/1988,Pennsylvania,PA,McCarthy,consumer,0.42233112762058400,,,,20171015
11/08/1988,Pennsylvania,PA,Paul,libertarian,0.26565990285810900,,,,20171015
11/08/1988,Pennsylvania,PA,Fulani,new alliance,0.096533459017148700,,,,20171015
11/08/1988,Pennsylvania,PA,Duke,populist,0.075921724789920100,,,,20171015
11/08/1988,Pennsylvania,PA,Winn,workers league,0.048233662555268700,,,,20171015
11/08/1988,Rhode Island,RI,Dukakis,democrat,55.637854590210100,,,,20171015
11/08/1988,Rhode Island,RI,Bush,republican,43.932608706397600,,,,20171015
11/08/1988,Rhode Island,RI,Paul,libertarian,0.20389400477482700,,,,20171015
11/08/1988,Rhode Island,RI,Fulani,new alliance,0.069200389499335200,,,,20171015
11/08/1988,Rhode Island,RI,Herberg G.,peace & freedom,0.048193128401322700,,,,20171015
11/08/1988,Rhode Island,RI,Duke,populist,0.039295935465693900,,,,20171015
11/08/1988,Rhode Island,RI,Warren,socialist workers,0.032128752267548500,,,,20171015
11/08/1988,Rhode Island,RI,Kenoyer,socialist,0.023725847828343500,,,,20171015
11/08/1988,South Carolina,SC,Bush,republican,61.504813850583500,,,,20171015
11/08/1988,South Carolina,SC,Dukakis,democrat,37.581198548897600,,,,20171015
11/08/1988,South Carolina,SC,Paul,libertarian,0.50050253090996100,,,,20171015
11/08/1988,South Carolina,SC,Fulani,united citizens,0.41348506960889800,,,,20171015
11/08/1988,South Dakota,SD,Bush,republican,52.849762453233500,,,,20171015
11/08/1988,South Dakota,SD,Dukakis,democrat,46.506129569220800,,,,20171015
11/08/1988,Tennessee,TN,Bush,republican,57.890481283422500,,,,20171015
11/08/1988,Tennessee,TN,Dukakis,democrat,41.545851795263600,,,,20171015
11/08/1988,Texas,TX,Bush,republican,55.953557958584300,,,,20171015
11/08/1988,Texas,TX,Dukakis,democrat,43.349369220309500,,,,20171015
11/08/1988,Texas,TX,Paul,libertarian,0.55929071140746700,,,,20171015
11/08/1988,Texas,TX,Fulani,new alliance,0.13280736115384700,,,,20171015
11/08/1988,Utah,UT,Bush,republican,66.218964835056100,,,,20171015
11/08/1988,Utah,UT,Dukakis,democrat,32.046435283644100,,,,20171015
11/08/1988,Utah,UT,Paul,libertarian,1.1550089025174300,,,,20171015
11/08/1988,Utah,UT,Dennis,american,0.3335352885899400,,,,20171015
11/08/1988,Utah,UT,Fulani,new alliance,0.070323705425589800,,,,20171015
11/08/1988,Utah,UT,Larouche,national economic recovery,0.065996093,,,,20171015
11/08/1988,Utah,UT,Youngkeit,independent,0.057495425095207500,,,,20171015
11/08/1988,Utah,UT,Warren,socialist workers,0.032302537217468700,,,,20171015
11/08/1988,Utah,UT,Kenoyer,socialist,0.019937929670112300,,,,20171015
11/08/1988,Vermont,VT,Bush,republican,51.096051420305100,,,,20171015
11/08/1988,Vermont,VT,Dukakis,democrat,47.579809968437700,,,,20171015
11/08/1988,Vermont,VT,Paul,libertarian,0.4109679116254600,,,,20171015
11/08/1988,Vermont,VT,Larouche,independent,0.11301617569700200,,,,20171015
11/08/1988,Vermont,VT,Fulani,new alliance,0.084248421883219400,,,,20171015
11/08/1988,Vermont,VT,Duke,populist,0.077672935,,,,20171015
11/08/1988,Vermont,VT,Herberg G.,peace & freedom,0.067398737506575500,,,,20171015
11/08/1988,Vermont,VT,Kenoyer,liberty union party,0.058357443450815400,,,,20171015
11/08/1988,Vermont,VT,Warren,socialist workers,0.046439374,,,,20171015
11/08/1988,Virginia,VA,Bush,republican,59.735199116265700,,,,20171015
11/08/1988,Virginia,VA,Dukakis,democrat,39.231404871945700,,,,20171015
11/08/1988,Virginia,VA,Fulani,independent,0.6530361939561300,,,,20171015
11/08/1988,Virginia,VA,Paul,libertarian,0.38035981783246900,,,,20171015
11/08/1988,Washington,WA,Dukakis,democrat,50.047687900783400,,,,20171015
11/08/1988,Washington,WA,Bush,republican,48.456429235068900,,,,20171015
11/08/1988,Washington,WA,Paul,libertarian,0.92427139910778900,,,,20171015
11/08/1988,Washington,WA,Larouche,independent,0.23653627684823500,,,,20171015
11/08/1988,Washington,WA,Fulani,new alliance,0.18871434598952500,,,,20171015
11/08/1988,Washington,WA,Holmes,workers world,0.077201323359351300,,,,20171015
11/08/1988,Washington,WA,Warren,socialist workers,0.069159518842752200,,,,20171015
11/08/1988,West Virginia,WV,Dukakis,democrat,52.198110853789400,,,5,20171015
11/08/1988,West Virginia,WV,Bush,republican,47.460550947404800,,,,20171015
11/08/1988,West Virginia,WV,Fulani,new alliance,0.34133819880577600,,,,20171015
11/08/1988,West Virginia,WV,Bentsen,independent,0,,,1,JJCooley
11/08/1988,Wisconsin,WI,Dukakis,democrat,51.414030246284900,,,,20171015
11/08/1988,Wisconsin,WI,Bush,republican,47.795910582549400,,,,20171015
11/08/1988,Wyoming,WY,Bush,republican,60.530384987907200,,,,20171015
11/08/1988,Wyoming,WY,Dukakis,democrat,38.01337857049800,,,,20171015
11/08/1988,Wyoming,WY,Paul,libertarian,1.1475437692224900,,,,20171015
11/08/1988,Wyoming,WY,Fulani,new alliance,0.30869267237228900,,,,20171015
11/08/1988,National Popular Vote,NPV,Bush,republican,53.3727437,,,,20210915
11/08/1988,National Popular Vote,NPV,Dukakis,democrat,45.64618083,,,,20210915
11/08/1988,National Popular Vote,NPV,Paul,libertarian,0.47137014,,,,20210915
11/03/1992,Alabama,AL,Bush,republican,47.645403599398100,,,,20171015
11/03/1992,Alabama,AL,Clinton,democrat,40.880063504851700,,,,20171015
11/03/1992,Alabama,AL,Perot,independent,10.847304005781800,,,,20171015
11/03/1992,Alabama,AL,Marrou,libertarian,0.33985758800042700,,,,20171015
11/03/1992,Alaska,AK,Bush,republican,39.457498085150800,,,,20171015
11/03/1992,Alaska,AK,Clinton,democrat,30.28711132430200,,,,20171015
11/03/1992,Alaska,AK,Perot,independent,28.42525898818600,,,,20171015
11/03/1992,Alaska,AK,Gritz,america first,0.53344990058257800,,,,20171015
11/03/1992,Alaska,AK,Marrou,libertarian,0.53306306236605700,,,,20171015
11/03/1992,Alaska,AK,Larouche,independents for economic recovery,0.1814271235483900,,,,20171015
11/03/1992,Alaska,AK,Hagelin,natural law,0.1675009477536300,,,,20171015
11/03/1992,Alaska,AK,Phillips,taxpayers party,0.1458380076284500,,,,20171015
11/03/1992,Alaska,AK,Fulani,new alliance,0.12765661145195900,,,,20171015
11/03/1992,Arizona,AZ,Bush,republican,38.473141781132800,,,,20171015
11/03/1992,Arizona,AZ,Clinton,democrat,36.520452596714800,,,,20171015
11/03/1992,Arizona,AZ,Perot,independent,23.789303787891500,,,,20171015
11/03/1992,Arizona,AZ,Gritz,independent,0.54748734847593300,,,,20171015
11/03/1992,Arizona,AZ,Marrou,libertarian,0.45454698296877900,,,,20171015
11/03/1992,Arizona,AZ,Hagelin,natural law,0.15245716975739300,,,,20171015
11/03/1992,Arizona,AZ,Fulani,new alliance,0.062072328,,,,20171015
11/03/1992,Arkansas,AR,Clinton,democrat,53.20795284925200,,,,20171015
11/03/1992,Arkansas,AR,Bush,republican,35.48339931,,,,20171015
11/03/1992,Arkansas,AR,Perot,independent,10.427779641993500,,,,20171015
11/03/1992,California,CA,Clinton,democrat,46.006587840280900,,,,20171015
11/03/1992,California,CA,Bush,republican,32.614669375921300,,,,20171015
11/03/1992,California,CA,Perot,independent,20.625795418336500,,,,20171015
11/03/1992,California,CA,Marrou,libertarian,0.43244885494345400,,,,20171015
11/03/1992,California,CA,Daniels,peace & freedom,0.16706311629621300,,,,20171015
11/03/1992,California,CA,Phillips,american independent party,0.11418719531328500,,,,20171015
11/03/1992,Colorado,CO,Clinton,democrat,40.128028651907400,,,,20171015
11/03/1992,Colorado,CO,Bush,republican,35.869052626212400,,,,20171015
11/03/1992,Colorado,CO,Perot,independent,23.324921296473300,,,,20171015
11/03/1992,Colorado,CO,Marrou,libertarian,0.55245414802635800,,,,20171015
11/03/1992,Colorado,CO,Fulani,new alliance,0.10247390356746800,,,,20171015
11/03/1992,Colorado,CO,Gritz,democrat/republican,0.017461349239730300,,,,20171015
11/03/1992,Colorado,CO,Hagelin,natural law,0.002995195,,,,20171015
11/03/1992,Connecticut,CT,Clinton,democrat,42.21857295954100,,,,20171015
11/03/1992,Connecticut,CT,Bush,republican,35.783241221763200,,,,20171015
11/03/1992,Connecticut,CT,Perot,independent,21.580280616475100,,,,20171015
11/03/1992,Connecticut,CT,Marrou,libertarian,0.33356928415326200,,,,20171015
11/03/1992,Connecticut,CT,Fulani,new alliance,0.084335918067315300,,,,20171015
11/03/1992,Delaware,DE,Clinton,democrat,43.523927905531400,,,,20171015
11/03/1992,Delaware,DE,Bush,republican,35.326634900904600,,,,20171015
11/03/1992,Delaware,DE,Perot,independent,20.445065948484200,,,,20171015
11/03/1992,Delaware,DE,Fulani,new alliance,0.38153442441820300,,,,20171015
11/03/1992,Delaware,DE,Marrou,libertarian,0.32283682066155700,,,,20171015
11/03/1992,District of Columbia,DC,Clinton,democrat,84.64090485648500,,,,20171015
11/03/1992,District of Columbia,DC,Bush,republican,9.0951435150194200,,,,20171015
11/03/1992,District of Columbia,DC,Perot,independent,4.2540382823897500,,,,20171015
11/03/1992,District of Columbia,DC,Fulani,new alliance,0.64111577874255200,,,,20171015
11/03/1992,District of Columbia,DC,Daniels,independent,0.63540330093333100,,,,20171015
11/03/1992,District of Columbia,DC,Marrou,libertarian,0.20520977976200900,,,,20171015
11/03/1992,District of Columbia,DC,Hagelin,natural law,0.10106691508621400,,,,20171015
11/03/1992,Florida,FL,Bush,republican,40.902496936043900,,,,20171015
11/03/1992,Florida,FL,Clinton,democrat,38.990121564529800,,,,20171015
11/03/1992,Florida,FL,Perot,independent,19.819109901923300,,,,20171015
11/03/1992,Florida,FL,Marrou,libertarian,0.28379234959513600,,,,20171015
11/03/1992,Georgia,GA,Clinton,democrat,43.468685335997500,,,,20171015
11/03/1992,Georgia,GA,Bush,republican,42.877853186353400,,,,20171015
11/03/1992,Georgia,GA,Perot,independent,13.340769357033800,,,,20171015
11/03/1992,Georgia,GA,Marrou,libertarian,0.30631592416289800,,,,20171015
11/03/1992,Hawaii,HI,Clinton,democrat,48.092757790163100,,,,20171015
11/03/1992,Hawaii,HI,Bush,republican,36.697045933666300,,,,20171015
11/03/1992,Hawaii,HI,Perot,independent,14.215941337081100,,,,20171015
11/03/1992,Hawaii,HI,Gritz,independent,0.38944110373831300,,,,20171015
11/03/1992,Hawaii,HI,Marrou,libertarian,0.30012713159998100,,,,20171015
11/03/1992,Hawaii,HI,Fulani,new alliance,0.19311129110990700,,,,20171015
11/03/1992,Hawaii,HI,Hagelin,natural law,0.1115754126412800,,,,20171015
11/03/1992,Idaho,ID,Bush,republican,42.032589802411900,,,,20171015
11/03/1992,Idaho,ID,Clinton,democrat,28.419212053580700,,,,20171015
11/03/1992,Idaho,ID,Perot,independent,27.046507672459200,,,,20171015
11/03/1992,Idaho,ID,Gritz,independent,2.2596315394284300,,,,20171015
11/03/1992,Idaho,ID,Marrou,libertarian,0.24205893211978900,,,,20171015
11/03/1992,Illinois,IL,Clinton,democrat,48.579677819917300,,,,20171015
11/03/1992,Illinois,IL,Bush,republican,34.337467132209900,,,,20171015
11/03/1992,Illinois,IL,Perot,independent,16.643343959405600,,,,20171015
11/03/1992,Illinois,IL,Marrou,libertarian,0.18252897880204500,,,,20171015
11/03/1992,Illinois,IL,Fulani,new alliance,0.10429378730205800,,,,20171015
11/03/1992,Illinois,IL,Gritz,populist,0.070829481142863500,,,,20171015
11/03/1992,Illinois,IL,Hagelin,natural law,0.054473553990499700,,,,20171015
11/03/1992,Illinois,IL,Warren,socialist workers,0.026949657208676900,,,,20171015
11/03/1992,Indiana,IN,Bush,republican,42.906780127769500,,,,20171015
11/03/1992,Indiana,IN,Clinton,democrat,36.79390564346400,,,,20171015
11/03/1992,Indiana,IN,Perot,independent,19.772745309689900,,,,20171015
11/03/1992,Indiana,IN,Marrou,libertarian,0.34416495979176600,,,,20171015
11/03/1992,Indiana,IN,Fulani,new alliance,0.11201840866206300,,,,20171015
11/03/1992,Iowa,IA,Clinton,democrat,43.285838623305500,,,,20171015
11/03/1992,Iowa,IA,Bush,republican,37.272138708865400,,,,20171015
11/03/1992,Iowa,IA,Perot,independent,18.711552501943400,,,,20171015
11/03/1992,Iowa,IA,Hagelin,natural law,0.2272983972473200,,,,20171015
11/03/1992,Iowa,IA,Gritz,america first,0.086888669555081300,,,,20171015
11/03/1992,Iowa,IA,Marrou,libertarian,0.079432632490456600,,,,20171015
11/03/1992,Iowa,IA,Herer,grassroots,0.049387018,,,,20171015
11/03/1992,Iowa,IA,Phillips,taxpayers party,0.035434631594255800,,,,20171015
11/03/1992,Iowa,IA,Warren,socialist workers,0.020153447,,,,20171015
11/03/1992,Iowa,IA,Larouche,independents for economic recovery,0.017569671498818500,,,,20171015
11/03/1992,Iowa,IA,Fulani,new alliance,0.014542963383475800,,,,20171015
11/03/1992,Kansas,KS,Bush,republican,38.881524598266900,,,,20171015
11/03/1992,Kansas,KS,Clinton,democrat,33.738494136027600,,,,20171015
11/03/1992,Kansas,KS,Perot,independent,26.991728567033900,,,,20171015
11/03/1992,Kansas,KS,Marrou,libertarian,0.37278480793891700,,,,20171015
11/03/1992,Kentucky,KY,Clinton,democrat,44.551142072476400,,,,20171015
11/03/1992,Kentucky,KY,Bush,republican,41.340880166119600,,,,20171015
11/03/1992,Kentucky,KY,Perot,independent,13.660928394400200,,,,20171015
11/03/1992,Kentucky,KY,Marrou,libertarian,0.30229754169736800,140026,338177,,20171015
11/03/1992,Kentucky,KY,Phillips,taxpayers party,0.066246902002813300,2342,338177,,20171015
11/03/1992,Kentucky,KY,Hagelin,natural law,0.046553687453948700,702,338177,,20171015
11/03/1992,Kentucky,KY,Fulani,new alliance,0.028803000870788400,812,338177,,20171015
11/03/1992,Louisiana,LA,Clinton,democrat,45.584539141248400,1127,338177,,20171015
11/03/1992,Louisiana,LA,Bush,republican,40.970895807134800,5670,338177,,20171015
11/03/1992,Louisiana,LA,Perot,independent,11.814301204960600,3040,338177,,20171015
11/03/1992,Louisiana,LA,Gritz,america first,1.0360236802220300,184458,338177,,20171015
11/03/1992,Louisiana,LA,Marrou,libertarian,0.17625530930711800,772412,2265090,,20171015
11/03/1992,Louisiana,LA,Phillips,taxpayers party,0.086703087177384300,4319,2265090,,20171015
11/03/1992,Louisiana,LA,Fulani,more perfect democracy,0.080110971013124500,4930,2265090,,20171015
11/03/1992,Louisiana,LA,Larouche,justice industry and agriculture,0.063463084428807100,12075,2265090,,20171015
11/03/1992,Louisiana,LA,Hagelin,natural law,0.049664332796839400,1462616,2265090,,20171015
11/03/1992,Louisiana,LA,Yiamouyiannis,independent,0.045139236107813500,396905,1182676,,20171015
11/03/1992,Maine,ME,Clinton,democrat,38.7667973,4275,1182676,,20171015
11/03/1992,Maine,ME,Perot,independent,30.437130886138200,13255,1182676,,20171015
11/03/1992,Maine,ME,Bush,republican,30.390626034769700,5715,1182676,,20171015
11/03/1992,Maine,ME,Marrou,libertarian,0.24738814920993300,759241,1182676,,20171015
11/03/1992,Maine,ME,Fulani,new alliance,0.076379803,1582860,3390161,,20171015
11/03/1992,Maine,ME,Phillips,taxpayers party,0.068285604540992700,18319,3390161,,20171015
11/03/1992,Maine 1st CD,ME-1,Clinton,democrat,39.8,17898,3390161,,JJCooley
11/03/1992,Maine 1st CD,ME-1,Bush,republican,31.8,1770242,3390161,,JJCooley
11/03/1992,Maine 1st CD,ME-1,Perot,reform party,28,9276179,15865475,,JJCooley
11/03/1992,Maine 2nd CD,ME-2,Clinton,democrat,37.6,167814,15865475,,JJCooley
11/03/1992,Maine 2nd CD,ME-2,Perot,reform party,33.2,197645,15865475,,JJCooley
11/03/1992,Maine 2nd CD,ME-2,Bush,republican,28.8,66662,15865475,,JJCooley
11/03/1992,Maryland,MD,Clinton,democrat,49.812605185983900,6081697,15865475,,20171015
11/03/1992,Maryland,MD,Bush,republican,35.629402694776700,1728159,3192745,,20171015
11/03/1992,Maryland,MD,Perot,independent,14.180028016003400,17344,3192745,,20171015
11/03/1992,Maryland,MD,Marrou,libertarian,0.23758175533362200,5149,3192745,,20171015
11/03/1992,Maryland,MD,Fulani,new alliance,0.14038234790232700,35623,3192745,,20171015
11/03/1992,Massachusetts,MA,Clinton,democrat,47.541410927927800,21439,3192745,,20171015
11/03/1992,Massachusetts,MA,Bush,republican,29.024387957589700,1377441,3192745,,20171015
11/03/1992,Massachusetts,MA,Perot,independent,22.73999302006300,992053,1759010,,20171015
11/03/1992,Massachusetts,MA,Marrou,libertarian,0.32523766397083400,14281,1759010,,20171015
11/03/1992,Massachusetts,MA,Fulani,new alliance,0.11436136460652800,8448,1759010,,20171015
11/03/1992,Massachusetts,MA,Hagelin,natural law,0.065328749264510800,6729,1759010,,20171015
11/03/1992,Massachusetts,MA,Larouche,larouche for president party,0.037026835261949500,736918,1759010,,20171015
11/03/1992,Massachusetts,MA,Brisben,socialist party usa,0.000468694,294185,325869,,20171015
11/03/1992,Massachusetts,MA,Dodge,prohibition,7.21068E-05,2778,325869,,20171015
11/03/1992,Michigan,MI,Clinton,democrat,43.773687484399400,21076,325869,,20171015
11/03/1992,Michigan,MI,Bush,republican,36.375647915056900,289758,512912,,20171015
11/03/1992,Michigan,MI,Perot,independent,19.29534726983800,4636,512912,,20171015
11/03/1992,Michigan,MI,Marrou,libertarian,0.23802990310603900,2038,512912,,20171015
11/03/1992,Michigan,MI,Phillips,tisch independent citizens,0.19330133556414700,214351,512912,,20171015
11/03/1992,Michigan,MI,Hagelin,natural law,0.069104701108131500,4683038,10893752,,20171015
11/03/1992,Michigan,MI,Halyard,workers world,0.033499638451876900,43155,10893752,,20171015
11/03/1992,Minnesota,MN,Clinton,democrat,43.484651278478100,31972,10893752,,20171015
11/03/1992,Minnesota,MN,Bush,republican,31.850833153034100,6110125,10893752,,20171015
11/03/1992,Minnesota,MN,Perot,independent,23.957344881573200,2548017,5250905,,20171015
11/03/1992,Minnesota,MN,Marrou,libertarian,0.14369994565467400,18229,5250905,,20171015
11/03/1992,Minnesota,MN,Gritz,constitution party,0.1432314514631500,20684,5250905,,20171015
11/03/1992,Minnesota,MN,Herer,grassroots,0.11324782320562500,2663117,5250905,,20171015
11/03/1992,Minnesota,MN,Hagelin,natural law,0.059882075752955300,313044,516701,,20171015
11/03/1992,Minnesota,MN,Warren,socialist workers,0.042164477237144900,4387,516701,,20171015
11/03/1992,Minnesota,MN,Fulani,new alliance,0.040801585043621100,2733,516701,,20171015
11/03/1992,Minnesota,MN,Phillips,taxpayers party,0.031218749307906300,193661,516701,,20171015
11/03/1992,Minnesota,MN,Larouche,independents for economic recovery,0.026491217011620400,707278,1663506,,20171015
11/03/1992,Mississippi,MS,Bush,republican,49.683894670261500,13122,1663506,,20171015
11/03/1992,Mississippi,MS,Clinton,democrat,40.768064143867400,7218,1663506,,20171015
11/03/1992,Mississippi,MS,Perot,independent,8.7213903541785300,927019,1663506,,20171015
11/03/1992,Mississippi,MS,Marrou,libertarian,0.21939451595193700,274972,905053,,20171015
11/03/1992,Mississippi,MS,Phillips,taxpayers party,0.16826357490835600,2973,905053,,20171015
11/03/1992,Missouri,MO,Clinton,democrat,44.071685756940900,12812,905053,,20171015
11/03/1992,Missouri,MO,Bush,republican,33.921681784156500,4462,905053,,20171015
11/03/1992,Missouri,MO,Perot,independent,21.693117046590300,605246,905053,,20171015
11/03/1992,Missouri,MO,Marrou,libertarian,0.31351541231228600,3062863,5633310,,20171015
11/03/1992,Montana,MT,Clinton,democrat,37.631124522934500,80426,5633310,,20171015
11/03/1992,Montana,MT,Bush,republican,35.122496547592100,2449079,5633310,,20171015
11/03/1992,Montana,MT,Perot,independent,26.115304335542400,1163603,2936677,,20171015
11/03/1992,Montana,MT,Marrou,libertarian,0.24014632851335800,29325,2936677,,20171015
11/03/1992,Nebraska,NE,Bush,republican,46.597500359299600,20425,2936677,,20171015
11/03/1992,Nebraska,NE,Clinton,democrat,29.403454157435600,1720347,2936677,,20171015
11/03/1992,Nebraska,NE,Perot,independent,23.605849669037600,544853,1327591,,20171015
11/03/1992,Nebraska,NE,Marrou,libertarian,0.18168358312566300,16322,1327591,,20171015
11/03/1992,Nebraska 1st CD,NE-1,Bush,republican,43.22216886,7614,1327591,,JJCooley
11/03/1992,Nebraska 1st CD,NE-1,Clinton,democrat,32.57039767,758802,1327591,,JJCooley
11/03/1992,Nebraska 1st CD,NE-1,Perot,independent,24.20743348,704043,2074530,,JJCooley
11/03/1992,Nebraska 2nd CD,NE-2,Bush,republican,47.50508053,7566,2074530,,JJCooley
11/03/1992,Nebraska 2nd CD,NE-2,Clinton,democrat,32.43993025,16769,2074530,,JJCooley
11/03/1992,Nebraska 2nd CD,NE-2,Perot,independent,20.05498922,6422,2074530,,JJCooley
11/03/1992,Nebraska 3rd CD,NE-3,Bush,republican,49.672919,1337494,2074530,,JJCooley
11/03/1992,Nebraska 3rd CD,NE-3,Clinton,democrat,23.52486061,766870,2006975,,JJCooley
11/03/1992,Nebraska 3rd CD,NE-3,Perot,independent,26.80222038,7138,2006975,,JJCooley
11/03/1992,Nevada,NV,Clinton,democrat,37.357549998222500,2623,2006975,,20171015
11/03/1992,Nevada,NV,Bush,republican,34.72679225,6641,2006975,,20171015
11/03/1992,Nevada,NV,Perot,independent,26.185124763488600,6835,2006975,,20171015
11/03/1992,Nevada,NV,Gritz,populist,0.57118253745669700,1208505,2006975,,20171015
11/03/1992,Nevada,NV,Marrou,libertarian,0.3624204551289900,2126518,3473668,,20171015
11/03/1992,Nevada,NV,Phillips,independent american,0.13371043494404700,26545,3473668,,20171015
11/03/1992,Nevada,NV,Fulani,independent,0.095394593911336400,17735,3473668,,20171015
11/03/1992,Nevada,NV,Hagelin,natural law,0.066756465304413400,1251303,3473668,,20171015
11/03/1992,New Hampshire,NH,Clinton,democrat,38.911795091350800,1902577,3038342,,20171015
11/03/1992,New Hampshire,NH,Bush,republican,37.691427082266900,33134,3038342,,20171015
11/03/1992,New Hampshire,NH,Perot,independent,22.586301573857800,28819,3038342,,20171015
11/03/1992,New Hampshire,NH,Marrou,libertarian,0.66044321174948600,15570,3038342,,20171015
11/03/1992,New Hampshire,NH,Fulani,new alliance,0.095306348482451200,1035550,3038342,,20171015
11/03/1992,New Hampshire,NH,Hagelin,natural law,0.054726692292657500,435652,831375,,20171015
11/03/1992,New Jersey,NJ,Clinton,democrat,42.953959123027500,8967,831375,,20171015
11/03/1992,New Jersey,NJ,Bush,republican,40.581033462794800,2912,831375,,20171015
11/03/1992,New Jersey,NJ,Perot,independent,15.606829058791200,5286,831375,,20171015
11/03/1992,New Jersey,NJ,Marrou,libertarian,0.20403194885503400,377977,831375,,20171015
11/03/1992,New Jersey,NJ,Bradford,independent,0.14203279465150400,256570,431189,,20171015
11/03/1992,New Jersey,NJ,Fulani,new alliance,0.10506658404100500,4836,431189,,20171015
11/03/1992,New Jersey,NJ,Phillips,taxpayers party,0.079854192823650200,1652,431189,,20171015
11/03/1992,New Jersey,NJ,Larouche,6 million jobs,0.062657128826047700,2809,431189,,20171015
11/03/1992,New Jersey,NJ,Warren,socialist workers,0.060144862085528300,165322,431189,,20171015
11/03/1992,New Jersey,NJ,Daniels,ron daniels independent,0.059696243024721300,174225,393518,,20171015
11/03/1992,New Jersey,NJ,Gritz,america first populist,0.055838119101780900,4177,393518,,20171015
11/03/1992,New Jersey,NJ,Haylard,workers league,0.048391042692384300,1234,393518,,20171015
11/03/1992,New Jersey,NJ,Hagelin,natural law,0.040465439284793500,4232,393518,,20171015
11/03/1992,New Mexico,NM,Clinton,democrat,45.898846638338500,209650,393518,,20171015
11/03/1992,New Mexico,NM,Bush,republican,37.338460944654800,2736533,5664186,,20171015
11/03/1992,New Mexico,NM,Perot,independent,16.122325811511200,44607,5664186,,20171015
11/03/1992,New Mexico,NM,Marrou,libertarian,0.28334029256858900,6664,5664186,,20171015
11/03/1992,New Mexico,NM,Phillips,taxpayers party,0.1087746014814400,26785,5664186,,20171015
11/03/1992,New Mexico,NM,Hagelin,natural law,0.098598912955756800,22440,5664186,,20171015
11/03/1992,New Mexico,NM,Fulani,new alliance,0.064738432172018300,2816636,5664186,,20171015
11/03/1992,New Mexico,NM,Warren,socialist workers,0.032106051727586300,1656979,3253920,,20171015
11/03/1992,New Mexico,NM,La Riva,workers world,0.031755165916355800,16275,3253920,,20171015
11/03/1992,New Mexico,NM,Dodge,prohibition,0.021053148673827100,3136,3253920,,20171015
11/03/1992,New York,NY,Clinton,democrat,48.32026537,24001,3253920,,20171015
11/03/1992,New York,NY,Bush,republican,29.47658414,15155,3253920,,20171015
11/03/1992,New York,NY,Perot,independent,15.74711603,1519032,3253920,,20171015
11/03/1992,New York,NY,Bush,conservative,2.555410171,1200599,2995327,,20171015
11/03/1992,New York,NY,Bush,right-to-life,1.847388306,17135,2995327,,20171015
11/03/1992,New York,NY,Clinton,liberal party,1.408449688,23876,2995327,,20171015
11/03/1992,New York,NY,Warren,socialist workers,0.223374611,1751986,2995327,,20171015
11/03/1992,New York,NY,Marrou,libertarian,0.194196736,466668,1228008,,20171015
11/03/1992,New York,NY,Fulani,new alliance,0.163401878,1873,1228008,,20171015
11/03/1992,New York,NY,Hagelin,natural law,0.063813068,5387,1228008,,20171015
11/03/1992,North Carolina,NC,Bush,republican,43.442808737102100,2536,1228008,,20171015
11/03/1992,North Carolina,NC,Clinton,democrat,42.653368302161300,747744,1228008,,20171015
11/03/1992,North Carolina,NC,Perot,independent,13.701552539387800,231906,602963,,20171015
11/03/1992,North Carolina,NC,Marrou,libertarian,0.19798227310144200,2878,602963,,20171015
11/03/1992,North Carolina,NC,Fulani,new alliance,0.002258935,11825,602963,,20171015
11/03/1992,North Carolina,NC,Hagelin,natural law,0.001569769,4275,602963,,20171015
11/03/1992,North Carolina,NC,Warren,socialist workers,0.000459444,352079,602963,,20171015
11/03/1992,North Dakota,ND,Bush,republican,44.215971674569100,2715375,5699141,,20171015
11/03/1992,North Dakota,ND,Clinton,democrat,32.183505174713500,24762,5699141,,20171015
11/03/1992,North Dakota,ND,Perot,independent,23.069259053720300,12099,5699141,,20171015
11/03/1992,Ohio,OH,Clinton,democrat,40.181280563210200,22125,5699141,,20171015
11/03/1992,Ohio,OH,Bush,republican,38.346612436884700,2898423,5699141,,20171015
11/03/1992,Ohio,OH,Perot,independent,20.980423553436700,112327,368155,,20171015
11/03/1992,Oklahoma,OK,Bush,republican,42.645748328309500,6227,368155,,20171015
11/03/1992,Oklahoma,OK,Clinton,democrat,34.024737495855400,246505,368155,,20171015
11/03/1992,Oklahoma,OK,Perot,independent,23.006863694916200,369995,952182,,20171015
11/03/1992,Oklahoma,OK,Marrou,libertarian,0.32265048091895700,2887,952182,,20171015
11/03/1992,Oregon,OR,Clinton,democrat,42.478855058958300,3062,952182,,20171015
11/03/1992,Oregon,OR,Bush,republican,32.527212723815700,6399,952182,,20171015
11/03/1992,Oregon,OR,Perot,independent,24.208983326758500,564816,952182,,20171015
11/03/1992,Oregon,OR,Marrou,libertarian,0.29241585267218300,135869,317605,,20171015
11/03/1992,Oregon,OR,Fulani,new alliance,0.20715923161017400,1009,317605,,20171015
11/03/1992,Pennsylvania,PA,Clinton,democrat,45.146164873251200,1049,317605,,20171015
11/03/1992,Pennsylvania,PA,Bush,republican,36.127210518144800,2412,317605,,20171015
11/03/1992,Pennsylvania,PA,Perot,independent,18.199628614805800,177266,317605,,20171015
11/03/1992,Pennsylvania,PA,Marrou,libertarian,0.43302061974148200,163214,315939,,20171015
11/03/1992,Pennsylvania,PA,Fulani,new alliance,0.093975374056667500,1102,315939,,20171015
11/03/1992,Rhode Island,RI,Clinton,democrat,47.047963561368900,1129,315939,,20171015
11/03/1992,Rhode Island,RI,Bush,republican,29.027604689378300,1999,315939,,20171015
11/03/1992,Rhode Island,RI,Perot,independent,23.170072678746700,148495,315939,,20171015
11/03/1992,Rhode Island,RI,Fulani,new alliance,0.41423577029545700,70282,312061,,20171015
11/03/1992,Rhode Island,RI,Marrou,libertarian,0.12594708457865100,766,312061,,20171015
11/03/1992,Rhode Island,RI,Larouche,independents for larouche,0.10896297685088200,875,312061,,20171015
11/03/1992,Rhode Island,RI,Hagelin,natural law,0.057790080839941300,1978,312061,,20171015
11/03/1992,Rhode Island,RI,Phillips,taxpayers party,0.047423157941173200,238160,312061,,20171015
11/03/1992,South Carolina,SC,Bush,republican,48.02445184,418488,826189,,20171015
11/03/1992,South Carolina,SC,Clinton,democrat,39.87552878,3680,826189,,20171015
11/03/1992,South Carolina,SC,Perot,independent,11.54834777,4425,826189,,20171015
11/03/1992,South Carolina,SC,Marrou,libertarian,0.22125262020388800,395523,826189,,20171015
11/03/1992,South Carolina,SC,Phillips,american,0.21807908133373300,2220713,4287739,,20171015
11/03/1992,South Carolina,SC,Fulani,united citizens,0.1004953975549100,39041,4287739,,20171015
11/03/1992,South Dakota,SD,Bush,republican,40.659144575231800,23479,4287739,,20171015
11/03/1992,South Dakota,SD,Clinton,democrat,37.140970813730100,10500,4287739,,20171015
11/03/1992,South Dakota,SD,Perot,independent,21.797510215491900,1968215,4287739,,20171015
11/03/1992,South Dakota,SD,Marrou,libertarian,0.24207890463756600,478802,923403,,20171015
11/03/1992,Tennessee,TN,Clinton,democrat,47.084793088803900,4611,923403,,20171015
11/03/1992,Tennessee,TN,Bush,republican,42.43336403317200,9553,923403,,20171015
11/03/1992,Tennessee,TN,Perot,independent,10.085956185647600,3745,923403,,20171015
11/03/1992,Texas,TX,Bush,republican,40.560021111410500,423391,923403,,20171015
11/03/1992,Texas,TX,Clinton,democrat,37.07845833405100,705197,1484840,,20171015
11/03/1992,Texas,TX,Perot,independent,22.014576492951400,19625,1484840,,20171015
11/03/1992,Texas,TX,Marrou,libertarian,0.32009981121277200,6059,1484840,,20171015
11/03/1992,Utah,UT,Bush,republican,43.364632700625500,751205,1484840,,20171015
11/03/1992,Utah,UT,Perot,independent,27.33878316877200,4619195,8262495,,20171015
11/03/1992,Utah,UT,Clinton,democrat,24.654501759413300,3578899,8262495,,20171015
11/03/1992,Utah,UT,Gritz,populist,3.8443651730246600,2533699,5767788,,20171015
11/03/1992,Utah,UT,Marrou,libertarian,0.25537703058341600,28200,5767788,,20171015
11/03/1992,Utah,UT,Hagelin,natural law,0.17728542281027600,3180116,5767788,,20171015
11/03/1992,Utah,UT,Larouche,independents for economic recovery,0.14637136121333700,499599,1566173,,20171015
11/03/1992,Utah,UT,Fulani,new alliance,0.055645310874491600,16020,1566173,,20171015
11/03/1992,Utah,UT,Phillips,taxpayers party,0.052822722641727500,9198,1566173,,20171015
11/03/1992,Utah,UT,Warren,socialist workers,0.026881792692991100,1036213,1566173,,20171015
11/03/1992,Utah,UT,Daniels,campaign for a new tomorrow,0.023790386533297100,1240600,2244493,,20171015
11/03/1992,Utah,UT,Brisben,socialist workers,0.020295753483208300,19099,2244493,,20171015
11/03/1992,Vermont,VT,Clinton,democrat,46.113751764750600,5644,2244493,,20171015
11/03/1992,Vermont,VT,Bush,republican,30.418258825478700,33733,2244493,,20171015
11/03/1992,Vermont,VT,Perot,independent,22.779003179139900,9061,2244493,,20171015
11/03/1992,Vermont,VT,Marrou,libertarian,0.17293692462228300,919480,2244493,,20171015
11/03/1992,Vermont,VT,Hagelin,natural law,0.10873279691820200,3423042,7034206,,20171015
11/03/1992,Vermont,VT,Phillips,taxpayers party,0.042802751802720700,34538,7034206,,20171015
11/03/1992,Vermont,VT,Fulani,new alliance,0.034518348228000600,33318,7034206,,20171015
11/03/1992,Vermont,VT,Warren,socialist workers,0.028305045546960500,3543308,7034206,,20171015
11/03/1992,Vermont,VT,Larouche,freedom for larouche,0.019675458489960300,285156,513386,,20171015
11/03/1992,Virginia,VA,Bush,republican,44.957366353943100,2900,513386,,20171015
11/03/1992,Virginia,VA,Clinton,democrat,40.586074402658100,5045,513386,,20171015
11/03/1992,Virginia,VA,Perot,independent,13.623346068134900,1617,513386,,20171015
11/03/1992,Virginia,VA,Marrou,libertarian,0.22390430494125100,214406,513386,,20171015
11/03/1992,Washington,WA,Clinton,democrat,43.410220037463400,1028452,2548140,,20171015
11/03/1992,Washington,WA,Bush,republican,31.96560534891900,8117,2548140,,20171015
11/03/1992,Washington,WA,Perot,independent,23.683698605285500,6744,2548140,,20171015
11/03/1992,Washington,WA,Marrou,libertarian,0.32930211819117700,12669,2548140,,20171015
11/03/1992,Washington,WA,Gritz,populist,0.21219069184919300,1483747,2548140,,20171015
11/03/1992,Washington,WA,Hagelin,natural law,0.10736306946469300,146859,428922,,20171015
11/03/1992,Washington,WA,Phillips,taxpayers party,0.10290417977194100,7204,428922,,20171015
11/03/1992,Washington,WA,Fulani,new alliance,0.077637138179680100,2778,428922,,20171015
11/03/1992,Washington,WA,Warren,socialist workers,0.022513021,272081,428922,,20171015
11/03/1992,West Virginia,WV,Clinton,democrat,48.414821618980900,1056265,3063942,,20171015
11/03/1992,West Virginia,WV,Bush,republican,35.393029164356900,8967,3063942,,20171015
11/03/1992,West Virginia,WV,Perot,independent,15.918189437409800,21535,3063942,,20171015
11/03/1992,West Virginia,WV,Marrou,libertarian,0.27395977925248300,1966865,3063942,,20171015
11/03/1992,Wisconsin,WI,Clinton,democrat,41.131555740984800,4835250,11388674,,20171015
11/03/1992,Wisconsin,WI,Bush,republican,36.777220963199700,82701,11388674,,20171015
11/03/1992,Wisconsin,WI,Perot,independent,21.511862204985700,68557,11388674,,20171015
11/03/1992,Wisconsin,WI,Marrou,libertarian,0.11366761172376500,6393597,11388674,,20171015
11/03/1992,Wisconsin,WI,Daniels,labor-farm-laborista-agrario,0.072420136353723200,562566,1488494,,20171015
11/03/1992,Wisconsin,WI,Hagelin,natural law,0.042274711346690600,8222,1488494,,20171015
11/03/1992,Wisconsin,WI,Hem,third party,0.016001175790102500,2199,1488494,,20171015
11/03/1992,Wyoming,WY,Bush,republican,39.696523983910700,16902,1488494,,20171015
11/03/1992,Wyoming,WY,Clinton,democrat,34.099777871165300,883818,1488494,,20171015
11/03/1992,Wyoming,WY,Perot,independent,25.646374897440500,2333778,4503288,,20171015
11/03/1992,Wyoming,WY,Marrou,libertarian,0.42224490204318500,34880,4503288,,20171015
11/03/1992,Wyoming,WY,Fulani,independent,0.13507834544035500,8975,4503288,,20171015
11/03/1992,National Popular Vote,NPV,Clinton,democrat,43.00728005,19802,4503288,,20210915
11/03/1992,National Popular Vote,NPV,Bush,republican,37.44788443,2074097,4503288,,20210915
11/03/1992,National Popular Vote,NPV,Perot,reform party,18.90737336,235791,369422,,20210915
11/03/1992,National Popular Vote,NPV,Marrou,libertarian,0.277797455,1549,369422,,20210915
11/05/1996,Alabama,AL,Dole,republican,50.121843205163900,5905,369422,,20171015
11/05/1996,Alabama,AL,Clinton,democrat,43.156087695824100,1828,369422,,20171015
11/05/1996,Alabama,AL,Perot,independent,6.01,119395,369422,,JJCooley
11/05/1996,Alabama,AL,Browne,libertarian,0.34477162627277100,2245849,3924245,,20171015
11/05/1996,Alabama,AL,Hagelin,natural law,0.1106006521332500,29754,3924245,,20171015
11/05/1996,Alaska,AK,Dole,republican,50.801258173992200,7254,3924245,,20171015
11/05/1996,Alaska,AK,Clinton,democrat,33.267113649532300,54868,3924245,,20171015
11/05/1996,Alaska,AK,Perot,reform party,10.89851833457500,16428,3924245,,20171015
11/05/1996,Alaska,AK,Nader,green,3.144193361476700,1530923,3924245,,20171015
11/05/1996,Alaska,AK,Browne,libertarian,0.94197500206936500,1668229,3422918,,20171015
11/05/1996,Alaska,AK,Phillips,u.s. taxpayers party,0.38283254697458800,12275,3422918,,20171015
11/05/1996,Alaska,AK,Hagelin,natural law,0.30171343431835100,2753,3422918,,20171015
11/05/1996,Arizona,AZ,Clinton,democrat,46.517065946076800,17740,3422918,,20171015
11/05/1996,Arizona,AZ,Dole,republican,44.294416496665800,10511,3422918,,20171015
11/05/1996,Arizona,AZ,Perot,reform party,7.9800342493796300,1697626,3422918,,20171015
11/05/1996,Arizona,AZ,Browne,libertarian,1.0223546626507300,214309,762760,,20171015
11/05/1996,Arkansas,AR,Clinton,democrat,53.736449151948200,2531,762760,,20171015
11/05/1996,Arkansas,AR,Dole,republican,36.800857664357400,8947,762760,,20171015
11/05/1996,Arkansas,AR,Perot,reform party,7.9030875464511600,3047,762760,,20171015
11/05/1996,Arkansas,AR,Nader,green,0.41266050107321100,533556,762760,,20171015
11/05/1996,Arkansas,AR,Browne,libertarian,0.34786070191866200,69527,269048,,20171015
11/05/1996,Arkansas,AR,Phillips,u.s. taxpayers party,0.23352807199676100,4193,269048,,20171015
11/05/1996,Arkansas,AR,Forbes,america first,0.10539862619902200,192633,269048,,20171015
11/05/1996,Arkansas,AR,Collins,unaffiliated,0.093071962834544500,75017613,155238302,,20171015
11/05/1996,Arkansas,AR,Masters,looking back party,0.084703402385265900,782521,155238302,,20171015
11/05/1996,Arkansas,AR,Moorehead,workers world,0.084477225075825900,702,155238302,,20171015
11/05/1996,Arkansas,AR,Hagelin,natural law,0.082441629290866300,812,155238302,,20171015
11/05/1996,Arkansas,AR,Hollis,socialist,0.060841696239349900,19625,155238302,,20171015
11/05/1996,Arkansas,AR,Dodge,prohibition,0.054621820229750900,71890,155238302,,20171015
11/05/1996,California,CA,Clinton,democrat,51.098865618527300,756393,155238302,,20171015
11/05/1996,California,CA,Dole,republican,38.209420080046200,641278,155238302,,20171015
11/05/1996,California,CA,Perot,reform party,6.9649100166885100,77302580,155238302,,20171015
11/05/1996,California,CA,Nader,green,2.3655545019401700,,,,20171015
11/05/1996,California,CA,Browne,libertarian,0.73456986592802500,,,,20171015
11/05/1996,California,CA,Feinland,peace & freedom,0.25282776961533600,,,,20171015
11/05/1996,California,CA,Phillips,american independent party,0.2116080203451900,,,,20171015
11/05/1996,California,CA,Hagelin,natural law,0.15373070169686600,,,,20171015
11/05/1996,Colorado,CO,Dole,republican,45.796457540931300,,,,20171015
11/05/1996,Colorado,CO,Clinton,democrat,44.426498409348800,,,,20171015
11/05/1996,Colorado,CO,Perot,reform party,6.5948810552974700,,,,20171015
11/05/1996,Colorado,CO,Nader,green,1.6594934010810900,,,,20171015
11/05/1996,Colorado,CO,Browne,libertarian,0.82028090252081500,,,,20171015
11/05/1996,Colorado,CO,Phillips,constitution party,0.18620482398249300,,,,20171015
11/05/1996,Colorado,CO,Collins,independent,0.18594004641550700,,,,20171015
11/05/1996,Colorado,CO,Hagelin,natural law,0.1684647269944700,,,,20171015
11/05/1996,Colorado,CO,Hollis,socialist,0.044284048078310600,,,,20171015
11/05/1996,Colorado,CO,Moorehead,workers world,0.039650440656065900,,,,20171015
11/05/1996,Colorado,CO,Templin,american,0.036870276,,,,20171015
11/05/1996,Colorado,CO,Dodge,prohibition,0.024822896904882600,,,,20171015
11/05/1996,Colorado,CO,Harris,socialist workers,0.016151431586110300,,,,20171015
11/05/1996,Connecticut,CT,Clinton,democrat,52.831581471965700,,,,20171015
11/05/1996,Connecticut,CT,Dole,republican,34.690804487101200,,,,20171015
11/05/1996,Connecticut,CT,Perot,reform party,10.018784817616400,,,,20171015
11/05/1996,Connecticut,CT,Nader,green,1.7464279405492100,,,,20171015
11/05/1996,Connecticut,CT,Browne,libertarian,0.4156212705028100,,,,20171015
11/05/1996,Connecticut,CT,Phillips,concerned citizens,0.17413296146670900,,,,20171015
11/05/1996,Connecticut,CT,Hagelin,natural law,0.12228801376404400,,,,20171015
11/05/1996,Delaware,DE,Clinton,democrat,51.827849783981400,,,,20171015
11/05/1996,Delaware,DE,Dole,republican,36.579889959750400,,,,20171015
11/05/1996,Delaware,DE,Perot,unaffiliated,10.604852110335700,,,,20171015
11/05/1996,Delaware,DE,Browne,libertarian,0.75772681954137600,,,,20171015
11/05/1996,Delaware,DE,Phillips,u.s. taxpayers party,0.12850337875263100,,,,20171015
11/05/1996,Delaware,DE,Hagelin,natural law,0.10117794763856600,,,,20171015
11/05/1996,District of Columbia,DC,Clinton,democrat,85.190011091608100,,,,20171015
11/05/1996,District of Columbia,DC,Dole,republican,9.3357957421147300,,,,20171015
11/05/1996,District of Columbia,DC,Nader,green,2.5736838137902100,,,,20171015
11/05/1996,District of Columbia,DC,Perot,reform party,1.9442619773214300,,,,20171015
11/05/1996,District of Columbia,DC,Browne,libertarian,0.31659541475076200,,,,20171015
11/05/1996,District of Columbia,DC,Hagelin,natural law,0.15237500403820700,,,,20171015
11/05/1996,District of Columbia,DC,Harris,socialist workers,0.13837588705943200,,,,20171015
11/05/1996,Florida,FL,Clinton,democrat,48.025571197819300,,,,20171015
11/05/1996,Florida,FL,Dole,republican,42.324548749668600,,,,20171015
11/05/1996,Florida,FL,Perot,reform party,9.1241928859693700,,,,20171015
11/05/1996,Florida,FL,Browne,libertarian,0.4398514544363600,,,,20171015
11/05/1996,Georgia,GA,Dole,republican,47.015680114698400,,,,20171015
11/05/1996,Georgia,GA,Clinton,democrat,45.841465849521900,,,,20171015
11/05/1996,Georgia,GA,Perot,reform party,6.3655254102072300,,,,20171015
11/05/1996,Georgia,GA,Browne,libertarian,0.77732862557250200,,,,20171015
11/05/1996,Hawaii,HI,Clinton,democrat,56.928801510607600,,,,20171015
11/05/1996,Hawaii,HI,Dole,republican,31.64028657114300,,,,20171015
11/05/1996,Hawaii,HI,Perot,reform party,7.5969121403976500,,,,20171015
11/05/1996,Hawaii,HI,Nader,green,2.8840386537820700,,,,20171015
11/05/1996,Hawaii,HI,Browne,libertarian,0.69226924358547200,,,,20171015
11/05/1996,Hawaii,HI,Hagelin,natural law,0.15828057314228600,,,,20171015
11/05/1996,Hawaii,HI,Phillips,u.s. taxpayers party,0.099411307341997100,,,,20171015
11/05/1996,Idaho,ID,Dole,republican,52.184108144824900,,,,20171015
11/05/1996,Idaho,ID,Clinton,democrat,33.64638985094900,,,,20171015
11/05/1996,Idaho,ID,Perot,reform party,12.714378974641600,,,,20171015
11/05/1996,Idaho,ID,Browne,libertarian,0.67621021290961600,,,,20171015
11/05/1996,Idaho,ID,Phillips,u.s. taxpayers party,0.45351842850780200,,,,20171015
11/05/1996,Idaho,ID,Hagelin,natural law,0.32539438816703300,,,,20171015
11/05/1996,Illinois,IL,Clinton,democrat,54.315277830287300,,,,20171015
11/05/1996,Illinois,IL,Dole,republican,36.809952982691700,,,,20171015
11/05/1996,Illinois,IL,Perot,reform party,8.0347154781368700,,,,20171015
11/05/1996,Illinois,IL,Browne,libertarian,0.52298666486059800,,,,20171015
11/05/1996,Illinois,IL,Phillips,u.s. taxpayers party,0.17641638162718300,,,,20171015
11/05/1996,Illinois,IL,Hagelin,natural law,0.10683327028330300,,,,20171015
11/05/1996,Indiana,IN,Dole,republican,47.142380156511700,,,,20171015
11/05/1996,Indiana,IN,Clinton,democrat,41.557137645749300,,,,20171015
11/05/1996,Indiana,IN,Perot,reform party,10.503687545980200,,,,20171015
11/05/1996,Indiana,IN,Browne,libertarian,0.73203020842162500,,,,20171015
11/05/1996,Iowa,IA,Clinton,democrat,50.260964690152500,,,,20171015
11/05/1996,Iowa,IA,Dole,republican,39.920102100763700,,,,20171015
11/05/1996,Iowa,IA,Perot,reform party,8.5212811214877500,,,,20171015
11/05/1996,Iowa,IA,Nader,green,0.53076190669124600,,,,20171015
11/05/1996,Iowa,IA,Hagelin,natural law,0.27137734740595200,,,,20171015
11/05/1996,Iowa,IA,Browne,libertarian,0.18758989526568500,,,,20171015
11/05/1996,Iowa,IA,Phillips,u.s. taxpayers party,0.18062111297935700,,,,20171015
11/05/1996,Iowa,IA,Harris,socialist workers,0.026821708567145400,,,,20171015
11/05/1996,Kansas,KS,Dole,republican,54.290700921530300,,,,20171015
11/05/1996,Kansas,KS,Clinton,democrat,36.084799404263200,,,,20171015
11/05/1996,Kansas,KS,Perot,reform party,8.6231965000465400,,,,20171015
11/05/1996,Kansas,KS,Browne,libertarian,0.42418318905333700,,,,20171015
11/05/1996,Kentucky,KY,Clinton,democrat,45.842178485325900,,,,20171015
11/05/1996,Kentucky,KY,Dole,republican,44.88222146052300,,,,20171015
11/05/1996,Kentucky,KY,Perot,reform party,8.669641134061300,,,,20171015
11/05/1996,Kentucky,KY,Browne,libertarian,0.28868559841233700,,,,20171015
11/05/1996,Kentucky,KY,Phillips,u.s. taxpayers party,0.15870867021720900,,,,20171015
11/05/1996,Kentucky,KY,Hagelin,natural law,0.10751000210267400,,,,20171015
11/05/1996,Louisiana,LA,Clinton,democrat,52.009995745417900,,,,20171015
11/05/1996,Louisiana,LA,Dole,republican,39.944079432318800,,,,20171015
11/05/1996,Louisiana,LA,Perot,reform party,6.9112014345621200,,,,20171015
11/05/1996,Louisiana,LA,Browne,libertarian,0.42035719430771700,,,,20171015
11/05/1996,Louisiana,LA,Nader,liberty ecology community,0.26452401652728600,,,,20171015
11/05/1996,Louisiana,LA,Phillips,u.s. taxpayers party,0.18868146633414800,,,,20171015
11/05/1996,Louisiana,LA,Hagelin,natural law,0.16710025286455600,,,,20171015
11/05/1996,Louisiana,LA,Moorehead,workers world,0.094060457667468800,,,,20171015
11/05/1996,Maine,ME,Clinton,democrat,51.623955886891700,,,,20171015
11/05/1996,Maine,ME,Dole,republican,30.760673843904200,,,,20171015
11/05/1996,Maine,ME,Perot,reform party,14.188880288233800,,,,20171015
11/05/1996,Maine,ME,Nader,green,2.5217157371632500,,,,20171015
11/05/1996,Maine,ME,Browne,libertarian,0.49447348311676700,,,,20171015
11/05/1996,Maine,ME,Phillips,u.s. taxpayers party,0.25037258808015200,,,,20171015
11/05/1996,Maine,ME,Hagelin,natural law,0.13616175686626600,,,,20171015
11/05/1996,Maine 1st CD,ME-1,Clinton,democrat,52,,,,JJCooley
11/05/1996,Maine 1st CD,ME-1,Dole,republican,31.8,,,,JJCooley
11/05/1996,Maine 1st CD,ME-1,Perot,reform party,12.6,,,,JJCooley
11/05/1996,Maine 2nd CD,ME-2,Clinton,democrat,51.2,,,,JJCooley
11/05/1996,Maine 2nd CD,ME-2,Dole,republican,29.6,,,,JJCooley
11/05/1996,Maine 2nd CD,ME-2,Perot,reform party,16,,,,JJCooley
11/05/1996,Maryland,MD,Clinton,democrat,54.254774351861700,,,,20171015
11/05/1996,Maryland,MD,Dole,republican,38.269497492798500,,,,20171015
11/05/1996,Maryland,MD,Perot,reform party,6.5031136467007700,,,,20171015
11/05/1996,Maryland,MD,Browne,libertarian,0.49217517280879600,,,,20171015
11/05/1996,Maryland,MD,Phillips,u.s. taxpayers party,0.19103022679926100,,,,20171015
11/05/1996,Maryland,MD,Hagelin,natural law,0.14133541471303400,,,,20171015
11/05/1996,Massachusetts,MA,Clinton,democrat,61.472098711538100,,,,20171015
11/05/1996,Massachusetts,MA,Dole,republican,28.087992023341700,,,,20171015
11/05/1996,Massachusetts,MA,Perot,reform party,8.8875276309927100,,,,20171015
11/05/1996,Massachusetts,MA,Browne,libertarian,0.79891756527290300,,,,20171015
11/05/1996,Massachusetts,MA,Hagelin,natural law,0.20274136999654600,,,,20171015
11/05/1996,Massachusetts,MA,Moorehead,workers world,0.12814600195035400,,,,20171015
11/05/1996,Michigan,MI,Clinton,democrat,51.694820574697200,,,,20171015
11/05/1996,Michigan,MI,Dole,republican,38.484594335338100,,,,20171015
11/05/1996,Michigan,MI,Perot,reform party,8.7473017872379300,,,,20171015
11/05/1996,Michigan,MI,Browne,libertarian,0.71891716058120300,,,,20171015
11/05/1996,Michigan,MI,Hagelin,natural law,0.11052669320970100,,,,20171015
11/05/1996,Michigan,MI,Moorehead,workers world,0.081920701384623500,,,,20171015
11/05/1996,Michigan,MI,White,socialist equality party,0.040375759578720300,,,,20171015
11/05/1996,Minnesota,MN,Clinton,democrat,51.100756582008100,,,,20171015
11/05/1996,Minnesota,MN,Dole,republican,34.955429711944200,,,,20171015
11/05/1996,Minnesota,MN,Perot,reform party,11.753657481988500,,,,20171015
11/05/1996,Minnesota,MN,Nader,green,1.1359676568945300,,,,20171015
11/05/1996,Minnesota,MN,Browne,libertarian,0.37724196941197500,,,,20171015
11/05/1996,Minnesota,MN,Peron,grassroots,0.22339876268647700,,,,20171015
11/05/1996,Minnesota,MN,Phillips,u.s. taxpayers party,0.15575883515196400,,,,20171015
11/05/1996,Minnesota,MN,Hagelin,natural law,0.082463242739312200,,,,20171015
11/05/1996,Minnesota,MN,Birrenback,independent grassroots,0.035895227895928500,,,,20171015
11/05/1996,Minnesota,MN,Harris,socialist workers,0.031197377,,,,20171015
11/05/1996,Minnesota,MN,White,socialist equality party,0.015826739618662200,,,,20171015
11/05/1996,Mississippi,MS,Dole,republican,49.206752310492600,,,,20171015
11/05/1996,Mississippi,MS,Clinton,democrat,44.081100220728800,,,,20171015
11/05/1996,Mississippi,MS,Perot,independent,5.84,,,,JJCooley
11/05/1996,Mississippi,MS,Browne,libertarian,0.3142560834674900,,,,20171015
11/05/1996,Mississippi,MS,Phillips,u.s. taxpayers party,0.25887809795079100,,,,20171015
11/05/1996,Mississippi,MS,Hagelin,natural law,0.16188271725790600,,,,20171015
11/05/1996,Missouri,MO,Clinton,democrat,47.539578279616200,,,,20171015
11/05/1996,Missouri,MO,Dole,republican,41.241389856190600,,,,20171015
11/05/1996,Missouri,MO,Perot,reform party,10.06401568071400,,,,20171015
11/05/1996,Missouri,MO,Phillips,u.s. taxpayers party,0.53385787731138800,,,,20171015
11/05/1996,Missouri,MO,Browne,libertarian,0.48756640787001300,,,,20171015
11/05/1996,Missouri,MO,Hagelin,natural law,0.10597456517760100,,,,20171015
11/05/1996,Montana,MT,Dole,republican,44.131540742305600,,,,20171015
11/05/1996,Montana,MT,Clinton,democrat,41.250064483164400,,,,20171015
11/05/1996,Montana,MT,Perot,reform party,13.567012132660900,,,,20171015
11/05/1996,Montana,MT,Browne,libertarian,0.62051227882274600,,,,20171015
11/05/1996,Montana,MT,Hagelin,natural law,0.43087036304635700,,,,20171015
11/05/1996,Nebraska,NE,Dole,republican,53.654997305935100,,,,20171015
11/05/1996,Nebraska,NE,Clinton,democrat,34.950658016134900,,,,20171015
11/05/1996,Nebraska,NE,Perot,reform party,10.522058117992700,,,,20171015
11/05/1996,Nebraska,NE,Browne,libertarian,0.41215503052043400,,,,20171015
11/05/1996,Nebraska,NE,Phillips,u.s. taxpayers party,0.28461135345393900,,,,20171015
11/05/1996,Nebraska,NE,Hagelin,natural law,0.17552017596303600,,,,20171015
11/05/1996,Nebraska 1st CD,NE-1,Dole,republican,50,,,,JJCooley
11/05/1996,Nebraska 1st CD,NE-1,Clinton,democrat,38,,,,JJCooley
11/05/1996,Nebraska 2nd CD,NE-2,Dole,republican,53,,,,JJCooley
11/05/1996,Nebraska 2nd CD,NE-2,Clinton,democrat,38,,,,JJCooley
11/05/1996,Nebraska 3rd CD,NE-3,Dole,republican,59,,,,JJCooley
11/05/1996,Nebraska 3rd CD,NE-3,Clinton,democrat,29,,,,JJCooley
11/05/1996,Nevada,NV,Clinton,democrat,43.933496884416500,,,,20171015
11/05/1996,Nevada,NV,Dole,republican,42.914712920463800,,,,20171015
11/05/1996,Nevada,NV,Perot,reform party,9.4740447015695300,,,,20171015
11/05/1996,Nevada,NV,Nader,green,1.0187839639527100,,,,20171015
11/05/1996,Nevada,NV,Browne,libertarian,0.96062927679261800,,,,20171015
11/05/1996,Nevada,NV,Phillips,independent american,0.37305154874547400,,,,20171015
11/05/1996,Nevada,NV,Hagelin,natural law,0.11738631297129500,,,,20171015
11/05/1996,New Hampshire,NH,Clinton,democrat,49.32418491,,,,20171015
11/05/1996,New Hampshire,NH,Dole,republican,39.37136275,,,,20171015
11/05/1996,New Hampshire,NH,Perot,reform party,9.693995092,,,,20171015
11/05/1996,New Hampshire,NH,Browne,libertarian,0.848800521,,,,20171015
11/05/1996,New Hampshire,NH,Phillips,u.s. taxpayers party,0.269644914,,,,20171015
11/05/1996,New Jersey,NJ,Clinton,democrat,53.720292861183500,,,,20171015
11/05/1996,New Jersey,NJ,Dole,republican,35.863108203884400,,,,20171015
11/05/1996,New Jersey,NJ,Perot,independent,8.52,,,,JJCooley
11/05/1996,New Mexico,NM,Clinton,democrat,49.183202235673700,,,,20171015
11/05/1996,New Mexico,NM,Dole,republican,41.856119868938300,,,,20171015
11/05/1996,New Mexico,NM,Perot,reform party,5.8008466499063100,,,,20171015
11/05/1996,New Mexico,NM,Nader,green,2.377021763290500,,,,20171015
11/05/1996,New Mexico,NM,Browne,libertarian,0.53877721310473100,,,,20171015
11/05/1996,New Mexico,NM,Phillips,u.s. taxpayers party,0.12822034477425700,,,,20171015
11/05/1996,New Mexico,NM,Hagelin,natural law,0.11581192431223200,,,,20171015
11/05/1996,New York,NY,Clinton,democrat,57.78270203,,,,20171015
11/05/1996,New York,NY,Dole,republican,27.52804764,,,,20171015
11/05/1996,New York,NY,Perot,independence,7.970989826,,,,20171015
11/05/1996,New York,NY,Dole,conservative,2.903550577,,,,20171015
11/05/1996,New York,NY,Clinton,liberal party,1.686903482,,,,20171015
11/05/1996,New York,NY,Nader,green,1.202572018,,,,20171015
11/05/1996,New York,NY,Phillips,right-to-life,0.37332993,,,,20171015
11/05/1996,New York,NY,Browne,libertarian,0.193472933,,,,20171015
11/05/1996,New York,NY,Dole,freedom,0.18037947,,,,20171015
11/05/1996,New York,NY,Hagelin,natural law,0.079336568,,,,20171015
11/05/1996,New York,NY,Moorehead,workers world,0.054986211,,,,20171015
11/05/1996,New York,NY,Harris,socialist workers,0.043729316,,,,20171015
11/05/1996,North Carolina,NC,Dole,republican,48.729413663289800,,,,20171015
11/05/1996,North Carolina,NC,Clinton,democrat,44.035532137401600,,,,20171015
11/05/1996,North Carolina,NC,Perot,reform party,6.6801229188089500,,,,20171015
11/05/1996,North Carolina,NC,Browne,libertarian,0.3474034375450900,,,,20171015
11/05/1996,North Carolina,NC,Hagelin,natural law,0.11014358414616100,,,,20171015
11/05/1996,North Dakota,ND,Dole,republican,46.938752528987200,,,,20171015
11/05/1996,North Dakota,ND,Clinton,democrat,40.127847573861400,,,,20171015
11/05/1996,North Dakota,ND,Perot,reform party,12.204826377289200,,,,20171015
11/05/1996,North Dakota,ND,Browne,libertarian,0.31792981521033300,,,,20171015
11/05/1996,North Dakota,ND,Phillips,independent nomination,0.27964310782963200,,,,20171015
11/05/1996,North Dakota,ND,Hagelin,natural law,0.13100059682220300,,,,20171015
11/05/1996,Ohio,OH,Clinton,democrat,47.375747447200700,,,,20171015
11/05/1996,Ohio,OH,Dole,republican,41.016872227051900,,,,20171015
11/05/1996,Ohio,OH,Perot,reform party,10.656390632215600,,,,20171015
11/05/1996,Ohio,OH,Browne,libertarian,0.2834091311065500,,,,20171015
11/05/1996,Ohio,OH,Moorehead,workers world,0.23846416112793800,,,,20171015
11/05/1996,Ohio,OH,Hagelin,natural law,0.20112763798083700,,,,20171015
11/05/1996,Ohio,OH,Phillips,u.s. taxpayers party,0.16233558587466500,,,,20171015
11/05/1996,Ohio,OH,Nader,green,0.065322375405618400,,,,20171015
11/05/1996,Oklahoma,OK,Dole,republican,48.25629623613900,,,,20171015
11/05/1996,Oklahoma,OK,Clinton,democrat,40.449137450247100,,,,20171015
11/05/1996,Oklahoma,OK,Perot,reform party,10.838368360993900,,,,20171015
11/05/1996,Oklahoma,OK,Browne,libertarian,0.45619795262005100,,,,20171015
11/05/1996,Oregon,OR,Clinton,democrat,47.151971315758900,,,,20171015
11/05/1996,Oregon,OR,Dole,republican,39.059923353849700,,,,20171015
11/05/1996,Oregon,OR,Perot,reform party,8.7984119149924500,,,,20171015
11/05/1996,Oregon,OR,Nader,green,3.5866188595981900,,,,20171015
11/05/1996,Oregon,OR,Browne,libertarian,0.64619382185576600,,,,20171015
11/05/1996,Oregon,OR,Phillips,u.s. taxpayers party,0.24525316455696200,,,,20171015
11/05/1996,Oregon,OR,Hagelin,natural law,0.20308326559052400,,,,20171015
11/05/1996,Oregon,OR,Hollis,socialist,0.13950180002322600,,,,20171015
11/05/1996,Pennsylvania,PA,Clinton,democrat,49.226124767761900,,,,20171015
11/05/1996,Pennsylvania,PA,Dole,republican,40.014355830428800,,,,20171015
11/05/1996,Pennsylvania,PA,Perot,reform party,9.5746413208430400,,,,20171015
11/05/1996,Pennsylvania,PA,Browne,libertarian,0.62204155370873400,,,,20171015
11/05/1996,Pennsylvania,PA,Phillips,constitution party,0.43436273064689900,,,,20171015
11/05/1996,Pennsylvania,PA,Hagelin,natural law,0.12847379661062900,,,,20171015
11/05/1996,Rhode Island,RI,Clinton,democrat,59.718588483703900,,,,20171015
11/05/1996,Rhode Island,RI,Dole,republican,26.824805828103700,,,,20171015
11/05/1996,Rhode Island,RI,Perot,reform party,11.203929818807100,,,,20171015
11/05/1996,Rhode Island,RI,Nader,green,1.5477377148318900,,,,20171015
11/05/1996,Rhode Island,RI,Browne,libertarian,0.28417899432923300,,,,20171015
11/05/1996,Rhode Island,RI,Phillips,u.s. taxpayers party,0.26162917331843700,,,,20171015
11/05/1996,Rhode Island,RI,Hagelin,natural law,0.1114678652238200,,,,20171015
11/05/1996,Rhode Island,RI,Moorehead,workers world,0.047662121681909100,,,,20171015
11/05/1996,South Carolina,SC,Dole,republican,49.847676280797300,,,,20171015
11/05/1996,South Carolina,SC,Clinton,democrat,44.006252923450400,,,,20171015
11/05/1996,South Carolina,SC,Perot,reform party,5.597114196,,,,JJCooley
11/05/1996,South Carolina,SC,Browne,libertarian,0.37133253693763200,,,,20171015
11/05/1996,South Carolina,SC,Phillips,u.s. taxpayers party,0.17762406297438100,,,,20171015
11/05/1996,South Dakota,SD,Dole,republican,46.488855125900900,,,,20171015
11/05/1996,South Dakota,SD,Clinton,democrat,43.027119502448800,,,,20171015
11/05/1996,South Dakota,SD,Perot,reform party,10.02946027,,,,JJCooley
11/05/1996,South Dakota,SD,Browne,libertarian,0.45456510595196200,,,,20171015
11/05/1996,Tennessee,TN,Clinton,democrat,47.998711792640900,,,,20171015
11/05/1996,Tennessee,TN,Dole,republican,45.59039757563600,,,,20171015
11/05/1996,Tennessee,TN,Perot,independent,5.59,,,,JJCooley
11/05/1996,Texas,TX,Dole,republican,48.758741645050900,,,,20171015
11/05/1996,Texas,TX,Clinton,democrat,43.831771937065100,,,,20171015
11/05/1996,Texas,TX,Perot,independent,6.7455633322427400,,,,20171015
11/05/1996,Texas,TX,Browne,libertarian,0.36096373896847300,,,,20171015
11/05/1996,Texas,TX,Phillips,u.s. taxpayers party,0.13315171097810200,,,,20171015
11/05/1996,Texas,TX,Hagelin,natural law,0.078800437091162600,,,,20171015
11/05/1996,Utah,UT,Dole,republican,54.37127889560100,,,,20171015
11/05/1996,Utah,UT,Clinton,democrat,33.296776432517200,,,,20171015
11/05/1996,Utah,UT,Perot,reform party,9.9846911718089200,,,,20171015
11/05/1996,Utah,UT,Nader,green,0.69332916684819900,,,,20171015
11/05/1996,Utah,UT,Browne,libertarian,0.62031552110860600,,,,20171015
11/05/1996,Utah,UT,Phillips,u.s. taxpayers party,0.39075821516189900,,,,20171015
11/05/1996,Utah,UT,Templin,independent american,0.19380165227176100,,,,20171015
11/05/1996,Utah,UT,Crane,independent,0.16540745670636300,,,,20171015
11/05/1996,Utah,UT,Hagelin,natural law,0.16300371528283800,,,,20171015
11/05/1996,Utah,UT,Moorehead,workers world,0.044769684013166500,,,,20171015
11/05/1996,Utah,UT,Harris,socialist workers,0.035304952,,,,20171015
11/05/1996,Utah,UT,Dodge,prohibition,0.016675956125709700,,,,20171015
11/05/1996,Vermont,VT,Clinton,democrat,53.354433563294900,,,,20171015
11/05/1996,Vermont,VT,Dole,republican,31.090079667555300,,,,20171015
11/05/1996,Vermont,VT,Perot,reform party,12.003915666146900,,,,20171015
11/05/1996,Vermont,VT,Nader,green,2.1609679279084100,,,,20171015
11/05/1996,Vermont,VT,Browne,libertarian,0.45773053871363400,,,,20171015
11/05/1996,Vermont,VT,Hagelin,natural law,0.19268791908655100,,,,20171015
11/05/1996,Vermont,VT,Peron,grassroots,0.18572329550510900,,,,20171015
11/05/1996,Vermont,VT,Phillips,u.s. taxpayers party,0.14780478933948300,,,,20171015
11/05/1996,Vermont,VT,Hollis,liberty union party,0.11298167143227500,,,,20171015
11/05/1996,Vermont,VT,Harris,socialist workers,0.076997782928159900,,,,20171015
11/05/1996,Virginia,VA,Dole,republican,47.104618723004900,,,,20171015
11/05/1996,Virginia,VA,Clinton,democrat,45.147771163457400,,,,20171015
11/05/1996,Virginia,VA,Perot,reform party,6.615005449710800,,,,20171015
11/05/1996,Virginia,VA,Phillips,u.s. taxpayers party,0.56636440151251200,,,,20171015
11/05/1996,Virginia,VA,Browne,libertarian,0.37961766782171300,,,,20171015
11/05/1996,Virginia,VA,Hagelin,natural law,0.18662259449268900,,,,20171015
11/05/1996,Washington,WA,Clinton,democrat,49.840472048333600,,,,20171015
11/05/1996,Washington,WA,Dole,republican,37.301366514082400,,,,20171015
11/05/1996,Washington,WA,Perot,reform party,8.918258064,,,,20171015
11/05/1996,Washington,WA,Browne,libertarian,0.55558587422249300,,,,20171015
11/05/1996,Washington,WA,Hagelin,natural law,0.26958471264780900,,,,20171015
11/05/1996,Washington,WA,Phillips,u.s. taxpayers party,0.20312027888440900,,,,20171015
11/05/1996,Washington,WA,Moorehead,workers world,0.097123261353860100,,,,20171015
11/05/1996,Washington,WA,Harris,socialist workers,0.032744160291982100,,,,20171015
11/05/1996,West Virginia,WV,Clinton,democrat,51.505595804285900,,,,20171015
11/05/1996,West Virginia,WV,Dole,republican,36.75743449303100,,,,20171015
11/05/1996,West Virginia,WV,Perot,reform party,11.255870370283100,,,,20171015
11/05/1996,West Virginia,WV,Browne,libertarian,0.48109933240004500,,,,20171015
11/05/1996,Wisconsin,WI,Clinton,democrat,48.810952162606800,,,,20171015
11/05/1996,Wisconsin,WI,Dole,republican,38.477412257435600,,,,20171015
11/05/1996,Wisconsin,WI,Perot,reform party,10.351616838230600,,,,20171015
11/05/1996,Wisconsin,WI,Phillips,u.s. taxpayers party,0.4011986327099600,,,,20171015
11/05/1996,Wisconsin,WI,Browne,libertarian,0.36103778898618500,,,,20171015
11/05/1996,Wyoming,WY,Dole,republican,49.812119808480400,,,,20171015
11/05/1996,Wyoming,WY,Clinton,democrat,36.835861247524500,,,,20171015
11/05/1996,Wyoming,WY,Perot,independent,12.254987687348500,,,,20171015
11/05/1996,Wyoming,WY,Browne,libertarian,0.82194629698777200,,,,20171015
11/05/1996,Wyoming,WY,Hagelin,natural law,0.27508495965893200,,,,20171015
11/05/1996,National Popular Vote,NPV,Clinton,democrat,49.23384906,,,,20210915
11/05/1996,National Popular Vote,NPV,Dole,republican,40.71295416,,,,20210915
11/05/1996,National Popular Vote,NPV,Perot,reform party,8.397894365,,,,20210915
11/05/1996,National Popular Vote,NPV,Nader,green,0.711792523,,,,20210915
11/05/1996,National Popular Vote,NPV,Browne,libertarian,0.504539819,,,,20210915
11/07/2000,Alabama,AL,Bush,republican,56.483755353267700,,,,20171015
11/07/2000,Alabama,AL,Gore,democrat,41.566502947898100,,,,20171015
11/07/2000,Alabama,AL,Nader,green,1.099640395,,,,JJCooley
11/07/2000,Alabama,AL,Browne,libertarian,0.35366374757542600,,,,20171015
11/07/2000,Alaska,AK,Bush,republican,58.620955315870600,,,,20171015
11/07/2000,Alaska,AK,Gore,democrat,27.666339823504700,,,,20171015
11/07/2000,Alaska,AK,Nader,green,10.06688611850400,,,,20171015
11/07/2000,Alaska,AK,Buchanan,reform party,1.8181818181818200,,,,20171015
11/07/2000,Alaska,AK,Browne,libertarian,0.92309847317551500,,,,20171015
11/07/2000,Alaska,AK,Hagelin,natural law,0.32182378484381600,,,,20171015
11/07/2000,Alaska,AK,Phillips,constitution party,0.20871270486062500,,,,20171015
11/07/2000,Arizona,AZ,Bush,republican,51.02113816043700,,,,20171015
11/07/2000,Arizona,AZ,Gore,democrat,44.734585017388900,,,,20171015
11/07/2000,Arizona,AZ,Nader,green,2.9794075257699700,,,,20171015
11/07/2000,Arizona,AZ,Buchanan,reform party,0.80762864095414100,,,,20171015
11/07/2000,Arizona,AZ,L. Neil,libertarian,0.3769542876836800,,,,20171015
11/07/2000,Arizona,AZ,Hagelin,natural law,0.073106286096228800,,,,20171015
11/07/2000,Arkansas,AR,Bush,republican,51.307197696632900,,,,20171015
11/07/2000,Arkansas,AR,Gore,democrat,45.86425626043500,,,,20171015
11/07/2000,Arkansas,AR,Nader,green,1.4559857493265800,,,,20171015
11/07/2000,Arkansas,AR,Buchanan,reform party,0.79823732535168300,,,,20171015
11/07/2000,Arkansas,AR,Browne,libertarian,0.30169855963618300,,,,20171015
11/07/2000,Arkansas,AR,Phillips,constitution party,0.15350717795224700,,,,20171015
11/07/2000,Arkansas,AR,Hagelin,natural law,0.11911723066541800,,,,20171015
11/07/2000,California,CA,Gore,democrat,53.449736827754500,,,,20171015
11/07/2000,California,CA,Bush,republican,41.651496805255500,,,,20171015
11/07/2000,California,CA,Nader,green,3.8182910501374200,,,,20171015
11/07/2000,California,CA,Browne,libertarian,0.41510795998694900,,,,20171015
11/07/2000,California,CA,Buchanan,reform party,0.41024740324984300,,,,20171015
11/07/2000,California,CA,Phillips,american independent party,0.15541014617964800,,,,20171015
11/07/2000,California,CA,Hagelin,natural law,0.099709807436232300,,,,20171015
11/07/2000,Colorado,CO,Bush,republican,50.750214773672200,,,,20171015
11/07/2000,Colorado,CO,Gore,democrat,42.393509011306100,,,,20171015
11/07/2000,Colorado,CO,Nader,green,5.2506994500875200,,,,20171015
11/07/2000,Colorado,CO,Browne,libertarian,0.73499685304886700,,,,20171015
11/07/2000,Colorado,CO,Hagelin,freedom,0.60096429933247900,,,,20171015
11/07/2000,Colorado,CO,Hagelin,natural law,0.12863449885377500,,,,20171015
11/07/2000,Colorado,CO,Phillips,constitution party,0.075745046423271800,,,,20171015
11/07/2000,Colorado,CO,McReynolds,socialist,0.040887394278521300,,,,20171015
11/07/2000,Colorado,CO,Harris,socialist workers,0.012404040960899700,,,,20171015
11/07/2000,Colorado,CO,Dodge,prohibition,0.011944632036421900,,,,20171015
11/07/2000,Connecticut,CT,Gore,democrat,55.909628132440300,,,,20171015
11/07/2000,Connecticut,CT,Bush,republican,38.443603227077300,,,,20171015
11/07/2000,Connecticut,CT,Nader,green,4.415957246364400,,,,20171015
11/07/2000,Connecticut,CT,Phillips,concerned citizens,0.6642572069680200,,,,20171015
11/07/2000,Connecticut,CT,Buchanan,reform party,0.32414655452972700,,,,20171015
11/07/2000,Connecticut,CT,Browne,libertarian,0.23870779877014800,,,,20171015
11/07/2000,Delaware,DE,Gore,democrat,54.977727163090900,,,,20171015
11/07/2000,Delaware,DE,Bush,republican,41.916288328667100,,,,20171015
11/07/2000,Delaware,DE,Nader,green,2.5362639644123100,,,,20171015
11/07/2000,Delaware,DE,Buchanan,reform party,0.23723090169114800,,,,20171015
11/07/2000,Delaware,DE,Browne,libertarian,0.23631495226376900,,,,20171015
11/07/2000,Delaware,DE,Phillips,constitution party,0.063505826964940500,,,,20171015
11/07/2000,Delaware,DE,Hagelin,natural law,0.032668862909849200,,,,20171015
11/07/2000,District of Columbia,DC,Gore,democrat,85.155081379337700,,,2,20171015
11/07/2000,District of Columbia,DC,Bush,republican,8.9517271439468200,,,,20171015
11/07/2000,District of Columbia,DC,Nader,green,5.2383924237471100,,,,20171015
11/07/2000,District of Columbia,DC,Browne,libertarian,0.33136200184255100,,,,20171015
11/07/2000,District of Columbia,DC,Harris,socialist workers,0.056465273856578200,,,,20171015
11/07/2000,Florida,FL,Bush,republican,48.846826572040400,,,,20171015
11/07/2000,Florida,FL,Gore,democrat,48.837821204036100,,,,20171015
11/07/2000,Florida,FL,Nader,green,1.634851612665200,,,,20171015
11/07/2000,Florida,FL,Buchanan,reform party,0.29320270798291500,,,,20171015
11/07/2000,Florida,FL,Browne,libertarian,0.27527582083845500,,,,20171015
11/07/2000,Florida,FL,Hagelin,natural law,0.038251851802163600,,,,20171015
11/07/2000,Florida,FL,Moorehead,workers world,0.030252670167077200,,,,20171015
11/07/2000,Florida,FL,Phillips,constitution party,0.022991358536065900,,,,20171015
11/07/2000,Florida,FL,McReynolds,socialist,0.010430798693970100,,,,20171015
11/07/2000,Florida,FL,Harris,socialist workers,0.009424612,,,,20171015
11/07/2000,Georgia,GA,Bush,republican,54.959569651379200,,,,20171015
11/07/2000,Georgia,GA,Gore,democrat,43.210999656241400,,,,20171015
11/07/2000,Georgia,GA,Browne,libertarian,1.4064682363944400,,,,20171015
11/07/2000,Georgia,GA,Buchanan,independent,0.42296245598496100,,,,20171015
11/07/2000,Hawaii,HI,Gore,democrat,55.791667912303500,,,,20171015
11/07/2000,Hawaii,HI,Bush,republican,37.462868697190700,,,,20171015
11/07/2000,Hawaii,HI,Nader,green,5.8765976991501600,,,,20171015
11/07/2000,Hawaii,HI,Browne,libertarian,0.40141214455185600,,,,20171015
11/07/2000,Hawaii,HI,Buchanan,reform party,0.2910713654807300,,,,20171015
11/07/2000,Hawaii,HI,Phillips,constitution party,0.093218934042848100,,,,20171015
11/07/2000,Hawaii,HI,Hagelin,natural law,0.083163247280208500,,,,20171015
11/07/2000,Idaho,ID,Bush,republican,67.170439480478100,,,,20171015
11/07/2000,Idaho,ID,Gore,democrat,27.638128843834400,,,,20171015
11/07/2000,Idaho,ID,Nader,green,2.4504849336642600,,,,20171015
11/07/2000,Idaho,ID,Buchanan,reform party,1.5180965481494800,,,,20171015
11/07/2000,Idaho,ID,Browne,libertarian,0.69535400655881500,,,,20171015
11/07/2000,Idaho,ID,Phillips,constitution party,0.29285408131734500,,,,20171015
11/07/2000,Idaho,ID,Hagelin,natural law,0.23464210599762800,,,,20171015
11/07/2000,Illinois,IL,Gore,democrat,54.596521209554900,,,,20171015
11/07/2000,Illinois,IL,Bush,republican,42.584879973210200,,,,20171015
11/07/2000,Illinois,IL,Nader,green,2.1880353631760400,,,,20171015
11/07/2000,Illinois,IL,Browne,libertarian,0.2451019673107400,,,,20171015
11/07/2000,Illinois,IL,Buchanan,reform party,0.044853470228851800,,,,20171015
11/07/2000,Indiana,IN,Bush,republican,56.646881601526300,,,,20171015
11/07/2000,Indiana,IN,Gore,democrat,41.01210293083900,,,,20171015
11/07/2000,Indiana,IN,Buchanan,independent,0.77110828799319100,,,,20171015
11/07/2000,Indiana,IN,Browne,libertarian,0.70613312769233100,,,,20171015
11/07/2000,Iowa,IA,Gore,democrat,48.53564596,,,,20171015
11/07/2000,Iowa,IA,Bush,republican,48.22064774,,,,20171015
11/07/2000,Iowa,IA,Nader,green,2.232808311,,,,20171015
11/07/2000,Iowa,IA,Buchanan,reform party,0.435630981,,,,20171015
11/07/2000,Iowa,IA,Browne,libertarian,0.243925985,,,,20171015
11/07/2000,Iowa,IA,Hagelin,nominated by petition,0.173385843,,,,20171015
11/07/2000,Iowa,IA,Phillips,constitution party,0.088783281,,,,20171015
11/07/2000,Iowa,IA,Harris,socialist workers,0.04659602,,,,20171015
11/07/2000,Iowa,IA,McReynolds,socialist,0.014442486,,,,20171015
11/07/2000,Kansas,KS,Bush,republican,58.041663246957700,,,,20171015
11/07/2000,Kansas,KS,Gore,democrat,37.238392264245300,,,,20171015
11/07/2000,Kansas,KS,Nader,green,3.365553209,,,,JJCooley
11/07/2000,Kansas,KS,Buchanan,reform party,0.68736150178695300,,,,20171015
11/07/2000,Kansas,KS,Browne,libertarian,0.42202317443500200,,,,20171015
11/07/2000,Kansas,KS,Phillips,constitution party,0.11695404657270500,,,,20171015
11/07/2000,Kentucky,KY,Bush,republican,56.506483363188800,,,,20171015
11/07/2000,Kentucky,KY,Gore,democrat,41.378182585910600,,,,20171015
11/07/2000,Kentucky,KY,Nader,green,1.497177007,,,,20171015
11/07/2000,Kentucky,KY,Buchanan,reform party,0.2688934567963600,,,,20171015
11/07/2000,Kentucky,KY,Browne,libertarian,0.18683950454178700,,,,20171015
11/07/2000,Kentucky,KY,Hagelin,natural law,0.097985501,,,,20171015
11/07/2000,Louisiana,LA,Bush,republican,52.551063174253600,,,,20171015
11/07/2000,Louisiana,LA,Gore,democrat,44.875332454339900,,,,20171015
11/07/2000,Louisiana,LA,Nader,green,1.1595123851984800,,,,20171015
11/07/2000,Louisiana,LA,Buchanan,reform party,0.81306891036532600,,,,20171015
11/07/2000,Louisiana,LA,Phillips,constitution party,0.31053614067519400,,,,20171015
11/07/2000,Louisiana,LA,Browne,libertarian,0.16713334873837300,,,,20171015
11/07/2000,Louisiana,LA,Harris,socialist workers,0.062469699647043400,,,,20171015
11/07/2000,Louisiana,LA,Hagelin,natural law,0.060883886782023200,,,,20171015
11/07/2000,Maine,ME,Gore,democrat,49.08601647394900,,,,20171015
11/07/2000,Maine,ME,Bush,republican,43.971850994987900,,,,20171015
11/07/2000,Maine,ME,Nader,green,5.6959238559288900,,,,20171015
11/07/2000,Maine,ME,Buchanan,reform party,0.68163303503897600,,,,20171015
11/07/2000,Maine,ME,Browne,libertarian,0.47160476023178300,,,,20171015
11/07/2000,Maine,ME,Phillips,constitution party,0.088828612938907700,,,,20171015
11/07/2000,Maine 1st CD,ME-1,Bush,republican,42.59,,,,JJCooley
11/07/2000,Maine 1st CD,ME-1,Gore,democrat,50.52,,,,JJCooley
11/07/2000,Maine 2nd CD,ME-2,Bush,republican,45.56,,,,JJCooley
11/07/2000,Maine 2nd CD,ME-2,Gore,democrat,47.43,,,,JJCooley
11/07/2000,Maryland,MD,Gore,democrat,56.488308384504900,,,,20171015
11/07/2000,Maryland,MD,Bush,republican,40.184780655062300,,,,20171015
11/07/2000,Maryland,MD,Nader,green,2.6549319281141900,,,,20171015
11/07/2000,Maryland,MD,Browne,libertarian,0.26219477269540200,,,,20171015
11/07/2000,Maryland,MD,Buchanan,reform party,0.20975581815632100,,,,20171015
11/07/2000,Maryland,MD,Phillips,constitution party,0.045328587821916900,,,,20171015
11/07/2000,Massachusetts,MA,Gore,democrat,59.80472389,,,,20171015
11/07/2000,Massachusetts,MA,Bush,republican,32.5016963,,,,20171015
11/07/2000,Massachusetts,MA,Nader,green,6.421299458,,,,20171015
11/07/2000,Massachusetts,MA,Browne,libertarian,0.60548839,,,,20171015
11/07/2000,Massachusetts,MA,Buchanan,reform party,0.412476479,,,,20171015
11/07/2000,Massachusetts,MA,Hagelin,unenrolled,0.14761693,,,,20171015
11/07/2000,Michigan,MI,Gore,democrat,51.279798870691300,,,,20171015
11/07/2000,Michigan,MI,Bush,republican,46.146214732140600,,,,20171015
11/07/2000,Michigan,MI,Nader,green,1.9885405815615900,,,,20171015
11/07/2000,Michigan,MI,Browne,libertarian,0.39482565981673700,,,,20171015
11/07/2000,Michigan,MI,Phillips,u.s. taxpayers party,0.089568792,,,,20171015
11/07/2000,Michigan,MI,Hagelin,natural law,0.057318356215391300,,,,20171015
11/07/2000,Minnesota,MN,Gore,democrat,47.905572060352200,,,,20171015
11/07/2000,Minnesota,MN,Bush,republican,45.502350652093200,,,,20171015
11/07/2000,Minnesota,MN,Nader,green,5.1952589202787600,,,,20171015
11/07/2000,Minnesota,MN,Buchanan,reform party minnesota,0.90893247795430700,,,,20171015
11/07/2000,Minnesota,MN,Browne,libertarian,0.21659213879611300,,,,20171015
11/07/2000,Minnesota,MN,Phillips,constitution party,0.13417066984870900,,,,20171015
11/07/2000,Minnesota,MN,Buchanan,reform party,0.094067089435494900,,,,20171015
11/07/2000,Minnesota,MN,Harris,socialist workers,0.041907831474749700,,,,20171015
11/07/2000,Mississippi,MS,Bush,republican,57.619515099820600,,,,20171015
11/07/2000,Mississippi,MS,Gore,democrat,40.698100150475200,,,,20171015
11/07/2000,Mississippi,MS,Phillips,constitution party,0.32861120275522400,,,,20171015
11/07/2000,Mississippi,MS,Buchanan,reform party,0.22782503037667100,,,,20171015
11/07/2000,Mississippi,MS,Browne,libertarian,0.20207526976897600,,,,20171015
11/07/2000,Mississippi,MS,Hagelin,natural law,0.045263251068212700,,,,20171015
11/07/2000,Missouri,MO,Bush,republican,50.422815959374400,,,,20171015
11/07/2000,Missouri,MO,Gore,democrat,47.084273348102400,,,,20171015
11/07/2000,Missouri,MO,Nader,green,1.6320662131995900,,,,20171015
11/07/2000,Missouri,MO,Buchanan,reform party,0.4160359880875900,,,,20171015
11/07/2000,Missouri,MO,Browne,libertarian,0.31509916555503400,,,,20171015
11/07/2000,Missouri,MO,Phillips,constitution party,0.082927523801936700,,,,20171015
11/07/2000,Missouri,MO,Hagelin,natural law,0.046781802,,,,20171015
11/07/2000,Montana,MT,Bush,republican,58.439460224922500,,,,20171015
11/07/2000,Montana,MT,Gore,democrat,33.365126792640100,,,,20171015
11/07/2000,Montana,MT,Nader,green,5.9459446307173500,,,,20171015
11/07/2000,Montana,MT,Buchanan,reform party,1.386178605,,,,20171015
11/07/2000,Montana,MT,Browne,libertarian,0.41801910527365900,,,,20171015
11/07/2000,Montana,MT,Phillips,constitution party,0.28103147065836800,,,,20171015
11/07/2000,Montana,MT,Hagelin,natural law,0.16423917116398100,,,,20171015
11/07/2000,Nebraska,NE,Bush,republican,62.245362034607400,,,,20171015
11/07/2000,Nebraska,NE,Gore,democrat,33.253039013283700,,,,20171015
11/07/2000,Nebraska,NE,Nader,green,3.5207074699541900,,,,20171015
11/07/2000,Nebraska,NE,Browne,libertarian,0.32208591157486400,,,,20171015
11/07/2000,Nebraska 1st CD,NE-1,Bush,republican,58.9,,,,JJCooley
11/07/2000,Nebraska 1st CD,NE-1,Gore,democrat,35.92,,,,JJCooley
11/07/2000,Nebraska 2nd CD,NE-2,Bush,republican,56.92,,,,JJCooley
11/07/2000,Nebraska 2nd CD,NE-2,Gore,democrat,38.52,,,,JJCooley
11/07/2000,Nebraska 3rd CD,NE-3,Bush,republican,71.35,,,,JJCooley
11/07/2000,Nebraska 3rd CD,NE-3,Gore,democrat,24.94,,,,JJCooley
11/07/2000,Nevada,NV,Bush,republican,49.52214395,,,,20171015
11/07/2000,Nevada,NV,Gore,democrat,45.97566383,,,,20171015
11/07/2000,Nevada,NV,Nader,green,2.46448922,,,,20171015
11/07/2000,Nevada,NV,Buchanan,citizens first,0.779512948,,,,20171015
11/07/2000,Nevada,NV,Browne,libertarian,0.543704944,,,,20171015
11/07/2000,Nevada,NV,Phillips,independent american,0.101975467,,,,20171015
11/07/2000,Nevada,NV,Hagelin,natural law,0.068147856,,,,20171015
11/07/2000,New Hampshire,NH,Bush,republican,48.070309850443100,,,,20171015
11/07/2000,New Hampshire,NH,Gore,democrat,46.803179160787300,,,,20171015
11/07/2000,New Hampshire,NH,Nader,green,3.9006749478545200,,,,20171015
11/07/2000,New Hampshire,NH,Browne,libertarian,0.48446530458757200,,,,20171015
11/07/2000,New Hampshire,NH,Buchanan,independence,0.45951279343362400,,,,20171015
11/07/2000,New Jersey,NJ,Gore,democrat,56.125608915087900,,,,20171015
11/07/2000,New Jersey,NJ,Bush,republican,40.29124386,,,,20171015
11/07/2000,New Jersey,NJ,Nader,green,2.966655016,,,,JJCooley
11/07/2000,New Mexico,NM,Gore,democrat,47.908554054844200,,,,20171015
11/07/2000,New Mexico,NM,Bush,republican,47.847411899332600,,,,20171015
11/07/2000,New Mexico,NM,Nader,green,3.5500872862739200,,,,20171015
11/07/2000,New Mexico,NM,Browne,libertarian,0.34379933345027200,,,,20171015
11/07/2000,New Mexico,NM,Buchanan,reform party,0.23254065702758900,,,,20171015
11/07/2000,New Mexico,NM,Hagelin,natural law,0.060306880163045700,,,,20171015
11/07/2000,New Mexico,NM,Phillips,constitution party,0.057299888908378600,,,,20171015
11/07/2000,New York,NY,Gore,democrat,57.7868012,,,,20171015
11/07/2000,New York,NY,Bush,republican,33.10726079,,,,20171015
11/07/2000,New York,NY,Nader,green,3.577104013,,,,20171015
11/07/2000,New York,NY,Bush,conservative,2.122501044,,,,20171015
11/07/2000,New York,NY,Gore,working families,1.295734579,,,,20171015
11/07/2000,New York,NY,Gore,liberal party,1.129976712,,,,20171015
11/07/2000,New York,NY,Buchanan,right-to-life,0.369026732,,,,20171015
11/07/2000,New York,NY,Hagelin,independence,0.357094746,,,,20171015
11/07/2000,New York,NY,Browne,libertarian,0.112122561,,,,20171015
11/07/2000,New York,NY,Buchanan,reform party,0.094165948,,,,20171015
11/07/2000,New York,NY,Harris,socialist workers,0.026223985,,,,20171015
11/07/2000,New York,NY,Phillips,constitution party,0.021958373,,,,20171015
11/07/2000,North Carolina,NC,Bush,republican,55.957756287328600,,,,20171015
11/07/2000,North Carolina,NC,Gore,democrat,43.145671168683300,,,,20171015
11/07/2000,North Carolina,NC,Browne,libertarian,0.47653679772486400,,,,20171015
11/07/2000,North Carolina,NC,Buchanan,reform party,0.30442643027934900,,,,20171015
11/07/2000,North Dakota,ND,Bush,republican,60.658581261101200,,,,20171015
11/07/2000,North Dakota,ND,Gore,democrat,33.055339698046200,,,,20171015
11/07/2000,North Dakota,ND,Nader,green,3.220588435,,,,JJCooley
11/07/2000,North Dakota,ND,Buchanan,reform party,2.528308170515100,,,,20171015
11/07/2000,North Dakota,ND,Phillips,constitution party,0.12939886767317900,,,,20171015
11/07/2000,Ohio,OH,Bush,republican,49.986473835165400,,,,20171015
11/07/2000,Ohio,OH,Gore,democrat,46.440428090356500,,,,20171015
11/07/2000,Ohio,OH,Nader,green,2.506530203,,,,JJCooley
11/07/2000,Ohio,OH,Browne,libertarian,0.28653776543503400,,,,20171015
11/07/2000,Ohio,OH,Hagelin,natural law,0.13145475604200600,,,,20171015
11/07/2000,Oklahoma,OK,Bush,republican,60.307852108482300,,,,20171015
11/07/2000,Oklahoma,OK,Gore,democrat,38.426904569573400,,,,20171015
11/07/2000,Oklahoma,OK,Buchanan,reform party,0.73033448411923600,,,,20171015
11/07/2000,Oklahoma,OK,Browne,libertarian,0.53490883782507100,,,,20171015
11/07/2000,Oregon,OR,Gore,democrat,46.959940024120700,,,,20171015
11/07/2000,Oregon,OR,Bush,republican,46.518921737996700,,,,20171015
11/07/2000,Oregon,OR,Nader,green,5.0429935786694500,,,,20171015
11/07/2000,Oregon,OR,Browne,libertarian,0.48547866618859800,,,,20171015
11/07/2000,Oregon,OR,Buchanan,independent,0.46044525571237700,,,,20171015
11/07/2000,Oregon,OR,Buchanan,reform party,0.16780207959842200,,,,20171015
11/07/2000,Oregon,OR,Phillips,constitution party,0.14270347794908600,,,,20171015
11/07/2000,Pennsylvania,PA,Gore,democrat,50.608171312766100,,,,20171015
11/07/2000,Pennsylvania,PA,Bush,republican,46.438132928625400,,,,20171015
11/07/2000,Pennsylvania,PA,Nader,green,2.1048067204309300,,,,20171015
11/07/2000,Pennsylvania,PA,Buchanan,reform party,0.32618885485786900,,,,20171015
11/07/2000,Pennsylvania,PA,Phillips,constitution party,0.29371857941018100,,,,20171015
11/07/2000,Pennsylvania,PA,Browne,libertarian,0.22898160390946200,,,,20171015
11/07/2000,Rhode Island,RI,Gore,democrat,60.987700189679100,,,,20171015
11/07/2000,Rhode Island,RI,Bush,republican,31.911799213907200,,,,20171015
11/07/2000,Rhode Island,RI,Nader,green,6.1235065214415600,,,,20171015
11/07/2000,Rhode Island,RI,Buchanan,reform party,0.55559357828663100,,,,20171015
11/07/2000,Rhode Island,RI,Browne,libertarian,0.18136842722775200,,,,20171015
11/07/2000,Rhode Island,RI,Hagelin,natural law,0.066241029351375700,,,,20171015
11/07/2000,Rhode Island,RI,Moorehead,workers world,0.048641936682375500,,,,20171015
11/07/2000,Rhode Island,RI,Phillips,constitution party,0.023709888734625200,,,,20171015
11/07/2000,South Carolina,SC,Bush,republican,56.860384622610600,,,,20171015
11/07/2000,South Carolina,SC,Gore,democrat,40.901523373764900,,,,20171015
11/07/2000,South Carolina,SC,Nader,united citizens,1.4653494250315400,,,,20171015
11/07/2000,South Carolina,SC,Browne,libertarian,0.34395499103260200,,,,20171015
11/07/2000,South Carolina,SC,Buchanan,reform party,0.23910652632917600,,,,20171015
11/07/2000,South Carolina,SC,Hagelin,natural law,0.068140663,,,,20171015
11/07/2000,South Dakota,SD,Bush,republican,60.296772684012700,,,,20171015
11/07/2000,South Dakota,SD,Gore,democrat,37.564225390411300,,,,20171015
11/07/2000,South Dakota,SD,Buchanan,reform party,1.0503716772747200,,,,20171015
11/07/2000,South Dakota,SD,Phillips,independent,0.56312822312651600,,,,20171015
11/07/2000,South Dakota,SD,Browne,libertarian,0.52550202517477200,,,,20171015
11/07/2000,Tennessee,TN,Bush,republican,51.14915318076800,,,,20171015
11/07/2000,Tennessee,TN,Gore,democrat,47.284894717753400,,,,20171015
11/07/2000,Texas,TX,Bush,republican,59.298599468103500,,,,20171015
11/07/2000,Texas,TX,Gore,democrat,37.98195809157100,,,,20171015
11/07/2000,Texas,TX,Nader,green,2.1535864157098800,,,,20171015
11/07/2000,Texas,TX,Browne,libertarian,0.36144369601461500,,,,20171015
11/07/2000,Utah,UT,Bush,republican,66.830142950928600,,,,20171015
11/07/2000,Utah,UT,Gore,democrat,26.344722181136900,,,,20171015
11/07/2000,Utah,UT,Nader,green,4.6512895164994300,,,,20171015
11/07/2000,Utah,UT,Buchanan,reform party,1.2090757881243600,,,,20171015
11/07/2000,Utah,UT,Browne,libertarian,0.46915098721511700,,,,20171015
11/07/2000,Utah,UT,Phillips,independent american,0.35147401116309500,,,,20171015
11/07/2000,Utah,UT,Hagelin,natural law,0.098993972136375500,,,,20171015
11/07/2000,Utah,UT,Harris,socialist workers,0.024132213391043100,,,,20171015
11/07/2000,Vermont,VT,Gore,democrat,50.634709216195300,,,,20171015
11/07/2000,Vermont,VT,Bush,republican,40.697160797531800,,,,20171015
11/07/2000,Vermont,VT,Nader,progressive/green,6.9226796417358700,,,,20171015
11/07/2000,Vermont,VT,Buchanan,reform party,0.74479796675591600,,,,20171015
11/07/2000,Vermont,VT,Lane,vermont grassroots,0.35473041847316400,,,,20171015
11/07/2000,Vermont,VT,Browne,libertarian,0.26638759394919600,,,,20171015
11/07/2000,Vermont,VT,Hagelin,natural law,0.074411841,,,,20171015
11/07/2000,Vermont,VT,McReynolds,liberty union party,0.054704595185995600,,,,20171015
11/07/2000,Vermont,VT,Phillips,constitution party,0.051986354,,,,20171015
11/07/2000,Vermont,VT,Harris,socialist workers,0.023784606602606800,,,,20171015
11/07/2000,Virginia,VA,Bush,republican,52.47372918694900,,,,20171015
11/07/2000,Virginia,VA,Gore,democrat,44.435610544755900,,,,20171015
11/07/2000,Virginia,VA,Nader,green,2.1682478251997600,,,,20171015
11/07/2000,Virginia,VA,Browne,libertarian,0.55478350192575400,,,,20171015
11/07/2000,Virginia,VA,Buchanan,reform party,0.19912778016877100,,,,20171015
11/07/2000,Virginia,VA,Phillips,conservative,0.066035225357526500,,,,20171015
11/07/2000,Washington,WA,Gore,democrat,50.158215316754300,,,,20171015
11/07/2000,Washington,WA,Bush,republican,44.578647947502500,,,,20171015
11/07/2000,Washington,WA,Nader,green,4.1408954532644700,,,,20171015
11/07/2000,Washington,WA,Browne,libertarian,0.52805442397845500,,,,20171015
11/07/2000,Washington,WA,Buchanan,freedom,0.28828917200985900,,,,20171015
11/07/2000,Washington,WA,Hagelin,natural law,0.1176715111522600,,,,20171015
11/07/2000,Washington,WA,Phillips,constitution party,0.079961952744053800,,,,20171015
11/07/2000,Washington,WA,Moorehead,workers world,0.069509409901693800,,,,20171015
11/07/2000,Washington,WA,McReynolds,socialist,0.026533377984452200,,,,20171015
11/07/2000,Washington,WA,Harris,socialist workers,0.012221434707990100,,,,20171015
11/07/2000,West Virginia,WV,Bush,republican,51.91521992705100,,,,20171015
11/07/2000,West Virginia,WV,Gore,democrat,45.592664366695300,,,,20171015
11/07/2000,West Virginia,WV,Nader,green,1.6478328221142900,,,,20171015
11/07/2000,West Virginia,WV,Buchanan,reform party,0.48894964543821900,,,,20171015
11/07/2000,West Virginia,WV,Browne,libertarian,0.29500527676802600,,,,20171015
11/07/2000,West Virginia,WV,Hagelin,natural law,0.056624966827335500,,,,20171015
11/07/2000,Wisconsin,WI,Gore,democrat,47.94647682,,,,20171015
11/07/2000,Wisconsin,WI,Bush,republican,47.72629874,,,,20171015
11/07/2000,Wisconsin,WI,Nader,green,3.628618059,,,,20171015
11/07/2000,Wisconsin,WI,Buchanan,reform party,0.442477705,,,,20171015
11/07/2000,Wisconsin,WI,Browne,libertarian,0.256128669,,,,20171015
11/07/2000,Wyoming,WY,Bush,republican,69.22274314,,,,20171015
11/07/2000,Wyoming,WY,Gore,democrat,28.298382040556600,,,,20171015
11/07/2000,Wyoming,WY,Nader,green,2.12,,,,JJCooley
11/07/2000,Wyoming,WY,Buchanan,reform party,1.2745290699306600,,,,20171015
11/07/2000,Wyoming,WY,Browne,libertarian,0.67516352713287100,,,,20171015
11/07/2000,Wyoming,WY,Phillips,independent,0.33687993037814800,,,,20171015
11/07/2000,Wyoming,WY,Hagelin,natural law,0.19230229359085900,,,,20171015
11/07/2000,National Popular Vote,NPV,Gore,democrat,48.37716619,,,,20210915
11/07/2000,National Popular Vote,NPV,Bush,republican,47.86124164,,,,20210915
11/07/2000,National Popular Vote,NPV,Nader,green,2.734695585,,,,20210915
11/07/2000,National Popular Vote,NPV,Buchanan,reform party,0.425810037,,,,20210915
11/07/2000,National Popular Vote,NPV,Browne,libertarian,0.364661175,,,,20210915
11/02/2004,Alabama,AL,Bush,republican,62.460689757700800,,,,20171015
11/02/2004,Alabama,AL,Kerry,democrat,36.844402322377200,,,,20171015
11/02/2004,Alaska,AK,Bush,republican,61.065329912539400,,,,20171015
11/02/2004,Alaska,AK,Kerry,democrat,35.516861912104400,,,,20171015
11/02/2004,Alaska,AK,Nader,populist,1.6215714751853800,,,,20171015
11/02/2004,Alaska,AK,Peroutka,alaskan independence party,0.6692301294314100,,,,20171015
11/02/2004,Alaska,AK,Badnarik,libertarian,0.53583196309637300,,,,20171015
11/02/2004,Alaska,AK,Cobb,green,0.33845386086923100,,,,20171015
11/02/2004,Arizona,AZ,Bush,republican,54.869434086013800,,,,20171015
11/02/2004,Arizona,AZ,Kerry,democrat,44.396832928795600,,,,20171015
11/02/2004,Arizona,AZ,Badnarik,libertarian,0.58909313147022400,,,,20171015
11/02/2004,Arkansas,AR,Bush,republican,54.305959078435400,,,,20171015
11/02/2004,Arkansas,AR,Kerry,democrat,44.547630445189100,,,,20171015
11/02/2004,Arkansas,AR,Nader,populist,0.58495940546663600,,,,20171015
11/02/2004,Arkansas,AR,Badnarik,libertarian,0.2229500116119800,,,,20171015
11/02/2004,Arkansas,AR,Peroutka,constitution party,0.19745105195057600,,,,20171015
11/02/2004,Arkansas,AR,Cobb,green,0.14105000734635500,,,,20171015
11/02/2004,California,CA,Kerry,democrat,54.305557534674400,,,,20171015
11/02/2004,California,CA,Bush,republican,44.357695977241800,,,,20171015
11/02/2004,California,CA,Badnarik,libertarian,0.40386099646310700,,,,20171015
11/02/2004,California,CA,Cobb,green,0.32823316429377700,,,,20171015
11/02/2004,California,CA,Peltier,peace & freedom,0.22225437116230400,,,,20171015
11/02/2004,California,CA,Peroutka,american independent party,0.21450964319265400,,,,20171015
11/02/2004,Colorado,CO,Bush,republican,51.711095354592100,,,,20171015
11/02/2004,Colorado,CO,Kerry,democrat,47.037842254288300,,,,20171015
11/02/2004,Colorado,CO,Nader,reform party,0.59719293961861900,,,,20171015
11/02/2004,Colorado,CO,Badnarik,libertarian,0.35987472002178800,,,,20171015
11/02/2004,Colorado,CO,Peroutka,american constitution party,0.12030258777346300,,,,20171015
11/02/2004,Colorado,CO,Cobb,green,0.074707813094293400,,,,20171015
11/02/2004,Colorado,CO,Andress,unaffiliated,0.037753036912515300,,,,20171015
11/02/2004,Colorado,CO,Amondson,concerns of people,0.017749562130510900,,,,20171015
11/02/2004,Colorado,CO,Van Auken,socialist equality party,0.015448692965444700,,,,20171015
11/02/2004,Colorado,CO,Calero,socialist workers,0.01131652,,,,20171015
11/02/2004,Colorado,CO,Brown,socialist,0.010142606931720500,,,,20171015
11/02/2004,Colorado,CO,Dodge,prohibition,0.006573912,,,,20171015
11/02/2004,Connecticut,CT,Kerry,democrat,54.313708971990200,,,,20171015
11/02/2004,Connecticut,CT,Bush,republican,43.94727791082800,,,,20171015
11/02/2004,Connecticut,CT,Nader,petitioning candidate,0.82146279791407100,,,,20171015
11/02/2004,Connecticut,CT,Cobb,green,0.60578843390008300,,,,20171015
11/02/2004,Connecticut,CT,Badnarik,libertarian,0.21326742544349400,,,,20171015
11/02/2004,Connecticut,CT,Peroutka,concerned citizens,0.097734374059789600,,,,20171015
11/02/2004,Connecticut,CT,Calero,socialist workers,0.000760086,,,,20171015
11/02/2004,Delaware,DE,Kerry,democrat,53.346837602281500,,,,20171015
11/02/2004,Delaware,DE,Bush,republican,45.752818571923600,,,,20171015
11/02/2004,Delaware,DE,Nader,independent,0.57384258642287900,,,,20171015
11/02/2004,Delaware,DE,Badnarik,libertarian,0.1561875316506300,,,,20171015
11/02/2004,Delaware,DE,Peroutka,constitution party,0.077027639329406400,,,,20171015
11/02/2004,Delaware,DE,Cobb,green,0.066632905994296200,,,,20171015
11/02/2004,Delaware,DE,Brown,natural law,0.026653162397718500,,,,20171015
11/02/2004,District of Columbia,DC,Kerry,democrat,89.183868955032400,,,,20171015
11/02/2004,District of Columbia,DC,Bush,republican,9.339766066,,,,20171015
11/02/2004,District of Columbia,DC,Nader,independent,0.65250059318235700,,,,20171015
11/02/2004,District of Columbia,DC,Cobb,d.c. statehood green,0.3238336277275400,,,,20171015
11/02/2004,District of Columbia,DC,Badnarik,libertarian,0.22057595809935600,,,,20171015
11/02/2004,District of Columbia,DC,Calero,socialist workers,0.057121264,,,,20171015
11/02/2004,Florida,FL,Bush,republican,52.097516232336900,,,,20171015
11/02/2004,Florida,FL,Kerry,democrat,47.091110027714200,,,,20171015
11/02/2004,Florida,FL,Nader,reform party,0.43326968741663700,,,,20171015
11/02/2004,Florida,FL,Badnarik,libertarian,0.15763862698280200,,,,20171015
11/02/2004,Florida,FL,Peroutka,constitution party of florida,0.087071819,,,,20171015
11/02/2004,Florida,FL,Cobb,green,0.051473032835248200,,,,20171015
11/02/2004,Florida,FL,Brown,socialist party of florida,0.046019545823088900,,,,20171015
11/02/2004,Florida,FL,Calero,socialist workers,0.035901027752335500,,,,20171015
11/02/2004,Georgia,GA,Bush,republican,57.974756766988500,,,,20171015
11/02/2004,Georgia,GA,Kerry,democrat,41.374946053378800,,,,20171015
11/02/2004,Georgia,GA,Badnarik,libertarian,0.55686541737649100,,,,20171015
11/02/2004,Hawaii,HI,Kerry,democrat,54.009552158093100,,,,20171015
11/02/2004,Hawaii,HI,Bush,republican,45.264595711551900,,,,20171015
11/02/2004,Hawaii,HI,Cobb,green,0.40488283571826500,,,,20171015
11/02/2004,Hawaii,HI,Badnarik,libertarian,0.32096929463675900,,,,20171015
11/02/2004,Idaho,ID,Bush,republican,68.390944823990300,,,,20171015
11/02/2004,Idaho,ID,Kerry,democrat,30.264917042127400,,,,20171015
11/02/2004,Idaho,ID,Badnarik,libertarian,0.64240544406861200,,,,20171015
11/02/2004,Idaho,ID,Peroutka,constitution party,0.51539500247336100,,,,20171015
11/02/2004,Idaho,ID,Nader,independent,0.18633768734040100,,,,20171015
11/02/2004,Illinois,IL,Kerry,democrat,54.823160209027800,,,,20171015
11/02/2004,Illinois,IL,Bush,republican,44.478626826348500,,,,20171015
11/02/2004,Illinois,IL,Badnarik,libertarian,0.61509327644387300,,,,20171015
11/02/2004,Indiana,IN,Bush,republican,59.944765036657200,,,,20171015
11/02/2004,Indiana,IN,Kerry,democrat,39.262974665336600,,,,20171015
11/02/2004,Indiana,IN,Badnarik,libertarian,0.73168498242708100,,,,20171015
11/02/2004,Iowa,IA,Bush,republican,49.900657505302200,,,,20171015
11/02/2004,Iowa,IA,Kerry,democrat,49.23313168421700,,,,20171015
11/02/2004,Iowa,IA,Badnarik,libertarian,0.19855226729169900,,,,20171015
11/02/2004,Iowa,IA,Peroutka,constitution party,0.086534811680606900,,,,20171015
11/02/2004,Iowa,IA,Cobb,green,0.07571796,,,,20171015
11/02/2004,Iowa,IA,Calero,socialist workers,0.024752672359560100,,,,20171015
11/02/2004,Kansas,KS,Bush,republican,62.003980615547300,,,,20171015
11/02/2004,Kansas,KS,Kerry,democrat,36.623094305564400,,,,20171015
11/02/2004,Kansas,KS,Nader,reform party,0.78703033282930200,,,,20171015
11/02/2004,Kansas,KS,Badnarik,libertarian,0.33786400573855200,,,,20171015
11/02/2004,Kansas,KS,Peroutka,independent,0.24407369863844100,,,,20171015
11/02/2004,Kentucky,KY,Bush,republican,59.549513832200600,,,,20171015
11/02/2004,Kentucky,KY,Kerry,democrat,39.687072981409700,,,,20171015
11/02/2004,Kentucky,KY,Nader,independent,0.49312816766357700,,,,20171015
11/02/2004,Kentucky,KY,Badnarik,libertarian,0.1458336349492900,,,,20171015
11/02/2004,Kentucky,KY,Peroutka,constitution party,0.12322635897013300,,,,20171015
11/02/2004,Louisiana,LA,Bush,republican,56.72202134,,,,20171015
11/02/2004,Louisiana,LA,Kerry,democrat,42.215864703212300,,,,20171015
11/02/2004,Louisiana,LA,Nader,independent,0.36189482200147600,,,,20171015
11/02/2004,Louisiana,LA,Peroutka,constitution party,0.26776717276360600,,,,20171015
11/02/2004,Louisiana,LA,Badnarik,libertarian,0.14312137371816100,,,,20171015
11/02/2004,Louisiana,LA,Brown,protecting working families,0.092377873363573600,,,,20171015
11/02/2004,Louisiana,LA,Amondson,prohibition,0.080592618210226300,,,,20171015
11/02/2004,Louisiana,LA,Cobb,green,0.065668059282406600,,,,20171015
11/02/2004,Louisiana,LA,Calero,socialist,0.050692036358284100,,,,20171015
11/02/2004,Maine,ME,Kerry,democrat,53.572855692593500,,,,20171015
11/02/2004,Maine,ME,Bush,republican,44.576457437846900,,,,20171015
11/02/2004,Maine,ME,Nader,independent,1.0892984426636700,,,,20171015
11/02/2004,Maine,ME,Cobb,green,0.39635397541957400,,,,20171015
11/02/2004,Maine,ME,Badnarik,libertarian,0.26527096788128800,,,,20171015
11/02/2004,Maine,ME,Peroutka,constitution party,0.099223491802924600,,,,20171015
11/02/2004,Maine 1st CD,ME-1,Bush,republican,43,,,,JJCooley
11/02/2004,Maine 1st CD,ME-1,Kerry,democrat,55,,,,JJCooley
11/02/2004,Maine 2nd CD,ME-2,Bush,republican,46,,,,JJCooley
11/02/2004,Maine 2nd CD,ME-2,Kerry,democrat,52,,,,JJCooley
11/02/2004,Maryland,MD,Kerry,democrat,55.97146761355200,,,,20171015
11/02/2004,Maryland,MD,Bush,republican,42.978217778594300,,,,20171015
11/02/2004,Maryland,MD,Nader,populist,0.49718190885305900,,,,20171015
11/02/2004,Maryland,MD,Badnarik,libertarian,0.25559528872537100,,,,20171015
11/02/2004,Maryland,MD,Cobb,green,0.15233378546940400,,,,20171015
11/02/2004,Maryland,MD,Peroutka,constitution party,0.14348399782236500,,,,20171015
11/02/2004,Massachusetts,MA,Kerry,democrat,61.68478317,,,,20171015
11/02/2004,Massachusetts,MA,Bush,republican,36.62885376,,,,20171015
11/02/2004,Massachusetts,MA,Badnarik,libertarian,0.513709287,,,,20171015
11/02/2004,Massachusetts,MA,Cobb,green-rainbow,0.363276112,,,,20171015
11/02/2004,Massachusetts,MA,Nader,independent,0.164351407,,,,20171015
11/02/2004,Michigan,MI,Kerry,democrat,51.230706729056500,,,,20171015
11/02/2004,Michigan,MI,Bush,republican,47.812058557810200,,,,20171015
11/02/2004,Michigan,MI,Nader,no party affiliation,0.49666766682123600,,,,20171015
11/02/2004,Michigan,MI,Badnarik,libertarian,0.21805022759715800,,,,20171015
11/02/2004,Michigan,MI,Cobb,green,0.11003766697828500,,,,20171015
11/02/2004,Michigan,MI,Peroutka,u.s. taxpayers party,0.10290846601912900,,,,20171015
11/02/2004,Michigan,MI,Brown,natural law,0.029570685717544800,,,,20171015
11/02/2004,Minnesota,MN,Kerry,democrat,51.089684686006500,,,9,20171015
11/02/2004,Minnesota,MN,Bush,republican,47.613533791521500,,,,20171015
11/02/2004,Minnesota,MN,Nader,better life,0.66055317041126300,,,,20171015
11/02/2004,Minnesota,MN,Badnarik,libertarian,0.16401574466294700,,,,20171015
11/02/2004,Minnesota,MN,Cobb,green,0.15584854547839500,,,,20171015
11/02/2004,Minnesota,MN,Peroutka,constitution party,0.10868385408361700,,,,20171015
11/02/2004,Minnesota,MN,Harens,christian freedom party,0.084394391573713200,,,,20171015
11/02/2004,Minnesota,MN,Edwards,independent,0,,,1,JJCooley
11/02/2004,Minnesota,MN,Van Auken,socialist equality party,0.019056798097290100,,,,20171015
11/02/2004,Minnesota,MN,Calero,socialist workers,0.014708029700320400,,,,20171015
11/02/2004,Mississippi,MS,Bush,republican,59.014374148991400,,,,20171015
11/02/2004,Mississippi,MS,Kerry,democrat,40.161112592821300,,,,20171015
11/02/2004,Mississippi,MS,Nader,reform party,0.27855177641460400,,,,20171015
11/02/2004,Mississippi,MS,Badnarik,libertarian,0.15730498743665700,,,,20171015
11/02/2004,Mississippi,MS,Peroutka,constitution party,0.15423433793287400,,,,20171015
11/02/2004,Mississippi,MS,Calero,independent,0.14028481590140200,,,,20171015
11/02/2004,Mississippi,MS,Cobb,green,0.094137340501691500,,,,20171015
11/02/2004,Missouri,MO,Bush,republican,53.296191939265500,,,,20171015
11/02/2004,Missouri,MO,Kerry,democrat,46.100446516831900,,,,20171015
11/02/2004,Missouri,MO,Badnarik,libertarian,0.3599300569239400,,,,20171015
11/02/2004,Missouri,MO,Peroutka,constitution party,0.19605589002417800,,,,20171015
11/02/2004,Missouri,MO,Nader,independent,0.047375596954488700,,,,20171015
11/02/2004,Montana,MT,Bush,republican,59.068143168588500,,,,20171015
11/02/2004,Montana,MT,Kerry,democrat,38.56502839483700,,,,20171015
11/02/2004,Montana,MT,Nader,independent,1.3693460085162300,,,,20171015
11/02/2004,Montana,MT,Peroutka,constitution party,0.39162230204647100,,,,20171015
11/02/2004,Montana,MT,Badnarik,libertarian,0.38474005070665200,,,,20171015
11/02/2004,Montana,MT,Cobb,green,0.2211200753051500,,,,20171015
11/02/2004,Nebraska,NE,Bush,republican,65.898641198890800,,,,20171015
11/02/2004,Nebraska,NE,Kerry,democrat,32.682160820163800,,,,20171015
11/02/2004,Nebraska,NE,Nader,reform party,0.74275301791602500,,,,20171015
11/02/2004,Nebraska,NE,Badnarik,libertarian,0.262276628,,,,20171015
11/02/2004,Nebraska,NE,Cobb,green,0.12567689472696800,,,,20171015
11/02/2004,Nebraska 1st CD,NE-1,Bush,republican,63,,,,JJCooley
11/02/2004,Nebraska 1st CD,NE-1,Kerry,democrat,36,,,,JJCooley
11/02/2004,Nebraska 2nd CD,NE-2,Bush,republican,60,,,,JJCooley
11/02/2004,Nebraska 2nd CD,NE-2,Kerry,democrat,38,,,,JJCooley
11/02/2004,Nebraska 3rd CD,NE-3,Bush,republican,75,,,,JJCooley
11/02/2004,Nebraska 3rd CD,NE-3,Kerry,democrat,24,,,,JJCooley
11/02/2004,Nevada,NV,Bush,republican,50.469691545311100,,,,20171015
11/02/2004,Nevada,NV,Kerry,democrat,47.87804051895700,,,,20171015
11/02/2004,Nevada,NV,Nader,independent,0.58318175188376900,,,,20171015
11/02/2004,Nevada,NV,Badnarik,libertarian,0.38284110045118800,,,,20171015
11/02/2004,Nevada,NV,Peroutka,independent american,0.13886427824929800,,,,20171015
11/02/2004,Nevada,NV,Cobb,green,0.10282224769674500,,,,20171015
11/02/2004,New Hampshire,NH,Kerry,democrat,50.201610822557400,,,,20171015
11/02/2004,New Hampshire,NH,Bush,republican,48.834342984606800,,,,20171015
11/02/2004,New Hampshire,NH,Nader,independent,0.66033994459572400,,,,20171015
11/02/2004,New Jersey,NJ,Kerry,democrat,52.923409007027500,,,,20171015
11/02/2004,New Jersey,NJ,Bush,republican,46.238811681287200,,,,20171015
11/02/2004,New Mexico,NM,Bush,republican,49.838424760413800,,,,20171015
11/02/2004,New Mexico,NM,Kerry,democrat,49.046679642048700,,,,20171015
11/02/2004,New Mexico,NM,Nader,independent,0.53589561869301200,,,,20171015
11/02/2004,New Mexico,NM,Badnarik,libertarian,0.31495271742579700,,,,20171015
11/02/2004,New Mexico,NM,Cobb,green,0.16210412744081700,,,,20171015
11/02/2004,New Mexico,NM,Peroutka,constitution party,0.10194313397787100,,,,20171015
11/02/2004,New York,NY,Kerry,democrat,56.56520953,,,,20171015
11/02/2004,New York,NY,Bush,republican,37.97834295,,,,20171015
11/02/2004,New York,NY,Bush,conservative,2.104901126,,,,20171015
11/02/2004,New York,NY,Kerry,working families,1.806580295,,,,20171015
11/02/2004,New York,NY,Nader,independence,1.139853736,,,,20171015
11/02/2004,New York,NY,Nader,peace and justice,0.211418264,,,,20171015
11/02/2004,New York,NY,Badnarik,libertarian,0.157041584,,,,20171015
11/02/2004,New York,NY,Calero,socialist workers,0.032539417,,,,20171015
11/02/2004,North Carolina,NC,Bush,republican,56.017197337794500,,,,20171015
11/02/2004,North Carolina,NC,Kerry,democrat,43.583146220501700,,,,20171015
11/02/2004,North Carolina,NC,Badnarik,libertarian,0.33507502270061200,,,,20171015
11/02/2004,North Dakota,ND,Bush,republican,62.861334961465100,,,,20171015
11/02/2004,North Dakota,ND,Kerry,democrat,35.498812465436800,,,,20171015
11/02/2004,North Dakota,ND,Nader,independent,1.2006405973794300,,,,20171015
11/02/2004,North Dakota,ND,Badnarik,libertarian,0.27203012469912100,,,,20171015
11/02/2004,North Dakota,ND,Peroutka,constitution party,0.16430491668078500,,,,20171015
11/02/2004,Ohio,OH,Bush,republican,50.814024335529600,,,,20171015
11/02/2004,Ohio,OH,Kerry,democrat,48.706685243153600,,,,20171015
11/02/2004,Oklahoma,OK,Bush,republican,65.570401664756100,,,,20171015
11/02/2004,Oklahoma,OK,Kerry,democrat,34.429598335243900,,,,20171015
11/02/2004,Oregon,OR,Kerry,democrat,51.348663042211900,,,,20171015
11/02/2004,Oregon,OR,Bush,republican,47.192916742433200,,,,20171015
11/02/2004,Oregon,OR,Badnarik,libertarian,0.39525648661626700,,,,20171015
11/02/2004,Oregon,OR,Cobb,pacific green,0.28936476947182600,,,,20171015
11/02/2004,Oregon,OR,Peroutka,constitution party,0.28620707302227500,,,,20171015
11/02/2004,Pennsylvania,PA,Kerry,democrat,50.923809144150600,,,,20171015
11/02/2004,Pennsylvania,PA,Bush,republican,48.423666153054200,,,,20171015
11/02/2004,Pennsylvania,PA,Badnarik,libertarian,0.36718380335517800,,,,20171015
11/02/2004,Pennsylvania,PA,Cobb,green,0.10952251373147800,,,,20171015
11/02/2004,Pennsylvania,PA,Peroutka,constitution party,0.10950518147736700,,,,20171015
11/02/2004,Pennsylvania,PA,Independent Party Candidate,independent,0.046034466920526400,,,,20171015
11/02/2004,Rhode Island,RI,Kerry,democrat,59.42342622628300,,,,20171015
11/02/2004,Rhode Island,RI,Bush,republican,38.671437133693600,,,,20171015
11/02/2004,Rhode Island,RI,Nader,reform party,1.0639758060457400,,,,20171015
11/02/2004,Rhode Island,RI,Cobb,green,0.30494081906234700,,,,20171015
11/02/2004,Rhode Island,RI,Badnarik,libertarian,0.20748786413319500,,,,20171015
11/02/2004,Rhode Island,RI,Peroutka,constitution party,0.077550590894325300,,,,20171015
11/02/2004,South Carolina,SC,Bush,republican,57.981949681646800,,,,20171015
11/02/2004,South Carolina,SC,Kerry,democrat,40.901835939914700,,,,20171015
11/02/2004,South Carolina,SC,Nader,independence,0.34122519626630400,,,,20171015
11/02/2004,South Carolina,SC,Peroutka,constitution party,0.32867651604129300,,,,20171015
11/02/2004,South Carolina,SC,Badnarik,libertarian,0.22303270074797600,,,,20171015
11/02/2004,South Carolina,SC,Brown,united citizens,0.13129752117203400,,,,20171015
11/02/2004,South Carolina,SC,Cobb,green,0.091982444210916700,,,,20171015
11/02/2004,South Dakota,SD,Bush,republican,59.911131718248900,,,,20171015
11/02/2004,South Dakota,SD,Kerry,democrat,38.443645917854800,,,,20171015
11/02/2004,South Dakota,SD,Nader,independent,1.1127854410571500,,,,20171015
11/02/2004,South Dakota,SD,Peroutka,constitution party,0.28412091238102600,,,,20171015
11/02/2004,South Dakota,SD,Badnarik,libertarian,0.24831601045812200,,,,20171015
11/02/2004,Tennessee,TN,Bush,republican,56.799089491363300,,,,20171015
11/02/2004,Tennessee,TN,Kerry,democrat,42.525291108796200,,,,20171015
11/02/2004,Texas,TX,Bush,republican,61.085822769061500,,,,20171015
11/02/2004,Texas,TX,Kerry,democrat,38.224260462741400,,,,20171015
11/02/2004,Texas,TX,Badnarik,libertarian,0.52338839164570300,,,,20171015
11/02/2004,Utah,UT,Bush,republican,71.535947853302900,,,,20171015
11/02/2004,Utah,UT,Kerry,democrat,25.995641508701900,,,,20171015
11/02/2004,Utah,UT,Nader,unaffiliated,1.218416026832100,,,,20171015
11/02/2004,Utah,UT,Peroutka,constitution party,0.73730066692245700,,,,20171015
11/02/2004,Utah,UT,Badnarik,libertarian,0.36374649186716700,,,,20171015
11/02/2004,Utah,UT,Jay,personal choice,0.10195679446113800,,,,20171015
11/02/2004,Utah,UT,Calero,socialist workers,0.042356258164087900,,,,20171015
11/02/2004,Vermont,VT,Kerry,democrat,58.937462577127100,,,,20171015
11/02/2004,Vermont,VT,Bush,republican,38.801315363950400,,,,20171015
11/02/2004,Vermont,VT,Nader,independent,1.4389594920415400,,,,20171015
11/02/2004,Vermont,VT,Badnarik,libertarian,0.35285566538268200,,,,20171015
11/02/2004,Vermont,VT,Parker,liberty union party,0.084851861,,,,20171015
11/02/2004,Vermont,VT,Calero,socialist workers,0.078127751681827900,,,,20171015
11/02/2004,Virginia,VA,Bush,republican,53.731956569021600,,,,20171015
11/02/2004,Virginia,VA,Kerry,democrat,45.525917603816700,,,,20171015
11/02/2004,Virginia,VA,Badnarik,libertarian,0.34524467087999500,,,,20171015
11/02/2004,Virginia,VA,Peroutka,constitution party,0.31798686555580400,,,,20171015
11/02/2004,Washington,WA,Kerry,democrat,52.821148311836900,,,,20171015
11/02/2004,Washington,WA,Bush,republican,45.640281992414400,,,,20171015
11/02/2004,Washington,WA,Nader,independent,0.81435172943502200,,,,20171015
11/02/2004,Washington,WA,Badnarik,libertarian,0.41814091506230700,,,,20171015
11/02/2004,Washington,WA,Peroutka,constitution party,0.13717680208066600,,,,20171015
11/02/2004,Washington,WA,Cobb,green,0.10401932926769600,,,,20171015
11/02/2004,Washington,WA,Parker,workers world,0.037669407404609300,,,,20171015
11/02/2004,Washington,WA,Calero,socialist workers,0.019132001718032800,,,,20171015
11/02/2004,Washington,WA,Van Auken,socialist equality party,0.008079511,,,,20171015
11/02/2004,West Virginia,WV,Bush,republican,56.070717869466700,,,,20171015
11/02/2004,West Virginia,WV,Kerry,democrat,43.205141097021400,,,,20171015
11/02/2004,West Virginia,WV,Nader,independent,0.53758176852890700,,,,20171015
11/02/2004,West Virginia,WV,Badnarik,libertarian,0.18589770730571400,,,,20171015
11/02/2004,West Virginia,WV,Cobb,,0.000661558,,,,20171015
11/02/2004,Wisconsin,WI,Kerry,democrat,49.699717084411200,,,,20171015
11/02/2004,Wisconsin,WI,Bush,republican,49.31987145842500,,,,20171015
11/02/2004,Wisconsin,WI,Nader,independent,0.57630829691088500,,,,20171015
11/02/2004,Wisconsin,WI,Badnarik,libertarian,0.21568184525428200,,,,20171015
11/02/2004,Wisconsin,WI,Cobb,wisconsin green,0.088788581408051400,,,,20171015
11/02/2004,Wyoming,WY,Bush,republican,68.739568852748100,,,,20171015
11/02/2004,Wyoming,WY,Kerry,democrat,29.023091023164800,,,,20171015
11/02/2004,Wyoming,WY,Nader,independent,1.3827549300626200,,,,20171015
11/02/2004,Wyoming,WY,Badnarik,libertarian,0.48019158455021500,,,,20171015
11/02/2004,National Popular Vote,NPV,Bush,republican,50.7301484,,,,20210915
11/02/2004,National Popular Vote,NPV,Kerry,democrat,48.26712251,,,,20210915
11/02/2004,National Popular Vote,NPV,Nader,independent,0.380758564,,,,20210915
11/02/2004,National Popular Vote,NPV,Badnarik,libertarian,0.324840655,,,,20210915
11/04/2008,Alabama,AL,McCain,republican,60.316913029170600,,,,20171015
11/04/2008,Alabama,AL,Obama,democrat,38.740434294574900,,,,20171015
11/04/2008,Alaska,AK,McCain,republican,59.424519538806300,,,,20171015
11/04/2008,Alaska,AK,Obama,democrat,37.889373599389300,,,,20171015
11/04/2008,Alaska,AK,Nader,independent,1.1597286302449100,,,,20171015
11/04/2008,Alaska,AK,Baldwin,alaskan independence party,0.50889493159041900,,,,20171015
11/04/2008,Alaska,AK,Barr,libertarian,0.48712894355251600,,,,20171015
11/04/2008,Arizona,AZ,McCain,republican,53.635247822627200,,,,20171015
11/04/2008,Arizona,AZ,Obama,democrat,45.115250874764300,,,,20171015
11/04/2008,Arizona,AZ,Barr,libertarian,0.54742257927380900,,,,20171015
11/04/2008,Arizona,AZ,Nader,independent,0.4927457242830200,,,,20171015
11/04/2008,Arizona,AZ,McKinney,green,0.14850826802123400,,,,20171015
11/04/2008,Arkansas,AR,McCain,republican,58.715904499929600,,,,20171015
11/04/2008,Arkansas,AR,Obama,democrat,38.864659765124200,,,,20171015
11/04/2008,Arkansas,AR,Nader,independent,1.1855143072490100,,,,20171015
11/04/2008,Arkansas,AR,Barr,libertarian,0.43952929136945200,,,,20171015
11/04/2008,Arkansas,AR,Baldwin,constitution party,0.37023164555680600,,,,20171015
11/04/2008,Arkansas,AR,McKinney,green,0.31933974896398600,,,,20171015
11/04/2008,Arkansas,AR,La Riva,socialism and liberation party,0.10482074180691100,,,,20171015
11/04/2008,California,CA,Obama,democrat,61.012638347134300,,,,20171015
11/04/2008,California,CA,McCain,republican,36.954858832464500,,,,20171015
11/04/2008,California,CA,Nader,peace & freedom,0.7991579350975900,,,,20171015
11/04/2008,California,CA,Barr,libertarian,0.49832250643346400,,,,20171015
11/04/2008,California,CA,Keyes,american independent party,0.29990635530419800,,,,20171015
11/04/2008,California,CA,McKinney,green,0.28590389252243400,,,,20171015
11/04/2008,Colorado,CO,Obama,democrat,53.660236840691600,,,,20171015
11/04/2008,Colorado,CO,McCain,republican,44.707522109337200,,,,20171015
11/04/2008,Colorado,CO,Nader,independent,0.55593473867527600,,,,20171015
11/04/2008,Colorado,CO,Barr,libertarian,0.45378433313441800,,,,20171015
11/04/2008,Colorado,CO,Baldwin,constitution party,0.25956114053655400,,,,20171015
11/04/2008,Colorado,CO,Keyes,america's independent party,0.12705295038938300,,,,20171015
11/04/2008,Colorado,CO,McKinney,green,0.11751669157615200,,,,20171015
11/04/2008,Colorado,CO,McEnulty,unaffiliated,0.034480447,,,,20171015
11/04/2008,Colorado,CO,Jay,boston tea party,0.024902544848525500,,,,20171015
11/04/2008,Colorado,CO,Allen,heartquake '08,0.014491781951984700,,,,20171015
11/04/2008,Colorado,CO,Stevens,objectivist party,0.013992065332950800,,,,20171015
11/04/2008,Colorado,CO,Moore,socialist,0.00941133,,,,20171015
11/04/2008,Colorado,CO,La Riva,socialism and liberation party,0.006579602,,,,20171015
11/04/2008,Colorado,CO,Harris,socialist workers,0.00641303,,,,20171015
11/04/2008,Colorado,CO,Lyttle,u.s. pacifist party,0.004580736,,,,20171015
11/04/2008,Colorado,CO,Amondson,prohibition,0.003539659,,,,20171015
11/04/2008,Connecticut,CT,Obama,democrat,60.588829676121800,,,,20171015
11/04/2008,Connecticut,CT,McCain,republican,38.221463305626900,,,,20171015
11/04/2008,Connecticut,CT,Nader,independent,1.1635956453516900,,,,20171015
11/04/2008,Delaware,DE,Obama,democrat,61.942668981503900,,,,20171015
11/04/2008,Delaware,DE,McCain,republican,36.947033548975300,,,,20171015
11/04/2008,Delaware,DE,Nader,independent,0.58218480548577600,,,,20171015
11/04/2008,Delaware,DE,Barr,libertarian,0.26890585143012300,,,,20171015
11/04/2008,Delaware,DE,Baldwin,constitution party,0.151789958,,,,20171015
11/04/2008,Delaware,DE,McKinney,green,0.093353248693054500,,,,20171015
11/04/2008,Delaware,DE,Calero,socialist workers,0.014063606,,,,20171015
11/04/2008,District of Columbia,DC,Obama,democrat,92.457109756143400,,,,20171015
11/04/2008,District of Columbia,DC,McCain,republican,6.5325574659680300,,,,20171015
11/04/2008,District of Columbia,DC,Nader,independent,0.36034951646210500,,,,20171015
11/04/2008,District of Columbia,DC,McKinney,green,0.22192715523240300,,,,20171015
11/04/2008,Florida,FL,Obama,democrat,51.033305270664900,,,,20171015
11/04/2008,Florida,FL,McCain,republican,48.215319165976200,,,,20171015
11/04/2008,Florida,FL,Nader,ecology party of florida,0.33517885899033500,,,,20171015
11/04/2008,Florida,FL,Barr,libertarian,0.20520230387198100,,,,20171015
11/04/2008,Florida,FL,Baldwin,constitution party,0.094330133,,,,20171015
11/04/2008,Florida,FL,McKinney,green,0.034406960813010100,,,,20171015
11/04/2008,Florida,FL,Keyes,america's independent party,0.030390630437539300,,,,20171015
11/04/2008,Florida,FL,La Riva,socialism and liberation party,0.018067527742474300,,,,20171015
11/04/2008,Florida,FL,Jay,boston tea party,0.009474726,,,,20171015
11/04/2008,Florida,FL,Calero,socialist workers,0.006352238,,,,20171015
11/04/2008,Florida,FL,Stevens,objectivist party,0.004993598,,,,20171015
11/04/2008,Florida,FL,Moore,socialist,0.004826747,,,,20171015
11/04/2008,Florida,FL,Amondson,prohibition,0.003491943,,,,20171015
11/04/2008,Georgia,GA,McCain,republican,52.204517992929500,,,,20171015
11/04/2008,Georgia,GA,Obama,democrat,46.990179096065100,,,,20171015
11/04/2008,Georgia,GA,Barr,libertarian,0.73209587191800400,,,,20171015
11/04/2008,Hawaii,HI,Obama,democrat,71.84611789,,,,20171015
11/04/2008,Hawaii,HI,McCain,republican,26.58168125,,,,20171015
11/04/2008,Hawaii,HI,Nader,independent,0.843313461,,,,20171015
11/04/2008,Hawaii,HI,Barr,libertarian,0.289702977,,,,20171015
11/04/2008,Hawaii,HI,Baldwin,constitution party,0.223340271,,,,20171015
11/04/2008,Hawaii,HI,McKinney,green,0.215844151,,,,20171015
11/04/2008,Idaho,ID,McCain,republican,61.517091473038600,,,,20171015
11/04/2008,Idaho,ID,Obama,democrat,36.090987632837900,,,,20171015
11/04/2008,Idaho,ID,Nader,independent,1.095215852925100,,,,20171015
11/04/2008,Idaho,ID,Baldwin,constitution party,0.72459786116173800,,,,20171015
11/04/2008,Idaho,ID,Barr,libertarian,0.55836928083624100,,,,20171015
11/04/2008,Illinois,IL,Obama,democrat,61.918114520013200,,,,20171015
11/04/2008,Illinois,IL,McCain,republican,36.780922542147200,,,,20171015
11/04/2008,Illinois,IL,Nader,independent,0.56041146094675600,,,,20171015
11/04/2008,Illinois,IL,Barr,libertarian,0.35568055822399500,,,,20171015
11/04/2008,Illinois,IL,McKinney,green,0.21436444599611300,,,,20171015
11/04/2008,Illinois,IL,Baldwin,constitution party,0.14950100237742100,,,,20171015
11/04/2008,Indiana,IN,Obama,democrat,49.945911639684300,,,,20171015
11/04/2008,Indiana,IN,McCain,republican,48.913907178848500,,,,20171015
11/04/2008,Indiana,IN,Barr,libertarian,1.0634833049442100,,,,20171015
11/04/2008,Indiana,IN,Nader,independent,0.033041881402546100,,,,20171015
11/04/2008,Iowa,IA,Obama,democrat,53.928020073865300,,,,20171015
11/04/2008,Iowa,IA,McCain,republican,44.393259355302100,,,,20171015
11/04/2008,Iowa,IA,Nader,peace & freedom,0.52136361241097800,,,,20171015
11/04/2008,Iowa,IA,Barr,libertarian,0.29860980546124200,,,,20171015
11/04/2008,Iowa,IA,Baldwin,constitution party,0.28917659809917600,,,,20171015
11/04/2008,Iowa,IA,McKinney,green,0.092575545353234600,,,,20171015
11/04/2008,Iowa,IA,Harris,socialist workers,0.018996527929124700,,,,20171015
11/04/2008,Iowa,IA,Moore,socialist,0.011840301654454500,,,,20171015
11/04/2008,Iowa,IA,La Riva,socialism and liberation party,0.007871849,,,,20171015
11/04/2008,Kansas,KS,McCain,republican,56.612254343491900,,,,20171015
11/04/2008,Kansas,KS,Obama,democrat,41.651967194013600,,,,20171015
11/04/2008,Kansas,KS,Nader,independent,0.85753217161647800,,,,20171015
11/04/2008,Kansas,KS,Barr,libertarian,0.54261282721835300,,,,20171015
11/04/2008,Kansas,KS,Baldwin,reform party,0.33563346365966700,,,,20171015
11/04/2008,Kentucky,KY,McCain,republican,57.399021142875900,,,,20171015
11/04/2008,Kentucky,KY,Obama,democrat,41.168113783928800,,,,20171015
11/04/2008,Kentucky,KY,Nader,independent,0.84188282182391500,,,,20171015
11/04/2008,Kentucky,KY,Barr,libertarian,0.3278733398298500,,,,20171015
11/04/2008,Kentucky,KY,Baldwin,constitution party,0.2569773680349500,,,,20171015
11/04/2008,Louisiana,LA,McCain,republican,58.562721310756400,,,,20171015
11/04/2008,Louisiana,LA,Obama,democrat,39.932913802345100,,,,20171015
11/04/2008,Louisiana,LA,Paul,louisiana taxpayers party,0.47777368072906400,,,,20171015
11/04/2008,Louisiana,LA,McKinney,green,0.46854257097116900,,,,20171015
11/04/2008,Louisiana,LA,Nader,independent,0.35685124296127900,,,,20171015
11/04/2008,Louisiana,LA,Baldwin,constitution party,0.13163256511119900,,,,20171015
11/04/2008,Louisiana,LA,Harris,socialist workers,0.037485445701949400,,,,20171015
11/04/2008,Louisiana,LA,La Riva,socialism and liberation party,0.018054214664612400,,,,20171015
11/04/2008,Louisiana,LA,Amondson,prohibition,0.014025166759232800,,,,20171015
11/04/2008,Maine,ME,Obama,democrat,57.70573729797600,,,,20171015
11/04/2008,Maine,ME,McCain,republican,40.384018337908200,,,,20171015
11/04/2008,Maine,ME,Nader,independent,1.4546687947831100,,,,20171015
11/04/2008,Maine,ME,McKinney,green,0.39662838518907500,,,,20171015
11/04/2008,Maine 1st CD,ME-1,McCain,republican,37.69,,,,JJCooley
11/04/2008,Maine 1st CD,ME-1,Obama,democrat,60.51,,,,JJCooley
11/04/2008,Maine 2nd CD,ME-2,McCain,republican,43.35,,,,JJCooley
11/04/2008,Maine 2nd CD,ME-2,Obama,democrat,54.61,,,,JJCooley
11/04/2008,Maryland,MD,Obama,democrat,61.919344762645900,,,,20171015
11/04/2008,Maryland,MD,McCain,republican,36.474519645112700,,,,20171015
11/04/2008,Maryland,MD,Nader,independent,0.55909037709435600,,,,20171015
11/04/2008,Maryland,MD,Barr,libertarian,0.37399357652162400,,,,20171015
11/04/2008,Maryland,MD,McKinney,green,0.18038483110629400,,,,20171015
11/04/2008,Maryland,MD,Baldwin,constitution party,0.142879074,,,,20171015
11/04/2008,Massachusetts,MA,Obama,democrat,61.80156671,,,,20171015
11/04/2008,Massachusetts,MA,McCain,republican,35.99024338,,,,20171015
11/04/2008,Massachusetts,MA,Nader,independent,0.936096735,,,,20171015
11/04/2008,Massachusetts,MA,Barr,libertarian,0.428077384,,,,20171015
11/04/2008,Massachusetts,MA,McKinney,green,0.212594349,,,,20171015
11/04/2008,Massachusetts,MA,Baldwin,constitution party,0.161344505,,,,20171015
11/04/2008,Michigan,MI,Obama,democrat,57.433247307459500,,,,20171015
11/04/2008,Michigan,MI,McCain,republican,40.959705661952700,,,,20171015
11/04/2008,Michigan,MI,Nader,natural law,0.661488853,,,,20171015
11/04/2008,Michigan,MI,Barr,libertarian,0.47416864536839800,,,,20171015
11/04/2008,Michigan,MI,Baldwin,u.s. taxpayers party,0.29360628087514500,,,,20171015
11/04/2008,Michigan,MI,McKinney,green,0.17778325158609400,,,,20171015
11/04/2008,Minnesota,MN,Obama,democrat,54.060292698279800,,,,20171015
11/04/2008,Minnesota,MN,McCain,republican,43.822931044139100,,,,20171015
11/04/2008,Minnesota,MN,Nader,independent,1.036019831162300,,,,20171015
11/04/2008,Minnesota,MN,Barr,libertarian,0.31521776104679500,,,,20171015
11/04/2008,Minnesota,MN,Baldwin,constitution party,0.23320066974325200,,,,20171015
11/04/2008,Minnesota,MN,McKinney,green,0.17777814428342200,,,,20171015
11/04/2008,Minnesota,MN,Calero,socialist workers,0.027144324310766100,,,,20171015
11/04/2008,Mississippi,MS,McCain,republican,56.176188981017400,,,,20171015
11/04/2008,Mississippi,MS,Obama,democrat,43.001554426238400,,,,20171015
11/04/2008,Mississippi,MS,Nader,independent,0.31096277517414600,,,,20171015
11/04/2008,Mississippi,MS,Baldwin,constitution party,0.1977726351207300,,,,20171015
11/04/2008,Mississippi,MS,Barr,libertarian,0.1960670302706100,,,,20171015
11/04/2008,Mississippi,MS,McKinney,green,0.080163427955638800,,,,20171015
11/04/2008,Mississippi,MS,Weill,reform party,0.037290724223077600,,,,20171015
11/04/2008,Missouri,MO,McCain,republican,49.426074411878800,,,,20171015
11/04/2008,Missouri,MO,Obama,democrat,49.292647865705100,,,,20171015
11/04/2008,Missouri,MO,Nader,independent,0.60894877453033200,,,,20171015
11/04/2008,Missouri,MO,Barr,libertarian,0.38923767735936500,,,,20171015
11/04/2008,Missouri,MO,Baldwin,constitution party,0.28035641946461900,,,,20171015
11/04/2008,Missouri,MO,McKinney,,0.002734851,,,,20171015
11/04/2008,Montana,MT,McCain,republican,49.532450944585800,,,,20171015
11/04/2008,Montana,MT,Obama,democrat,47.268464770081800,,,,20171015
11/04/2008,Montana,MT,Paul,constitution party,2.170537574294700,,,,20171015
11/04/2008,Montana,MT,Nader,independent,0.75207759906469800,,,,20171015
11/04/2008,Montana,MT,Barr,libertarian,0.27646911197305100,,,,20171015
11/04/2008,Nebraska,NE,McCain,republican,56.531853369791600,,,,20171015
11/04/2008,Nebraska,NE,Obama,democrat,41.598265776924700,,,,20171015
11/04/2008,Nebraska,NE,Nader,independent,0.67466968516662700,,,,20171015
11/04/2008,Nebraska,NE,Baldwin,nebraska party,0.37090608662878600,,,,20171015
11/04/2008,Nebraska,NE,Barr,libertarian,0.34195244864161300,,,,20171015
11/04/2008,Nebraska,NE,McKinney,green,0.12829456832247400,,,,20171015
11/04/2008,Nebraska 1st CD,NE-1,McCain,republican,54.1,,,,JJCooley
11/04/2008,Nebraska 1st CD,NE-1,Obama,democrat,44.33,,,,JJCooley
11/04/2008,Nebraska 2nd CD,NE-2,McCain,republican,48.75,,,,JJCooley
11/04/2008,Nebraska 2nd CD,NE-2,Obama,democrat,50,,,,JJCooley
11/04/2008,Nebraska 3rd CD,NE-3,McCain,republican,68.64,,,,JJCooley
11/04/2008,Nebraska 3rd CD,NE-3,Obama,democrat,29.63,,,,JJCooley
11/04/2008,Nevada,NV,Obama,democrat,55.146675924318700,,,,20171015
11/04/2008,Nevada,NV,McCain,republican,42.654115108984100,,,,20171015
11/04/2008,Nevada,NV,Nader,independent,0.63543035683289100,,,,20171015
11/04/2008,Nevada,NV,Barr,libertarian,0.44046172539489700,,,,20171015
11/04/2008,Nevada,NV,Baldwin,independent american,0.33001049751613900,,,,20171015
11/04/2008,Nevada,NV,McKinney,green,0.14578735503922100,,,,20171015
11/04/2008,New Hampshire,NH,Obama,democrat,54.126897056134600,,,,20171015
11/04/2008,New Hampshire,NH,McCain,republican,44.521428470962200,,,,20171015
11/04/2008,New Hampshire,NH,Nader,independent,0.49270714657439800,,,,20171015
11/04/2008,New Hampshire,NH,Barr,libertarian,0.38651419891134600,,,,20171015
11/04/2008,New Jersey,NJ,Obama,democrat,57.27213715188600,,,,20171015
11/04/2008,New Jersey,NJ,McCain,republican,41.703933859274900,,,,20171015
11/04/2008,New Jersey,NJ,Nader,independent,0.55058674016095700,,,,20171015
11/04/2008,New Jersey,NJ,Barr,libertarian,0.21821310328193400,,,,20171015
11/04/2008,New Jersey,NJ,Baldwin,constitution party,0.10226881134739200,,,,20171015
11/04/2008,New Jersey,NJ,McKinney,green,0.093996309,,,,20171015
11/04/2008,New Jersey,NJ,Moore,socialist,0.018070247505517400,,,,20171015
11/04/2008,New Jersey,NJ,Boss,vote here,0.016519153299035200,,,,20171015
11/04/2008,New Jersey,NJ,Calero,socialist workers,0.013520371,,,,20171015
11/04/2008,New Jersey,NJ,La Riva,socialism and liberation party,0.010754253164943100,,,,20171015
11/04/2008,New Mexico,NM,Obama,democrat,56.907480262793300,,,,20171015
11/04/2008,New Mexico,NM,McCain,republican,41.779034834332700,,,,20171015
11/04/2008,New Mexico,NM,Nader,independent,0.64168507681670200,,,,20171015
11/04/2008,New Mexico,NM,Barr,libertarian,0.29247444462379500,,,,20171015
11/04/2008,New Mexico,NM,Baldwin,constitution party,0.19237301814835200,,,,20171015
11/04/2008,New Mexico,NM,McKinney,green,0.18695236328506100,,,,20171015
11/04/2008,New York,NY,Obama,democrat,60.824127,,,,20171015
11/04/2008,New York,NY,McCain,republican,31.66455816,,,,20171015
11/04/2008,New York,NY,McCain,conservative,2.232131751,,,,20171015
11/04/2008,New York,NY,McCain,independence,2.146997153,,,,20171015
11/04/2008,New York,NY,Obama,working families,2.089909049,,,,20171015
11/04/2008,New York,NY,Nader,populist,0.540097977,,,,20171015
11/04/2008,New York,NY,Barr,libertarian,0.256582219,,,,20171015
11/04/2008,New York,NY,McKinney,green,0.167611195,,,,20171015
11/04/2008,New York,NY,Harris,socialist workers,0.04733337,,,,20171015
11/04/2008,New York,NY,La Riva,socialism and liberation party,0.021460413,,,,20171015
11/04/2008,North Carolina,NC,Obama,democrat,49.703666399047400,,,,20171015
11/04/2008,North Carolina,NC,McCain,republican,49.374798618648600,,,,20171015
11/04/2008,North Carolina,NC,Barr,libertarian,0.59668033063541300,,,,20171015
11/04/2008,North Carolina,NC,Nader,independent,0.035027886605220200,,,,20171015
11/04/2008,North Dakota,ND,McCain,republican,53.25010027761900,,,,20171015
11/04/2008,North Dakota,ND,Obama,democrat,44.620540014717900,,,,20171015
11/04/2008,North Dakota,ND,Nader,independent,1.3230329005340800,,,,20171015
11/04/2008,North Dakota,ND,Barr,libertarian,0.42764061764696600,,,,20171015
11/04/2008,North Dakota,ND,Baldwin,constitution party,0.37868618948206200,,,,20171015
11/04/2008,Ohio,OH,Obama,democrat,51.504270060525400,,,,20171015
11/04/2008,Ohio,OH,McCain,republican,46.910578363274900,,,,20171015
11/04/2008,Ohio,OH,Nader,independent,0.81007646693002400,,,,20171015
11/04/2008,Ohio,OH,Barr,libertarian,0.34890993018998500,,,,20171015
11/04/2008,Ohio,OH,Baldwin,constitution party,0.2201161456462900,,,,20171015
11/04/2008,Ohio,OH,McKinney,green,0.14922000227736600,,,,20171015
11/04/2008,Ohio,OH,Moore,socialist,0.047912269,,,,20171015
11/04/2008,Oklahoma,OK,McCain,republican,65.645081122693500,,,,20171015
11/04/2008,Oklahoma,OK,Obama,democrat,34.354918877306500,,,,20171015
11/04/2008,Oregon,OR,Obama,democrat,56.748806256920600,,,,20171015
11/04/2008,Oregon,OR,McCain,republican,40.400981692292200,,,,20171015
11/04/2008,Oregon,OR,Nader,peace party,1.0183470980335500,,,,20171015
11/04/2008,Oregon,OR,Baldwin,constitution party,0.42087376303707500,,,,20171015
11/04/2008,Oregon,OR,McKinney,green,0.24854146698003800,,,,20171015
11/04/2008,Pennsylvania,PA,Obama,democrat,54.485528012037400,,,,20171015
11/04/2008,Pennsylvania,PA,McCain,republican,44.167052479914400,,,,20171015
11/04/2008,Pennsylvania,PA,Nader,independent,0.71470241159887700,,,,20171015
11/04/2008,Pennsylvania,PA,Barr,libertarian,0.33113419782108600,,,,20171015
11/04/2008,Rhode Island,RI,Obama,democrat,62.864004612456200,,,,20171015
11/04/2008,Rhode Island,RI,McCain,republican,35.057846474735400,,,,20171015
11/04/2008,Rhode Island,RI,Nader,independent,1.0236006833896500,,,,20171015
11/04/2008,Rhode Island,RI,Barr,libertarian,0.29294183981041400,,,,20171015
11/04/2008,Rhode Island,RI,McKinney,green,0.16893968620036200,,,,20171015
11/04/2008,Rhode Island,RI,Baldwin,constitution party,0.14307940801159900,,,,20171015
11/04/2008,Rhode Island,RI,La Riva,socialism and liberation party,0.025860278188763100,,,,20171015
11/04/2008,South Carolina,SC,McCain,republican,53.873643978637900,,,,20171015
11/04/2008,South Carolina,SC,Obama,democrat,44.896560017366200,,,,20171015
11/04/2008,South Carolina,SC,Barr,libertarian,0.37913157370056500,,,,20171015
11/04/2008,South Carolina,SC,Baldwin,constitution party,0.35539355398239100,,,,20171015
11/04/2008,South Carolina,SC,Nader,independent,0.26304432814897100,,,,20171015
11/04/2008,South Carolina,SC,McKinney,green,0.23222654816397300,,,,20171015
11/04/2008,South Dakota,SD,McCain,republican,53.158976372799300,,,,20171015
11/04/2008,South Dakota,SD,Obama,democrat,44.747431114601700,,,,20171015
11/04/2008,South Dakota,SD,Nader,independent,1.117088815,,,,20171015
11/04/2008,South Dakota,SD,Baldwin,constitution party,0.49610576608416800,,,,20171015
11/04/2008,South Dakota,SD,Barr,libertarian,0.48039793180181900,,,,20171015
11/04/2008,Tennessee,TN,McCain,republican,56.896954282894200,,,,20171015
11/04/2008,Tennessee,TN,Obama,democrat,41.82853806271300,,,,20171015
11/04/2008,Texas,TX,McCain,republican,55.452360452326400,,,,20171015
11/04/2008,Texas,TX,Obama,democrat,43.683121445889600,,,,20171015
11/04/2008,Texas,TX,Barr,libertarian,0.69469452988098900,,,,20171015
11/04/2008,Texas,TX,Nader,independent,0.071195171454586300,,,,20171015
11/04/2008,Utah,UT,McCain,republican,62.583869714501700,,,,20171015
11/04/2008,Utah,UT,Obama,democrat,34.405745666075200,,,,20171015
11/04/2008,Utah,UT,Baldwin,constitution party,1.261274504656800,,,,20171015
11/04/2008,Utah,UT,Nader,peace & freedom,0.88369016243686800,,,,20171015
11/04/2008,Utah,UT,Barr,libertarian,0.73143841154173300,,,,20171015
11/04/2008,Utah,UT,McKinney,green,0.10311118577863600,,,,20171015
11/04/2008,Utah,UT,La Riva,socialism and liberation party,0.027510316368638200,,,,20171015
11/04/2008,Vermont,VT,Obama,democrat,67.455683195609200,,,,20171015
11/04/2008,Vermont,VT,McCain,republican,30.449228724549800,,,,20171015
11/04/2008,Vermont,VT,Nader,independent,1.0272392215255700,,,,20171015
11/04/2008,Vermont,VT,Barr,libertarian,0.32826123071811400,,,,20171015
11/04/2008,Vermont,VT,Baldwin,constitution party,0.1538243817798100,,,,20171015
11/04/2008,Vermont,VT,Calero,socialist workers,0.046147314533942900,,,,20171015
11/04/2008,Vermont,VT,La Riva,socialism and liberation party,0.045839665770383300,,,,20171015
11/04/2008,Vermont,VT,Moore,liberty union party,0.043378475661906300,,,,20171015
11/04/2008,Virginia,VA,Obama,democrat,52.629469873175700,,,,20171015
11/04/2008,Virginia,VA,McCain,republican,46.330500690255300,,,,20171015
11/04/2008,Virginia,VA,Nader,independent,0.30841252021078300,,,,20171015
11/04/2008,Virginia,VA,Barr,libertarian,0.29723951590810200,,,,20171015
11/04/2008,Virginia,VA,Baldwin,independent green,0.20073806288037900,,,,20171015
11/04/2008,Virginia,VA,McKinney,green,0.062955581936260200,,,,20171015
11/04/2008,Washington,WA,Obama,democrat,57.652892213648400,,,,20171015
11/04/2008,Washington,WA,McCain,republican,40.476304942114900,,,,20171015
11/04/2008,Washington,WA,Nader,independent,0.97103011711369400,,,,20171015
11/04/2008,Washington,WA,Barr,libertarian,0.41911463022222200,,,,20171015
11/04/2008,Washington,WA,Baldwin,constitution party,0.31058211755625300,,,,20171015
11/04/2008,Washington,WA,McKinney,green,0.12575414619882700,,,,20171015
11/04/2008,Washington,WA,La Riva,socialism and liberation party,0.023214630288078700,,,,20171015
11/04/2008,Washington,WA,Harris,socialist workers,0.021107202857671600,,,,20171015
11/04/2008,West Virginia,WV,McCain,republican,55.710343106954800,,,,20171015
11/04/2008,West Virginia,WV,Obama,democrat,42.589750382296800,,,,20171015
11/04/2008,West Virginia,WV,Nader,independent,1.011842439074300,,,,20171015
11/04/2008,West Virginia,WV,Baldwin,constitution party,0.34550375568889800,,,,20171015
11/04/2008,West Virginia,WV,McKinney,mountain party,0.33008573819365300,,,,20171015
11/04/2008,Wisconsin,WI,Obama,democrat,56.217786517942300,,,,20171015
11/04/2008,Wisconsin,WI,McCain,republican,42.313662488348100,,,,20171015
11/04/2008,Wisconsin,WI,Nader,independent,0.59009518280548800,,,,20171015
11/04/2008,Wisconsin,WI,Barr,libertarian,0.29690787442720900,,,,20171015
11/04/2008,Wisconsin,WI,Baldwin,constitution party,0.17000640540695500,,,,20171015
11/04/2008,Wisconsin,WI,McKinney,green,0.14131447263322600,,,,20171015
11/04/2008,Wisconsin,WI,Wamboldt,we the people,0.025608220372814100,,,,20171015
11/04/2008,Wisconsin,WI,Moore,socialist party usa,0.018100051048847700,,,,20171015
11/04/2008,Wisconsin,WI,La Riva,socialism and liberation party,0.007943911,,,,20171015
11/04/2008,Wyoming,WY,McCain,republican,64.7762882,,,,20171015
11/04/2008,Wyoming,WY,Obama,democrat,32.54089799,,,,20171015
11/04/2008,Wyoming,WY,Barr,libertarian,0.625937532,,,,20171015
11/04/2008,National Popular Vote,NPV,Obama,democrat,52.92551538,,,,20210915
11/04/2008,National Popular Vote,NPV,McCain,republican,45.65271424,,,,20210915
11/04/2008,National Popular Vote,NPV,Nader,independent,0.562799864,,,,20210915
11/04/2008,National Popular Vote,NPV,Barr,libertarian,0.398827024,,,,20210915
11/06/2012,Alabama,AL,Romney,republican,60.545822329822800,,,,20171015
11/06/2012,Alabama,AL,Obama,democrat,38.359033098752500,,,,20171015
11/06/2012,Alaska,AK,Romney,republican,54.801577397294500,,,,20171015
11/06/2012,Alaska,AK,Obama,democrat,40.812659112464400,,,,20171015
11/06/2012,Alaska,AK,Johnson,libertarian,2.4599410971896400,,,,20171015
11/06/2012,Alaska,AK,Stein,green,0.97073162615018600,,,,20171015
11/06/2012,Arizona,AZ,Romney,republican,53.654533165974700,,,,20171015
11/06/2012,Arizona,AZ,Obama,democrat,44.589766941799400,,,,20171015
11/06/2012,Arizona,AZ,Johnson,libertarian,1.3961049975339800,,,,20171015
11/06/2012,Arizona,AZ,Stein,green,0.33993634457089100,,,,20171015
11/06/2012,Arkansas,AR,Romney,republican,60.566936084109100,,,,20171015
11/06/2012,Arkansas,AR,Obama,democrat,36.878990301720100,,,,20171015
11/06/2012,Arkansas,AR,Johnson,libertarian,1.521878167462700,,,,20171015
11/06/2012,Arkansas,AR,Stein,green,0.87005875818631300,,,,20171015
11/06/2012,Arkansas,AR,La Riva,socialism and liberation party,0.1621366885217700,,,,20171015
11/06/2012,California,CA,Obama,democrat,60.238959141689600,,,,20171015
11/06/2012,California,CA,Romney,republican,37.120378520704800,,,,20171015
11/06/2012,California,CA,Johnson,libertarian,1.0984429476689400,,,,20171015
11/06/2012,California,CA,Stein,green,0.65680631438457100,,,,20171015
11/06/2012,California,CA,Barr,peace & freedom,0.41280673375645300,,,,20171015
11/06/2012,California,CA,Hoefling,american independent party,0.29429659608543800,,,,20171015
11/06/2012,Colorado,CO,Obama,democrat,51.492226551615200,,,,20171015
11/06/2012,Colorado,CO,Romney,republican,46.12709163904800,,,,20171015
11/06/2012,Colorado,CO,Johnson,libertarian,1.3833344489779400,,,,20171015
11/06/2012,Colorado,CO,Stein,green,0.29219510600439900,,,,20171015
11/06/2012,Colorado,CO,Goode,american constitution party,0.24261378407451100,,,,20171015
11/06/2012,Colorado,CO,Barr,peace & freedom,0.19680749215027300,,,,20171015
11/06/2012,Colorado,CO,Reed,no party affiliation,0.1007193572641700,,,,20171015
11/06/2012,Colorado,CO,Anderson,justice,0.049114307908571100,,,,20171015
11/06/2012,Colorado,CO,Tittle,we the people,0.030784008,,,,20171015
11/06/2012,Colorado,CO,Hoefling,america's party,0.026425210039556100,,,,20171015
11/06/2012,Colorado,CO,La Riva,socialism and liberation party,0.012336953729807500,,,,20171015
11/06/2012,Colorado,CO,Alexander,socialist,0.011986693213819300,,,,20171015
11/06/2012,Colorado,CO,Miller,american third position,0.010391061974317300,,,,20171015
11/06/2012,Colorado,CO,Stevens,objectivist party,0.009145691,,,,20171015
11/06/2012,Colorado,CO,Harris,socialist workers,0.007472224,,,,20171015
11/06/2012,Colorado,CO,White,socialist equality party,0.007355471,,,,20171015
11/06/2012,Connecticut,CT,Obama,democrat,58.085013258854400,,,,20171015
11/06/2012,Connecticut,CT,Romney,republican,40.74511424691500,,,,20171015
11/06/2012,Connecticut,CT,Johnson,libertarian,0.7919373843219500,,,,20171015
11/06/2012,Delaware,DE,Obama,democrat,58.610741984585300,,,,20171015
11/06/2012,Delaware,DE,Romney,republican,39.982604073546100,,,,20171015
11/06/2012,Delaware,DE,Johnson,libertarian,0.93793036797216700,,,,20171015
11/06/2012,Delaware,DE,Stein,green,0.46872357389644600,,,,20171015
11/06/2012,District of Columbia,DC,Obama,democrat,90.913113928187300,,,,20171015
11/06/2012,District of Columbia,DC,Romney,republican,7.2782914176005200,,,,20171015
11/06/2012,District of Columbia,DC,Stein,d.c. statehood green,0.83672607943791600,,,,20171015
11/06/2012,District of Columbia,DC,Johnson,libertarian,0.7090725888808700,,,,20171015
11/06/2012,Florida,FL,Obama,democrat,50.007865068698700,,,,20171015
11/06/2012,Florida,FL,Romney,republican,49.130977761975500,,,,20171015
11/06/2012,Florida,FL,Johnson,libertarian,0.52779154181189700,,,,20171015
11/06/2012,Florida,FL,Stein,green,0.10557954935811500,,,,20171015
11/06/2012,Florida,FL,Barr,peace & freedom,0.096221710681353300,,,,20171015
11/06/2012,Florida,FL,Stevens,objectivist party,0.045502933086497200,,,,20171015
11/06/2012,Florida,FL,Goode,constitution party,0.030764042156768200,,,,20171015
11/06/2012,Florida,FL,Anderson,justice,0.020698170288826800,,,,20171015
11/06/2012,Florida,FL,Hoefling,american independent,0.011163323314270300,,,,20171015
11/06/2012,Florida,FL,Barnett,reform party,0.009676454,,,,20171015
11/06/2012,Florida,FL,Alexander,socialist,0.009428642,,,,20171015
11/06/2012,Florida,FL,Lindsay,socialism and liberation party,0.003799778,,,,20171015
11/06/2012,Georgia,GA,Romney,republican,53.329242177524500,,,,20171015
11/06/2012,Georgia,GA,Obama,democrat,45.507959666882100,,,,20171015
11/06/2012,Georgia,GA,Johnson,libertarian,1.1627981555933900,,,,20171015
11/06/2012,Hawaii,HI,Obama,democrat,70.54523036,,,,20171015
11/06/2012,Hawaii,HI,Romney,republican,27.83893149,,,,20171015
11/06/2012,Hawaii,HI,Johnson,libertarian,0.883373936,,,,20171015
11/06/2012,Hawaii,HI,Stein,green,0.732464222,,,,20171015
11/06/2012,Idaho,ID,Romney,republican,64.529783495892800,,,,20171015
11/06/2012,Idaho,ID,Obama,democrat,32.622333559209800,,,,20171015
11/06/2012,Idaho,ID,Johnson,libertarian,1.449237590337800,,,,20171015
11/06/2012,Idaho,ID,Goode,constitution party,0.3406543875733200,,,,20171015
11/06/2012,Illinois,IL,Obama,democrat,57.602135362477100,,,,20171015
11/06/2012,Illinois,IL,Romney,republican,40.732741270816900,,,,20171015
11/06/2012,Illinois,IL,Johnson,libertarian,1.0726602408921500,,,,20171015
11/06/2012,Illinois,IL,Stein,green,0.57653413363642300,,,,20171015
11/06/2012,Indiana,IN,Romney,republican,54.125532380224500,,,,20171015
11/06/2012,Indiana,IN,Obama,democrat,43.927302904058400,,,,20171015
11/06/2012,Indiana,IN,Johnson,libertarian,1.909329427624100,,,,20171015
11/06/2012,Iowa,IA,Obama,democrat,51.988016534149100,,,,20171015
11/06/2012,Iowa,IA,Romney,republican,46.177868510536100,,,,20171015
11/06/2012,Iowa,IA,Johnson,libertarian,0.81697404846477600,,,,20171015
11/06/2012,Iowa,IA,Stein,green,0.23821562654059600,,,,20171015
11/06/2012,Iowa,IA,Goode,constitution party,0.19201355092340900,,,,20171015
11/06/2012,Iowa,IA,Harris,socialist workers,0.028125751,,,,20171015
11/06/2012,Iowa,IA,La Riva,socialism and liberation party,0.023511863378376700,,,,20171015
11/06/2012,Kansas,KS,Romney,republican,59.711320369216100,,,,20171015
11/06/2012,Kansas,KS,Obama,democrat,37.99457055391900,,,,20171015
11/06/2012,Kansas,KS,Johnson,libertarian,1.7634923631711500,,,,20171015
11/06/2012,Kansas,KS,Baldwin,reform party,0.43251081277031900,,,,20171015
11/06/2012,Kentucky,KY,Romney,republican,60.493141599321600,,,,20171015
11/06/2012,Kentucky,KY,Obama,democrat,37.801327834445800,,,,20171015
11/06/2012,Kentucky,KY,Johnson,libertarian,0.94941498276218900,,,,20171015
11/06/2012,Kentucky,KY,Terry,independent,0.38237002646321100,,,,20171015
11/06/2012,Kentucky,KY,Stein,green,0.35260169640532100,,,,20171015
11/06/2012,Louisiana,LA,Romney,republican,57.784575728474200,,,,20171015
11/06/2012,Louisiana,LA,Obama,democrat,40.577463623302100,,,,20171015
11/06/2012,Louisiana,LA,Johnson,libertarian,0.91055206324768800,,,,20171015
11/06/2012,Louisiana,LA,Stein,green,0.34993844232760700,,,,20171015
11/06/2012,Louisiana,LA,Goode,constitution party,0.12577323206615600,,,,20171015
11/06/2012,Louisiana,LA,Tittle,we the people,0.088612959,,,,20171015
11/06/2012,Louisiana,LA,Anderson,justice,0.068603581126994400,,,,20171015
11/06/2012,Louisiana,LA,Lindsay,socialism and liberation party,0.031192563933472600,,,,20171015
11/06/2012,Louisiana,LA,Fellure,prohibition,0.025977087005689400,,,,20171015
11/06/2012,Louisiana,LA,Harris,socialist workers,0.019507889662573700,,,,20171015
11/06/2012,Louisiana,LA,White,socialist equality party,0.017802829897721500,,,,20171015
11/06/2012,Maine,ME,Obama,democrat,55.371034193482500,,,,20171015
11/06/2012,Maine,ME,Romney,republican,40.327392039825700,,,,20171015
11/06/2012,Maine,ME,Johnson,libertarian,1.2903617483353100,,,,20171015
11/06/2012,Maine,ME,Stein,green,1.1202359960152200,,,,20171015
11/06/2012,Maine 1st CD,ME-1,Romney,republican,38.18,,,,JJCooley
11/06/2012,Maine 1st CD,ME-1,Obama,democrat,59.57,,,,JJCooley
11/06/2012,Maine 2nd CD,ME-2,Romney,republican,44.38,,,,JJCooley
11/06/2012,Maine 2nd CD,ME-2,Obama,democrat,52.94,,,,JJCooley
11/06/2012,Maryland,MD,Obama,democrat,61.974190779318500,,,,20171015
11/06/2012,Maryland,MD,Romney,republican,35.897732338945400,,,,20171015
11/06/2012,Maryland,MD,Johnson,libertarian,1.1153067213528300,,,,20171015
11/06/2012,Maryland,MD,Stein,green,0.63198867369918700,,,,20171015
11/06/2012,Massachusetts,MA,Obama,democrat,60.65124108,,,,20171015
11/06/2012,Massachusetts,MA,Romney,republican,37.5126706,,,,20171015
11/06/2012,Massachusetts,MA,Johnson,libertarian,0.97608189,,,,20171015
11/06/2012,Massachusetts,MA,Stein,green-rainbow,0.65317304,,,,20171015
11/06/2012,Michigan,MI,Obama,democrat,54.208204210518800,,,,20171015
11/06/2012,Michigan,MI,Romney,republican,44.710916027420200,,,,20171015
11/06/2012,Michigan,MI,Stein,green,0.46284465249237900,,,,20171015
11/06/2012,Michigan,MI,Goode,u.s. taxpayers party,0.34071301792595600,,,,20171015
11/06/2012,Michigan,MI,Anderson,natural law,0.10879396384793700,,,,20171015
11/06/2012,Minnesota,MN,Obama,democrat,52.652303153246300,,,,20171015
11/06/2012,Minnesota,MN,Romney,republican,44.958201106668700,,,,20171015
11/06/2012,Minnesota,MN,Johnson,libertarian,1.1952075914649800,,,,20171015
11/06/2012,Minnesota,MN,Stein,green,0.44347793217985300,,,,20171015
11/06/2012,Minnesota,MN,Goode,constitution party,0.12674689883847100,,,,20171015
11/06/2012,Minnesota,MN,Carlson,grassroots,0.10723427846382200,,,,20171015
11/06/2012,Minnesota,MN,Anderson,justice,0.067970663643629400,,,,20171015
11/06/2012,Minnesota,MN,Morstad,constitutional government,0.037186355059540700,,,,20171015
11/06/2012,Minnesota,MN,Harris,socialist workers,0.035790164,,,,20171015
11/06/2012,Minnesota,MN,Lindsay,socialism and liberation party,0.013519215163587600,,,,20171015
11/06/2012,Mississippi,MS,Romney,republican,55.285846743581100,,,,20171015
11/06/2012,Mississippi,MS,Obama,democrat,43.789359543989300,,,,20171015
11/06/2012,Mississippi,MS,Johnson,libertarian,0.51929706654718800,,,,20171015
11/06/2012,Mississippi,MS,Goode,constitution party,0.20294278709131400,,,,20171015
11/06/2012,Mississippi,MS,Stein,green,0.12352362817209900,,,,20171015
11/06/2012,Mississippi,MS,Washer,reform party,0.079030230618924900,,,,20171015
11/06/2012,Missouri,MO,Romney,republican,53.763741135877100,,,,20171015
11/06/2012,Missouri,MO,Obama,democrat,44.383483545453300,,,,20171015
11/06/2012,Missouri,MO,Johnson,libertarian,1.5649599267115200,,,,20171015
11/06/2012,Missouri,MO,Goode,constitution party,0.28781539195806900,,,,20171015
11/06/2012,Montana,MT,Romney,republican,55.351535384920500,,,,20171015
11/06/2012,Montana,MT,Obama,democrat,41.698137374805800,,,,20171015
11/06/2012,Montana,MT,Johnson,libertarian,2.9263626747760600,,,,20171015
11/06/2012,Nebraska,NE,Romney,republican,59.80319217904800,,,,20171015
11/06/2012,Nebraska,NE,Obama,democrat,38.02731441792900,,,,20171015
11/06/2012,Nebraska,NE,Johnson,libertarian,1.3984508653929700,,,,20171015
11/06/2012,Nebraska 1st CD,NE-1,Romney,republican,57.43,,,,JJCooley
11/06/2012,Nebraska 1st CD,NE-1,Obama,democrat,40.83,,,,JJCooley
11/06/2012,Nebraska 2nd CD,NE-2,Romney,republican,52.85,,,,JJCooley
11/06/2012,Nebraska 2nd CD,NE-2,Obama,democrat,45.7,,,,JJCooley
11/06/2012,Nebraska 3rd CD,NE-3,Romney,republican,70.24,,,,JJCooley
11/06/2012,Nebraska 3rd CD,NE-3,Obama,democrat,27.82,,,,JJCooley
11/06/2012,Nevada,NV,Obama,democrat,52.356249470400600,,,,20171015
11/06/2012,Nevada,NV,Romney,republican,45.675315641263600,,,,20171015
11/06/2012,Nevada,NV,Johnson,libertarian,1.0806784390463100,,,,20171015
11/06/2012,Nevada,NV,Goode,independent american,0.31923761328501400,,,,20171015
11/06/2012,New Hampshire,NH,Obama,democrat,51.97968415071200,,,,20171015
11/06/2012,New Hampshire,NH,Romney,republican,46.403796492688900,,,,20171015
11/06/2012,New Hampshire,NH,Johnson,libertarian,1.1550384543976400,,,,20171015
11/06/2012,New Hampshire,NH,Goode,constitution party,0.099581980724979300,,,,20171015
11/06/2012,New Jersey,NJ,Obama,democrat,58.342354910637600,,,,20171015
11/06/2012,New Jersey,NJ,Romney,republican,40.623564827144400,,,,20171015
11/06/2012,New Jersey,NJ,Johnson,libertarian,0.57812301171444600,,,,20171015
11/06/2012,New Jersey,NJ,Stein,green,0.27170544776843400,,,,20171015
11/06/2012,New Jersey,NJ,Goode,constitution party,0.056699204809455800,,,,20171015
11/06/2012,New Jersey,NJ,Anderson,justice,0.047354692140907600,,,,20171015
11/06/2012,New Jersey,NJ,Boss,nsa did 911,0.028143473,,,,20171015
11/06/2012,New Jersey,NJ,Harris,socialist workers,0.019486057,,,,20171015
11/06/2012,New Jersey,NJ,Miller,american third position,0.018249283564458900,,,,20171015
11/06/2012,New Jersey,NJ,Lindsay,socialism and liberation party,0.014319091471510600,,,,20171015
11/06/2012,New Mexico,NM,Obama,democrat,52.992760520466800,,,,20171015
11/06/2012,New Mexico,NM,Romney,republican,42.843326639090100,,,,20171015
11/06/2012,New Mexico,NM,Johnson,libertarian,3.5454821513783600,,,,20171015
11/06/2012,New Mexico,NM,Stein,green,0.34334577765075400,,,,20171015
11/06/2012,New Mexico,NM,Goode,constitution party,0.12529377690562600,,,,20171015
11/06/2012,New York,NY,Obama,democrat,61.31132103,,,,20171015
11/06/2012,New York,NY,Romney,republican,31.52456513,,,,20171015
11/06/2012,New York,NY,Romney,conservative,3.715278659,,,,20171015
11/06/2012,New York,NY,Obama,working families,2.093364959,,,,20171015
11/06/2012,New York,NY,Johnson,libertarian,0.667696692,,,,20171015
11/06/2012,New York,NY,Stein,green,0.56510064,,,,20171015
11/06/2012,New York,NY,Goode,constitution party,0.088899564,,,,20171015
11/06/2012,New York,NY,Lindsay,socialism and liberation party,0.028910081,,,,20171015
11/06/2012,North Carolina,NC,Romney,republican,50.39306410214300,,,,20171015
11/06/2012,North Carolina,NC,Obama,democrat,48.350968577067600,,,,20171015
11/06/2012,North Carolina,NC,Johnson,libertarian,0.98804271878104600,,,,20171015
11/06/2012,North Dakota,ND,Romney,republican,58.315682558557200,,,,20171015
11/06/2012,North Dakota,ND,Obama,democrat,38.697310888979700,,,,20171015
11/06/2012,North Dakota,ND,Johnson,libertarian,1.6220133031102500,,,,20171015
11/06/2012,North Dakota,ND,Stein,green,0.4217606183345100,,,,20171015
11/06/2012,North Dakota,ND,Goode,constitution party,0.36725998042931600,,,,20171015
11/06/2012,Ohio,OH,Obama,democrat,50.666747658319900,,,,20171015
11/06/2012,Ohio,OH,Romney,republican,47.688440878422600,,,,20171015
11/06/2012,Ohio,OH,Johnson,libertarian,0.88684068404260200,,,,20171015
11/06/2012,Ohio,OH,Stein,green,0.33281835543222800,,,,20171015
11/06/2012,Ohio,OH,Duncan,independent,0.22401717883136200,,,,20171015
11/06/2012,Ohio,OH,Goode,constitution party,0.14605375337181500,,,,20171015
11/06/2012,Ohio,OH,Alexander,socialist,0.053164211293605100,,,,20171015
11/06/2012,Oklahoma,OK,Romney,republican,66.772319743016600,,,,20171015
11/06/2012,Oklahoma,OK,Obama,democrat,33.227680256983400,,,,20171015
11/06/2012,Oregon,OR,Obama,democrat,54.23932665276900,,,,20171015
11/06/2012,Oregon,OR,Romney,republican,42.149871176513300,,,,20171015
11/06/2012,Oregon,OR,Johnson,libertarian,1.3463032409865500,,,,20171015
11/06/2012,Oregon,OR,Stein,pacific green,1.085750054491500,,,,20171015
11/06/2012,Oregon,OR,Christensen,constitution party,0.24769878218491300,,,,20171015
11/06/2012,Oregon,OR,Anderson,progressive,0.18912740950219900,,,,20171015
11/06/2012,Pennsylvania,PA,Obama,democrat,52.076857702140700,,,,20171015
11/06/2012,Pennsylvania,PA,Romney,republican,46.680866033674400,,,,20171015
11/06/2012,Pennsylvania,PA,Johnson,libertarian,0.87061392815097100,,,,20171015
11/06/2012,Pennsylvania,PA,Stein,green,0.37166233603388300,,,,20171015
11/06/2012,Rhode Island,RI,Obama,democrat,62.700958863263900,,,,20171015
11/06/2012,Rhode Island,RI,Romney,republican,35.24366157081400,,,,20171015
11/06/2012,Rhode Island,RI,Johnson,libertarian,0.98374842225854100,,,,20171015
11/06/2012,Rhode Island,RI,Stein,green,0.542765481,,,,20171015
11/06/2012,Rhode Island,RI,Goode,constitution party,0.096401964806557100,,,,20171015
11/06/2012,Rhode Island,RI,Anderson,justice,0.093263296184948300,,,,20171015
11/06/2012,Rhode Island,RI,Lindsay,socialism and liberation party,0.029593161289454700,,,,20171015
11/06/2012,South Carolina,SC,Romney,republican,54.561131255861400,,,,20171015
11/06/2012,South Carolina,SC,Obama,democrat,44.088033407361500,,,,20171015
11/06/2012,South Carolina,SC,Johnson,libertarian,0.83095822145105300,,,,20171015
11/06/2012,South Carolina,SC,Stein,green,0.27727458329896700,,,,20171015
11/06/2012,South Carolina,SC,Goode,constitution party,0.24260253202709800,,,,20171015
11/06/2012,South Dakota,SD,Romney,republican,57.889311875541100,,,,20171015
11/06/2012,South Dakota,SD,Obama,democrat,39.866140758352500,,,,20171015
11/06/2012,South Dakota,SD,Johnson,libertarian,1.5928425161139600,,,,20171015
11/06/2012,South Dakota,SD,Goode,constitution party,0.65170484999244100,,,,20171015
11/06/2012,Tennessee,TN,Romney,republican,59.478714719937600,,,,20171015
11/06/2012,Tennessee,TN,Obama,democrat,39.075814993795200,,,,20171015
11/06/2012,Tennessee,TN,Stein,green,0.2649906836352900,,,,20171015
11/06/2012,Tennessee,TN,Goode,constitution party,0.24493843389895900,,,,20171015
11/06/2012,Texas,TX,Romney,republican,57.166977468056400,,,,20171015
11/06/2012,Texas,TX,Obama,democrat,41.383358283760900,,,,20171015
11/06/2012,Texas,TX,Johnson,libertarian,1.1081017146804500,,,,20171015
11/06/2012,Texas,TX,Stein,green,0.30844958206001100,,,,20171015
11/06/2012,Utah,UT,Romney,republican,72.790533102689100,,,,20171015
11/06/2012,Utah,UT,Obama,democrat,24.749665827960400,,,,20171015
11/06/2012,Utah,UT,Johnson,libertarian,1.2356502594747600,,,,20171015
11/06/2012,Utah,UT,Anderson,justice,0.52435524453530400,,,,20171015
11/06/2012,Utah,UT,Stein,green,0.37515725743041400,,,,20171015
11/06/2012,Utah,UT,Goode,constitution party,0.2821788016983800,,,,20171015
11/06/2012,Vermont,VT,Obama,democrat,66.570550302382300,,,,20171015
11/06/2012,Vermont,VT,Romney,republican,30.972635236726900,,,,20171015
11/06/2012,Vermont,VT,Johnson,libertarian,1.1650907146914400,,,,20171015
11/06/2012,Vermont,VT,Anderson,justice,0.37689197768051100,,,,20171015
11/06/2012,Vermont,VT,Lindsay,socialism and liberation party,0.23221624511343500,,,,20171015
11/06/2012,Virginia,VA,Obama,democrat,51.156456796218600,,,,20171015
11/06/2012,Virginia,VA,Romney,republican,47.283102896389100,,,,20171015
11/06/2012,Virginia,VA,Johnson,libertarian,0.80986091801014300,,,,20171015
11/06/2012,Virginia,VA,Goode,constitution party,0.33877382968274100,,,,20171015
11/06/2012,Virginia,VA,Stein,green,0.22381695731911500,,,,20171015
11/06/2012,Washington,WA,Obama,democrat,56.163398299672800,,,,20171015
11/06/2012,Washington,WA,Romney,republican,41.294621432109100,,,,20171015
11/06/2012,Washington,WA,Johnson,libertarian,1.3502410481981200,,,,20171015
11/06/2012,Washington,WA,Stein,green,0.66958543805246900,,,,20171015
11/06/2012,Washington,WA,Goode,constitution party,0.28318524045309600,,,,20171015
11/06/2012,Washington,WA,Anderson,justice,0.15824587044187300,,,,20171015
11/06/2012,Washington,WA,Lindsay,socialism and liberation party,0.042169037048602500,,,,20171015
11/06/2012,Washington,WA,Harris,socialist workers,0.038553634,,,,20171015
11/06/2012,West Virginia,WV,Romney,republican,62.295842419433300,,,,20171015
11/06/2012,West Virginia,WV,Obama,democrat,35.539304156387300,,,,20171015
11/06/2012,West Virginia,WV,Johnson,libertarian,0.93998251889063600,,,,20171015
11/06/2012,West Virginia,WV,Stein,mountain party,0.65718231961792100,,,,20171015
11/06/2012,Wisconsin,WI,Obama,democrat,52.82776165,,,,20171015
11/06/2012,Wisconsin,WI,Romney,republican,45.88549077,,,,20171015
11/06/2012,Wisconsin,WI,Goode,constitution party,0.160668276,,,,20171015
11/06/2012,Wyoming,WY,Romney,republican,68.64262169,,,,20171015
11/06/2012,Wyoming,WY,Obama,democrat,27.81888774,,,,20171015
11/06/2012,Wyoming,WY,Johnson,libertarian,2.13843195,,,,20171015
11/06/2012,Wyoming,WY,Goode,constitution party,0.582989709,,,,20171015
11/06/2012,National Popular Vote,NPV,Obama,democrat,51.06370658,,,,20210915
11/06/2012,National Popular Vote,NPV,Romney,republican,47.20402097,,,,20210915
11/06/2012,National Popular Vote,NPV,Johnson,libertarian,0.988470347,,,,20210915
11/06/2012,National Popular Vote,NPV,Stein,green,0.363811061,,,,20210915
11/08/2016,Alabama,AL,Trump,republican,62.083092364409100,,,,20171015
11/08/2016,Alabama,AL,Clinton,democrat,34.357945757973600,,,,20171015
11/08/2016,Alabama,AL,Johnson,libertarian,2.0941690857748900,,,,20171015
11/08/2016,Alabama,AL,Stein,green,0.44226824126907600,,,,20171015
11/08/2016,Alaska,AK,Trump,republican,51.281512077537300,,,,20171015
11/08/2016,Alaska,AK,Clinton,democrat,36.55087129011200,,,,20171015
11/08/2016,Alaska,AK,Johnson,libertarian,5.8771280068297100,,,,20171015
11/08/2016,Alaska,AK,Stein,green,1.8000175764575900,,,,20171015
11/08/2016,Alaska,AK,Castle,constitution party,1.2134033043740300,,,,20171015
11/08/2016,Alaska,AK,De La Fuente,no party affiliation,0.38919298950434400,,,,20171015
11/08/2016,Arizona,AZ,Trump,republican,48.671616472321100,,,,20171015
11/08/2016,Arizona,AZ,Clinton,democrat,45.126021844693200,,,,20171015
11/08/2016,Arizona,AZ,Johnson,libertarian,4.1321485408048100,,,,20171015
11/08/2016,Arizona,AZ,Stein,green,1.3347375702685200,,,,20171015
11/08/2016,Arizona,AZ,Castle,constitution party,0.041116679,,,,20171015
11/08/2016,Arizona,AZ,De La Fuente,american delta party,0.001127017,,,,20171015
11/08/2016,Arizona,AZ,Tittle,we the people,0.000466352,,,,20171015
11/08/2016,Arkansas,AR,Trump,republican,60.574102163828300,,,,20171015
11/08/2016,Arkansas,AR,Clinton,democrat,33.653124129360900,,,,20171015
11/08/2016,Arkansas,AR,Johnson,libertarian,2.6382519557593700,,,,20171015
11/08/2016,Arkansas,AR,McMullin,better for america,1.1723500510774900,,,,20171015
11/08/2016,Arkansas,AR,Stein,green,0.83784775811822600,,,,20171015
11/08/2016,Arkansas,AR,Hedges,prohibition,0.41649161754235500,,,,20171015
11/08/2016,Arkansas,AR,Castle,constitution party,0.40800081370203500,,,,20171015
11/08/2016,Arkansas,AR,Kahn,independent,0.29983151061129400,,,,20171015
11/08/2016,California,CA,Clinton,democrat,61.726399604557900,,,,20171015
11/08/2016,California,CA,Trump,republican,31.617106538439400,,,,20171015
11/08/2016,California,CA,Johnson,libertarian,3.3740915602229500,,,,20171015
11/08/2016,California,CA,Stein,green,1.9649200248632100,,,,20171015
11/08/2016,California,CA,La Riva,peace & freedom,0.46610413003614900,,,,20171015
11/08/2016,Colorado,CO,Clinton,democrat,48.156980382847400,,,,20171015
11/08/2016,Colorado,CO,Trump,republican,43.25139737143100,,,,20171015
11/08/2016,Colorado,CO,Johnson,libertarian,5.1837984044428100,,,,20171015
11/08/2016,Colorado,CO,Stein,green,1.3825164915006700,,,,20171015
11/08/2016,Colorado,CO,Castle,american constitution party,0.42079403788189400,,,,20171015
11/08/2016,Colorado,CO,Keniston,veterans party of america,0.18084899756134400,,,,20171015
11/08/2016,Colorado,CO,De La Fuente,american delta party,0.045140312637129400,,,,20171015
11/08/2016,Colorado,CO,Kopitke,independent american,0.039421340757206300,,,,20171015
11/08/2016,Colorado,CO,Maldonado,independent people of colorado,0.031364424398069200,,,,20171015
11/08/2016,Colorado,CO,Maturen,american solidarity party,0.031004740632036300,,,,20171015
11/08/2016,Colorado,CO,Silva,nutrition party,0.027012250829071100,,,,20171015
11/08/2016,Colorado,CO,Hoefling,america's party,0.025537547388336200,,,,20171015
11/08/2016,Colorado,CO,La Riva,socialism and liberation party,0.019099207976347200,,,,20171015
11/08/2016,Colorado,CO,Kennedy,socialist workers,0.016257706224687300,,,,20171015
11/08/2016,Colorado,CO,Kotlikoff,kotlikoff for president,0.014099603628489800,,,,20171015
11/08/2016,Colorado,CO,Lyttle,nonviolent resistance/pacifist,0.013739919862456900,,,,20171015
11/08/2016,Colorado,CO,Atwood,approval voting party,0.012121342915308900,,,,20171015
11/08/2016,Colorado,CO,Soltysik,socialist party usa,0.00974743,,,,20171015
11/08/2016,Colorado,CO,Hedges,prohibition,0.00665415,,,,20171015
11/08/2016,Connecticut,CT,Clinton,democrat,54.566301096709900,,,,20171015
11/08/2016,Connecticut,CT,Trump,republican,40.926914378814800,,,,20171015
11/08/2016,Connecticut,CT,Johnson,libertarian,2.9591712666877400,,,,20171015
11/08/2016,Connecticut,CT,Stein,green,1.3885781679352200,,,,20171015
11/08/2016,Delaware,DE,Clinton,democrat,53.353336805634200,,,,20171015
11/08/2016,Delaware,DE,Trump,republican,41.922824339319300,,,,20171015
11/08/2016,Delaware,DE,Johnson,libertarian,3.3417876310604900,,,,20171015
11/08/2016,Delaware,DE,Stein,green,1.3820512239860500,,,,20171015
11/08/2016,District of Columbia,DC,Clinton,democrat,90.86382153,,,,20171015
11/08/2016,District of Columbia,DC,Trump,republican,4.087474459,,,,20171015
11/08/2016,District of Columbia,DC,Johnson,libertarian,1.57613375,,,,20171015
11/08/2016,District of Columbia,DC,Stein,green,1.367953018,,,,20171015
11/08/2016,Florida,FL,Trump,republican,49.021941416590700,,,,20171015
11/08/2016,Florida,FL,Clinton,democrat,47.823315805805100,,,,20171015
11/08/2016,Florida,FL,Johnson,libertarian,2.1978996052988700,,,,20171015
11/08/2016,Florida,FL,Stein,green,0.68363835860976800,,,,20171015
11/08/2016,Florida,FL,Castle,constitution party,0.17489311880768200,,,,20171015
11/08/2016,Florida,FL,De La Fuente,reform party,0.096687497790614200,,,,20171015
11/08/2016,Georgia,GA,Trump,republican,50.37839793,,,,20171015
11/08/2016,Georgia,GA,Clinton,democrat,45.28676759,,,,20171015
11/08/2016,Georgia,GA,Johnson,libertarian,3.021733495,,,,20171015
11/08/2016,Hawaii,HI,Clinton,democrat,62.22149173,,,3,20171015
11/08/2016,Hawaii,HI,Trump,republican,30.03867701,,,,20171015
11/08/2016,Hawaii,HI,Johnson,libertarian,3.719427328,,,,20171015
11/08/2016,Hawaii,HI,Stein,green,2.96943374,,,,20171015
11/08/2016,Hawaii,HI,Castle,constitution party,1.050970189,,,,20171015
11/08/2016,Hawaii,HI,Sanders,independent,0,,,1,JJCooley
11/08/2016,Idaho,ID,Trump,republican,59.261432369196900,,,,20171015
11/08/2016,Idaho,ID,Clinton,democrat,27.492013820979200,,,,20171015
11/08/2016,Idaho,ID,McMullin,independent,8.8008054994168800,,,,20171015
11/08/2016,Idaho,ID,Johnson,libertarian,4.104425176,,,,20171015
11/08/2016,Idaho,ID,Castle,constitution party,0.34132313420402600,,,,20171015
11/08/2016,Illinois,IL,Clinton,democrat,55.825366698793300,,,,20171015
11/08/2016,Illinois,IL,Trump,republican,38.761753073825300,,,,20171015
11/08/2016,Illinois,IL,Johnson,libertarian,3.7857649630880900,,,,20171015
11/08/2016,Illinois,IL,Stein,green,1.3872131180704400,,,,20171015
11/08/2016,Indiana,IN,Trump,republican,56.940033448411300,,,,20171015
11/08/2016,Indiana,IN,Clinton,democrat,37.77483968675200,,,,20171015
11/08/2016,Indiana,IN,Johnson,libertarian,4.8992708480349600,,,,20171015
11/08/2016,Indiana,IN,Castle,constitution party,0.070823756708512500,,,,20171015
11/08/2016,Indiana,IN,Soltysik,socialist party usa,0.002084127,,,,20171015
11/08/2016,Iowa,IA,Trump,republican,51.162061344677400,,,,20171015
11/08/2016,Iowa,IA,Clinton,democrat,41.752513445496200,,,,20171015
11/08/2016,Iowa,IA,Johnson,libertarian,3.7804519730706800,,,,20171015
11/08/2016,Iowa,IA,McMullin,nominated by petition,0.78986701414172400,,,,20171015
11/08/2016,Iowa,IA,Stein,green,0.73321069507786300,,,,20171015
11/08/2016,Iowa,IA,Castle,constitution party,0.34076827757125200,,,,20171015
11/08/2016,Iowa,IA,Kahn,new independent party iowa,0.14352508335568900,,,,20171015
11/08/2016,Iowa,IA,Vacek,legal marijuana now,0.14346120926429800,,,,20171015
11/08/2016,Iowa,IA,La Riva,socialism and liberation party,0.020631331519309100,,,,20171015
11/08/2016,Kansas,KS,Trump,republican,56.654581805839600,,,,20171015
11/08/2016,Kansas,KS,Clinton,democrat,36.052370732234500,,,,20171015
11/08/2016,Kansas,KS,Johnson,libertarian,4.6779725127110600,,,,20171015
11/08/2016,Kansas,KS,Stein,independent,1.9846302184562300,,,,20171015
11/08/2016,Kentucky,KY,Trump,republican,62.519638551900100,,,,20171015
11/08/2016,Kentucky,KY,Clinton,democrat,32.682188333647800,,,,20171015
11/08/2016,Kentucky,KY,Johnson,libertarian,2.7935466536115400,,,,20171015
11/08/2016,Kentucky,KY,McMullin,independent,1.1838999994283200,,,,20171015
11/08/2016,Kentucky,KY,Stein,green,0.72307290131897300,,,,20171015
11/08/2016,Kentucky,KY,De La Fuente,american delta party,0.058623318672306600,,,,20171015
11/08/2016,Louisiana,LA,Trump,republican,58.088684653568800,,,,20171015
11/08/2016,Louisiana,LA,Clinton,democrat,38.44956609851400,,,,20171015
11/08/2016,Louisiana,LA,Johnson,libertarian,1.871729967787600,,,,20171015
11/08/2016,Louisiana,LA,Stein,green,0.69151201163904800,,,,20171015
11/08/2016,Maine,ME,Clinton,democrat,46.345214097308900,,,,20171015
11/08/2016,Maine,ME,Trump,republican,43.476678084498900,,,,20171015
11/08/2016,Maine,ME,Johnson,libertarian,4.9365714374549800,,,,20171015
11/08/2016,Maine,ME,Stein,green,1.8462427386214700,,,,20171015
11/08/2016,Maine 1st CD,ME-1,Trump,republican,39.15,,,,JJCooley
11/08/2016,Maine 1st CD,ME-1,Clinton,democrat,53.96,,,,JJCooley
11/08/2016,Maine 2nd CD,ME-2,Trump,republican,51.26,,,,JJCooley
11/08/2016,Maine 2nd CD,ME-2,Clinton,democrat,40.97,,,,JJCooley
11/08/2016,Maryland,MD,Clinton,democrat,60.325744235192800,,,,20171015
11/08/2016,Maryland,MD,Trump,republican,33.909304728547700,,,,20171015
11/08/2016,Maryland,MD,Johnson,libertarian,2.8620005565450500,,,,20171015
11/08/2016,Maryland,MD,Stein,green,1.2923134225866700,,,,20171015
11/08/2016,Maryland,MD,Trump,republican,0.009311703,,,,20171015
11/08/2016,Maryland,MD,Clinton,democrat,0.002804297,,,,20171015
11/08/2016,Massachusetts,MA,Clinton,democrat,60.00506459,,,,20171015
11/08/2016,Massachusetts,MA,Trump,republican,32.80835814,,,,20171015
11/08/2016,Massachusetts,MA,Johnson,libertarian,4.150859868,,,,20171015
11/08/2016,Massachusetts,MA,Stein,green,1.433393703,,,,20171015
11/08/2016,Michigan,MI,Trump,republican,47.497564219996100,,,,20171015
11/08/2016,Michigan,MI,Clinton,democrat,47.274530950866800,,,,20171015
11/08/2016,Michigan,MI,Johnson,libertarian,3.5867016830010500,,,,20171015
11/08/2016,Michigan,MI,Stein,green,1.0723057856130200,,,,20171015
11/08/2016,Michigan,MI,Castle,u.s. taxpayers party,0.33627932833314300,,,,20171015
11/08/2016,Michigan,MI,Soltysik,natural law,0.046027699131787200,,,,20171015
11/08/2016,Minnesota,MN,Clinton,democrat,46.445033961766900,,,,20171015
11/08/2016,Minnesota,MN,Trump,republican,44.925193104277300,,,,20171015
11/08/2016,Minnesota,MN,Johnson,libertarian,3.8363451012672600,,,,20171015
11/08/2016,Minnesota,MN,McMullin,independence,1.8023405467705200,,,,20171015
11/08/2016,Minnesota,MN,Stein,green,1.2559843139492200,,,,20171015
11/08/2016,Minnesota,MN,Vacek,legal marijuana now,0.38342396822583100,,,,20171015
11/08/2016,Minnesota,MN,Castle,constitution party,0.32111035723527200,,,,20171015
11/08/2016,Minnesota,MN,Kennedy,socialist workers,0.056744438128187400,,,,20171015
11/08/2016,Minnesota,MN,De La Fuente,american delta party,0.048560470690190300,,,,20171015
11/08/2016,Mississippi,MS,Trump,republican,57.941038088835600,,,,20171015
11/08/2016,Mississippi,MS,Clinton,democrat,40.114788271784100,,,,20171015
11/08/2016,Mississippi,MS,Johnson,libertarian,1.193609496616800,,,,20171015
11/08/2016,Mississippi,MS,Castle,constitution party,0.32967932545972800,,,,20171015
11/08/2016,Mississippi,MS,Stein,green,0.30851105174071800,,,,20171015
11/08/2016,Mississippi,MS,Hedges,prohibition,0.059122326988639400,,,,20171015
11/08/2016,Mississippi,MS,De La Fuente,american delta party,0.053251438574382900,,,,20171015
11/08/2016,Missouri,MO,Trump,republican,56.772347838161600,,,,20171015
11/08/2016,Missouri,MO,Clinton,democrat,38.135230835236700,,,,20171015
11/08/2016,Missouri,MO,Johnson,libertarian,3.466453986943700,,,,20171015
11/08/2016,Missouri,MO,Stein,green,0.90504004657116300,,,,20171015
11/08/2016,Missouri,MO,Castle,constitution party,0.46613888389431800,,,,20171015
11/08/2016,Montana,MT,Trump,republican,56.466191868577200,,,,20171015
11/08/2016,Montana,MT,Clinton,democrat,35.935218775150300,,,,20171015
11/08/2016,Montana,MT,Johnson,libertarian,5.6694693504487100,,,,20171015
11/08/2016,Montana,MT,Stein,green,1.611644281594900,,,,20171015
11/08/2016,Montana,MT,De La Fuente,american delta party,0.31747572422885800,,,,20171015
11/08/2016,Nebraska,NE,Trump,republican,58.747351127125800,,,,20171015
11/08/2016,Nebraska,NE,Clinton,democrat,33.698756377135500,,,,20171015
11/08/2016,Nebraska,NE,Johnson,libertarian,4.6132142184507200,,,,20171015
11/08/2016,Nebraska,NE,Stein,nominated by petition,1.0394123855313800,,,,20171015
11/08/2016,Nebraska 1st CD,NE-1,Trump,republican,56.18,,,,JJCooley
11/08/2016,Nebraska 1st CD,NE-1,Clinton,democrat,35.46,,,,JJCooley
11/08/2016,Nebraska 2nd CD,NE-2,Trump,republican,47.16,,,,JJCooley
11/08/2016,Nebraska 2nd CD,NE-2,Clinton,democrat,44.92,,,,JJCooley
11/08/2016,Nebraska 3rd CD,NE-3,Trump,republican,73.91,,,,JJCooley
11/08/2016,Nebraska 3rd CD,NE-3,Clinton,democrat,19.73,,,,JJCooley
11/08/2016,Nevada,NV,Clinton,democrat,47.91782367811900,,,,20171015
11/08/2016,Nevada,NV,Trump,republican,45.500695317602400,,,,20171015
11/08/2016,Nevada,NV,Johnson,libertarian,3.3218853992189300,,,,20171015
11/08/2016,Nevada,NV,Kopitke,independent american,0.46810647023018800,,,,20171015
11/08/2016,Nevada,NV,De La Fuente,no party affiliation,0.22676683979260400,,,,20171015
11/08/2016,New Hampshire,NH,Clinton,democrat,46.826262669690600,,,,20171015
11/08/2016,New Hampshire,NH,Trump,republican,46.458666981953400,,,,20171015
11/08/2016,New Hampshire,NH,Johnson,libertarian,4.1350484215957100,,,,20171015
11/08/2016,New Hampshire,NH,Stein,green,0.87277104807764700,,,,20171015
11/08/2016,New Hampshire,NH,De La Fuente,american delta party,0.091092791040123800,,,,20171015
11/08/2016,New Jersey,NJ,Clinton,democrat,55.453084449694200,,,,20171015
11/08/2016,New Jersey,NJ,Trump,republican,41.350386650029500,,,,20171015
11/08/2016,New Jersey,NJ,Johnson,libertarian,1.8708347810015700,,,,20171015
11/08/2016,New Jersey,NJ,Stein,green,0.97500132935953800,,,,20171015
11/08/2016,New Jersey,NJ,Castle,constitution party,0.15903270121211800,,,,20171015
11/08/2016,New Jersey,NJ,Kennedy,socialist workers,0.055652410941945400,,,,20171015
11/08/2016,New Jersey,NJ,De La Fuente,american delta party,0.047443938456074100,,,,20171015
11/08/2016,New Jersey,NJ,Moorehead,workers world party,0.045146598672292500,,,,20171015
11/08/2016,New Jersey,NJ,La Riva,socialism and liberation party,0.043417140632816400,,,,20171015
11/08/2016,New Mexico,NM,Clinton,democrat,48.255647178634100,,,,20171015
11/08/2016,New Mexico,NM,Trump,republican,40.042514333242700,,,,20171015
11/08/2016,New Mexico,NM,Johnson,libertarian,9.3372448858163200,,,,20171015
11/08/2016,New Mexico,NM,Stein,green,1.2374752448582600,,,,20171015
11/08/2016,New Mexico,NM,McMullin,better for america,0.72965819428073200,,,,20171015
11/08/2016,New Mexico,NM,Castle,constitution party,0.18964849890833100,,,,20171015
11/08/2016,New Mexico,NM,La Riva,socialism and liberation party,0.14831164,,,,20171015
11/08/2016,New Mexico,NM,De La Fuente,american delta party,0.059500024426325800,,,,20171015
11/08/2016,New York,NY,Clinton,democrat,56.72234228,,,,20171015
11/08/2016,New York,NY,Trump,republican,32.72884003,,,,20171015
11/08/2016,New York,NY,Trump,conservative,3.786748427,,,,20171015
11/08/2016,New York,NY,Clinton,working families,1.813661237,,,,20171015
11/08/2016,New York,NY,Johnson,independence,1.543181057,,,,20171015
11/08/2016,New York,NY,Stein,green,1.397845716,,,,20171015
11/08/2016,New York,NY,Johnson,libertarian,0.743927341,,,,20171015
11/08/2016,New York,NY,Clinton,women's equality,0.627433723,,,,20171015
11/08/2016,North Carolina,NC,Trump,republican,49.828094696180400,,,,20171015
11/08/2016,North Carolina,NC,Clinton,democrat,46.172866168209500,,,,20171015
11/08/2016,North Carolina,NC,Johnson,libertarian,2.7443687357167400,,,,20171015
11/08/2016,North Dakota,ND,Trump,republican,62.955627831339300,,,,20171015
11/08/2016,North Dakota,ND,Clinton,democrat,27.22673945870600,,,,20171015
11/08/2016,North Dakota,ND,Johnson,libertarian,6.2243001510047600,,,,20171015
11/08/2016,North Dakota,ND,Stein,green,1.097688465559300,,,,20171015
11/08/2016,North Dakota,ND,Castle,constitution party,0.53229178766407200,,,,20171015
11/08/2016,North Dakota,ND,De La Fuente,american delta party,0.10570333372052500,,,,20171015
11/08/2016,Ohio,OH,Trump,republican,51.687650675786200,,,,20171015
11/08/2016,Ohio,OH,Clinton,democrat,43.55807628,,,,20171015
11/08/2016,Ohio,OH,Johnson,libertarian,3.17,,,,JJCooley
11/08/2016,Ohio,OH,Stein,green,0.84182860798178900,,,,20171015
11/08/2016,Oklahoma,OK,Trump,republican,65.322864819627400,,,,20171015
11/08/2016,Oklahoma,OK,Clinton,democrat,28.931680284543900,,,,20171015
11/08/2016,Oklahoma,OK,Johnson,libertarian,5.7454548958287500,,,,20171015
11/08/2016,Oregon,OR,Clinton,democrat,50.071852002862100,,,,20171015
11/08/2016,Oregon,OR,Trump,republican,39.094035184496800,,,,20171015
11/08/2016,Oregon,OR,Johnson,libertarian,4.7084047856032200,,,,20171015
11/08/2016,Oregon,OR,Stein,green,2.498431048059900,,,,20171015
11/08/2016,Pennsylvania,PA,Trump,republican,48.57788580374600,,,,20171015
11/08/2016,Pennsylvania,PA,Clinton,democrat,47.853616164562900,,,,20171015
11/08/2016,Pennsylvania,PA,Johnson,libertarian,2.3991063874459900,,,,20171015
11/08/2016,Pennsylvania,PA,Stein,green,0.81664296149296500,,,,20171015
11/08/2016,Pennsylvania,PA,Castle,constitution party,0.35274868275217200,,,,20171015
11/08/2016,Rhode Island,RI,Clinton,democrat,54.406606570374700,,,,20171015
11/08/2016,Rhode Island,RI,Trump,republican,38.898057499396700,,,,20171015
11/08/2016,Rhode Island,RI,Johnson,libertarian,3.1770312661587800,,,,20171015
11/08/2016,Rhode Island,RI,Stein,green,1.3401013478575600,,,,20171015
11/08/2016,Rhode Island,RI,De La Fuente,american delta party,0.1445672032817400,,,,20171015
11/08/2016,South Carolina,SC,Trump,republican,54.939332685695400,,,,20171015
11/08/2016,South Carolina,SC,Clinton,democrat,40.673419789665100,,,,20171015
11/08/2016,South Carolina,SC,Johnson,libertarian,2.3396751444465500,,,,20171015
11/08/2016,South Carolina,SC,McMullin,independence,0.99932145426568500,,,,20171015
11/08/2016,South Carolina,SC,Stein,green,0.6197733077131200,,,,20171015
11/08/2016,South Carolina,SC,Castle,constitution party,0.27412867262284300,,,,20171015
11/08/2016,South Carolina,SC,Skewes,american,0.15434894559128300,,,,20171015
11/08/2016,South Dakota,SD,Trump,republican,61.530750378958800,,,,20171015
11/08/2016,South Dakota,SD,Clinton,democrat,31.73742815994900,,,,20171015
11/08/2016,South Dakota,SD,Johnson,libertarian,5.6337190922281700,,,,20171015
11/08/2016,South Dakota,SD,Castle,constitution party,1.0981023688640400,,,,20171015
11/08/2016,Tennessee,TN,Trump,republican,60.722033694214600,,,,20171015
11/08/2016,Tennessee,TN,Clinton,democrat,34.716332798650100,,,,20171015
11/08/2016,Tennessee,TN,Johnson,libertarian,2.81,,,,JJCooley
11/08/2016,Texas,TX,Trump,republican,52.234685579335400,,,36,20171015
11/08/2016,Texas,TX,Clinton,democrat,43.23525798101200,,,,20171015
11/08/2016,Texas,TX,Johnson,libertarian,3.1607186617886500,,,,20171015
11/08/2016,Texas,TX,Stein,green,0.7978168907774200,,,,20171015
11/08/2016,Texas,TX,Paul,independent,0,,,1,JJCooley
11/08/2016,Texas,TX,Kasich,independent,0,,,1,JJCooley
11/08/2016,Utah,UT,Trump,republican,45.540816588100400,,,,20171015
11/08/2016,Utah,UT,Clinton,democrat,27.46126859226900,,,,20171015
11/08/2016,Utah,UT,McMullin,no party affiliation,21.53823038,,,,JJCooley
11/08/2016,Utah,UT,Johnson,libertarian,3.5010523133657500,,,,20171015
11/08/2016,Utah,UT,Castle,constitution party,0.70996900073100600,,,,20171015
11/08/2016,Utah,UT,Kopitke,independent american,0.24148845990999900,,,,20171015
11/08/2016,Vermont,VT,Clinton,democrat,55.722742123213900,,,,20171015
11/08/2016,Vermont,VT,Trump,republican,29.759382401308100,,,,20171015
11/08/2016,Vermont,VT,Sanders,independent,5.684828703,,,,20171015
11/08/2016,Vermont,VT,Johnson,libertarian,3.1447855785463100,,,,20171015
11/08/2016,Vermont,VT,Stein,green,2.1087974736868400,,,,20171015
11/08/2016,Vermont,VT,De La Fuente,independent,0.33170342032096900,,,,20171015
11/08/2016,Vermont,VT,La Riva,liberty union party,0.1020385874364600,,,,20171015
11/08/2016,Virginia,VA,Clinton,democrat,49.751352833417700,,,,20171015
11/08/2016,Virginia,VA,Trump,republican,44.42764701392400,,,,20171015
11/08/2016,Virginia,VA,Johnson,libertarian,2.9696551530198200,,,,20171015
11/08/2016,Virginia,VA,McMullin,independent,1.3572022561284300,,,,20171015
11/08/2016,Virginia,VA,Stein,green,0.69394227910751200,,,,20171015
11/08/2016,Washington,WA,Clinton,democrat,52.538680061826600,,,8,20171015
11/08/2016,Washington,WA,Trump,republican,36.832680186637500,,,,20171015
11/08/2016,Washington,WA,Johnson,libertarian,4.8501078830118200,,,,20171015
11/08/2016,Washington,WA,Stein,green,1.7611294960927300,,,,20171015
11/08/2016,Washington,WA,Castle,constitution party,0.53129029408634700,,,,20171015
11/08/2016,Washington,WA,Kennedy,socialist workers,0.12984550284457200,,,,20171015
11/08/2016,Washington,WA,La Riva,socialism and liberation party,0.10620982273541400,,,,20171015
11/08/2016,Washington,WA,Powell,independent,0,,,3,JJCooley
11/08/2016,Washington,WA,Spotted Eagle,independent,0,,,1,JJCooley
11/08/2016,West Virginia,WV,Trump,republican,68.630574811619400,,,,20171015
11/08/2016,West Virginia,WV,Clinton,democrat,26.476928017771500,,,,20171015
11/08/2016,West Virginia,WV,Johnson,libertarian,3.2261366998994500,,,,20171015
11/08/2016,West Virginia,WV,Stein,green,1.1324575661488400,,,,20171015
11/08/2016,West Virginia,WV,Castle,constitution party,0.53390290456082400,,,,20171015
11/08/2016,Wisconsin,WI,Trump,republican,47.218184567310100,,,,20171015
11/08/2016,Wisconsin,WI,Clinton,democrat,46.453841372242700,,,,20171015
11/08/2016,Wisconsin,WI,Johnson,libertarian,3.5842951464139900,,,,20171015
11/08/2016,Wisconsin,WI,Stein,green,1.0440333988542200,,,,20171015
11/08/2016,Wisconsin,WI,Castle,constitution party,0.40864875762310400,,,,20171015
11/08/2016,Wisconsin,WI,Moorehead,workers world party,0.059472808830200100,,,,20171015
11/08/2016,Wisconsin,WI,De La Fuente,american delta party,0.050467886363254500,,,,20171015
11/08/2016,Wyoming,WY,Trump,republican,68.17263308,,,,20171015
11/08/2016,Wyoming,WY,Clinton,democrat,21.87735735,,,,20171015
11/08/2016,Wyoming,WY,Johnson,libertarian,5.193297609,,,,20171015
11/08/2016,Wyoming,WY,Castle,constitution party,0.79812702,,,,20171015
11/08/2016,National Popular Vote,NPV,Clinton,democrat,48.18457808,,,,20210915
11/08/2016,National Popular Vote,NPV,Trump,republican,46.08557961,,,,20210915
11/08/2016,National Popular Vote,NPV,Johnson,libertarian,3.284820943,,,,20210915
11/08/2016,National Popular Vote,NPV,Stein,green,1.066236716,,,,20210915
11/08/2016,National Popular Vote,NPV,McMullin,independent,0.535592945,,,,20210915
11/03/2020,Alabama,AL,Biden,democrat,36.56999021,,,,20210113
11/03/2020,Alabama,AL,Trump,republican,62.03164317,,,,20210113
11/03/2020,Alabama,AL,Jorgensen,libertarian,1.083639438,,,,20210113
11/03/2020,Alabama,AL,Write-In,,0.314727183,,,,20210113
11/03/2020,Alaska,AK,Biden,democrat,42.77195227,,,,20210113
11/03/2020,Alaska,AK,Trump,republican,52.83314327,,,,20210113
11/03/2020,Alaska,AK,Jorgensen,libertarian,2.474619642,,,,20210113
11/03/2020,Alaska,AK,De La Fuente,alliance,0.088448808,,,,20210113
11/03/2020,Alaska,AK,Pierce,independent,0.229466248,,,,20210113
11/03/2020,Alaska,AK,Janos,green,0.743470642,,,,20210113
11/03/2020,Alaska,AK,Blankenship,constitution party,0.313464801,,,,20210113
11/03/2020,Alaska,AK,Write-In,,0.545434317,,,,20210113
11/03/2020,Arizona,AZ,Biden,democrat,49.36469061,,,,20210113
11/03/2020,Arizona,AZ,Trump,republican,49.05598103,,,,20210113
11/03/2020,Arizona,AZ,Jorgensen,libertarian,1.519340034,,,,20210113
11/03/2020,Arizona,AZ,La Riva,party for socialism and liberation,0.005609144,,,,20210113
11/03/2020,Arizona,AZ,Cummings,constitution party,0.001062785,,,,20210113
11/03/2020,Arizona,AZ,Simmons,independent,0.006967148,,,,20210113
11/03/2020,Arizona,AZ,Boddie,independent,0.000383784,,,,20210113
11/03/2020,Arizona,AZ,Hawkins,green,0.045965461,,,,20210113
11/03/2020,Arkansas,AR,Carroll,american solidarity party,0.140517067,,,,20210113
11/03/2020,Arkansas,AR,Blankenship,constitution party,0.172918842,,,,20210113
11/03/2020,Arkansas,AR,Biden,democrat,34.77506195,,,,20210113
11/03/2020,Arkansas,AR,Hawkins,green,0.244448838,,,,20210113
11/03/2020,Arkansas,AR,Pierce,independent,0.175625826,,,,20210113
11/03/2020,Arkansas,AR,Gammon,independent,0.120993972,,,,20210113
11/03/2020,Arkansas,AR,West,independent,0.336240196,,,,20210113
11/03/2020,Arkansas,AR,Collins,independent,0.230667829,,,,20210113
11/03/2020,Arkansas,AR,De La Fuente,independent,0.108361381,,,,20210113
11/03/2020,Arkansas,AR,Jorgensen,libertarian,1.077297511,,,,20210113
11/03/2020,Arkansas,AR,Myers,life and liberty party,0.112544901,,,,20210113
11/03/2020,Arkansas,AR,Trump,republican,62.39572986,,,,20210113
11/03/2020,Arkansas,AR,La Riva,party for socialism and liberation,0.109591828,,,,20210113
11/03/2020,California,CA,Biden,democrat,63.48394689,,,,20210113
11/03/2020,California,CA,Trump,republican,34.32072363,,,,20210113
11/03/2020,California,CA,Jorgensen,libertarian,1.073631665,,,,20210113
11/03/2020,California,CA,Hawkins,green,0.462999548,,,,20210113
11/03/2020,California,CA,De La Fuente,american independent,0.343754123,,,,20210113
11/03/2020,California,CA,La Riva,peace & freedom,0.291625319,,,,20210113
11/03/2020,California,CA,Carroll,american solidarity party,0.014884965,,,,20210113
11/03/2020,California,CA,Janos,independent,0.003491253,,,,20210113
11/03/2020,California,CA,Mark Charles,independent,0.003194125,,,,20210113
11/03/2020,California,CA,Pierce,independent,0.00105709,,,,20210113
11/03/2020,California,CA,Joseph Kishore,independent,0.000691394,,,,20210113
11/03/2020,Colorado,CO,Biden,democrat,55.39954191,,,,20210113
11/03/2020,Colorado,CO,Trump,republican,41.89792384,,,,20210113
11/03/2020,Colorado,CO,Jorgensen,libertarian,1.61069457,,,,20210113
11/03/2020,Colorado,CO,Hawkins,green,0.27589976,,,,20210113
11/03/2020,Colorado,CO,La Riva,party for socialism and liberation,0.031777905,,,,20210113
11/03/2020,Colorado,CO,De La Fuente,alliance,0.019527292,,,,20210113
11/03/2020,Colorado,CO,Pierce,independent,0.017562282,,,,20210113
11/03/2020,Colorado,CO,West,independent,0.248358909,,,,20210113
11/03/2020,Colorado,CO,Blankenship,constitution party,0.155389348,,,,20210113
11/03/2020,Colorado,CO,Hammons,unity party,0.08381998,,,,20210113
11/03/2020,Colorado,CO,Huber,approval voting party,0.010899668,,,,20210113
11/03/2020,Colorado,CO,Carroll,american solidarity party,0.077218773,,,,20210113
11/03/2020,Colorado,CO,Charles,independent,0.061744315,,,,20210113
11/03/2020,Colorado,CO,Collins,prohibition party,0.017439468,,,,20210113
11/03/2020,Colorado,CO,Hunter,progressive party,0.011636547,,,,20210113
11/03/2020,Colorado,CO,Jacob-Fambro,independent,0.015198128,,,,20210113
11/03/2020,Colorado,CO,Kennedy,socialist workers party,0.010868965,,,,20210113
11/03/2020,Colorado,CO,Kishore,socialist equality party,0.006017845,,,,20210113
11/03/2020,Colorado,CO,Kopitke,independent american party,0.023395907,,,,20210113
11/03/2020,Colorado,CO,Mchugh,independent,0.01885182,,,,20210113
11/03/2020,Colorado,CO,Scott,independent,0.005373076,,,,20210113
11/03/2020,Colorado,CO,Cella,independent,0.000122813,,,,20210113
11/03/2020,Colorado,CO,Hoefling,non-affiliated,0.000736879,,,,20210113
11/03/2020,Connecticut,CT,Biden,democrat,59.26073152,,,,20210113
11/03/2020,Connecticut,CT,Trump,republican,39.21968663,,,,20210113
11/03/2020,Connecticut,CT,Jorgensen,libertarian,1.109187837,,,,20210113
11/03/2020,Connecticut,CT,Hawkins,green,0.413299946,,,,20210113
11/03/2020,Connecticut,CT,Carroll,american solidarity party,0.012117178,,,,20210113
11/03/2020,Connecticut,CT,Charles,independent,0.000603117,,,,20210113
11/03/2020,Connecticut,CT,Klojzy,,0,,,,20210113
11/03/2020,Connecticut,CT,Weinstein,,5.48289E-05,,,,20210113
11/03/2020,Connecticut,CT,Wells,non-affiliated,0.000328973,,,,20210113
11/03/2020,Connecticut,CT,Simmons,,0.000109658,,,,20210113
11/03/2020,Connecticut,CT,De La Fuente,alliance,0.000712775,,,,20210113
11/03/2020,Connecticut,CT,Howard,,0.000657946,,,,20210113
11/03/2020,Connecticut,CT,Simmons,independent,0.001206235,,,,20210113
11/03/2020,Connecticut,CT,West,independent,0.014145846,,,,20210113
11/03/2020,Delaware,DE,Bellar,,0.001387936,,,,20210113
11/03/2020,Delaware,DE,Carroll,american solidarity party,0.017250062,,,,20210113
11/03/2020,Delaware,DE,Pierce,independent,0.000991383,,,,20210113
11/03/2020,Delaware,DE,Rouse,,0.000198277,,,,20210113
11/03/2020,Delaware,DE,Ball,,0.00059483,,,,20210113
11/03/2020,Delaware,DE,La Riva,party for socialism and liberation,0.002775872,,,,20210113
11/03/2020,Delaware,DE,Simmons,independent,0.005551744,,,,20210113
11/03/2020,Delaware,DE,West,independent,0.033508742,,,,20210113
11/03/2020,Delaware,DE,Wells,non-affiliated,0.000198277,,,,20210113
11/03/2020,Delaware,DE,Gibson,,0.000198277,,,,20210113
11/03/2020,Delaware,DE,Charles,independent,0.001586213,,,,20210113
11/03/2020,Delaware,DE,Williams,,0.000396553,,,,20210113
11/03/2020,Delaware,DE,Boddie,independent,0.000198277,,,,20210113
11/03/2020,Delaware,DE,Jacob?fambro,independent,0.000396553,,,,20210113
11/03/2020,Delaware,DE,Howard,,0.000793106,,,,20210113
11/03/2020,Delaware,DE,Cella,independent,0.000396553,,,,20210113
11/03/2020,Delaware,DE,Hoefling,non-affiliated,0.000198277,,,,20210113
11/03/2020,Delaware,DE,Biden,democrat,58.74300579,,,,20210113
11/03/2020,Delaware,DE,Trump,republican,39.77487677,,,,20210113
11/03/2020,Delaware,DE,Jorgensen,libertarian,0.9913829,,,,20210113
11/03/2020,Delaware,DE,Hawkins,green,0.424113605,,,,20210113
11/03/2020,District of Columbia,DC,Biden,democrat,92.14969392,,,,20210113
11/03/2020,District of Columbia,DC,Trump,republican,5.397321377,,,,20210113
11/03/2020,District of Columbia,DC,Jorgensen,libertarian,0.591248592,,,,20210113
11/03/2020,District of Columbia,DC,Hawkins,dc statehood green,0.501225476,,,,20210113
11/03/2020,District of Columbia,DC,La Riva,independent,0.248289561,,,,20210113
11/03/2020,District of Columbia,DC,Write-In,,0.910975851,,,,20210113
11/03/2020,District of Columbia,DC,Pierce,independent,0.201245223,,,,20210113
11/03/2020,Florida,FL,Biden,democrat,47.86145073,,,,20210113
11/03/2020,Florida,FL,Trump,republican,51.21981962,,,,20210113
11/03/2020,Florida,FL,Jorgensen,libertarian,0.63541251,,,,20210113
11/03/2020,Florida,FL,Hawkins,green,0.133011597,,,,20210113
11/03/2020,Florida,FL,La Riva,party for socialism and liberation,0.051610777,,,,20210113
11/03/2020,Florida,FL,De La Fuente,alliance,0.053905794,,,,20210113
11/03/2020,Florida,FL,Howard,,8.13195E-05,,,,20210113
11/03/2020,Florida,FL,Blankenship,constitution party,0.035256521,,,,20210113
11/03/2020,Florida,FL,Wells,non-affiliated,7.2284E-05,,,,20210113
11/03/2020,Florida,FL,Walls-windhauser,,1.8071E-05,,,,20210113
11/03/2020,Florida,FL,Simmons,independent,0.001635426,,,,20210113
11/03/2020,Florida,FL,Carroll,american solidarity party,0.007716317,,,,20210113
11/03/2020,Florida,FL,Laboch,,9.0355E-06,,,,20210113
11/03/2020,Georgia,GA,Bellar,,0.000200002,,,,20210113
11/03/2020,Georgia,GA,Carroll,american solidarity party,0.014020112,,,,20210113
11/03/2020,Georgia,GA,Byrne,,0.000120001,,,,20210113
11/03/2020,Georgia,GA,Rouse,,2.00002E-05,,,,20210113
11/03/2020,Georgia,GA,Blankenship,constitution party,0.00122001,,,,20210113
11/03/2020,Georgia,GA,La Riva,party for socialism and liberation,0.003180025,,,,20210113
11/03/2020,Georgia,GA,Hawkins,green,0.020260162,,,,20210113
11/03/2020,Georgia,GA,Simmons,independent,0.003620029,,,,20210113
11/03/2020,Georgia,GA,Wells,non-affiliated,0.000120001,,,,20210113
11/03/2020,Georgia,GA,Gibson,,4.00003E-05,,,,20210113
11/03/2020,Georgia,GA,Collins,,0.000220002,,,,20210113
11/03/2020,Georgia,GA,Charles,independent,0.00130001,,,,20210113
11/03/2020,Georgia,GA,Sherrill,,0.000160001,,,,20210113
11/03/2020,Georgia,GA,Boddie,independent,0.000160001,,,,20210113
11/03/2020,Georgia,GA,Jacob-Fambro,independent,0.000140001,,,,20210113
11/03/2020,Georgia,GA,Howard,,0.000100001,,,,20210113
11/03/2020,Georgia,GA,Biden,democrat,49.47305578,,,,20210113
11/03/2020,Georgia,GA,Trump,republican,49.2374739,,,,20210113
11/03/2020,Georgia,GA,Jorgensen,libertarian,1.244589957,,,,20210113
11/03/2020,Hawaii,HI,Biden,democrat,63.73363924,,,,20210113
11/03/2020,Hawaii,HI,Trump,republican,34.26886394,,,,20210113
11/03/2020,Hawaii,HI,Jorgensen,libertarian,0.964194761,,,,20210113
11/03/2020,Hawaii,HI,Hawkins,green,0.665310052,,,,20210113
11/03/2020,Hawaii,HI,Pierce,american shopping party,0.205929302,,,,20210113
11/03/2020,Hawaii,HI,Blankenship,constitution party,0.162062705,,,,20210113
11/03/2020,Idaho,ID,Biden,democrat,33.06944998,,,,20210113
11/03/2020,Idaho,ID,Trump,republican,63.84344893,,,,20210113
11/03/2020,Idaho,ID,Jorgensen,libertarian,1.890005461,,,,20210113
11/03/2020,Idaho,ID,Hawkins,green,0.046892967,,,,20210113
11/03/2020,Idaho,ID,Pierce,independent,0.323526904,,,,20210113
11/03/2020,Idaho,ID,Blankenship,constitution party,0.208080338,,,,20210113
11/03/2020,Idaho,ID,De La Fuente,independent,0.171787256,,,,20210113
11/03/2020,Idaho,ID,West,independent,0.418464998,,,,20210113
11/03/2020,Idaho,ID,La Riva,party for socialism and liberation,0.005645591,,,,20210113
11/03/2020,Idaho,ID,Carroll,american solidarity party,0.01878023,,,,20210113
11/03/2020,Idaho,ID,Cella,independent,0.000115216,,,,20210113
11/03/2020,Idaho,ID,Franklin,,0.000115216,,,,20210113
11/03/2020,Idaho,ID,Hoefling,non-affiliated,0.000806513,,,,20210113
11/03/2020,Idaho,ID,Howard,,0.000460865,,,,20210113
11/03/2020,Idaho,ID,Simmons,independent,0.002419539,,,,20210113
11/03/2020,Illinois,IL,Biden,democrat,57.54164538,,,,20210113
11/03/2020,Illinois,IL,Trump,republican,40.55345082,,,,20210113
11/03/2020,Illinois,IL,Jorgensen,libertarian,1.102864341,,,,20210113
11/03/2020,Illinois,IL,Hawkins,green,0.505391098,,,,20210113
11/03/2020,Illinois,IL,Carroll,american solidarity party,0.158243399,,,,20210113
11/03/2020,Illinois,IL,La Riva,party for socialism and liberation,0.133350061,,,,20210113
11/03/2020,Illinois,IL,Farney,,0.001392171,,,,20210113
11/03/2020,Illinois,IL,Simmons,independent,0.00129273,,,,20210113
11/03/2020,Illinois,IL,Mark Charles,independent,0.00124301,,,,20210113
11/03/2020,Illinois,IL,Wells,non-affiliated,0.000298322,,,,20210113
11/03/2020,Illinois,IL,Blankenship,constitution party,0.000298322,,,,20210113
11/03/2020,Illinois,IL,Williams Jr.,,0.000132588,,,,20210113
11/03/2020,Illinois,IL,Bellar,,0.000116014,,,,20210113
11/03/2020,Illinois,IL,Kishore,independent,8.28673E-05,,,,20210113
11/03/2020,Illinois,IL,Mckee,,6.62938E-05,,,,20210113
11/03/2020,Illinois,IL,Collins,independent,4.97204E-05,,,,20210113
11/03/2020,Illinois,IL,Struck,,3.31469E-05,,,,20210113
11/03/2020,Illinois,IL,Rouse,,1.65735E-05,,,,20210113
11/03/2020,Illinois,IL,Higgs,,1.65735E-05,,,,20210113
11/03/2020,Illinois,IL,Simmons,,1.65735E-05,,,,20210113
11/03/2020,Indiana,IN,Biden,democrat,40.96167706,,,,20210113
11/03/2020,Indiana,IN,Trump,republican,57.02115777,,,,20210113
11/03/2020,Indiana,IN,Jorgensen,libertarian,1.952841927,,,,20210113
11/03/2020,Indiana,IN,Hawkins,green,0.032573741,,,,20210113
11/03/2020,Indiana,IN,Carroll,american solidarity party,0.02944165,,,,20210113
11/03/2020,Indiana,IN,Howard,,0.000758296,,,,20210113
11/03/2020,Indiana,IN,Mccray,,0.000560479,,,,20210113
11/03/2020,Indiana,IN,Schriner,,0.000428602,,,,20210113
11/03/2020,Indiana,IN,Johnson Jr. James L.,,0.000164847,,,,20210113
11/03/2020,Indiana,IN,Rouse,,0.000131877,,,,20210113
11/03/2020,Indiana,IN,Williams,,0.000131877,,,,20210113
11/03/2020,Indiana,IN,Stried,,6.59387E-05,,,,20210113
11/03/2020,Indiana,IN,F,,3.29694E-05,,,,20210113
11/03/2020,Indiana,IN,Wells,non-affiliated,3.29694E-05,,,,20210113
11/03/2020,Iowa,IA,Trump,republican,53.08932497,,,,20210113
11/03/2020,Iowa,IA,Biden,democrat,44.89171557,,,,20210113
11/03/2020,Iowa,IA,De La Fuente,independent,0.063990689,,,,20210113
11/03/2020,Iowa,IA,Blankenship,constitution party,0.100953887,,,,20210113
11/03/2020,Iowa,IA,King,geneology know your family history party,0.03229105,,,,20210113
11/03/2020,Iowa,IA,Hawkins,green,0.181858935,,,,20210113
11/03/2020,Iowa,IA,Jorgensen,libertarian,1.161354119,,,,20210113
11/03/2020,Iowa,IA,Pierce,independent,0.032172768,,,,20210113
11/03/2020,Iowa,IA,West,independent,0.189842986,,,,20210113
11/03/2020,Iowa,IA,Write-In,,0.256495025,,,,20210113
11/03/2020,Kansas,KS,Trump,republican,56.14349449,,,,20210113
11/03/2020,Kansas,KS,Biden,democrat,41.50852626,,,,20210113
11/03/2020,Kansas,KS,Jorgensen,libertarian,2.225198146,,,,20210113
11/03/2020,Kansas,KS,Hawkins,green,0.048690311,,,,20210113
11/03/2020,Kentucky,KY,Trump,republican,62.08657187,,,,20210113
11/03/2020,Kentucky,KY,Biden,democrat,36.15151481,,,,20210113
11/03/2020,Kentucky,KY,Jorgensen,libertarian,1.227742085,,,,20210113
11/03/2020,Kentucky,KY,West,independent,0.303402148,,,,20210113
11/03/2020,Kentucky,KY,Pierce,independent,0.16843195,,,,20210113
11/03/2020,Kentucky,KY,Hawkins,green,0.033508551,,,,20210113
11/03/2020,Kentucky,KY,Carroll,american solidarity party,0.019094258,,,,20210113
11/03/2020,Kentucky,KY,La Riva,party for socialism and liberation,0.004586366,,,,20210113
11/03/2020,Kentucky,KY,Charles,independent,0.002012385,,,,20210113
11/03/2020,Kentucky,KY,Simmons,independent,0.00135719,,,,20210113
11/03/2020,Kentucky,KY,Hoefling,non-affiliated,0.000935993,,,,20210113
11/03/2020,Kentucky,KY,Howard,,0.000421197,,,,20210113
11/03/2020,Kentucky,KY,Boddie,independent,0.000327598,,,,20210113
11/03/2020,Kentucky,KY,Wells,non-affiliated,4.67997E-05,,,,20210113
11/03/2020,Kentucky,KY,Stevens,,4.67997E-05,,,,20210113
11/03/2020,Louisiana,LA,Biden,democrat,39.8514568,,,,20210113
11/03/2020,Louisiana,LA,Jorgensen,libertarian,1.007652479,,,,20210113
11/03/2020,Louisiana,LA,Trump,republican,58.46088241,,,,20210113
11/03/2020,Louisiana,LA,Carroll,american solidarity party,0.116244317,,,,20210113
11/03/2020,Louisiana,LA,Jade Simmons,becoming one nation,0.075696139,,,,20210113
11/03/2020,Louisiana,LA,Boddie,c.u.p,0.05237279,,,,20210113
11/03/2020,Louisiana,LA,Blankenship,constitution party,0.040036088,,,,20210113
11/03/2020,Louisiana,LA,Pierce,freedom and prosperity,0.03486864,,,,20210113
11/03/2020,Louisiana,LA,Hoefling,life liberty constitution,0.031097799,,,,20210113
11/03/2020,Louisiana,LA,La Riva,party for socialism and liberation,0.045948394,,,,20210113
11/03/2020,Louisiana,LA,Kennedy,socialist workers party,0.024952725,,,,20210113
11/03/2020,Louisiana,LA,West,the birthday party,0.227972936,,,,20210113
11/03/2020,Louisiana,LA,Hammons,unity party,0.030818477,,,,20210113
11/03/2020,Maine,ME,Biden,democrat,53.09245956,,,,20210113
11/03/2020,Maine,ME,Jorgensen,libertarian,1.726988838,,,,20210113
11/03/2020,Maine,ME,Trump,republican,44.02125299,,,,20210113
11/03/2020,Maine,ME,Hawkins,green,1.004318692,,,,20210113
11/03/2020,Maine,ME,De La Fuente,alliance,0.144363185,,,,20210113
11/03/2020,Maine,ME,Write-In,,0.010616735,,,,20210113
11/03/2020,Maine 1st CD,ME-1,Biden,democrat,60.11,,,,20201214
11/03/2020,Maine 1st CD,ME-1,Trump,republican,37.02,,,,20201214
11/03/2020,Maine 2nd CD,ME-2,Trump,republican,52.26,,,,20201214
11/03/2020,Maine 2nd CD,ME-2,Biden,democrat,44.82,,,,20201214
11/03/2020,Maryland,MD,Trump,republican,32.15029157,,,,20210113
11/03/2020,Maryland,MD,Biden,democrat,65.36066486,,,,20210113
11/03/2020,Maryland,MD,Jorgensen,libertarian,1.102656213,,,,20210113
11/03/2020,Maryland,MD,Hawkins,green,0.520212181,,,,20210113
11/03/2020,Maryland,MD,Segal,bread and roses,0.193741912,,,,20210113
11/03/2020,Maryland,MD,Ball,,0.000263415,,,,20210113
11/03/2020,Maryland,MD,Bellar,,0.000757319,,,,20210113
11/03/2020,Maryland,MD,Boddie,independent,0.000131708,,,,20210113
11/03/2020,Maryland,MD,Carroll,american solidarity party,0.02617689,,,,20210113
11/03/2020,Maryland,MD,Cella,independent,0.000362196,,,,20210113
11/03/2020,Maryland,MD,Charles,independent,0.000987807,,,,20210113
11/03/2020,Maryland,MD,Collins,independent,0.000329269,,,,20210113
11/03/2020,Maryland,MD,De La Fuente,alliance,0.0008561,,,,20210113
11/03/2020,Maryland,MD,Hoefling,non-affiliated,0.000362196,,,,20210113
11/03/2020,Maryland,MD,Howard,,0.000658538,,,,20210113
11/03/2020,Maryland,MD,Lee,,3.29269E-05,,,,20210113
11/03/2020,Maryland,MD,Pierce,independent,0.00052683,,,,20210113
11/03/2020,Maryland,MD,Rouse,,0.000197561,,,,20210113
11/03/2020,Maryland,MD,Sherrill,,9.87807E-05,,,,20210113
11/03/2020,Maryland,MD,Simmons,becoming one nation,0.004313425,,,,20210113
11/03/2020,Maryland,MD,Wells,non-affiliated,0.000164635,,,,20210113
11/03/2020,Maryland,MD,West,the birthday party,0.036779354,,,,20210113
11/03/2020,Maryland,MD,La Riva,party for socialism and liberation,0.004115863,,,,20210113
11/03/2020,Maryland,MD,Raley,,0.001053661,,,,20210113
11/03/2020,Maryland,MD,Schawlb,,9.87807E-05,,,,20210113
11/03/2020,Maryland,MD,Write-In,,0.594166011,,,,20210113
11/03/2020,Massachusetts,MA,Biden,democrat,65.60006301,,,,20210113
11/03/2020,Massachusetts,MA,Trump,republican,32.14191103,,,,20210113
11/03/2020,Massachusetts,MA,Jorgensen,libertarian,1.29462395,,,,20210113
11/03/2020,Massachusetts,MA,Hawkins,green-rainbow,0.513796049,,,,20210113
11/03/2020,Massachusetts,MA,Write-In,,0.449605965,,,,20210113
11/03/2020,Michigan,MI,Biden,democrat,50.62081829,,,,20210113
11/03/2020,Michigan,MI,Trump,republican,47.83729069,,,,20210113
11/03/2020,Michigan,MI,Jorgensen,libertarian,1.090047085,,,,20210113
11/03/2020,Michigan,MI,Blankenship,us taxpayers party,0.130612124,,,,20210113
11/03/2020,Michigan,MI,Hawkins,green,0.24764853,,,,20210113
11/03/2020,Michigan,MI,De La Fuente,natural law,0.053905709,,,,20210113
11/03/2020,Michigan,MI,Carroll,american solidarity party,0.017384862,,,,20210113
11/03/2020,Michigan,MI,Hoefling,,0.00057769,,,,20210113
11/03/2020,Michigan,MI,Hunter,,1.80528E-05,,,,20210113
11/03/2020,Michigan,MI,Simmons,becoming one nation,0.001606701,,,,20210113
11/03/2020,Michigan,MI,Wells,non-affiliated,9.02641E-05,,,,20210113
11/03/2020,Minnesota,MN,Trump,republican,45.28494241,,,,20210113
11/03/2020,Minnesota,MN,Biden,democrat,52.39509931,,,,20210113
11/03/2020,Minnesota,MN,De La Fuente,alliance,0.171214746,,,,20210113
11/03/2020,Minnesota,MN,Hawkins,green,0.306148199,,,,20210113
11/03/2020,Minnesota,MN,West,independent,0.242282139,,,,20210113
11/03/2020,Minnesota,MN,Pierce,independent,0.172435311,,,,20210113
11/03/2020,Minnesota,MN,La Riva,party for socialism and liberation,0.036922089,,,,20210113
11/03/2020,Minnesota,MN,Kennedy,socialist workers party,0.019620581,,,,20210113
11/03/2020,Minnesota,MN,Jorgensen,libertarian,1.067261977,,,,20210113
11/03/2020,Minnesota,MN,Write-In,,0.304073239,,,,20210113
11/03/2020,Mississippi,MS,Biden,democrat,41.05760646,,,,20210113
11/03/2020,Mississippi,MS,Trump,republican,57.60295458,,,,20210113
11/03/2020,Mississippi,MS,Blankenship,constitution party,0.097354233,,,,20210113
11/03/2020,Mississippi,MS,Carroll,american solidarity party,0.088372373,,,,20210113
11/03/2020,Mississippi,MS,Collins,independent,0.100246697,,,,20210113
11/03/2020,Mississippi,MS,Hawkins,green,0.114023957,,,,20210113
11/03/2020,Mississippi,MS,Jorgensen,libertarian,0.610918745,,,,20210113
11/03/2020,Mississippi,MS,Pierce,independent,0.050161407,,,,20210113
11/03/2020,Mississippi,MS,West,independent,0.278361556,,,,20210113
11/03/2020,Missouri,MO,Trump,republican,56.79965578,,,,20210113
11/03/2020,Missouri,MO,Biden,democrat,41.40878174,,,,20210113
11/03/2020,Missouri,MO,Jorgensen,libertarian,1.361715712,,,,20210113
11/03/2020,Missouri,MO,Hawkins,green,0.273731131,,,,20210113
11/03/2020,Missouri,MO,Blankenship,constitution party,0.129512532,,,,20210113
11/03/2020,Missouri,MO,Write-In,,0,,,,20210113
11/03/2020,Missouri,MO,Wells,non-affiliated,9.9142E-05,,,,20210113
11/03/2020,Missouri,MO,Simmons,becoming one nation,0.002445503,,,,20210113
11/03/2020,Missouri,MO,Carroll,american solidarity party,0.021943435,,,,20210113
11/03/2020,Missouri,MO,La Riva,party for socialism and liberation,0.00211503,,,,20210113
11/03/2020,Montana,MT,Jorgensen,libertarian,2.526529219,,,,20210113
11/03/2020,Montana,MT,Trump,republican,56.91846924,,,,20210113
11/03/2020,Montana,MT,Biden,democrat,40.54936936,,,,20210113
11/03/2020,Montana,MT,Bellar,,0.000331305,,,,20210113
11/03/2020,Montana,MT,Simmons,becoming one nation,0.000993914,,,,20210113
11/03/2020,Montana,MT,Charles,independent,0.003810003,,,,20210113
11/03/2020,Montana,MT,Hoefling,,0.000496957,,,,20210113
11/03/2020,Nebraska,NE,Trump,republican,58.22416333,,,,20210113
11/03/2020,Nebraska,NE,Biden,democrat,39.16663094,,,,20210113
11/03/2020,Nebraska,NE,Jorgensen,libertarian,2.120803067,,,,20210113
11/03/2020,Nebraska,NE,Write-In,,0.488402659,,,,20210113
11/03/2020,Nebraska 1st CD,NE-1,Trump,republican,56.01,,,,20201214
11/03/2020,Nebraska 1st CD,NE-1,Biden,democrat,41.09,,,,20201214
11/03/2020,Nebraska 2nd CD,NE-2,Biden,democrat,52.3,,,,20201214
11/03/2020,Nebraska 2nd CD,NE-2,Trump,republican,45.66,,,,20201214
11/03/2020,Nebraska 3rd CD,NE-3,Trump,republican,75.59,,,,20201214
11/03/2020,Nebraska 3rd CD,NE-3,Biden,democrat,22.41,,,,20201214
11/03/2020,Nevada,NV,Jorgensen,libertarian,1.051889316,,,,20210113
11/03/2020,Nevada,NV,Trump,republican,47.66624732,,,,20210113
11/03/2020,Nevada,NV,Biden,democrat,50.05678196,,,,20210113
11/03/2020,Nevada,NV,Blankenship,independent american party,0.223285441,,,,20210113
11/03/2020,Nevada,NV,Write-In,,1.001795961,,,,20210113
11/03/2020,New Hampshire,NH,Jorgensen,libertarian,1.641688849,,,,20210113
11/03/2020,New Hampshire,NH,Trump,republican,45.3562595,,,,20210113
11/03/2020,New Hampshire,NH,Biden,democrat,52.70782528,,,,20210113
11/03/2020,New Hampshire,NH,Buttigieg,,0.005829949,,,,20210113
11/03/2020,New Hampshire,NH,Cuomo,,0.001736581,,,,20210113
11/03/2020,New Hampshire,NH,Gabbard,,0.017613889,,,,20210113
11/03/2020,New Hampshire,NH,Hawkins,green,0.026916999,,,,20210113
11/03/2020,New Hampshire,NH,Huckabee,,0.001240415,,,,20210113
11/03/2020,New Hampshire,NH,Kasich,,0.008310778,,,,20210113
11/03/2020,New Hampshire,NH,Klobuchar,,0.002356788,,,,20210113
11/03/2020,New Hampshire,NH,Obama,,0.001240415,,,,20210113
11/03/2020,New Hampshire,NH,Paul,,0.001612539,,,,20210113
11/03/2020,New Hampshire,NH,Pence,,0.006946322,,,,20210113
11/03/2020,New Hampshire,NH,Rice,,0.001488498,,,,20210113
11/03/2020,New Hampshire,NH,Romney,,0.02108705,,,,20210113
11/03/2020,New Hampshire,NH,Sanders,,0.023815962,,,,20210113
11/03/2020,New Hampshire,NH,Shaheen,,0.001736581,,,,20210113
11/03/2020,New Hampshire,NH,Sununu,,0.005705908,,,,20210113
11/03/2020,New Hampshire,NH,Supreme,,0.002728912,,,,20210113
11/03/2020,New Hampshire,NH,Weld,,0.002852954,,,,20210113
11/03/2020,New Hampshire,NH,West,,0.010171401,,,,20210113
11/03/2020,New Hampshire,NH,Yang,,0.007194405,,,,20210113
11/03/2020,New Hampshire,NH,Write-In,,0.143640022,,,,20210113
11/03/2020,New Jersey,NJ,Trump,republican,41.39652386,,,,20210113
11/03/2020,New Jersey,NJ,Biden,democrat,57.33419675,,,,20210113
11/03/2020,New Jersey,NJ,Jorgensen,libertarian,0.696296814,,,,20210113
11/03/2020,New Jersey,NJ,Hawkins,green,0.312176259,,,,20210113
11/03/2020,New Jersey,NJ,Hammons,unity party,0.071548636,,,,20210113
11/03/2020,New Jersey,NJ,Blankenship,constitution party,0.06493231,,,,20210113
11/03/2020,New Jersey,NJ,La Riva,party for socialism and liberation,0.0643608,,,,20210113
11/03/2020,New Jersey,NJ,De La Fuente,alliance,0.059964571,,,,20210113
11/03/2020,New Mexico,NM,Hawkins,green,0.479022474,,,,20210113
11/03/2020,New Mexico,NM,Jorgensen,libertarian,1.36206458,,,,20210113
11/03/2020,New Mexico,NM,Biden,democrat,54.28928585,,,,20210113
11/03/2020,New Mexico,NM,Tittle,constitution party,0.195461949,,,,20210113
11/03/2020,New Mexico,NM,Trump,republican,43.49666925,,,,20210113
11/03/2020,New Mexico,NM,La Riva,party for socialism and liberation,0.177495901,,,,20210113
11/03/2020,New York,NY,Biden,democrat,60.86771041,,,,20210113
11/03/2020,New York,NY,Trump,republican,37.73992641,,,,20210113
11/03/2020,New York,NY,Hawkins,green,0.38102042,,,,20210113
11/03/2020,New York,NY,Jorgensen,libertarian,0.700754022,,,,20210113
11/03/2020,New York,NY,Pierce,independent,0.262926372,,,,20210113
11/03/2020,North Carolina,NC,Trump,republican,49.93433249,,,,20210113
11/03/2020,North Carolina,NC,Biden,democrat,48.58621178,,,,20210113
11/03/2020,North Carolina,NC,Jorgensen,libertarian,0.881081349,,,,20210113
11/03/2020,North Carolina,NC,Hawkins,green,0.220731892,,,,20210113
11/03/2020,North Carolina,NC,Blankenship,constitution party,0.136638381,,,,20210113
11/03/2020,North Carolina,NC,Simmons,becoming one nation,0.002153923,,,,20210113
11/03/2020,North Carolina,NC,Write-In,,0.238850189,,,,20210113
11/03/2020,North Dakota,ND,Trump,republican,65.11404874,,,,20210113
11/03/2020,North Dakota,ND,Biden,democrat,31.75676236,,,,20210113
11/03/2020,North Dakota,ND,Jorgensen,libertarian,2.596049406,,,,20210113
11/03/2020,North Dakota,ND,Write-In,,0.533139498,,,,20210113
11/03/2020,Ohio,OH,Trump,republican,53.2713001,,,,20210113
11/03/2020,Ohio,OH,Biden,democrat,45.23933834,,,,20210113
11/03/2020,Ohio,OH,Jorgensen,libertarian,1.140943858,,,,20210113
11/03/2020,Ohio,OH,Boddie,independent,5.06568E-05,,,,20210113
11/03/2020,Ohio,OH,Carroll,american solidarity party,0.024484136,,,,20210113
11/03/2020,Ohio,OH,Hawkins,green,0.317652117,,,,20210113
11/03/2020,Ohio,OH,Hoefling,,0.00192496,,,,20210113
11/03/2020,Ohio,OH,Hunter,,0.000455912,,,,20210113
11/03/2020,Ohio,OH,Simmons,becoming one nation,0.00357975,,,,20210113
11/03/2020,Ohio,OH,Wells,independent,0.00027017,,,,20210113
11/03/2020,Oklahoma,OK,Trump,republican,65.37327185,,,,20210113
11/03/2020,Oklahoma,OK,Biden,democrat,32.28617434,,,,20210113
11/03/2020,Oklahoma,OK,Jorgensen,libertarian,1.584610485,,,,20210113
11/03/2020,Oklahoma,OK,Simmons,independent,0.234125863,,,,20210113
11/03/2020,Oklahoma,OK,West,independent,0.358621361,,,,20210113
11/03/2020,Oklahoma,OK,Pierce,independent,0.163196106,,,,20210113
11/03/2020,Oregon,OR,Trump,republican,40.36724605,,,,20210113
11/03/2020,Oregon,OR,Biden,democrat,56.45331865,,,,20210113
11/03/2020,Oregon,OR,Jorgensen,libertarian,1.751321746,,,,20210113
11/03/2020,Oregon,OR,Hawkins,pacific green,0.498289827,,,,20210113
11/03/2020,Oregon,OR,Hunter,progressive party,0.210081114,,,,20210113
11/03/2020,Oregon,OR,Write-In,,0.719742613,,,,20210113
11/03/2020,Pennsylvania,PA,Trump,republican,48.84361204,,,,20210113
11/03/2020,Pennsylvania,PA,Biden,democrat,50.00849568,,,,20210113
11/03/2020,Pennsylvania,PA,Jorgensen,libertarian,1.147892284,,,,20210113
11/03/2020,Rhode Island,RI,Biden,democrat,59.38809132,,,,20210113
11/03/2020,Rhode Island,RI,Trump,republican,38.61309456,,,,20210113
11/03/2020,Rhode Island,RI,Jorgensen,libertarian,0.975940451,,,,20210113
11/03/2020,Rhode Island,RI,Write-In,,0.532875461,,,,20210113
11/03/2020,Rhode Island,RI,De La Fuente,alliance,0.178268956,,,,20210113
11/03/2020,Rhode Island,RI,La Riva,party for socialism and liberation,0.163590256,,,,20210113
11/03/2020,Rhode Island,RI,Carroll,american solidarity party,0.148138992,,,,20210113
11/03/2020,South Carolina,SC,Hawkins,green,0.274814797,,,,20210113
11/03/2020,South Carolina,SC,Trump,republican,55.11029396,,,,20210113
11/03/2020,South Carolina,SC,De La Fuente,alliance,0.074085008,,,,20210113
11/03/2020,South Carolina,SC,Jorgensen,libertarian,1.110718095,,,,20210113
11/03/2020,South Carolina,SC,Biden,democrat,43.43008814,,,,20210113
11/03/2020,South Dakota,SD,Trump,republican,61.76938967,,,,20210113
11/03/2020,South Dakota,SD,Biden,democrat,35.60525214,,,,20210113
11/03/2020,South Dakota,SD,Jorgensen,libertarian,2.625358192,,,,20210113
11/03/2020,Tennessee,TN,Trump,republican,60.66029417,,,,20210113
11/03/2020,Tennessee,TN,Biden,democrat,37.45143427,,,,20210113
11/03/2020,Tennessee,TN,Blankenship,independent,0.175679822,,,,20210113
11/03/2020,Tennessee,TN,De La Fuente,independent,0.060906704,,,,20210113
11/03/2020,Tennessee,TN,Hawkins,independent,0.148828479,,,,20210113
11/03/2020,Tennessee,TN,Jorgensen,independent,0.978338498,,,,20210113
11/03/2020,Tennessee,TN,Kennedy,independent,0.084352511,,,,20210113
11/03/2020,Tennessee,TN,La Riva,independent,0.075347487,,,,20210113
11/03/2020,Tennessee,TN,West,independent,0.336591405,,,,20210113
11/03/2020,Tennessee,TN,Boddie,independent,3.27455E-05,,,,20210113
11/03/2020,Tennessee,TN,Carroll,american solidarity party,0.024952101,,,,20210113
11/03/2020,Tennessee,TN,Hoefling,,0.001015112,,,,20210113
11/03/2020,Tennessee,TN,Simmons,becoming one nation,0.002226697,,,,20210113
11/03/2020,Texas,TX,Trump,republican,52.0576036,,,,20210113
11/03/2020,Texas,TX,Biden,democrat,46.47900991,,,,20210113
11/03/2020,Texas,TX,Jorgensen,libertarian,1.115708133,,,,20210113
11/03/2020,Texas,TX,Hawkins,green,0.295146573,,,,20210113
11/03/2020,Texas,TX,Boddie,independent,0.017781618,,,,20210113
11/03/2020,Texas,TX,Carroll,american solidarity party,0.024613223,,,,20210113
11/03/2020,Texas,TX,Cella,independent,0.001811745,,,,20210113
11/03/2020,Texas,TX,Cuellar,,0.000433051,,,,20210113
11/03/2020,Texas,TX,Hoefling,,0.002978333,,,,20210113
11/03/2020,Texas,TX,La Riva,party for socialism and liberation,0.003093224,,,,20210113
11/03/2020,Texas,TX,Loeb,,0.00031816,,,,20210113
11/03/2020,Texas,TX,Morrow,,0.000494916,,,,20210113
11/03/2020,Texas,TX,Wells,independent,0.001007507,,,,20210113
11/03/2020,Utah,UT,Pierce,independent,0.176242652,,,,20210113
11/03/2020,Utah,UT,West,the birthday party,0.484650495,,,,20210113
11/03/2020,Utah,UT,Biden,democrat,37.64604858,,,,20210113
11/03/2020,Utah,UT,Blankenship,constitution party,0.372978635,,,,20210113
11/03/2020,Utah,UT,Jorgensen,libertarian,2.583302033,,,,20210113
11/03/2020,Utah,UT,Mchugh,,0.149769299,,,,20210113
11/03/2020,Utah,UT,Hawkins,green,0.339517392,,,,20210113
11/03/2020,Utah,UT,La Riva,party for socialism and liberation,0.076530835,,,,20210113
11/03/2020,Utah,UT,Trump,republican,58.12983903,,,,20210113
11/03/2020,Utah,UT,Carroll,american solidarity party,0.02472638,,,,20210113
11/03/2020,Utah,UT,Hoefling,,0.003426754,,,,20210113
11/03/2020,Utah,UT,Simmons,becoming one nation,0.012497573,,,,20210113
11/03/2020,Utah,UT,Forbes,,6.71913E-05,,,,20210113
11/03/2020,Utah,UT,Boddie,independent,0.000403148,,,,20210113
11/03/2020,Vermont,VT,Biden,democrat,66.08641693,,,,20210113
11/03/2020,Vermont,VT,Trump,republican,30.67376466,,,,20210113
11/03/2020,Vermont,VT,Jorgensen,libertarian,0.981961092,,,,20210113
11/03/2020,Vermont,VT,Hawkins,green,0.356532436,,,,20210113
11/03/2020,Vermont,VT,West,independent,0.345373788,,,,20210113
11/03/2020,Vermont,VT,Paige,grumpy old patriots,0.319790544,,,,20210113
11/03/2020,Vermont,VT,Lafontaine,independent,0.232970813,,,,20210113
11/03/2020,Vermont,VT,Duncan,independent,0.057970541,,,,20210113
11/03/2020,Vermont,VT,Carroll,american solidarity,0.056881893,,,,20210113
11/03/2020,Vermont,VT,Blankenship,constitution,0.05660973,,,,20210113
11/03/2020,Vermont,VT,Kennedy,socialist workers,0.053071622,,,,20210113
11/03/2020,Vermont,VT,La Riva,liberty union,0.045178919,,,,20210113
11/03/2020,Vermont,VT,Swing,boiling frog,0.038374865,,,,20210113
11/03/2020,Vermont,VT,Collins,prohibition,0.037286217,,,,20210113
11/03/2020,Vermont,VT,Mccormic,bull moose,0.034292433,,,,20210113
11/03/2020,Vermont,VT,Pierce,unaffiliated,0.027216217,,,,20210113
11/03/2020,Vermont,VT,Segal,bread and roses,0.017690541,,,,20210113
11/03/2020,Vermont,VT,Huber,approval voting,0.014696757,,,,20210113
11/03/2020,Vermont,VT,Kopitke,independent,0.014424595,,,,20210113
11/03/2020,Vermont,VT,De La Fuente,alliance,0.013063784,,,,20210113
11/03/2020,Vermont,VT,Write-In,,0.528538925,,,,20210113
11/03/2020,Vermont,VT,Scalf,independent,0.007892703,,,,20210113
11/03/2020,Virginia,VA,Biden,democrat,54.10951718,,,,20210113
11/03/2020,Virginia,VA,Trump,republican,43.99550367,,,,20210113
11/03/2020,Virginia,VA,Jorgensen,libertarian,1.45186978,,,,20210113
11/03/2020,Virginia,VA,Write-In,,0.443109375,,,,20210113
11/03/2020,Washington,WA,Biden,democrat,57.97030114,,,,20210113
11/03/2020,Washington,WA,Trump,republican,38.76697774,,,,20210113
11/03/2020,Washington,WA,Jorgensen,libertarian,1.969355844,,,,20210113
11/03/2020,Washington,WA,Hawkins,green,0.447422969,,,,20210113
11/03/2020,Washington,WA,La Riva,party for socialism and liberation,0.118405991,,,,20210113
11/03/2020,Washington,WA,Kennedy,socialist workers party,0.060842087,,,,20210113
11/03/2020,Washington,WA,Write-In,,0.666694229,,,,20210113
11/03/2020,West Virginia,WV,Biden,democrat,29.69652124,,,,20210113
11/03/2020,West Virginia,WV,Trump,republican,68.63155192,,,,20210113
11/03/2020,West Virginia,WV,Jorgensen,libertarian,1.344865425,,,,20210113
11/03/2020,West Virginia,WV,Hawkins,green,0.327061405,,,,20210113
11/03/2020,Wisconsin,WI,Biden,democrat,49.44953686,,,,20210113
11/03/2020,Wisconsin,WI,Trump,republican,48.82243732,,,,20210113
11/03/2020,Wisconsin,WI,Blankenship,constitution party,0.15603202,,,,20210113
11/03/2020,Wisconsin,WI,Jorgensen,independent,1.167086765,,,,20210113
11/03/2020,Wisconsin,WI,Carroll,american solidarity party,0.159458297,,,,20210113
11/03/2020,Wisconsin,WI,Wells,independent,0.000758026,,,,20210113
11/03/2020,Wisconsin,WI,Simmons,becoming one nation,0.001091557,,,,20210113
11/03/2020,Wisconsin,WI,Boddie,independent,0.000151605,,,,20210113
11/03/2020,Wisconsin,WI,Hawkins,green,0.033019602,,,,20210113
11/03/2020,Wisconsin,WI,La Riva,party for socialism and liberation,0.003335313,,,,20210113
11/03/2020,Wisconsin,WI,West,the birthday party,0.012461943,,,,20210113
11/03/2020,Wisconsin,WI,Charles,independent,0.001576694,,,,20210113
11/03/2020,Wisconsin,WI,Write-In,,0.193053998,,,,20210113
11/03/2020,Wyoming,WY,Biden,democrat,26.55357433,,,,20210113
11/03/2020,Wyoming,WY,Trump,republican,69.93622749,,,,20210113
11/03/2020,Wyoming,WY,Jorgensen,libertarian,2.08407855,,,,20210113
11/03/2020,Wyoming,WY,Pierce,independent,0.797788738,,,,20210113
11/03/2020,Wyoming,WY,Write-In,,0.628330894,,,,20210113
11/03/2020,National Popular Vote,NPV,Biden,democrat,51.31151526,,,,20210915
11/03/2020,National Popular Vote,NPV,Trump,republican,46.85854237,,,,20210915
11/03/2020,National Popular Vote,NPV,Jorgensen,libertarian,1.177979488,,,,20210915
11/03/2020,National Popular Vote,NPV,Hawkins,green,0.255730709,,,,20210915
11/05/2024,Alaska,AK,Harris,democratic,41.40612756041954,,,,JJCooley
11/05/2024,Alaska,AK,Stein,green,0.6925367485074384,,,,JJCooley
11/05/2024,Alaska,AK,Sonski,independent,0.2075836026696079,,,,JJCooley
11/05/2024,Alaska,AK,Terry,independent,0.24011094781726727,,,,JJCooley
11/05/2024,Alaska,AK,West,independent,0.3332574361946555,,,,JJCooley
11/05/2024,Alaska,AK,Kennedy,independent,1.676636790792987,,,,JJCooley
11/05/2024,Alaska,AK,Oliver,libertarian,0.8989375386262224,,,,JJCooley
11/05/2024,Alaska,AK,Trump,republican,54.54480937497228,,,,JJCooley
11/05/2024,Alabama,AL,Harris,democratic,34.10072005968858,,,,JJCooley
11/05/2024,Alabama,AL,Stein,green,0.1906767501512081,,,,JJCooley
11/05/2024,Alabama,AL,Oliver,independent,0.21765139575027925,,,,JJCooley
11/05/2024,Alabama,AL,Kennedy,independent,0.5330914003417082,,,,JJCooley
11/05/2024,Alabama,AL,Trump,republican,64.57209205815222,,,,JJCooley
11/05/2024,Arkansas,AR,Harris,democratic,33.55990989924544,,,,JJCooley
11/05/2024,Arkansas,AR,Stein,green,0.36146839878377507,,,,JJCooley
11/05/2024,Arkansas,AR,Kennedy,independent,1.1207634212582314,,,,JJCooley
11/05/2024,Arkansas,AR,Oliver,libertarian,0.48322617521620465,,,,JJCooley
11/05/2024,Arkansas,AR,Trump,republican,64.19687217800987,,,,JJCooley
11/05/2024,Arizona,AZ,Harris,democratic,46.689817976196416,,,,JJCooley
11/05/2024,Arizona,AZ,Stein,green,0.5403578178145522,,,,JJCooley
11/05/2024,Arizona,AZ,Oliver,libertarian,0.5279395285356654,,,,JJCooley
11/05/2024,Arizona,AZ,Trump,republican,52.2170481,,,,JJCooley
11/05/2024,California,CA,Harris,democratic,58.467704244593996,,,,JJCooley
11/05/2024,California,CA,Stein,green,1.0577307014129738,,,,JJCooley
11/05/2024,California,CA,Kennedy,independent,1.2457553272120752,,,,JJCooley
11/05/2024,California,CA,Oliver,libertarian,0.42017021236363866,,,,JJCooley
11/05/2024,California,CA,Trump,republican,38.33290210346681,,,,JJCooley
11/05/2024,Colorado,CO,Harris,democratic,54.12768636392822,,,,JJCooley
11/05/2024,Colorado,CO,Stein,green,0.5432316079110608,,,,JJCooley
11/05/2024,Colorado,CO,West,independent,0.16127188359859618,,,,JJCooley
11/05/2024,Colorado,CO,Kennedy,independent,1.1157483607366074,,,,JJCooley
11/05/2024,Colorado,CO,Oliver,libertarian,0.6714911463333276,,,,JJCooley
11/05/2024,Colorado,CO,Trump,republican,43.14284416700989,,,,JJCooley
11/05/2024,Connecticut,CT,Harris,democratic,56.398371811416645,,,,JJCooley
11/05/2024,Connecticut,CT,Stein,green,0.8118771354341362,,,,JJCooley
11/05/2024,Connecticut,CT,Kennedy,independent,0.4802701519604778,,,,JJCooley
11/05/2024,Connecticut,CT,Oliver,libertarian,0.3825447268634061,,,,JJCooley
11/05/2024,Connecticut,CT,Trump,republican,41.89390623134604,,,,JJCooley
11/05/2024,District of Columbia,DC,Harris,democratic,90.27707452994915,,,,JJCooley
11/05/2024,District of Columbia,DC,Kennedy,independent,0.8524898041851173,,,,JJCooley
11/05/2024,District of Columbia,DC,Trump,republican,6.467629630311567,,,,JJCooley
11/05/2024,Delaware,DE,Harris,democratic,56.49273169666531,,,,JJCooley
11/05/2024,Delaware,DE,Kennedy,independent,0.9038587515987148,,,,JJCooley
11/05/2024,Delaware,DE,Oliver,libertarian,0.3973391147019372,,,,JJCooley
11/05/2024,Delaware,DE,Trump,republican,41.790989487475436,,,,JJCooley
11/05/2024,Florida,FL,Harris,democratic,42.98829273881029,,,,JJCooley
11/05/2024,Florida,FL,Stein,green,0.3961445055844855,,,,JJCooley
11/05/2024,Florida,FL,Oliver,libertarian,0.2934893322337428,,,,JJCooley
11/05/2024,Florida,FL,Trump,republican,56.08834311631108,,,,JJCooley
11/05/2024,Georgia,GA,Harris,democratic,48.52529230675474,,,,JJCooley
11/05/2024,Georgia,GA,Stein,green,0.3471592039848369,,,,JJCooley
11/05/2024,Georgia,GA,Oliver,libertarian,0.3939130492743632,,,,JJCooley
11/05/2024,Georgia,GA,Trump,republican,50.71729539955493,,,,JJCooley
11/05/2024,Hawaii,HI,Harris,democratic,60.58513531036325,,,,JJCooley
11/05/2024,Hawaii,HI,Stein,green,0.849040354,,,,JJCooley
11/05/2024,Hawaii,HI,Oliver,libertarian,0.528932594,,,,JJCooley
11/05/2024,Hawaii,HI,Trump,republican,37.480283568253206,,,,JJCooley
11/05/2024,Iowa,IA,Harris,democratic,42.51730983,,,,JJCooley
11/05/2024,Iowa,IA,Kennedy,independent,0.7888159104926583,,,,JJCooley
11/05/2024,Iowa,IA,Oliver,libertarian,0.43390285337113305,,,,JJCooley
11/05/2024,Iowa,IA,Trump,republican,55.72682034209675,,,,JJCooley
11/05/2024,Idaho,ID,Harris,democratic,30.381867139272504,,,,JJCooley
11/05/2024,Idaho,ID,Stein,green,0.32848904981255245,,,,JJCooley
11/05/2024,Idaho,ID,Kennedy,independent,1.4156077047421531,,,,JJCooley
11/05/2024,Idaho,ID,Oliver,libertarian,0.4930098016359263,,,,JJCooley
11/05/2024,Idaho,ID,Trump,republican,66.87409466627922,,,,JJCooley
11/05/2024,Illinois,IL,Harris,democratic,54.37057431598829,,,,JJCooley
11/05/2024,Illinois,IL,Kennedy,independent,1.4276863868666911,,,,JJCooley
11/05/2024,Illinois,IL,Trump,republican,43.474955221708015,,,,JJCooley
11/05/2024,Indiana,IN,Harris,democratic,39.62311823874399,,,,JJCooley
11/05/2024,Indiana,IN,Kennedy,independent,0.9985776440514228,,,,JJCooley
11/05/2024,Indiana,IN,Oliver,libertarian,0.6955140112446823,,,,JJCooley
11/05/2024,Indiana,IN,Trump,republican,58.58141702339073,,,,JJCooley
11/05/2024,Kansas,KS,Harris,democratic,41.04072715166041,,,,JJCooley
11/05/2024,Kansas,KS,Kennedy,independent,1.2294449118742143,,,,JJCooley
11/05/2024,Kansas,KS,Oliver,libertarian,0.5735200072914022,,,,JJCooley
11/05/2024,Kansas,KS,Trump,republican,57.15630792917396,,,,JJCooley
11/05/2024,Kentucky,KY,Harris,democratic,33.937470173967114,,,,JJCooley
11/05/2024,Kentucky,KY,Stein,green,0.36470911483564955,,,,JJCooley
11/05/2024,Kentucky,KY,Kennedy,independent,0.8083276693998158,,,,JJCooley
11/05/2024,Kentucky,KY,Oliver,libertarian,0.3095640940357575,,,,JJCooley
11/05/2024,Kentucky,KY,Trump,republican,64.47214549801642,,,,JJCooley
11/05/2024,Louisiana,LA,Harris,democratic,38.21024178178602,,,,JJCooley
11/05/2024,Louisiana,LA,Stein,green,0.355659637,,,,JJCooley
11/05/2024,Louisiana,LA,West,independent,0.13069420396367668,,,,JJCooley
11/05/2024,Louisiana,LA,Kennedy,independent,0.33089600019930493,,,,JJCooley
11/05/2024,Louisiana,LA,Oliver,libertarian,0.34056228901705304,,,,JJCooley
11/05/2024,Louisiana,LA,Trump,republican,60.21524931800346,,,,JJCooley
11/05/2024,Massachusetts,MA,Harris,democratic,61.218228109306935,,,,JJCooley
11/05/2024,Massachusetts,MA,Stein,green,0.7641778085873492,,,,JJCooley
11/05/2024,Massachusetts,MA,Oliver,libertarian,0.5105554128949572,,,,JJCooley
11/05/2024,Massachusetts,MA,Trump,republican,36.02252719603601,,,,JJCooley
11/05/2024,Maryland,MD,Harris,democratic,62.61892176720066,,,,JJCooley
11/05/2024,Maryland,MD,Stein,green,1.0905289792919954,,,,JJCooley
11/05/2024,Maryland,MD,Kennedy,independent,0.9485107338146923,,,,JJCooley
11/05/2024,Maryland,MD,Oliver,libertarian,0.5124505404592373,,,,JJCooley
11/05/2024,Maryland,MD,Trump,republican,34.08273328019031,,,,JJCooley
11/05/2024,Maine,ME-AL,Harris,democratic,52.40138325,,,,JJCooley
11/05/2024,Maine,ME-AL,Stein,green,1.078574650428507,,,,JJCooley
11/05/2024,Maine,ME-AL,West,independent,0.35026311832807094,,,,JJCooley
11/05/2024,Maine,ME-AL,Oliver,libertarian,0.6358141632837168,,,,JJCooley
11/05/2024,Maine,ME-AL,Trump,republican,45.464080589385055,,,,JJCooley
11/05/2024,Maine 1st CD,ME-D1,Harris,democratic,59.502909397039346,,,,JJCooley
11/05/2024,Maine 1st CD,ME-D1,Stein,green,1.121549947,,,,JJCooley
11/05/2024,Maine 1st CD,ME-D1,West,independent,0.3831266567560861,,,,JJCooley
11/05/2024,Maine 1st CD,ME-D1,Oliver,libertarian,0.6514544666028123,,,,JJCooley
11/05/2024,Maine 1st CD,ME-D1,Trump,republican,38.34095953282667,,,,JJCooley
11/05/2024,Maine 2nd CD,ME-D2,Harris,democratic,44.27370539594123,,,,JJCooley
11/05/2024,Maine 2nd CD,ME-D2,Stein,green,1.0614508103822442,,,,JJCooley
11/05/2024,Maine 2nd CD,ME-D2,West,independent,0.3135815896604476,,,,JJCooley
11/05/2024,Maine 2nd CD,ME-D2,Oliver,libertarian,1.0754272993865592,,,,JJCooley
11/05/2024,Maine 2nd CD,ME-D2,Trump,republican,53.27583490462953,,,,JJCooley
11/05/2024,Michigan,MI,Harris,democratic,48.31290850971349,,,,JJCooley
11/05/2024,Michigan,MI,Stein,green,0.7875271045124578,,,,JJCooley
11/05/2024,Michigan,MI,West,independent,0.11765150367590331,,,,JJCooley
11/05/2024,Michigan,MI,Kennedy,independent,0.4728834822867752,,,,JJCooley
11/05/2024,Michigan,MI,Oliver,libertarian,0.3961734307453887,,,,JJCooley
11/05/2024,Michigan,MI,Trump,republican,49.72710995013229,,,,JJCooley
11/05/2024,Minnesota,MN,Harris,democratic,50.922548802674925,,,,JJCooley
11/05/2024,Minnesota,MN,Stein,green,0.5001659536804839,,,,JJCooley
11/05/2024,Minnesota,MN,West,independent,0.096376063,,,,JJCooley
11/05/2024,Minnesota,MN,Kennedy,independent,0.7376026454245956,,,,JJCooley
11/05/2024,Minnesota,MN,Oliver,libertarian,0.4657459310616118,,,,JJCooley
11/05/2024,Minnesota,MN,Trump,republican,46.683139106062846,,,,JJCooley
11/05/2024,Missouri,MO,Harris,democratic,40.08240168769554,,,,JJCooley
11/05/2024,Missouri,MO,Stein,green,0.5720577419426994,,,,JJCooley
11/05/2024,Missouri,MO,Oliver,libertarian,0.7971082956885842,,,,JJCooley
11/05/2024,Missouri,MO,Trump,republican,58.49064225708912,,,,JJCooley
11/05/2024,Mississippi,MS,Harris,democratic,38.00203256004847,,,,JJCooley
11/05/2024,Mississippi,MS,Stein,green,0.15252343632940502,,,,JJCooley
11/05/2024,Mississippi,MS,Kennedy,independent,0.43867792392231975,,,,JJCooley
11/05/2024,Mississippi,MS,Oliver,libertarian,0.20651331261685593,,,,JJCooley
11/05/2024,Mississippi,MS,Trump,republican,60.89080852893467,,,,JJCooley
11/05/2024,Montana,MT,Harris,democratic,38.46106643359543,,,,JJCooley
11/05/2024,Montana,MT,Stein,green,0.47730955299081373,,,,JJCooley
11/05/2024,Montana,MT,Kennedy,independent,1.9611485281849799,,,,JJCooley
11/05/2024,Montana,MT,Oliver,libertarian,0.7089987279484811,,,,JJCooley
11/05/2024,Montana,MT,Trump,republican,58.39147676,,,,JJCooley
11/05/2024,North Carolina,NC,Harris,democratic,47.64533813078146,,,,JJCooley
11/05/2024,North Carolina,NC,Stein,green,0.43448653051398445,,,,JJCooley
11/05/2024,North Carolina,NC,West,independent,0.21229515114646225,,,,JJCooley
11/05/2024,North Carolina,NC,Oliver,libertarian,0.3882163996293477,,,,JJCooley
11/05/2024,North Carolina,NC,Trump,republican,50.857190583633574,,,,JJCooley
11/05/2024,North Dakota,ND,Harris,democratic,30.510790292132388,,,,JJCooley
11/05/2024,North Dakota,ND,Oliver,libertarian,1.691407151878964,,,,JJCooley
11/05/2024,North Dakota,ND,Trump,republican,66.95685241,,,,JJCooley
11/05/2024,Nebraska,NE-AL,Harris,democratic,38.85759235104213,,,,JJCooley
11/05/2024,Nebraska,NE-AL,Stein,green,0.3031983381328359,,,,JJCooley
11/05/2024,Nebraska,NE-AL,West,independent,0.32157717747237397,,,,JJCooley
11/05/2024,Nebraska,NE-AL,Oliver,libertarian,0.6720353881925935,,,,JJCooley
11/05/2024,Nebraska,NE-AL,Trump,republican,59.31807154514578,,,,JJCooley
11/05/2024,Nebraska 1st CD,NE-D1,Harris,democratic,42.779238362116466,,,,JJCooley
11/05/2024,Nebraska 1st CD,NE-D1,Stein,green,0.3176902126855685,,,,JJCooley
11/05/2024,Nebraska 1st CD,NE-D1,West,independent,0.3302844728514979,,,,JJCooley
11/05/2024,Nebraska 1st CD,NE-D1,Oliver,libertarian,0.7594338880055415,,,,JJCooley
11/05/2024,Nebraska 1st CD,NE-D1,Trump,republican,55.81335306434093,,,,JJCooley
11/05/2024,Nebraska 2nd CD,NE-D2,Harris,democratic,51.659972336432034,,,,JJCooley
11/05/2024,Nebraska 2nd CD,NE-D2,Stein,green,0.34880150915208313,,,,JJCooley
11/05/2024,Nebraska 2nd CD,NE-D2,West,independent,0.3573474626431052,,,,JJCooley
11/05/2024,Nebraska 2nd CD,NE-D2,Oliver,libertarian,0.6327170751315918,,,,JJCooley
11/05/2024,Nebraska 2nd CD,NE-D2,Trump,republican,47.001161616641184,,,,JJCooley
11/05/2024,Nebraska 3rd CD,NE-D3,Harris,democratic,22.521878735247274,,,,JJCooley
11/05/2024,Nebraska 3rd CD,NE-D3,Stein,green,0.24546482899176764,,,,JJCooley
11/05/2024,Nebraska 3rd CD,NE-D3,West,independent,0.28039389734699305,,,,JJCooley
11/05/2024,Nebraska 3rd CD,NE-D3,Oliver,libertarian,0.6338504330884026,,,,JJCooley
11/05/2024,Nebraska 3rd CD,NE-D3,Trump,republican,76.31841210532556,,,,JJCooley
11/05/2024,New Hampshire,NH,Harris,democratic,50.65281672837572,,,,JJCooley
11/05/2024,New Hampshire,NH,Stein,green,0.44541866328406693,,,,JJCooley
11/05/2024,New Hampshire,NH,Oliver,libertarian,0.5355917350630425,,,,JJCooley
11/05/2024,New Hampshire,NH,Trump,republican,47.8731864,,,,JJCooley
11/05/2024,New Jersey,NJ,Harris,democratic,51.79216831994672,,,,JJCooley
11/05/2024,New Jersey,NJ,Stein,green,0.9105265035954846,,,,JJCooley
11/05/2024,New Jersey,NJ,Kennedy,independent,0.5475846360984192,,,,JJCooley
11/05/2024,New Jersey,NJ,Oliver,libertarian,0.24488430848985912,,,,JJCooley
11/05/2024,New Jersey,NJ,Trump,republican,45.903330403273145,,,,JJCooley
11/05/2024,New Mexico,NM,Harris,democratic,51.85189998299767,,,,JJCooley
11/05/2024,New Mexico,NM,Stein,green,0.49934860510524653,,,,JJCooley
11/05/2024,New Mexico,NM,Kennedy,independent,1.0345428810605988,,,,JJCooley
11/05/2024,New Mexico,NM,Oliver,libertarian,0.40556506747324844,,,,JJCooley
11/05/2024,New Mexico,NM,Trump,republican,45.85116141056505,,,,JJCooley
11/05/2024,Nevada,NV,Harris,democratic,47.49313057299103,,,,JJCooley
11/05/2024,Nevada,NV,None,independent,1.3216912259906792,,,,JJCooley
11/05/2024,Nevada,NV,Oliver,libertarian,0.40805743379758086,,,,JJCooley
11/05/2024,Nevada,NV,Trump,republican,50.59164624,,,,JJCooley
11/05/2024,New York,NY,Harris,democratic,55.90557089595818,,,,JJCooley
11/05/2024,New York,NY,Trump,republican,43.31499141603111,,,,JJCooley
11/05/2024,Ohio,OH,Harris,democratic,43.92843495634722,,,,JJCooley
11/05/2024,Ohio,OH,Oliver,libertarian,0.4889222696812019,,,,JJCooley
11/05/2024,Ohio,OH,Trump,republican,55.13579902728741,,,,JJCooley
11/05/2024,Oklahoma,OK,Harris,democratic,31.89934956099997,,,,JJCooley
11/05/2024,Oklahoma,OK,Kennedy,independent,1.0228755060903234,,,,JJCooley
11/05/2024,Oklahoma,OK,Oliver,libertarian,0.5872914422608485,,,,JJCooley
11/05/2024,Oklahoma,OK,Trump,republican,66.16210342024796,,,,JJCooley
11/05/2024,Oregon,OR,Harris,democratic,55.273061666933245,,,,JJCooley
11/05/2024,Oregon,OR,Stein,green,0.8509271358832485,,,,JJCooley
11/05/2024,Oregon,OR,West,independent,0.25145990653568534,,,,JJCooley
11/05/2024,Oregon,OR,Kennedy,independent,1.502922931815782,,,,JJCooley
11/05/2024,Oregon,OR,Oliver,libertarian,0.4036991872997599,,,,JJCooley
11/05/2024,Oregon,OR,Trump,republican,40.96604444745428,,,,JJCooley
11/05/2024,Pennsylvania,PA,Harris,democratic,48.66280572391539,,,,JJCooley
11/05/2024,Pennsylvania,PA,Stein,green,0.4910006900565608,,,,JJCooley
11/05/2024,Pennsylvania,PA,Oliver,libertarian,0.4736568704413831,,,,JJCooley
11/05/2024,Pennsylvania,PA,Trump,republican,50.372536715586655,,,,JJCooley
11/05/2024,Rhode Island,RI,Harris,democratic,55.544171442150734,,,,JJCooley
11/05/2024,Rhode Island,RI,Stein,green,0.5648771100107911,,,,JJCooley
11/05/2024,Rhode Island,RI,Kennedy,independent,0.982691386,,,,JJCooley
11/05/2024,Rhode Island,RI,Oliver,libertarian,0.3149676851336032,,,,JJCooley
11/05/2024,Rhode Island,RI,Trump,republican,41.76311780999092,,,,JJCooley
11/05/2024,South Carolina,SC,Harris,democratic,40.36089068889465,,,,JJCooley
11/05/2024,South Carolina,SC,Stein,green,0.31854607674617563,,,,JJCooley
11/05/2024,South Carolina,SC,West,independent,0.264663637,,,,JJCooley
11/05/2024,South Carolina,SC,Oliver,libertarian,0.4971861828627941,,,,JJCooley
11/05/2024,South Carolina,SC,Trump,republican,58.22862951015251,,,,JJCooley
11/05/2024,South Dakota,SD,Harris,democratic,34.23909242239848,,,,JJCooley
11/05/2024,South Dakota,SD,Kennedy,independent,1.6795594537002065,,,,JJCooley
11/05/2024,South Dakota,SD,Oliver,libertarian,0.6476702057716788,,,,JJCooley
11/05/2024,South Dakota,SD,Trump,republican,63.43367791812964,,,,JJCooley
11/05/2024,Tennessee,TN,Harris,democratic,34.47405336001791,,,,JJCooley
11/05/2024,Tennessee,TN,Stein,green,0.2926621979136681,,,,JJCooley
11/05/2024,Tennessee,TN,Kennedy,independent,0.7028527302409772,,,,JJCooley
11/05/2024,Tennessee,TN,Trump,republican,64.19393709149847,,,,JJCooley
11/05/2024,Texas,TX,Harris,democratic,42.456654743124616,,,,JJCooley
11/05/2024,Texas,TX,Stein,green,0.7261688235171189,,,,JJCooley
11/05/2024,Texas,TX,Oliver,libertarian,0.6019752606844309,,,,JJCooley
11/05/2024,Texas,TX,Trump,republican,56.13995975,,,,JJCooley
11/05/2024,Utah,UT,Harris,democratic,37.79430753499846,,,,JJCooley
11/05/2024,Utah,UT,Stein,green,0.5523703824133654,,,,JJCooley
11/05/2024,Utah,UT,West,independent,0.14773321222658606,,,,JJCooley
11/05/2024,Utah,UT,Oliver,libertarian,1.1355101196242645,,,,JJCooley
11/05/2024,Utah,UT,Trump,republican,59.376658555560184,,,,JJCooley
11/05/2024,Virginia,VA,Harris,democratic,51.82386736091495,,,,JJCooley
11/05/2024,Virginia,VA,Stein,green,0.7745451767686189,,,,JJCooley
11/05/2024,Virginia,VA,West,independent,0.19929882343745284,,,,JJCooley
11/05/2024,Virginia,VA,Oliver,libertarian,0.4397231533936981,,,,JJCooley
11/05/2024,Virginia,VA,Trump,republican,46.05739184347081,,,,JJCooley
11/05/2024,Vermont,VT,Harris,democratic,63.82700543010432,,,,JJCooley
11/05/2024,Vermont,VT,West,independent,0.41930366897477683,,,,JJCooley
11/05/2024,Vermont,VT,Kennedy,independent,1.5984429730768608,,,,JJCooley
11/05/2024,Vermont,VT,Oliver,libertarian,0.494827054,,,,JJCooley
11/05/2024,Vermont,VT,Trump,republican,32.319407073753055,,,,JJCooley
11/05/2024,Washington,WA,Harris,democratic,57.230091393376306,,,,JJCooley
11/05/2024,Washington,WA,Stein,green,0.7582095409435445,,,,JJCooley
11/05/2024,Washington,WA,West,independent,0.1848508439202955,,,,JJCooley
11/05/2024,Washington,WA,Kennedy,independent,1.3981797772565168,,,,JJCooley
11/05/2024,Washington,WA,Oliver,libertarian,0.41862829665324164,,,,JJCooley
11/05/2024,Washington,WA,Trump,republican,39.01191184546327,,,,JJCooley
11/05/2024,Wisconsin,WI,Harris,democratic,48.73704248830968,,,,JJCooley
11/05/2024,Wisconsin,WI,Stein,green,0.35861215489240467,,,,JJCooley
11/05/2024,Wisconsin,WI,West,independent,0.080428453,,,,JJCooley
11/05/2024,Wisconsin,WI,Kennedy,independent,0.5182712527732186,,,,JJCooley
11/05/2024,Wisconsin,WI,Oliver,libertarian,0.3070771780101072,,,,JJCooley
11/05/2024,Wisconsin,WI,Trump,republican,49.59587113,,,,JJCooley
11/05/2024,West Virginia,WV,Harris,democratic,28.096517908647545,,,,JJCooley
11/05/2024,West Virginia,WV,Stein,green,0.3318212806125125,,,,JJCooley
11/05/2024,West Virginia,WV,Kennedy,independent,1.172977083224081,,,,JJCooley
11/05/2024,West Virginia,WV,Oliver,libertarian,0.39947034453825575,,,,JJCooley
11/05/2024,West Virginia,WV,Trump,republican,69.95070533326341,,,,JJCooley
11/05/2024,Wyoming,WY,Harris,democratic,25.84185721506943,,,,JJCooley
11/05/2024,Wyoming,WY,Oliver,libertarian,1.5584579703249979,,,,JJCooley
11/05/2024,Wyoming,WY,Trump,republican,71.59800481698433,,,,JJCooley
11/05/2024,National Popular Vote,NPV,Harris,democratic,48.32707717,,,,JJCooley
11/05/2024,National Popular Vote,NPV,Stein,green,0.504107652,,,,JJCooley
11/05/2024,National Popular Vote,NPV,Sonski,independent,0.000452235,,,,JJCooley
11/05/2024,National Popular Vote,NPV,Terry,independent,0.000523098,,,,JJCooley
11/05/2024,National Popular Vote,NPV,None,independent,0.012642616,,,,JJCooley
11/05/2024,National Popular Vote,NPV,West,independent,0.046312238,,,,JJCooley
11/05/2024,National Popular Vote,NPV,Kennedy,independent,0.48727574,,,,JJCooley
11/05/2024,National Popular Vote,NPV,Oliver,libertarian,0.413117535,,,,JJCooley
11/05/2024,National Popular Vote,NPV,Trump,republican,49.79907517,,,,JJCooley
