date,region,candidate,party,offyear,voteshare,candidatevotes,totalvotes,hidden
12/12/2019,Aberavon,Kinnock,Labour,FALSE,53.8262,17008,31598,
12/12/2019,Aberavon,Lang,Conservative,FALSE,20.6279,6518,31598,
12/12/2019,Aberavon,Davies,The Brexit Party,FALSE,9.8361,3108,31598,
12/12/2019,Aberavon,Hunt,Plaid Cymru,FALSE,8.5797,2711,31598,
12/12/2019,Aberavon,Kingston-Jones,Liberal Democrat,FALSE,3.3926,1072,31598,
12/12/2019,Aberavon,Beany,independent,FALSE,2.3134,731,31598,
12/12/2019,Aberavon,Finney,Green Party,FALSE,1.4241,450,31598,
12/12/2019,Aberconwy,Millar,Conservative,FALSE,46.0913,14687,31865,
12/12/2019,Aberconwy,Owen,Labour,FALSE,39.7081,12653,31865,
12/12/2019,Aberconwy,Goodier,Plaid Cymru,FALSE,8.4858,2704,31865,
12/12/2019,Aberconwy,Edwards,Liberal Democrat,FALSE,5.7147,1821,31865,
12/12/2019,Aberdeen North,Blackman,Scottish National Party,FALSE,54.0053,20205,37413,
12/12/2019,Aberdeen North,Houghton,Conservative,FALSE,20.1401,7535,37413,
12/12/2019,Aberdeen North,Ali,Labour,FALSE,13.2013,4939,37413,
12/12/2019,Aberdeen North,Davidson,Liberal Democrat,FALSE,7.607,2846,37413,
12/12/2019,Aberdeen North,Leslie,The Brexit Party,FALSE,2.6943,1008,37413,
12/12/2019,Aberdeen North,Ingerson,Scottish Green Party,FALSE,2.3521,880,37413,
12/12/2019,Aberdeen South,Flynn,Scottish National Party,FALSE,44.6733,20388,45638,
12/12/2019,Aberdeen South,Lumsden,Conservative,FALSE,35.9306,16398,45638,
12/12/2019,Aberdeen South,Yuill,Liberal Democrat,FALSE,10.9952,5018,45638,
12/12/2019,Aberdeen South,Simpson,Labour,FALSE,8.4009,3834,45638,
12/12/2019,Airdrie and Shotts,Gray,Scottish National Party,FALSE,45.0795,17929,39772,
12/12/2019,Airdrie and Shotts,McFarlane,Labour,FALSE,32.0024,12728,39772,
12/12/2019,Airdrie and Shotts,Nolan,Conservative,FALSE,17.628,7011,39772,
12/12/2019,Airdrie and Shotts,Crossman,Liberal Democrat,FALSE,3.5678,1419,39772,
12/12/2019,Airdrie and Shotts,McGowan,Scottish Green Party,FALSE,1.7223,685,39772,
12/12/2019,Aldershot,Docherty,Conservative,FALSE,58.3744,27980,47932,
12/12/2019,Aldershot,Kaye,Labour,FALSE,23.5375,11282,47932,
12/12/2019,Aldershot,Hilliar,Liberal Democrat,FALSE,14.4371,6920,47932,
12/12/2019,Aldershot,Wallace,Green Party,FALSE,3.651,1750,47932,
12/12/2019,Aldridge-Brownhills,Morton,Conservative,FALSE,70.7895,27850,39342,
12/12/2019,Aldridge-Brownhills,Morgan,Labour,FALSE,20.3701,8014,39342,
12/12/2019,Aldridge-Brownhills,Garrett,Liberal Democrat,FALSE,6.0266,2371,39342,
12/12/2019,Aldridge-Brownhills,McComish,Green Party,FALSE,1.9597,771,39342,
12/12/2019,Aldridge-Brownhills,Beech,Official Monster Raving Loony Party,FALSE,0.854,336,39342,
12/12/2019,Altrincham and Sale West,Brady,Conservative,FALSE,48.0452,26311,54763,
12/12/2019,Altrincham and Sale West,Western,Labour,FALSE,36.8351,20172,54763,
12/12/2019,Altrincham and Sale West,Smith,Liberal Democrat,FALSE,11.022,6036,54763,
12/12/2019,Altrincham and Sale West,Coggins,Green Party,FALSE,2.8596,1566,54763,
12/12/2019,Altrincham and Sale West,Taylor,Liberal,FALSE,0.829,454,54763,
12/12/2019,Altrincham and Sale West,Kiani,independent,FALSE,0.409,224,54763,
12/12/2019,Alyn and Deeside,Tami,Labour,FALSE,42.4828,18271,43008,
12/12/2019,Alyn and Deeside,Sen,Conservative,FALSE,41.9875,18058,43008,
12/12/2019,Alyn and Deeside,Wall,The Brexit Party,FALSE,6.2267,2678,43008,
12/12/2019,Alyn and Deeside,Lalek,Liberal Democrat,FALSE,5.9245,2548,43008,
12/12/2019,Alyn and Deeside,Hills,Plaid Cymru,FALSE,3.3784,1453,43008,
12/12/2019,Amber Valley,Mills,Conservative,FALSE,63.8532,29096,45567,
12/12/2019,Amber Valley,Thompson,Labour,FALSE,26.7957,12210,45567,
12/12/2019,Amber Valley,Smith,Liberal Democrat,FALSE,6.305,2873,45567,
12/12/2019,Amber Valley,Pizzey,Green Party,FALSE,3.0461,1388,45567,
12/12/2019,Angus,Doogan,Scottish National Party,FALSE,49.1452,21216,43170,
12/12/2019,Angus,Hair,Conservative,FALSE,40.3544,17421,43170,
12/12/2019,Angus,Lawrie,Liberal Democrat,FALSE,5.7494,2482,43170,
12/12/2019,Angus,Miller,Labour,FALSE,4.751,2051,43170,
12/12/2019,Arfon,Williams,Plaid Cymru,FALSE,45.1744,13134,29074,
12/12/2019,Arfon,Williams Roberts,Labour,FALSE,35.6091,10353,29074,
12/12/2019,Arfon,Daniels,Conservative,FALSE,15.2301,4428,29074,
12/12/2019,Arfon,Gribben,The Brexit Party,FALSE,3.9864,1159,29074,
12/12/2019,Argyll and Bute,O'Hara,Scottish National Party,FALSE,43.7877,21040,48050,
12/12/2019,Argyll and Bute,Mulvaney,Conservative,FALSE,35.2341,16930,48050,
12/12/2019,Argyll and Bute,Reid,Liberal Democrat,FALSE,14.2185,6832,48050,
12/12/2019,Argyll and Bute,Barnes,Labour,FALSE,6.7596,3248,48050,
12/12/2019,Arundel and South Downs,Griffith,Conservative,FALSE,57.9175,35566,61408,
12/12/2019,Arundel and South Downs,Bennett,Liberal Democrat,FALSE,21.2432,13045,61408,
12/12/2019,Arundel and South Downs,Sankey,Labour,FALSE,15.8318,9722,61408,
12/12/2019,Arundel and South Downs,Thurston,Green Party,FALSE,4.1021,2519,61408,
12/12/2019,Arundel and South Downs,Wheal,independent,FALSE,0.9054,556,61408,
12/12/2019,Ashfield,Anderson,Conservative,FALSE,39.263,19231,48980,
12/12/2019,Ashfield,Zadrozny,Ashfield Independents,FALSE,27.5582,13498,48980,
12/12/2019,Ashfield,Fleet,Labour,FALSE,24.4406,11971,48980,
12/12/2019,Ashfield,Daubney,The Brexit Party,FALSE,5.1062,2501,48980,
12/12/2019,Ashfield,Wain,Liberal Democrat,FALSE,2.256,1105,48980,
12/12/2019,Ashfield,Woods,Green Party,FALSE,1.3761,674,48980,
12/12/2019,Ashford,Green,Conservative,FALSE,62.0556,37270,60059,
12/12/2019,Ashford,Farrell,Labour,FALSE,22.0467,13241,60059,
12/12/2019,Ashford,Gee-Turner,Liberal Democrat,FALSE,10.0701,6048,60059,
12/12/2019,Ashford,Rossi,Green Party,FALSE,4.3923,2638,60059,
12/12/2019,Ashford,De Sanvil,independent,FALSE,1.4353,862,60059,
12/12/2019,Ashton-under-Lyne,Rayner,Labour,FALSE,48.0676,18544,38579,
12/12/2019,Ashton-under-Lyne,Costello,Conservative,FALSE,37.0175,14281,38579,
12/12/2019,Ashton-under-Lyne,Brocklehurst,The Brexit Party,FALSE,8.1677,3151,38579,
12/12/2019,Ashton-under-Lyne,Rice,Liberal Democrat,FALSE,3.616,1395,38579,
12/12/2019,Ashton-under-Lyne,Huntbach,Green Party,FALSE,3.1312,1208,38579,
12/12/2019,Aylesbury,Butler,Conservative,FALSE,54.0429,32737,60576,
12/12/2019,Aylesbury,Hind,Labour,FALSE,25.3632,15364,60576,
12/12/2019,Aylesbury,Lambert,Liberal Democrat,FALSE,16.6419,10081,60576,
12/12/2019,Aylesbury,Simpson,Green Party,FALSE,3.9521,2394,60576,
12/12/2019,"Ayr, Carrick and Cumnock",Dorans,Scottish National Party,FALSE,43.5096,20272,46592,
12/12/2019,"Ayr, Carrick and Cumnock",Dowey,Conservative,FALSE,38.5109,17943,46592,
12/12/2019,"Ayr, Carrick and Cumnock",Townson,Labour,FALSE,13.3478,6219,46592,
12/12/2019,"Ayr, Carrick and Cumnock",Bongard,Liberal Democrat,FALSE,4.6317,2158,46592,
12/12/2019,Banbury,Prentis,Conservative,FALSE,54.2712,34148,62921,
12/12/2019,Banbury,Watson,Labour,FALSE,27.5504,17335,62921,
12/12/2019,Banbury,Bearder,Liberal Democrat,FALSE,14.0351,8831,62921,
12/12/2019,Banbury,Middleton,Green Party,FALSE,4.1433,2607,62921,
12/12/2019,Banff and Buchan,Duguid,Conservative,FALSE,50.123,21182,42260,
12/12/2019,Banff and Buchan,Robertson,Scottish National Party,FALSE,40.3786,17064,42260,
12/12/2019,Banff and Buchan,Smith,Liberal Democrat,FALSE,5.3952,2280,42260,
12/12/2019,Banff and Buchan,Balcombe,Labour,FALSE,4.1032,1734,42260,
12/12/2019,Barking,Hodge,Labour,FALSE,61.1677,27219,44499,
12/12/2019,Barking,Shaikh,Conservative,FALSE,26.4995,11792,44499,
12/12/2019,Barking,Batley,The Brexit Party,FALSE,7.1597,3186,44499,
12/12/2019,Barking,Haigh,Liberal Democrat,FALSE,3.3304,1482,44499,
12/12/2019,Barking,Butterfield,Green Party,FALSE,1.8427,820,44499,
12/12/2019,Barnsley Central,Jarvis,Labour,FALSE,40.116,14804,36903,
12/12/2019,Barnsley Central,Felton,The Brexit Party,FALSE,30.4393,11233,36903,
12/12/2019,Barnsley Central,Ahmed,Conservative,FALSE,21.3858,7892,36903,
12/12/2019,Barnsley Central,Sapwell,Liberal Democrat,FALSE,3.1867,1176,36903,
12/12/2019,Barnsley Central,Heyes,Green Party,FALSE,2.4388,900,36903,
12/12/2019,Barnsley Central,Williams,The Yorkshire Party,FALSE,1.924,710,36903,
12/12/2019,Barnsley Central,Wood,independent,FALSE,0.5094,188,36903,
12/12/2019,Barnsley East,Peacock,Labour,FALSE,37.6386,14329,38070,
12/12/2019,Barnsley East,Ferguson,The Brexit Party,FALSE,29.1883,11112,38070,
12/12/2019,Barnsley East,Gregg,Conservative,FALSE,27.2577,10377,38070,
12/12/2019,Barnsley East,Thornton,Liberal Democrat,FALSE,3.4936,1330,38070,
12/12/2019,Barnsley East,Trotman,Green Party,FALSE,2.4219,922,38070,
12/12/2019,Barrow and Furness,Fell,Conservative,FALSE,51.8525,23876,46046,
12/12/2019,Barrow and Furness,Altree,Labour,FALSE,39.2803,18087,46046,
12/12/2019,Barrow and Furness,Birchall,Liberal Democrat,FALSE,4.3978,2025,46046,
12/12/2019,Barrow and Furness,McGrath,The Brexit Party,FALSE,2.9427,1355,46046,
12/12/2019,Barrow and Furness,Loynes,Green Party,FALSE,1.5267,703,46046,
12/12/2019,Basildon and Billericay,Baron,Conservative,FALSE,67.0549,29590,44128,
12/12/2019,Basildon and Billericay,Gordon,Labour,FALSE,20.7986,9178,44128,
12/12/2019,Basildon and Billericay,Sainsbury,Liberal Democrat,FALSE,8.4776,3741,44128,
12/12/2019,Basildon and Billericay,Goshawk,Green Party,FALSE,3.1613,1395,44128,
12/12/2019,Basildon and Billericay,Breedon,Social Democratic Party,FALSE,0.5076,224,44128,
12/12/2019,Basingstoke,Miller,Conservative,FALSE,54.0877,29593,54713,
12/12/2019,Basingstoke,Marchant,Labour,FALSE,28.1377,15395,54713,
12/12/2019,Basingstoke,Mylvaganam,Liberal Democrat,FALSE,12.5034,6841,54713,
12/12/2019,Basingstoke,Jenkin,Green Party,FALSE,3.9077,2138,54713,
12/12/2019,Basingstoke,Stone,independent,FALSE,1.3635,746,54713,
12/12/2019,Bassetlaw,Clarke-Smith,Conservative,FALSE,55.2271,28078,50841,
12/12/2019,Bassetlaw,Morrison,Labour,FALSE,27.6647,14065,50841,
12/12/2019,Bassetlaw,Soloman,The Brexit Party,FALSE,10.5545,5366,50841,
12/12/2019,Bassetlaw,Tamblyn-Saville,Liberal Democrat,FALSE,6.5538,3332,50841,
12/12/2019,Bath,Hobhouse,Liberal Democrat,FALSE,54.5073,28419,52138,
12/12/2019,Bath,Tall,Conservative,FALSE,30.8738,16097,52138,
12/12/2019,Bath,Davies,Labour,FALSE,12.7335,6639,52138,
12/12/2019,Bath,Ogunnusi,The Brexit Party,FALSE,1.2313,642,52138,
12/12/2019,Bath,Blockhead,independent,FALSE,0.654,341,52138,
12/12/2019,Batley and Spen,Brabin,Labour,FALSE,42.689,22594,52927,
12/12/2019,Batley and Spen,Brooks,Conservative,FALSE,36.0289,19069,52927,
12/12/2019,Batley and Spen,Halloran,Heavy Woollen District Independents,FALSE,12.1526,6432,52927,
12/12/2019,Batley and Spen,Lawson,Liberal Democrat,FALSE,4.6517,2462,52927,
12/12/2019,Batley and Spen,Minihan,The Brexit Party,FALSE,3.1704,1678,52927,
12/12/2019,Batley and Spen,Akram,Green Party,FALSE,1.3075,692,52927,
12/12/2019,Battersea,De Cordova,Labour,FALSE,45.5008,27290,59977,
12/12/2019,Battersea,Caddy,Conservative,FALSE,36.0505,21622,59977,
12/12/2019,Battersea,Gitsham,Liberal Democrat,FALSE,15.2558,9150,59977,
12/12/2019,Battersea,Davis,Green Party,FALSE,2.5493,1529,59977,
12/12/2019,Battersea,Thomas,The Brexit Party,FALSE,0.6436,386,59977,
12/12/2019,Beaconsfield,Morrissey,Conservative,FALSE,56.1226,32477,57868,
12/12/2019,Beaconsfield,Grieve,independent,FALSE,28.9711,16765,57868,
12/12/2019,Beaconsfield,Collins,Labour,FALSE,9.9468,5756,57868,
12/12/2019,Beaconsfield,Hatch,Green Party,FALSE,3.5132,2033,57868,
12/12/2019,Beaconsfield,Cleary,independent,FALSE,1.4464,837,57868,
12/12/2019,Beckenham,Stewart,Conservative,FALSE,53.965,27282,50555,
12/12/2019,Beckenham,Ahmad,Labour,FALSE,25.762,13024,50555,
12/12/2019,Beckenham,Ross,Liberal Democrat,FALSE,16.2081,8194,50555,
12/12/2019,Beckenham,Fabricant,Green Party,FALSE,4.0649,2055,50555,
12/12/2019,Bedford,Yasin,Labour,FALSE,43.3204,20491,47301,
12/12/2019,Bedford,Henson,Conservative,FALSE,43.0139,20346,47301,
12/12/2019,Bedford,Vann,Liberal Democrat,FALSE,9.7419,4608,47301,
12/12/2019,Bedford,Spurrell,Green Party,FALSE,2.0296,960,47301,
12/12/2019,Bedford,Bunker,The Brexit Party,FALSE,1.8943,896,47301,
12/12/2019,Belfast East,Robinson,Democratic Unionist Party,FALSE,49.1789,20874,42445,
12/12/2019,Belfast East,Long,Alliance,FALSE,44.8934,19055,42445,
12/12/2019,Belfast East,McClean,Ulster Unionist Party,FALSE,5.9277,2516,42445,
12/12/2019,Belfast North,Finucane,Sinn Fein,FALSE,47.0624,23078,49037,
12/12/2019,Belfast North,Dodds,Democratic Unionist Party,FALSE,43.1001,21135,49037,
12/12/2019,Belfast North,McAllister,Alliance,FALSE,9.8375,4824,49037,
12/12/2019,Belfast South,Hanna,Social Democratic & Labour Party,FALSE,57.1866,27079,47352,
12/12/2019,Belfast South,Little Pengelly,Democratic Unionist Party,FALSE,24.6621,11678,47352,
12/12/2019,Belfast South,Bradshaw,Alliance,FALSE,14.331,6786,47352,
12/12/2019,Belfast South,Henderson,Ulster Unionist Party,FALSE,2.6588,1259,47352,
12/12/2019,Belfast South,McHugh,Aontú,FALSE,1.1615,550,47352,
12/12/2019,Belfast West,Maskey,Sinn Fein,FALSE,53.8033,20866,38782,
12/12/2019,Belfast West,Carroll,People Before Profit Alliance,FALSE,15.9713,6194,38782,
12/12/2019,Belfast West,McCoubrey,Democratic Unionist Party,FALSE,13.4599,5220,38782,
12/12/2019,Belfast West,Doherty,Social Democratic & Labour Party,FALSE,7.6969,2985,38782,
12/12/2019,Belfast West,Higgins,Alliance,FALSE,4.8528,1882,38782,
12/12/2019,Belfast West,Digney,Aontú,FALSE,4.2159,1635,38782,
12/12/2019,Bermondsey and Old Southwark,Coyle,Labour,FALSE,54.121,31723,58615,
12/12/2019,Bermondsey and Old Southwark,Ali,Liberal Democrat,FALSE,26.6092,15597,58615,
12/12/2019,Bermondsey and Old Southwark,Baker,Conservative,FALSE,16.5111,9678,58615,
12/12/2019,Bermondsey and Old Southwark,Matthews,The Brexit Party,FALSE,2.7587,1617,58615,
12/12/2019,"Berwickshire, Roxburgh and Selkirk",Lamont,Conservative,FALSE,48.4458,25747,53146,
12/12/2019,"Berwickshire, Roxburgh and Selkirk",Kerr,Scottish National Party,FALSE,38.7593,20599,53146,
12/12/2019,"Berwickshire, Roxburgh and Selkirk",Marr,Liberal Democrat,FALSE,8.0665,4287,53146,
12/12/2019,"Berwickshire, Roxburgh and Selkirk",Davidson,Labour,FALSE,4.7285,2513,53146,
12/12/2019,Berwick-upon-Tweed,Trevelyan,Conservative,FALSE,56.8691,23947,42109,
12/12/2019,Berwick-upon-Tweed,Williams,Labour,FALSE,21.6391,9112,42109,
12/12/2019,Berwick-upon-Tweed,Hancock,Liberal Democrat,FALSE,18.1814,7656,42109,
12/12/2019,Berwick-upon-Tweed,Stewart,Green Party,FALSE,3.3105,1394,42109,
12/12/2019,Bethnal Green and Bow,Ali,Labour,FALSE,72.7387,44052,60562,
12/12/2019,Bethnal Green and Bow,Stovold,Conservative,FALSE,10.779,6528,60562,
12/12/2019,Bethnal Green and Bow,Babarinde,Liberal Democrat,FALSE,9.7289,5892,60562,
12/12/2019,Bethnal Green and Bow,Ali,Green Party,FALSE,4.2436,2570,60562,
12/12/2019,Bethnal Green and Bow,Axe,The Brexit Party,FALSE,1.7849,1081,60562,
12/12/2019,Bethnal Green and Bow,Hudson,Animal Welfare Party,FALSE,0.7249,439,60562,
12/12/2019,Beverley and Holderness,Stuart,Conservative,FALSE,62.1008,33250,53542,
12/12/2019,Beverley and Holderness,Hopkins,Labour,FALSE,23.9102,12802,53542,
12/12/2019,Beverley and Holderness,Healy,Liberal Democrat,FALSE,8.724,4671,53542,
12/12/2019,Beverley and Holderness,Shead,The Yorkshire Party,FALSE,2.6913,1441,53542,
12/12/2019,Beverley and Holderness,Pires,Green Party,FALSE,2.5737,1378,53542,
12/12/2019,Bexhill and Battle,Merriman,Conservative,FALSE,63.6116,37590,59093,
12/12/2019,Bexhill and Battle,Bayliss,Labour,FALSE,19.5133,11531,59093,
12/12/2019,Bexhill and Battle,Saunders,Liberal Democrat,FALSE,12.3196,7280,59093,
12/12/2019,Bexhill and Battle,Kent,Green Party,FALSE,4.5555,2692,59093,
12/12/2019,Bexleyheath and Crayford,Evennett,Conservative,FALSE,59.7882,25856,43246,
12/12/2019,Bexleyheath and Crayford,Day,Labour,FALSE,29.4894,12753,43246,
12/12/2019,Bexleyheath and Crayford,McBride,Liberal Democrat,FALSE,6.5185,2819,43246,
12/12/2019,Bexleyheath and Crayford,Ball,Green Party,FALSE,3.0014,1298,43246,
12/12/2019,Bexleyheath and Crayford,Moore,English Democrats,FALSE,1.2024,520,43246,
12/12/2019,Birkenhead,Whitley,Labour,FALSE,59.0375,24990,42329,
12/12/2019,Birkenhead,Field,Birkenhead Social Justice Party,FALSE,17.2104,7285,42329,
12/12/2019,Birkenhead,Rowles,Conservative,FALSE,13.088,5540,42329,
12/12/2019,Birkenhead,Kelly,Liberal Democrat,FALSE,3.8272,1620,42329,
12/12/2019,Birkenhead,Lythgoe,The Brexit Party,FALSE,3.5177,1489,42329,
12/12/2019,Birkenhead,Cleary,Green Party,FALSE,3.3192,1405,42329,
12/12/2019,"Birmingham, Edgbaston",Gill,Labour,FALSE,50.1252,21217,42328,
12/12/2019,"Birmingham, Edgbaston",Yip,Conservative,FALSE,36.8621,15603,42328,
12/12/2019,"Birmingham, Edgbaston",Green,Liberal Democrat,FALSE,7.912,3349,42328,
12/12/2019,"Birmingham, Edgbaston",Simpson,Green Party,FALSE,2.6271,1112,42328,
12/12/2019,"Birmingham, Edgbaston",Wilks,The Brexit Party,FALSE,2.4735,1047,42328,
12/12/2019,"Birmingham, Erdington",Dromey,Labour,FALSE,50.2995,17720,35229,
12/12/2019,"Birmingham, Erdington",Alden,Conservative,FALSE,40.0778,14119,35229,
12/12/2019,"Birmingham, Erdington",Garcarz,The Brexit Party,FALSE,4.0904,1441,35229,
12/12/2019,"Birmingham, Erdington",Holtom,Liberal Democrat,FALSE,3.693,1301,35229,
12/12/2019,"Birmingham, Erdington",Grant,Green Party,FALSE,1.8394,648,35229,
12/12/2019,"Birmingham, Hall Green",Ali,Labour,FALSE,67.829,35889,52911,
12/12/2019,"Birmingham, Hall Green",O'Donnell,Conservative,FALSE,13.9498,7381,52911,
12/12/2019,"Birmingham, Hall Green",Godsiff,independent,FALSE,8.0758,4273,52911,
12/12/2019,"Birmingham, Hall Green",Knowles,Liberal Democrat,FALSE,6.9418,3673,52911,
12/12/2019,"Birmingham, Hall Green",Cuckston,The Brexit Party,FALSE,1.6575,877,52911,
12/12/2019,"Birmingham, Hall Green",Cox,Green Party,FALSE,1.546,818,52911,
12/12/2019,"Birmingham, Hodge Hill",Byrne,Labour,FALSE,78.6548,35397,45003,
12/12/2019,"Birmingham, Hodge Hill",Sidhu,Conservative,FALSE,14.9812,6742,45003,
12/12/2019,"Birmingham, Hodge Hill",Dagnan,The Brexit Party,FALSE,3.3753,1519,45003,
12/12/2019,"Birmingham, Hodge Hill",Rafiq,Liberal Democrat,FALSE,1.6888,760,45003,
12/12/2019,"Birmingham, Hodge Hill",McKears,Green Party,FALSE,0.7288,328,45003,
12/12/2019,"Birmingham, Hodge Hill",Johani,Christian Peoples Alliance,FALSE,0.5711,257,45003,
12/12/2019,"Birmingham, Ladywood",Mahmood,Labour,FALSE,79.1942,33355,42118,
12/12/2019,"Birmingham, Ladywood",Noone,Conservative,FALSE,11.3324,4773,42118,
12/12/2019,"Birmingham, Ladywood",Dargue,Liberal Democrat,FALSE,5.2899,2228,42118,
12/12/2019,"Birmingham, Ladywood",Nettle,Green Party,FALSE,2.2105,931,42118,
12/12/2019,"Birmingham, Ladywood",Garcarz,The Brexit Party,FALSE,1.973,831,42118,
12/12/2019,"Birmingham, Northfield",Sambrook,Conservative,FALSE,46.3061,19957,43098,
12/12/2019,"Birmingham, Northfield",Burden,Labour,FALSE,42.5008,18317,43098,
12/12/2019,"Birmingham, Northfield",Scott,Liberal Democrat,FALSE,4.5501,1961,43098,
12/12/2019,"Birmingham, Northfield",Rowe,The Brexit Party,FALSE,3.8401,1655,43098,
12/12/2019,"Birmingham, Northfield",Masters,Green Party,FALSE,2.2136,954,43098,
12/12/2019,"Birmingham, Northfield",Lowry,UK Independence Party,FALSE,0.5894,254,43098,
12/12/2019,"Birmingham, Perry Barr",Mahmood,Labour,FALSE,63.0982,26594,42147,
12/12/2019,"Birmingham, Perry Barr",Shamji,Conservative,FALSE,26.7564,11277,42147,
12/12/2019,"Birmingham, Perry Barr",Jerome,Liberal Democrat,FALSE,4.5104,1901,42147,
12/12/2019,"Birmingham, Perry Barr",Wilcox,The Brexit Party,FALSE,3.279,1382,42147,
12/12/2019,"Birmingham, Perry Barr",Dennis,Green Party,FALSE,2.0049,845,42147,
12/12/2019,"Birmingham, Perry Barr",Braich,Yeshua,FALSE,0.3512,148,42147,
12/12/2019,"Birmingham, Selly Oak",McCabe,Labour,FALSE,56.0252,27714,49467,
12/12/2019,"Birmingham, Selly Oak",Campbell,Conservative,FALSE,30.9297,15300,49467,
12/12/2019,"Birmingham, Selly Oak",Radcliffe,Liberal Democrat,FALSE,6.4063,3169,49467,
12/12/2019,"Birmingham, Selly Oak",Peacock,Green Party,FALSE,3.7358,1848,49467,
12/12/2019,"Birmingham, Selly Oak",Tawonezvi,The Brexit Party,FALSE,2.9029,1436,49467,
12/12/2019,"Birmingham, Yardley",Phillips,Labour,FALSE,54.78,23379,42678,
12/12/2019,"Birmingham, Yardley",Garrington,Conservative,FALSE,29.8046,12720,42678,
12/12/2019,"Birmingham, Yardley",Harmer,Liberal Democrat,FALSE,8.7961,3754,42678,
12/12/2019,"Birmingham, Yardley",McKenna,The Brexit Party,FALSE,5.2627,2246,42678,
12/12/2019,"Birmingham, Yardley",Garghan,Green Party,FALSE,1.3567,579,42678,
12/12/2019,Bishop Auckland,Davison,Conservative,FALSE,53.715,24067,44805,
12/12/2019,Bishop Auckland,Goodman,Labour,FALSE,35.9446,16105,44805,
12/12/2019,Bishop Auckland,Brown,The Brexit Party,FALSE,5.5797,2500,44805,
12/12/2019,Bishop Auckland,Georgeson,Liberal Democrat,FALSE,4.7606,2133,44805,
12/12/2019,Blackburn,Hollern,Labour,FALSE,64.9142,29040,44736,
12/12/2019,Blackburn,Gill,Conservative,FALSE,23.9986,10736,44736,
12/12/2019,Blackburn,Moore,The Brexit Party,FALSE,6.1919,2770,44736,
12/12/2019,Blackburn,Waller-Slack,Liberal Democrat,FALSE,2.5259,1130,44736,
12/12/2019,Blackburn,Hossain,Green Party,FALSE,1.6564,741,44736,
12/12/2019,Blackburn,Shah,independent,FALSE,0.7131,319,44736,
12/12/2019,Blackley and Broughton,Stringer,Labour,FALSE,61.8546,23887,38618,
12/12/2019,Blackley and Broughton,Elias,Conservative,FALSE,24.5611,9485,38618,
12/12/2019,Blackley and Broughton,Buckley,The Brexit Party,FALSE,7.0848,2736,38618,
12/12/2019,Blackley and Broughton,Donaldson,Liberal Democrat,FALSE,4.1173,1590,38618,
12/12/2019,Blackley and Broughton,Jones,Green Party,FALSE,2.3823,920,38618,
12/12/2019,Blackpool North and Cleveleys,Maynard,Conservative,FALSE,57.6332,22364,38804,
12/12/2019,Blackpool North and Cleveleys,Webb,Labour,FALSE,35.4809,13768,38804,
12/12/2019,Blackpool North and Cleveleys,Close,Liberal Democrat,FALSE,3.8501,1494,38804,
12/12/2019,Blackpool North and Cleveleys,Royal,Green Party,FALSE,1.8941,735,38804,
12/12/2019,Blackpool North and Cleveleys,Holden,independent,FALSE,1.1416,443,38804,
12/12/2019,Blackpool South,Benton,Conservative,FALSE,49.6061,16247,32752,
12/12/2019,Blackpool South,Marsden,Labour,FALSE,38.3396,12557,32752,
12/12/2019,Blackpool South,Brown,The Brexit Party,FALSE,6.134,2009,32752,
12/12/2019,Blackpool South,Greene,Liberal Democrat,FALSE,3.0777,1008,32752,
12/12/2019,Blackpool South,Daniels,Green Party,FALSE,1.719,563,32752,
12/12/2019,Blackpool South,Coleman,independent,FALSE,1.1236,368,32752,
12/12/2019,Blaenau Gwent,Smith,Labour,FALSE,49.181,14862,30219,
12/12/2019,Blaenau Gwent,Taylor,The Brexit Party,FALSE,20.5665,6215,30219,
12/12/2019,Blaenau Gwent,Jones,Conservative,FALSE,19.0245,5749,30219,
12/12/2019,Blaenau Gwent,Owen Griffiths,Plaid Cymru,FALSE,5.6984,1722,30219,
12/12/2019,Blaenau Gwent,Annett,Liberal Democrat,FALSE,4.2523,1285,30219,
12/12/2019,Blaenau Gwent,Priestnall,Green Party,FALSE,1.2773,386,30219,
12/12/2019,Blaydon,Twist,Labour,FALSE,43.3309,19794,45681,
12/12/2019,Blaydon,Pepper,Conservative,FALSE,31.223,14263,45681,
12/12/2019,Blaydon,Robinson,The Brexit Party,FALSE,12.769,5833,45681,
12/12/2019,Blaydon,Anderson,Liberal Democrat,FALSE,8.1062,3703,45681,
12/12/2019,Blaydon,Cadman,Green Party,FALSE,2.7999,1279,45681,
12/12/2019,Blaydon,King,Liberal,FALSE,1.3463,615,45681,
12/12/2019,Blaydon,Marschild,Space Navies Party,FALSE,0.2583,118,45681,
12/12/2019,Blaydon,Garrett,independent,FALSE,0.1664,76,45681,
12/12/2019,Blyth Valley,Levy,Conservative,FALSE,42.6834,17440,40859,
12/12/2019,Blyth Valley,Dungworth,Labour,FALSE,40.9408,16728,40859,
12/12/2019,Blyth Valley,Peart,The Brexit Party,FALSE,8.3066,3394,40859,
12/12/2019,Blyth Valley,Chapman,Liberal Democrat,FALSE,5.2644,2151,40859,
12/12/2019,Blyth Valley,Furness,Green Party,FALSE,2.8048,1146,40859,
12/12/2019,Bognor Regis and Littlehampton,Gibb,Conservative,FALSE,63.4891,32521,51223,
12/12/2019,Bognor Regis and Littlehampton,Butcher,Labour,FALSE,19.5576,10018,51223,
12/12/2019,Bognor Regis and Littlehampton,Oppler,Liberal Democrat,FALSE,11.0204,5645,51223,
12/12/2019,Bognor Regis and Littlehampton,Birch,Green Party,FALSE,3.5648,1826,51223,
12/12/2019,Bognor Regis and Littlehampton,Kurten,UK Independence Party,FALSE,1.6516,846,51223,
12/12/2019,Bognor Regis and Littlehampton,Elston,independent,FALSE,0.7165,367,51223,
12/12/2019,Bolsover,Fletcher,Conservative,FALSE,47.4357,21791,45938,
12/12/2019,Bolsover,Skinner,Labour,FALSE,35.9006,16492,45938,
12/12/2019,Bolsover,Harper,The Brexit Party,FALSE,9.0361,4151,45938,
12/12/2019,Bolsover,Hancock,Liberal Democrat,FALSE,3.8291,1759,45938,
12/12/2019,Bolsover,Kesteven,Green Party,FALSE,1.6501,758,45938,
12/12/2019,Bolsover,Walker,independent,FALSE,1.1254,517,45938,
12/12/2019,Bolsover,Hoy,independent,FALSE,1.0231,470,45938,
12/12/2019,Bolton North East,Logan,Conservative,FALSE,45.3646,19759,43556,
12/12/2019,Bolton North East,Crausby,Labour,FALSE,44.4967,19381,43556,
12/12/2019,Bolton North East,Jones,The Brexit Party,FALSE,4.3163,1880,43556,
12/12/2019,Bolton North East,Fox,Liberal Democrat,FALSE,4.2405,1847,43556,
12/12/2019,Bolton North East,Spencer,Green Party,FALSE,1.5819,689,43556,
12/12/2019,Bolton South East,Qureshi,Labour,FALSE,52.9899,21516,40604,
12/12/2019,Bolton South East,Lee,Conservative,FALSE,34.2774,13918,40604,
12/12/2019,Bolton South East,Cunningham,The Brexit Party,FALSE,7.3096,2968,40604,
12/12/2019,Bolton South East,Walsh,Liberal Democrat,FALSE,3.475,1411,40604,
12/12/2019,Bolton South East,Figgins,Green Party,FALSE,1.9481,791,40604,
12/12/2019,Bolton West,Green,Conservative,FALSE,55.2862,27255,49298,
12/12/2019,Bolton West,Hilling,Labour,FALSE,37.324,18400,49298,
12/12/2019,Bolton West,Forrest,Liberal Democrat,FALSE,5.485,2704,49298,
12/12/2019,Bolton West,Hayes,Green Party,FALSE,1.9047,939,49298,
12/12/2019,Bootle,Dowd,Labour,FALSE,79.4444,39066,49174,
12/12/2019,Bootle,Onuluk,Conservative,FALSE,9.1715,4510,49174,
12/12/2019,Bootle,Knight,The Brexit Party,FALSE,5.3077,2610,49174,
12/12/2019,Bootle,Hanson,Liberal Democrat,FALSE,3.7052,1822,49174,
12/12/2019,Bootle,Carter,Green Party,FALSE,2.3712,1166,49174,
12/12/2019,Boston and Skegness,Warman,Conservative,FALSE,76.6572,31963,41696,
12/12/2019,Boston and Skegness,Cook,Labour,FALSE,15.2101,6342,41696,
12/12/2019,Boston and Skegness,Jones,Liberal Democrat,FALSE,4.7079,1963,41696,
12/12/2019,Boston and Skegness,Watson,independent,FALSE,3.4248,1428,41696,
12/12/2019,Bosworth,Evans,Conservative,FALSE,63.8928,36056,56432,
12/12/2019,Bosworth,Middleton,Labour,FALSE,17.327,9778,56432,
12/12/2019,Bosworth,Mullaney,Liberal Democrat,FALSE,16.1185,9096,56432,
12/12/2019,Bosworth,Gregg,Green Party,FALSE,2.6616,1502,56432,
12/12/2019,Bournemouth East,Ellwood,Conservative,FALSE,50.5865,24926,49274,
12/12/2019,Bournemouth East,Drew,Labour,FALSE,32.715,16120,49274,
12/12/2019,Bournemouth East,Dunn,Liberal Democrat,FALSE,10.9957,5418,49274,
12/12/2019,Bournemouth East,Keddie,Green Party,FALSE,4.1584,2049,49274,
12/12/2019,Bournemouth East,Aston,independent,FALSE,0.9072,447,49274,
12/12/2019,Bournemouth East,Johnson,independent,FALSE,0.6373,314,49274,
12/12/2019,Bournemouth West,Burns,Conservative,FALSE,53.3963,24550,45977,
12/12/2019,Bournemouth West,Stokes,Labour,FALSE,31.32,14400,45977,
12/12/2019,Bournemouth West,Nicholas,Liberal Democrat,FALSE,10.7249,4931,45977,
12/12/2019,Bournemouth West,Bull,Green Party,FALSE,4.5588,2096,45977,
12/12/2019,Bracknell,Sunderland,Conservative,FALSE,58.6826,31894,54350,
12/12/2019,Bracknell,Bidwell,Labour,FALSE,22.1987,12065,54350,
12/12/2019,Bracknell,Beheshtizadeh,Liberal Democrat,FALSE,14.2576,7749,54350,
12/12/2019,Bracknell,Florey,Green Party,FALSE,3.8436,2089,54350,
12/12/2019,Bracknell,Barreto,independent,FALSE,1.0175,553,54350,
12/12/2019,Bradford East,Hussain,Labour,FALSE,62.9753,27825,44184,
12/12/2019,Bradford East,Kemkaran,Conservative,FALSE,21.9106,9681,44184,
12/12/2019,Bradford East,Sunderland,Liberal Democrat,FALSE,7.505,3316,44184,
12/12/2019,Bradford East,Barras,The Brexit Party,FALSE,6.1108,2700,44184,
12/12/2019,Bradford East,Stanford,Green Party,FALSE,1.4983,662,44184,
12/12/2019,Bradford South,Cummins,Labour,FALSE,46.2746,18390,39741,
12/12/2019,Bradford South,Sekhon,Conservative,FALSE,40.3714,16044,39741,
12/12/2019,Bradford South,Manik,The Brexit Party,FALSE,7.0934,2819,39741,
12/12/2019,Bradford South,Griffiths,Liberal Democrat,FALSE,3.787,1505,39741,
12/12/2019,Bradford South,Edwards,Green Party,FALSE,2.4735,983,39741,
12/12/2019,Bradford West,Shah,Labour,FALSE,76.2206,33736,44261,
12/12/2019,Bradford West,Afzal,Conservative,FALSE,15.1759,6717,44261,
12/12/2019,Bradford West,Hodgson,The Brexit Party,FALSE,3.5155,1556,44261,
12/12/2019,Bradford West,Christie,Liberal Democrat,FALSE,3.0478,1349,44261,
12/12/2019,Bradford West,Parkinson,Green Party,FALSE,1.8368,813,44261,
12/12/2019,Bradford West,Bukhari,independent,FALSE,0.2033,90,44261,
12/12/2019,Braintree,Cleverly,Conservative,FALSE,67.5499,34112,50499,
12/12/2019,Braintree,Garfield,Labour,FALSE,18.6915,9439,50499,
12/12/2019,Braintree,Graham,Liberal Democrat,FALSE,9.4636,4779,50499,
12/12/2019,Braintree,Beavis,independent,FALSE,2.9466,1488,50499,
12/12/2019,Braintree,Mansell,independent,FALSE,0.8317,420,50499,
12/12/2019,Braintree,Dorkins,independent,FALSE,0.5168,261,50499,
12/12/2019,Brecon and Radnorshire,Jones,Conservative,FALSE,53.1426,21958,41319,
12/12/2019,Brecon and Radnorshire,Dodds,Liberal Democrat,FALSE,35.8842,14827,41319,
12/12/2019,Brecon and Radnorshire,Davies,Labour,FALSE,9.5452,3944,41319,
12/12/2019,Brecon and Radnorshire,The Pink,Official Monster Raving Loony Party,FALSE,0.835,345,41319,
12/12/2019,Brecon and Radnorshire,Green,"Christian Party, Proclaiming Christ's Lordship",FALSE,0.5929,245,41319,
12/12/2019,Brent Central,Butler,Labour,FALSE,64.6809,31779,49132,
12/12/2019,Brent Central,Brescia,Conservative,FALSE,22.2035,10909,49132,
12/12/2019,Brent Central,Unger,Liberal Democrat,FALSE,9.8592,4844,49132,
12/12/2019,Brent Central,Relton,Green Party,FALSE,3.2565,1600,49132,
12/12/2019,Brentford and Isleworth,Cadbury,Labour,FALSE,50.1766,29266,58326,
12/12/2019,Brentford and Isleworth,Shah,Conservative,FALSE,32.1503,18752,58326,
12/12/2019,Brentford and Isleworth,Cross,Liberal Democrat,FALSE,12.5399,7314,58326,
12/12/2019,Brentford and Isleworth,Goldsmith,Green Party,FALSE,3.1358,1829,58326,
12/12/2019,Brentford and Isleworth,O'Sullivan,The Brexit Party,FALSE,1.9974,1165,58326,
12/12/2019,Brent North,Gardiner,Labour,FALSE,51.8726,26911,51879,
12/12/2019,Brent North,Patel,Conservative,FALSE,36.2999,18832,51879,
12/12/2019,Brent North,Lorber,Liberal Democrat,FALSE,7.8355,4065,51879,
12/12/2019,Brent North,O'Brien,The Brexit Party,FALSE,1.8331,951,51879,
12/12/2019,Brent North,Rebbitt,Green Party,FALSE,1.6384,850,51879,
12/12/2019,Brent North,Coonan,independent,FALSE,0.3258,169,51879,
12/12/2019,Brent North,Jeffers,independent,FALSE,0.1947,101,51879,
12/12/2019,Brentwood and Ongar,Burghart,Conservative,FALSE,68.5716,36308,52949,
12/12/2019,Brentwood and Ongar,Durose,Labour,FALSE,13.6792,7243,52949,
12/12/2019,Brentwood and Ongar,Kendall,Liberal Democrat,FALSE,13.5734,7187,52949,
12/12/2019,Brentwood and Ongar,Jeater,Green Party,FALSE,3.171,1679,52949,
12/12/2019,Brentwood and Ongar,Tilbrook,English Democrats,FALSE,1.0047,532,52949,
12/12/2019,Bridgend,Wallis,Conservative,FALSE,43.0746,18193,42236,
12/12/2019,Bridgend,Moon,Labour,FALSE,40.3353,17036,42236,
12/12/2019,Bridgend,Pratt,Liberal Democrat,FALSE,5.6066,2368,42236,
12/12/2019,Bridgend,Lewis,Plaid Cymru,FALSE,4.7661,2013,42236,
12/12/2019,Bridgend,Morgan,The Brexit Party,FALSE,4.2878,1811,42236,
12/12/2019,Bridgend,Harris,Green Party,FALSE,1.9296,815,42236,
12/12/2019,Bridgwater and West Somerset,Liddell-Grainger,Conservative,FALSE,62.1436,35827,57652,
12/12/2019,Bridgwater and West Somerset,Thornton,Labour,FALSE,19.753,11388,57652,
12/12/2019,Bridgwater and West Somerset,Revans,Liberal Democrat,FALSE,13.5381,7805,57652,
12/12/2019,Bridgwater and West Somerset,Ritchie,Green Party,FALSE,3.2557,1877,57652,
12/12/2019,Bridgwater and West Somerset,Moussa,Liberal,FALSE,1.3096,755,57652,
12/12/2019,Brigg and Goole,Percy,Conservative,FALSE,71.2893,30941,43402,
12/12/2019,Brigg and Goole,Khan,Labour,FALSE,20.7364,9000,43402,
12/12/2019,Brigg and Goole,Dobbie,Liberal Democrat,FALSE,5.0228,2180,43402,
12/12/2019,Brigg and Goole,Baker,Green Party,FALSE,2.9515,1281,43402,
12/12/2019,"Brighton, Kemptown",Russell-Moyle,Labour,FALSE,51.5793,25033,48533,
12/12/2019,"Brighton, Kemptown",Miller,Conservative,FALSE,34.97,16972,48533,
12/12/2019,"Brighton, Kemptown",Thomas,Liberal Democrat,FALSE,6.1072,2964,48533,
12/12/2019,"Brighton, Kemptown",Phillips,Green Party,FALSE,4.6092,2237,48533,
12/12/2019,"Brighton, Kemptown",Cushway,The Brexit Party,FALSE,2.7342,1327,48533,
12/12/2019,"Brighton, Pavilion",Lucas,Green Party,FALSE,57.1589,33151,57998,
12/12/2019,"Brighton, Pavilion",Imanpour,Labour,FALSE,22.7784,13211,57998,
12/12/2019,"Brighton, Pavilion",Hogan,Conservative,FALSE,17.5454,10176,57998,
12/12/2019,"Brighton, Pavilion",Milton,The Brexit Party,FALSE,1.3276,770,57998,
12/12/2019,"Brighton, Pavilion",Skwith,Official Monster Raving Loony Party,FALSE,0.519,301,57998,
12/12/2019,"Brighton, Pavilion",Dodds,independent,FALSE,0.3655,212,57998,
12/12/2019,"Brighton, Pavilion",Furness,UK Independence Party,FALSE,0.3052,177,57998,
12/12/2019,Bristol East,McCarthy,Labour,FALSE,53.1445,27717,52154,
12/12/2019,Bristol East,Codling,Conservative,FALSE,32.4481,16923,52154,
12/12/2019,Bristol East,Coombes,Liberal Democrat,FALSE,6.7627,3527,52154,
12/12/2019,Bristol East,Connolly,Green Party,FALSE,4.038,2106,52154,
12/12/2019,Bristol East,Page,The Brexit Party,FALSE,3.6066,1881,52154,
12/12/2019,Bristol North West,Jones,Labour,FALSE,48.904,27330,55885,
12/12/2019,Bristol North West,Weston,Conservative,FALSE,38.7188,21638,55885,
12/12/2019,Bristol North West,Coleman,Liberal Democrat,FALSE,8.8396,4940,55885,
12/12/2019,Bristol North West,Mack,Green Party,FALSE,3.5376,1977,55885,
12/12/2019,Bristol South,Smyth,Labour,FALSE,50.5381,27895,55196,
12/12/2019,Bristol South,Morgan,Conservative,FALSE,32.6763,18036,55196,
12/12/2019,Bristol South,Brown,Liberal Democrat,FALSE,7.6582,4227,55196,
12/12/2019,Bristol South,Dyer,Green Party,FALSE,4.9152,2713,55196,
12/12/2019,Bristol South,de Vito Boutin,The Brexit Party,FALSE,4.2123,2325,55196,
12/12/2019,Bristol West,Debbonaire,Labour,FALSE,62.2656,47028,75528,
12/12/2019,Bristol West,Denyer,Green Party,FALSE,24.9033,18809,75528,
12/12/2019,Bristol West,Aujla,Conservative,FALSE,11.6804,8822,75528,
12/12/2019,Bristol West,Hipkiss,The Brexit Party,FALSE,1.1506,869,75528,
12/12/2019,Broadland,Mayhew,Conservative,FALSE,59.5574,33934,56977,
12/12/2019,Broadland,Barnard,Labour,FALSE,21.1893,12073,56977,
12/12/2019,Broadland,Goodwin,Liberal Democrat,FALSE,16.1381,9195,56977,
12/12/2019,Broadland,Boswell,Green Party,FALSE,2.4782,1412,56977,
12/12/2019,Broadland,Rous,The Universal Good Party,FALSE,0.6371,363,56977,
12/12/2019,Bromley and Chislehurst,Neill,Conservative,FALSE,52.5787,23958,45566,
12/12/2019,Bromley and Chislehurst,Wilkins,Labour,FALSE,28.6771,13067,45566,
12/12/2019,Bromley and Chislehurst,Ireland,Liberal Democrat,FALSE,14.5306,6621,45566,
12/12/2019,Bromley and Chislehurst,Ion,Green Party,FALSE,3.3929,1546,45566,
12/12/2019,Bromley and Chislehurst,Amodu,Christian Peoples Alliance,FALSE,0.5596,255,45566,
12/12/2019,Bromley and Chislehurst,Dialani,Renew,FALSE,0.2612,119,45566,
12/12/2019,Bromsgrove,Javid,Conservative,FALSE,63.3992,34408,54272,
12/12/2019,Bromsgrove,Shannon,Labour,FALSE,20.8247,11302,54272,
12/12/2019,Bromsgrove,Nicholl,Liberal Democrat,FALSE,12.4908,6779,54272,
12/12/2019,Bromsgrove,White,Green Party,FALSE,3.2853,1783,54272,
12/12/2019,Broxbourne,Walker,Conservative,FALSE,65.5826,30631,46706,
12/12/2019,Broxbourne,Waters,Labour,FALSE,23.1748,10824,46706,
12/12/2019,Broxbourne,Bird,Liberal Democrat,FALSE,8.5,3970,46706,
12/12/2019,Broxbourne,Cox,Green Party,FALSE,2.7427,1281,46706,
12/12/2019,Broxtowe,Henry,Conservative,FALSE,48.1293,26602,55272,
12/12/2019,Broxtowe,Marshall,Labour,FALSE,38.4842,21271,55272,
12/12/2019,Broxtowe,Soubry,The Independent Group for Change,FALSE,8.4455,4668,55272,
12/12/2019,Broxtowe,Boettge,Green Party,FALSE,3.2675,1806,55272,
12/12/2019,Broxtowe,Dalla Mura,English Democrats,FALSE,0.7816,432,55272,
12/12/2019,Broxtowe,Khong,independent,FALSE,0.5808,321,55272,
12/12/2019,Broxtowe,Bishop,Church of the Militant Elvis Party,FALSE,0.3112,172,55272,
12/12/2019,Buckingham,Smith,Conservative,FALSE,58.3614,37035,63458,
12/12/2019,Buckingham,Dorrell,Liberal Democrat,FALSE,26.1969,16624,63458,
12/12/2019,Buckingham,Morgan,Labour,FALSE,12.0363,7638,63458,
12/12/2019,Buckingham,Bell,The Brexit Party,FALSE,2.0265,1286,63458,
12/12/2019,Buckingham,Thompson,independent,FALSE,1.0732,681,63458,
12/12/2019,Buckingham,Vitiello,English Democrats,FALSE,0.3057,194,63458,
12/12/2019,Burnley,Higginbotham,Conservative,FALSE,40.3242,15720,38984,
12/12/2019,Burnley,Cooper,Labour,FALSE,36.8561,14368,38984,
12/12/2019,Burnley,Birtwistle,Liberal Democrat,FALSE,8.9806,3501,38984,
12/12/2019,Burnley,Scott,The Brexit Party,FALSE,8.6241,3362,38984,
12/12/2019,Burnley,Briggs,Burnley and Padiham Independent Party,FALSE,2.9807,1162,38984,
12/12/2019,Burnley,Fisk,Green Party,FALSE,1.8956,739,38984,
12/12/2019,Burnley,Helsby Entwistle,independent,FALSE,0.3386,132,38984,
12/12/2019,Burton,Griffiths,Conservative,FALSE,60.6508,29560,48738,
12/12/2019,Burton,Walker,Labour,FALSE,30.9081,15064,48738,
12/12/2019,Burton,Wain,Liberal Democrat,FALSE,5.5008,2681,48738,
12/12/2019,Burton,Copeland,Green Party,FALSE,2.9402,1433,48738,
12/12/2019,Bury North,Daly,Conservative,FALSE,46.2415,21660,46841,
12/12/2019,Bury North,Frith,Labour,FALSE,46.0174,21555,46841,
12/12/2019,Bury North,Lloyd-Johnson,Liberal Democrat,FALSE,3.3817,1584,46841,
12/12/2019,Bury North,McCarthy,The Brexit Party,FALSE,2.6473,1240,46841,
12/12/2019,Bury North,Allen,Green Party,FALSE,1.7122,802,46841,
12/12/2019,Bury South,Wakeford,Conservative,FALSE,43.8278,22034,50274,
12/12/2019,Bury South,Burke,Labour,FALSE,43.0282,21632,50274,
12/12/2019,Bury South,Kilpatrick,Liberal Democrat,FALSE,4.6048,2315,50274,
12/12/2019,Bury South,Livesey,The Brexit Party,FALSE,3.3258,1672,50274,
12/12/2019,Bury South,Lewis,independent,FALSE,2.7171,1366,50274,
12/12/2019,Bury South,Heath,Green Party,FALSE,1.6868,848,50274,
12/12/2019,Bury South,Boyle,independent,FALSE,0.551,277,50274,
12/12/2019,Bury South,Evans,Women's Equality Party,FALSE,0.2586,130,50274,
12/12/2019,Bury St Edmunds,Churchill,Conservative,FALSE,60.9616,37770,61957,
12/12/2019,Bury St Edmunds,Waterman,Labour,FALSE,20.6304,12782,61957,
12/12/2019,Bury St Edmunds,Geake,Green Party,FALSE,15.6738,9711,61957,
12/12/2019,Bury St Edmunds,Hopfensperger,independent,FALSE,2.7342,1694,61957,
12/12/2019,Caerphilly,David,Labour,FALSE,44.9136,18018,40117,
12/12/2019,Caerphilly,Pratt,Conservative,FALSE,27.8809,11185,40117,
12/12/2019,Caerphilly,Whittle,Plaid Cymru,FALSE,16.0132,6424,40117,
12/12/2019,Caerphilly,Gill,The Brexit Party,FALSE,11.1923,4490,40117,
12/12/2019,"Caithness, Sutherland and Easter Ross",Stone,Liberal Democrat,FALSE,37.2095,11705,31457,
12/12/2019,"Caithness, Sutherland and Easter Ross",Rosie,Scottish National Party,FALSE,36.561,11501,31457,
12/12/2019,"Caithness, Sutherland and Easter Ross",Sinclair,Conservative,FALSE,16.4542,5176,31457,
12/12/2019,"Caithness, Sutherland and Easter Ross",McDonald,Labour,FALSE,6.1544,1936,31457,
12/12/2019,"Caithness, Sutherland and Easter Ross",Skinner,The Brexit Party,FALSE,3.6208,1139,31457,
12/12/2019,Calder Valley,Whittaker,Conservative,FALSE,51.8765,29981,57793,
12/12/2019,Calder Valley,Fenton-Glynn,Labour,FALSE,41.8857,24207,57793,
12/12/2019,Calder Valley,Bashir,Liberal Democrat,FALSE,4.9902,2884,57793,
12/12/2019,Calder Valley,Phillips,Liberal,FALSE,1.2476,721,57793,
12/12/2019,Camberwell and Peckham,Harman,Labour,FALSE,71.2632,40258,56492,
12/12/2019,Camberwell and Peckham,Quentin,Conservative,FALSE,11.4671,6478,56492,
12/12/2019,Camberwell and Peckham,Ogiehor,Liberal Democrat,FALSE,9.0048,5087,56492,
12/12/2019,Camberwell and Peckham,Sheppard,Green Party,FALSE,6.1973,3501,56492,
12/12/2019,Camberwell and Peckham,Cass-Horne,The Brexit Party,FALSE,1.8427,1041,56492,
12/12/2019,Camberwell and Peckham,Ogunleye,Workers Revolutionary Party,FALSE,0.2248,127,56492,
12/12/2019,Camborne and Redruth,Eustice,Conservative,FALSE,53.138,26764,50367,
12/12/2019,Camborne and Redruth,Farmer,Labour,FALSE,35.8648,18064,50367,
12/12/2019,Camborne and Redruth,MacDonald,Liberal Democrat,FALSE,6.9569,3504,50367,
12/12/2019,Camborne and Redruth,La Borde,Green Party,FALSE,2.6982,1359,50367,
12/12/2019,Camborne and Redruth,Holmes,Liberal,FALSE,1.3421,676,50367,
12/12/2019,Cambridge,Zeichner,Labour,FALSE,47.9741,25776,53729,
12/12/2019,Cambridge,Cantrill,Liberal Democrat,FALSE,30.0341,16137,53729,
12/12/2019,Cambridge,Perrin,Conservative,FALSE,15.5261,8342,53729,
12/12/2019,Cambridge,Caddick,Green Party,FALSE,4.0276,2164,53729,
12/12/2019,Cambridge,Dawe,The Brexit Party,FALSE,1.9375,1041,53729,
12/12/2019,Cambridge,Hurley,independent,FALSE,0.2066,111,53729,
12/12/2019,Cambridge,Robins,Social Democratic Party,FALSE,0.1694,91,53729,
12/12/2019,Cambridge,Garrett,Rebooting Democracy,FALSE,0.1247,67,53729,
12/12/2019,Cannock Chase,Milling,Conservative,FALSE,68.3091,31636,46313,
12/12/2019,Cannock Chase,Hobbs,Labour,FALSE,25.386,11757,46313,
12/12/2019,Cannock Chase,Woodhead,Green Party,FALSE,6.3049,2920,46313,
12/12/2019,Canterbury,Duffield,Labour,FALSE,48.2724,29018,60113,
12/12/2019,Canterbury,Firth,Conservative,FALSE,45.2182,27182,60113,
12/12/2019,Canterbury,Malcomson,Liberal Democrat,FALSE,5.6693,3408,60113,
12/12/2019,Canterbury,Gould,independent,FALSE,0.8401,505,60113,
12/12/2019,Cardiff Central,Stevens,Labour,FALSE,61.2238,25605,41822,
12/12/2019,Cardiff Central,Jenkins,Conservative,FALSE,20.1473,8426,41822,
12/12/2019,Cardiff Central,Molik,Liberal Democrat,FALSE,15.0591,6298,41822,
12/12/2019,Cardiff Central,Pearce,The Brexit Party,FALSE,2.4054,1006,41822,
12/12/2019,Cardiff Central,Caiach,Gwlad Gwlad,FALSE,0.6695,280,41822,
12/12/2019,Cardiff Central,Kata,independent,FALSE,0.2845,119,41822,
12/12/2019,Cardiff Central,Johnson,The Socialist Party of Great Britain,FALSE,0.2104,88,41822,
12/12/2019,Cardiff North,McMorrin,Labour,FALSE,49.4892,26064,52666,
12/12/2019,Cardiff North,Ali,Conservative,FALSE,36.2321,19082,52666,
12/12/2019,Cardiff North,Taylor,Liberal Democrat,FALSE,6.7976,3580,52666,
12/12/2019,Cardiff North,Webb,Plaid Cymru,FALSE,3.0494,1606,52666,
12/12/2019,Cardiff North,Butler,The Brexit Party,FALSE,2.4893,1311,52666,
12/12/2019,Cardiff North,Cope,Green Party,FALSE,1.557,820,52666,
12/12/2019,Cardiff North,Jones,independent,FALSE,0.3854,203,52666,
12/12/2019,Cardiff South and Penarth,Doughty,Labour,FALSE,54.1371,27382,50579,
12/12/2019,Cardiff South and Penarth,Broom,Conservative,FALSE,28.9547,14645,50579,
12/12/2019,Cardiff South and Penarth,Schmeising,Liberal Democrat,FALSE,5.9017,2985,50579,
12/12/2019,Cardiff South and Penarth,Adam,Plaid Cymru,FALSE,4.7174,2386,50579,
12/12/2019,Cardiff South and Penarth,Price,The Brexit Party,FALSE,3.9522,1999,50579,
12/12/2019,Cardiff South and Penarth,Barker,Green Party,FALSE,2.3369,1182,50579,
12/12/2019,Cardiff West,Brennan,Labour,FALSE,51.7747,23908,46177,
12/12/2019,Cardiff West,Webster,Conservative,FALSE,27.9836,12922,46177,
12/12/2019,Cardiff West,Clack,Plaid Cymru,FALSE,8.3678,3864,46177,
12/12/2019,Cardiff West,Littlemore,Liberal Democrat,FALSE,5.9142,2731,46177,
12/12/2019,Cardiff West,Mullins,The Brexit Party,FALSE,3.5061,1619,46177,
12/12/2019,Cardiff West,Griffin,Green Party,FALSE,2.4536,1133,46177,
12/12/2019,Carlisle,Stevenson,Conservative,FALSE,55.1839,23659,42873,
12/12/2019,Carlisle,Alcroft,Labour,FALSE,35.7801,15340,42873,
12/12/2019,Carlisle,Aglionby,Liberal Democrat,FALSE,6.5986,2829,42873,
12/12/2019,Carlisle,Mills,UK Independence Party,FALSE,2.4374,1045,42873,
12/12/2019,Carmarthen East and Dinefwr,Edwards,Plaid Cymru,FALSE,38.8737,15939,41002,
12/12/2019,Carmarthen East and Dinefwr,Hughes,Conservative,FALSE,34.4617,14130,41002,
12/12/2019,Carmarthen East and Dinefwr,Carroll,Labour,FALSE,21.0282,8622,41002,
12/12/2019,Carmarthen East and Dinefwr,Prosser,The Brexit Party,FALSE,5.6363,2311,41002,
12/12/2019,Carmarthen West and South Pembrokeshire,Hart,Conservative,FALSE,52.6737,22183,42114,
12/12/2019,Carmarthen West and South Pembrokeshire,Tierney,Labour,FALSE,34.2831,14438,42114,
12/12/2019,Carmarthen West and South Pembrokeshire,Thomas,Plaid Cymru,FALSE,8.6266,3633,42114,
12/12/2019,Carmarthen West and South Pembrokeshire,Cameron,Liberal Democrat,FALSE,4.4166,1860,42114,
12/12/2019,Carshalton and Wallington,Colburn,Conservative,FALSE,42.4091,20822,49098,
12/12/2019,Carshalton and Wallington,Brake,Liberal Democrat,FALSE,41.1279,20193,49098,
12/12/2019,Carshalton and Wallington,Wattoo,Labour,FALSE,12.3854,6081,49098,
12/12/2019,Carshalton and Wallington,Woudhuysen,The Brexit Party,FALSE,2.1243,1043,49098,
12/12/2019,Carshalton and Wallington,Hague,Green Party,FALSE,1.5459,759,49098,
12/12/2019,Carshalton and Wallington,Dickenson,Christian Peoples Alliance,FALSE,0.4073,200,49098,
12/12/2019,Castle Point,Harris,Conservative,FALSE,76.7238,33971,44277,
12/12/2019,Castle Point,Curtis,Labour,FALSE,16.5707,7337,44277,
12/12/2019,Castle Point,Howson,Liberal Democrat,FALSE,6.7055,2969,44277,
12/12/2019,Central Ayrshire,Whitford,Scottish National Party,FALSE,46.1727,21486,46534,
12/12/2019,Central Ayrshire,Stillie,Conservative,FALSE,34.7746,16182,46534,
12/12/2019,Central Ayrshire,McPhater,Labour,FALSE,14.1466,6583,46534,
12/12/2019,Central Ayrshire,Farthing,Liberal Democrat,FALSE,4.9061,2283,46534,
12/12/2019,Central Devon,Stride,Conservative,FALSE,55.2676,32095,58072,
12/12/2019,Central Devon,Robillard Webb,Labour,FALSE,24.752,14374,58072,
12/12/2019,Central Devon,Eden,Liberal Democrat,FALSE,15.1019,8770,58072,
12/12/2019,Central Devon,Williamson,Green Party,FALSE,4.8784,2833,58072,
12/12/2019,Central Suffolk and North Ipswich,Poulter,Conservative,FALSE,62.672,35253,56250,
12/12/2019,Central Suffolk and North Ipswich,Bonner-Morgan,Labour,FALSE,21.088,11862,56250,
12/12/2019,Central Suffolk and North Ipswich,Sandbach,Liberal Democrat,FALSE,11.5289,6485,56250,
12/12/2019,Central Suffolk and North Ipswich,Pratt,Green Party,FALSE,4.7111,2650,56250,
12/12/2019,Ceredigion,Lake,Plaid Cymru,FALSE,37.9205,15208,40105,
12/12/2019,Ceredigion,Jenner,Conservative,FALSE,22.1394,8879,40105,
12/12/2019,Ceredigion,Williams,Liberal Democrat,FALSE,17.3918,6975,40105,
12/12/2019,Ceredigion,Mulholland,Labour,FALSE,15.7512,6317,40105,
12/12/2019,Ceredigion,James,The Brexit Party,FALSE,5.144,2063,40105,
12/12/2019,Ceredigion,Simpson,Green Party,FALSE,1.6532,663,40105,
12/12/2019,Charnwood,Argar,Conservative,FALSE,63.4354,35121,55365,
12/12/2019,Charnwood,Godden,Labour,FALSE,22.982,12724,55365,
12/12/2019,Charnwood,Tipton,Liberal Democrat,FALSE,8.7709,4856,55365,
12/12/2019,Charnwood,Needham,Green Party,FALSE,4.8117,2664,55365,
12/12/2019,Chatham and Aylesford,Crouch,Conservative,FALSE,66.5805,28856,43340,
12/12/2019,Chatham and Aylesford,Maple,Labour,FALSE,23.8025,10316,43340,
12/12/2019,Chatham and Aylesford,Naghi,Liberal Democrat,FALSE,6.6128,2866,43340,
12/12/2019,Chatham and Aylesford,Wilkinson,Green Party,FALSE,2.515,1090,43340,
12/12/2019,Chatham and Aylesford,Gibson,Christian Peoples Alliance,FALSE,0.4892,212,43340,
12/12/2019,Cheadle,Robinson,Conservative,FALSE,45.9618,25694,55903,
12/12/2019,Cheadle,Morrison,Liberal Democrat,FALSE,41.7831,23358,55903,
12/12/2019,Cheadle,Chauhan,Labour,FALSE,12.2552,6851,55903,
12/12/2019,Chelmsford,Ford,Conservative,FALSE,55.9049,31934,57122,
12/12/2019,Chelmsford,Goldman,Liberal Democrat,FALSE,25.0569,14313,57122,
12/12/2019,Chelmsford,Richards,Labour,FALSE,18.0228,10295,57122,
12/12/2019,Chelmsford,Lawrence,Official Monster Raving Loony Party,FALSE,1.0154,580,57122,
12/12/2019,Chelsea and Fulham,Hands,Conservative,FALSE,49.8601,23345,46821,
12/12/2019,Chelsea and Fulham,Horlick,Liberal Democrat,FALSE,25.8516,12104,46821,
12/12/2019,Chelsea and Fulham,Uberoi,Labour,FALSE,23.2203,10872,46821,
12/12/2019,Chelsea and Fulham,Morland,Animal Welfare Party,FALSE,1.0679,500,46821,
12/12/2019,Cheltenham,Chalk,Conservative,FALSE,47.991,28486,59357,
12/12/2019,Cheltenham,Wilkinson,Liberal Democrat,FALSE,46.3383,27505,59357,
12/12/2019,Cheltenham,Penny,Labour,FALSE,4.9211,2921,59357,
12/12/2019,Cheltenham,Ridgeon,Official Monster Raving Loony Party,FALSE,0.7497,445,59357,
12/12/2019,Chesham and Amersham,Gillan,Conservative,FALSE,55.4009,30850,55685,
12/12/2019,Chesham and Amersham,Gallagher,Liberal Democrat,FALSE,26.2674,14627,55685,
12/12/2019,Chesham and Amersham,Turmaine,Labour,FALSE,12.8688,7166,55685,
12/12/2019,Chesham and Amersham,Booth,Green Party,FALSE,5.4629,3042,55685,
12/12/2019,Chesterfield,Perkins,Labour,FALSE,40.2138,18171,45186,
12/12/2019,Chesterfield,Higgins,Conservative,FALSE,37.0026,16720,45186,
12/12/2019,Chesterfield,Scotting,The Brexit Party,FALSE,10.5586,4771,45186,
12/12/2019,Chesterfield,Coy,Liberal Democrat,FALSE,8.8191,3985,45186,
12/12/2019,Chesterfield,Jackson,Green Party,FALSE,2.5406,1148,45186,
12/12/2019,Chesterfield,Daramy,independent,FALSE,0.8653,391,45186,
12/12/2019,Chichester,Keegan,Conservative,FALSE,57.8058,35402,61243,
12/12/2019,Chichester,O'Kelly,Liberal Democrat,FALSE,22.7161,13912,61243,
12/12/2019,Chichester,Morton,Labour,FALSE,14.8082,9069,61243,
12/12/2019,Chichester,Barrie,Green Party,FALSE,4.1262,2527,61243,
12/12/2019,Chichester,Brown,Libertarian Party,FALSE,0.3658,224,61243,
12/12/2019,Chichester,Emerson,Patria,FALSE,0.178,109,61243,
12/12/2019,Chingford and Woodford Green,Duncan Smith,Conservative,FALSE,48.4704,23481,48444,
12/12/2019,Chingford and Woodford Green,Shaheen,Labour,FALSE,45.8653,22219,48444,
12/12/2019,Chingford and Woodford Green,Seeff,Liberal Democrat,FALSE,5.6643,2744,48444,
12/12/2019,Chippenham,Donelan,Conservative,FALSE,54.2812,30994,57099,
12/12/2019,Chippenham,Belcher,Liberal Democrat,FALSE,34.512,19706,57099,
12/12/2019,Chippenham,Anachury,Labour,FALSE,11.2069,6399,57099,
12/12/2019,Chipping Barnet,Villiers,Conservative,FALSE,44.7202,25745,57569,
12/12/2019,Chipping Barnet,Whysall,Labour,FALSE,42.6149,24533,57569,
12/12/2019,Chipping Barnet,Parasram,Liberal Democrat,FALSE,10.3042,5932,57569,
12/12/2019,Chipping Barnet,Bailey,Green Party,FALSE,2.2373,1288,57569,
12/12/2019,Chipping Barnet,Sheffield,Advance Together,FALSE,0.1233,71,57569,
12/12/2019,Chorley,Hoyle,Speaker,FALSE,67.2962,26831,39870,
12/12/2019,Chorley,Brexit-Smith,independent,FALSE,23.6744,9439,39870,
12/12/2019,Chorley,Melling,Green Party,FALSE,9.0293,3600,39870,
12/12/2019,Christchurch,Chope,Conservative,FALSE,65.2422,33894,51951,
12/12/2019,Christchurch,Cox,Liberal Democrat,FALSE,17.8572,9277,51951,
12/12/2019,Christchurch,Dunne,Labour,FALSE,12.6427,6568,51951,
12/12/2019,Christchurch,Rigby,Green Party,FALSE,4.2579,2212,51951,
12/12/2019,Cities of London and Westminster,Aiken,Conservative,FALSE,39.9059,17049,42723,
12/12/2019,Cities of London and Westminster,Umunna,Liberal Democrat,FALSE,30.6533,13096,42723,
12/12/2019,Cities of London and Westminster,Nardell,Labour,FALSE,27.2078,11624,42723,
12/12/2019,Cities of London and Westminster,Polanski,Green Party,FALSE,1.704,728,42723,
12/12/2019,Cities of London and Westminster,McLachlan,Christian Peoples Alliance,FALSE,0.2926,125,42723,
12/12/2019,Cities of London and Westminster,van Heck,Liberal,FALSE,0.2364,101,42723,
12/12/2019,City of Chester,Matheson,Labour,FALSE,49.6371,27082,54560,
12/12/2019,City of Chester,George,Conservative,FALSE,38.3394,20918,54560,
12/12/2019,City of Chester,Thompson,Liberal Democrat,FALSE,6.8438,3734,54560,
12/12/2019,City of Chester,Brown,Green Party,FALSE,2.6356,1438,54560,
12/12/2019,City of Chester,Argyle,The Brexit Party,FALSE,2.544,1388,54560,
12/12/2019,City of Durham,Foy,Labour,FALSE,42.0209,20531,48859,
12/12/2019,City of Durham,Morgan,Conservative,FALSE,31.7362,15506,48859,
12/12/2019,City of Durham,Hopgood,Liberal Democrat,FALSE,16.2406,7935,48859,
12/12/2019,City of Durham,Wright,The Brexit Party,FALSE,6.6559,3252,48859,
12/12/2019,City of Durham,Elmer,Green Party,FALSE,3.3464,1635,48859,
12/12/2019,Clacton,Watling,Conservative,FALSE,72.2613,31438,43506,
12/12/2019,Clacton,Bonavia,Labour,FALSE,15.4829,6736,43506,
12/12/2019,Clacton,Robertson,Liberal Democrat,FALSE,5.8406,2541,43506,
12/12/2019,Clacton,Southall,Green Party,FALSE,2.8157,1225,43506,
12/12/2019,Clacton,Morgan,independent,FALSE,2.5261,1099,43506,
12/12/2019,Clacton,Bennett,independent,FALSE,0.5585,243,43506,
12/12/2019,Clacton,Sexton,Official Monster Raving Loony Party,FALSE,0.5149,224,43506,
12/12/2019,Cleethorpes,Vickers,Conservative,FALSE,68.9894,31969,46339,
12/12/2019,Cleethorpes,James,Labour,FALSE,22.7692,10551,46339,
12/12/2019,Cleethorpes,Horobin,Liberal Democrat,FALSE,5.4706,2535,46339,
12/12/2019,Cleethorpes,Shanahan,Green Party,FALSE,2.7709,1284,46339,
12/12/2019,Clwyd South,Baynes,Conservative,FALSE,44.6813,16222,36306,
12/12/2019,Clwyd South,Jones,Labour,FALSE,41.2687,14983,36306,
12/12/2019,Clwyd South,Allen,Plaid Cymru,FALSE,5.8861,2137,36306,
12/12/2019,Clwyd South,Davies,Liberal Democrat,FALSE,4.1205,1496,36306,
12/12/2019,Clwyd South,Adams,The Brexit Party,FALSE,4.0434,1468,36306,
12/12/2019,Clwyd West,Jones,Conservative,FALSE,50.7499,20403,40203,
12/12/2019,Clwyd West,Thomas,Labour,FALSE,33.9676,13656,40203,
12/12/2019,Clwyd West,Williams,Plaid Cymru,FALSE,9.7182,3907,40203,
12/12/2019,Clwyd West,Wilkins,Liberal Democrat,FALSE,5.5643,2237,40203,
12/12/2019,"Coatbridge, Chryston and Bellshill",Bonnar,Scottish National Party,FALSE,47.0335,22680,48221,
12/12/2019,"Coatbridge, Chryston and Bellshill",Gaffney,Labour,FALSE,35.3705,17056,48221,
12/12/2019,"Coatbridge, Chryston and Bellshill",Wilson,Conservative,FALSE,12.677,6113,48221,
12/12/2019,"Coatbridge, Chryston and Bellshill",Stevens,Liberal Democrat,FALSE,3.2434,1564,48221,
12/12/2019,"Coatbridge, Chryston and Bellshill",McAleer,Scottish Green Party,FALSE,1.6756,808,48221,
12/12/2019,Colchester,Quince,Conservative,FALSE,50.4319,26917,53373,
12/12/2019,Colchester,McKay,Labour,FALSE,32.7769,17494,53373,
12/12/2019,Colchester,Goss,Liberal Democrat,FALSE,13.9246,7432,53373,
12/12/2019,Colchester,Goacher,Green Party,FALSE,2.8666,1530,53373,
12/12/2019,Colne Valley,McCartney,Conservative,FALSE,48.4169,29482,60892,
12/12/2019,Colne Valley,Walker,Labour,FALSE,40.0365,24379,60892,
12/12/2019,Colne Valley,Burke,Liberal Democrat,FALSE,6.2652,3815,60892,
12/12/2019,Colne Valley,Harrison,The Brexit Party,FALSE,2.0824,1268,60892,
12/12/2019,Colne Valley,Gould,Green Party,FALSE,1.7539,1068,60892,
12/12/2019,Colne Valley,Aspinall,The Yorkshire Party,FALSE,0.9,548,60892,
12/12/2019,Colne Valley,Roberts,UK Independence Party,FALSE,0.3777,230,60892,
12/12/2019,Colne Valley,Peel,independent,FALSE,0.1675,102,60892,
12/12/2019,Congleton,Bruce,Conservative,FALSE,58.9642,33747,57233,
12/12/2019,Congleton,Dale,Labour,FALSE,26.5336,15186,57233,
12/12/2019,Congleton,Duffy,Liberal Democrat,FALSE,10.5289,6026,57233,
12/12/2019,Congleton,McCarthy,Green Party,FALSE,2.8235,1616,57233,
12/12/2019,Congleton,Smith,Animal Welfare Party,FALSE,1.1497,658,57233,
12/12/2019,Copeland,Harrison,Conservative,FALSE,53.7497,22856,42523,
12/12/2019,Copeland,Lywood,Labour,FALSE,40.0113,17014,42523,
12/12/2019,Copeland,Studholme,Liberal Democrat,FALSE,4.44,1888,42523,
12/12/2019,Copeland,Lenox,Green Party,FALSE,1.799,765,42523,
12/12/2019,Corby,Pursglove,Conservative,FALSE,55.246,33410,60475,
12/12/2019,Corby,Miller,Labour,FALSE,38.2671,23142,60475,
12/12/2019,Corby,Stanbra,Liberal Democrat,FALSE,6.487,3923,60475,
12/12/2019,Coventry North East,Fletcher,Labour,FALSE,52.6775,23412,44444,
12/12/2019,Coventry North East,Richards,Conservative,FALSE,35.3704,15720,44444,
12/12/2019,Coventry North East,Sufyan,The Brexit Party,FALSE,4.7475,2110,44444,
12/12/2019,Coventry North East,Proctor,Liberal Democrat,FALSE,4.6373,2061,44444,
12/12/2019,Coventry North East,Handley,Green Party,FALSE,2.5673,1141,44444,
12/12/2019,Coventry North West,Owatemi,Labour,FALSE,43.8128,20918,47744,
12/12/2019,Coventry North West,Golby,Conservative,FALSE,43.3772,20710,47744,
12/12/2019,Coventry North West,Judge,Liberal Democrat,FALSE,5.6908,2717,47744,
12/12/2019,Coventry North West,Richardson,The Brexit Party,FALSE,4.0968,1956,47744,
12/12/2019,Coventry North West,Gray,Green Party,FALSE,3.0224,1443,47744,
12/12/2019,Coventry South,Sultana,Labour,FALSE,43.3887,19544,45044,
12/12/2019,Coventry South,Heaven,Conservative,FALSE,42.4984,19143,45044,
12/12/2019,Coventry South,Richmond,Liberal Democrat,FALSE,7.5437,3398,45044,
12/12/2019,Coventry South,Crocker,The Brexit Party,FALSE,3.1791,1432,45044,
12/12/2019,Coventry South,Finlayson,Green Party,FALSE,2.4243,1092,45044,
12/12/2019,Coventry South,Manning,independent,FALSE,0.9657,435,45044,
12/12/2019,Crawley,Smith,Conservative,FALSE,54.1895,27040,49899,
12/12/2019,Crawley,Lamb,Labour,FALSE,37.4356,18680,49899,
12/12/2019,Crawley,Yousuf,Liberal Democrat,FALSE,5.467,2728,49899,
12/12/2019,Crawley,Dickson,Green Party,FALSE,2.9079,1451,49899,
12/12/2019,Crewe and Nantwich,Mullan,Conservative,FALSE,53.1241,28704,54032,
12/12/2019,Crewe and Nantwich,Smith,Labour,FALSE,37.3779,20196,54032,
12/12/2019,Crewe and Nantwich,Theobald,Liberal Democrat,FALSE,4.8453,2618,54032,
12/12/2019,Crewe and Nantwich,Wood,The Brexit Party,FALSE,2.5725,1390,54032,
12/12/2019,Crewe and Nantwich,Browne,Green Party,FALSE,1.8045,975,54032,
12/12/2019,Crewe and Nantwich,Kinsman,Libertarian Party,FALSE,0.2758,149,54032,
12/12/2019,Croydon Central,Jones,Labour,FALSE,50.1878,27124,54045,
12/12/2019,Croydon Central,Creatura,Conservative,FALSE,39.1803,21175,54045,
12/12/2019,Croydon Central,Sprague,Liberal Democrat,FALSE,6.5353,3532,54045,
12/12/2019,Croydon Central,Sutton,Green Party,FALSE,2.2481,1215,54045,
12/12/2019,Croydon Central,Sonnex,The Brexit Party,FALSE,1.8485,999,54045,
12/12/2019,Croydon North,Reed,Labour,FALSE,65.6279,36495,55609,
12/12/2019,Croydon North,Ekekhomen,Conservative,FALSE,21.2591,11822,55609,
12/12/2019,Croydon North,Bonham,Liberal Democrat,FALSE,8.0491,4476,55609,
12/12/2019,Croydon North,Chance,Green Party,FALSE,2.9294,1629,55609,
12/12/2019,Croydon North,Ngwaba,The Brexit Party,FALSE,1.5087,839,55609,
12/12/2019,Croydon North,Mictchell,Christian Peoples Alliance,FALSE,0.6258,348,55609,
12/12/2019,Croydon South,Philp,Conservative,FALSE,52.2002,30985,59358,
12/12/2019,Croydon South,FitzRoy,Labour,FALSE,31.4128,18646,59358,
12/12/2019,Croydon South,Jones,Liberal Democrat,FALSE,12.6403,7503,59358,
12/12/2019,Croydon South,Underwood,Green Party,FALSE,3.0021,1782,59358,
12/12/2019,Croydon South,Garner,UK Independence Party,FALSE,0.7446,442,59358,
12/12/2019,"Cumbernauld, Kilsyth and Kirkintilloch East",McDonald,Scottish National Party,FALSE,52.8783,24158,45686,
12/12/2019,"Cumbernauld, Kilsyth and Kirkintilloch East",McPhilemy,Labour,FALSE,24.4758,11182,45686,
12/12/2019,"Cumbernauld, Kilsyth and Kirkintilloch East",McCall,Conservative,FALSE,16.1537,7380,45686,
12/12/2019,"Cumbernauld, Kilsyth and Kirkintilloch East",Murray,Liberal Democrat,FALSE,6.4921,2966,45686,
12/12/2019,Cynon Valley,Winter,Labour,FALSE,51.3725,15533,30236,
12/12/2019,Cynon Valley,Church,Conservative,FALSE,22.1954,6711,30236,
12/12/2019,Cynon Valley,Rees-Evans,The Brexit Party,FALSE,10.0708,3045,30236,
12/12/2019,Cynon Valley,Benney,Plaid Cymru,FALSE,8.4733,2562,30236,
12/12/2019,Cynon Valley,Chainey,The Cynon Valley Party,FALSE,4.3723,1322,30236,
12/12/2019,Cynon Valley,Bray,Liberal Democrat,FALSE,3.1386,949,30236,
12/12/2019,Cynon Valley,McLean,Social Democratic Party,FALSE,0.377,114,30236,
12/12/2019,Dagenham and Rainham,Cruddas,Labour,FALSE,44.5135,19468,43735,
12/12/2019,Dagenham and Rainham,White,Conservative,FALSE,43.8436,19175,43735,
12/12/2019,Dagenham and Rainham,Bewick,The Brexit Party,FALSE,6.6011,2887,43735,
12/12/2019,Dagenham and Rainham,Fisk,Liberal Democrat,FALSE,2.7026,1182,43735,
12/12/2019,Dagenham and Rainham,Minott,Green Party,FALSE,1.3765,602,43735,
12/12/2019,Dagenham and Rainham,Emin,independent,FALSE,0.4847,212,43735,
12/12/2019,Dagenham and Rainham,London,independent,FALSE,0.4779,209,43735,
12/12/2019,Darlington,Gibson,Conservative,FALSE,48.0505,20901,43498,
12/12/2019,Darlington,Chapman,Labour,FALSE,40.4777,17607,43498,
12/12/2019,Darlington,Curry,Liberal Democrat,FALSE,4.8209,2097,43498,
12/12/2019,Darlington,Mawson,The Brexit Party,FALSE,3.5496,1544,43498,
12/12/2019,Darlington,Snedker,Green Party,FALSE,2.43,1057,43498,
12/12/2019,Darlington,Brack,independent,FALSE,0.6713,292,43498,
12/12/2019,Dartford,Johnson,Conservative,FALSE,62.9473,34006,54023,
12/12/2019,Dartford,Gosine,Labour,FALSE,27.4809,14846,54023,
12/12/2019,Dartford,Marsh,Liberal Democrat,FALSE,6.9156,3736,54023,
12/12/2019,Dartford,Lindop,Green Party,FALSE,2.6563,1435,54023,
12/12/2019,Daventry,Heaton-Harris,Conservative,FALSE,64.5524,37055,57403,
12/12/2019,Daventry,Joyce,Labour,FALSE,19.1192,10975,57403,
12/12/2019,Daventry,Simpson,Liberal Democrat,FALSE,12.2502,7032,57403,
12/12/2019,Daventry,Slater,Green Party,FALSE,4.0782,2341,57403,
12/12/2019,Delyn,Roberts,Conservative,FALSE,43.6695,16756,38370,
12/12/2019,Delyn,Hanson,Labour,FALSE,41.4152,15891,38370,
12/12/2019,Delyn,Parkhurst,Liberal Democrat,FALSE,6.1142,2346,38370,
12/12/2019,Delyn,Williams,The Brexit Party,FALSE,5.1368,1971,38370,
12/12/2019,Delyn,Rowlinson,Plaid Cymru,FALSE,3.6643,1406,38370,
12/12/2019,Denton and Reddish,Gwynne,Labour,FALSE,50.0596,19317,38588,
12/12/2019,Denton and Reddish,Bott,Conservative,FALSE,34.0572,13142,38588,
12/12/2019,Denton and Reddish,Power,The Brexit Party,FALSE,7.8755,3039,38588,
12/12/2019,Denton and Reddish,Hardwick,Liberal Democrat,FALSE,4.2552,1642,38588,
12/12/2019,Denton and Reddish,Lawson,Green Party,FALSE,2.9128,1124,38588,
12/12/2019,Denton and Reddish,Dave,Official Monster Raving Loony Party,FALSE,0.8396,324,38588,
12/12/2019,Derby North,Solloway,Conservative,FALSE,45.2156,21259,47017,
12/12/2019,Derby North,Tinley,Labour,FALSE,39.8133,18719,47017,
12/12/2019,Derby North,Webb,Liberal Democrat,FALSE,7.3378,3450,47017,
12/12/2019,Derby North,Graves,The Brexit Party,FALSE,4.0581,1908,47017,
12/12/2019,Derby North,Hitchcock,Green Party,FALSE,2.2247,1046,47017,
12/12/2019,Derby North,Williamson,independent,FALSE,1.3506,635,47017,
12/12/2019,Derbyshire Dales,Dines,Conservative,FALSE,58.6932,29356,50016,
12/12/2019,Derbyshire Dales,Raw,Labour,FALSE,23.9423,11975,50016,
12/12/2019,Derbyshire Dales,Court,Liberal Democrat,FALSE,13.2498,6627,50016,
12/12/2019,Derbyshire Dales,Buckler,Green Party,FALSE,4.1147,2058,50016,
12/12/2019,Derby South,Beckett,Labour,FALSE,51.081,21690,42462,
12/12/2019,Derby South,Barker,Conservative,FALSE,36.9059,15671,42462,
12/12/2019,Derby South,Naitta,Liberal Democrat,FALSE,6.1726,2621,42462,
12/12/2019,Derby South,Prosser,The Brexit Party,FALSE,5.8405,2480,42462,
12/12/2019,Devizes,Kruger,Conservative,FALSE,63.0961,32150,50954,
12/12/2019,Devizes,Waltham,Liberal Democrat,FALSE,16.0086,8157,50954,
12/12/2019,Devizes,Schneider Ross,Labour,FALSE,15.3825,7838,50954,
12/12/2019,Devizes,Dawnay,Green Party,FALSE,5.5128,2809,50954,
12/12/2019,Dewsbury,Eastwood,Conservative,FALSE,46.4257,26179,56389,
12/12/2019,Dewsbury,Sherriff,Labour,FALSE,43.6575,24618,56389,
12/12/2019,Dewsbury,Rossington,Liberal Democrat,FALSE,4.2668,2406,56389,
12/12/2019,Dewsbury,James,The Brexit Party,FALSE,3.3233,1874,56389,
12/12/2019,Dewsbury,Cope,Green Party,FALSE,1.8798,1060,56389,
12/12/2019,Dewsbury,Stanton,Official Monster Raving Loony Party,FALSE,0.4469,252,56389,
12/12/2019,Doncaster Central,Winterton,Labour,FALSE,40.0135,16638,41581,
12/12/2019,Doncaster Central,Weeden-Sanz,Conservative,FALSE,34.535,14360,41581,
12/12/2019,Doncaster Central,Duhre,The Brexit Party,FALSE,16.4546,6842,41581,
12/12/2019,Doncaster Central,Horton,Liberal Democrat,FALSE,4.2038,1748,41581,
12/12/2019,Doncaster Central,French,The Yorkshire Party,FALSE,2.4338,1012,41581,
12/12/2019,Doncaster Central,Sheridan,Green Party,FALSE,2.3593,981,41581,
12/12/2019,Doncaster North,Miliband,Labour,FALSE,38.6751,15740,40698,
12/12/2019,Doncaster North,Sale,Conservative,FALSE,32.8517,13370,40698,
12/12/2019,Doncaster North,Stewart,The Brexit Party,FALSE,20.3794,8294,40698,
12/12/2019,Doncaster North,Otten,Liberal Democrat,FALSE,3.6267,1476,40698,
12/12/2019,Doncaster North,Manion,The Yorkshire Party,FALSE,2.3564,959,40698,
12/12/2019,Doncaster North,Calladine,English Democrats,FALSE,0.7593,309,40698,
12/12/2019,Doncaster North,Todd,independent,FALSE,0.5406,220,40698,
12/12/2019,Doncaster North,Bailey,independent,FALSE,0.4619,188,40698,
12/12/2019,Doncaster North,Wood,independent,FALSE,0.3489,142,40698,
12/12/2019,Don Valley,Fletcher,Conservative,FALSE,43.1565,19609,45437,
12/12/2019,Don Valley,Flint,Labour,FALSE,35.1674,15979,45437,
12/12/2019,Don Valley,Whitehurst,The Brexit Party,FALSE,13.7487,6247,45437,
12/12/2019,Don Valley,Alcock,Liberal Democrat,FALSE,4.197,1907,45437,
12/12/2019,Don Valley,Needham,Green Party,FALSE,1.9191,872,45437,
12/12/2019,Don Valley,Holmes,The Yorkshire Party,FALSE,1.8113,823,45437,
12/12/2019,Dover,Elphicke,Conservative,FALSE,56.8628,28830,50701,
12/12/2019,Dover,Cornell,Labour,FALSE,32.6463,16552,50701,
12/12/2019,Dover,Dodd,Liberal Democrat,FALSE,5.7099,2895,50701,
12/12/2019,Dover,Sawbridge,Green Party,FALSE,2.7041,1371,50701,
12/12/2019,Dover,Sutton,independent,FALSE,1.8067,916,50701,
12/12/2019,Dover,Morais,Women's Equality Party,FALSE,0.2702,137,50701,
12/12/2019,Dudley North,Longhi,Conservative,FALSE,63.0629,23134,36684,
12/12/2019,Dudley North,Dudley,Labour,FALSE,31.6241,11601,36684,
12/12/2019,Dudley North,Flynn,Liberal Democrat,FALSE,3.2984,1210,36684,
12/12/2019,Dudley North,Harrison,Green Party,FALSE,2.0145,739,36684,
12/12/2019,Dudley South,Wood,Conservative,FALSE,67.8997,24835,36576,
12/12/2019,Dudley South,Caldicott,Labour,FALSE,25.3445,9270,36576,
12/12/2019,Dudley South,Bramall,Liberal Democrat,FALSE,4.3963,1608,36576,
12/12/2019,Dudley South,Mohr,Green Party,FALSE,2.3595,863,36576,
12/12/2019,Dulwich and West Norwood,Hayes,Labour,FALSE,65.4756,36521,55778,
12/12/2019,Dulwich and West Norwood,Bartley,Green Party,FALSE,16.5137,9211,55778,
12/12/2019,Dulwich and West Norwood,Lyons,Conservative,FALSE,16.4222,9160,55778,
12/12/2019,Dulwich and West Norwood,Stephenson,The Brexit Party,FALSE,1.0237,571,55778,
12/12/2019,Dulwich and West Norwood,Hodgson,Christian Peoples Alliance,FALSE,0.4339,242,55778,
12/12/2019,Dulwich and West Norwood,Plume,UK Independence Party,FALSE,0.1309,73,55778,
12/12/2019,Dumfries and Galloway,Jack,Conservative,FALSE,44.0957,22678,51429,
12/12/2019,Dumfries and Galloway,Arkless,Scottish National Party,FALSE,40.5861,20873,51429,
12/12/2019,Dumfries and Galloway,Thompson,Labour,FALSE,9.2263,4745,51429,
12/12/2019,Dumfries and Galloway,Laurie,Liberal Democrat,FALSE,6.0919,3133,51429,
12/12/2019,"Dumfriesshire, Clydesdale and Tweeddale",Mundell,Conservative,FALSE,46.0013,22611,49153,
12/12/2019,"Dumfriesshire, Clydesdale and Tweeddale",Burgauer,Scottish National Party,FALSE,38.309,18830,49153,
12/12/2019,"Dumfriesshire, Clydesdale and Tweeddale",Chisholm,Labour,FALSE,8.4878,4172,49153,
12/12/2019,"Dumfriesshire, Clydesdale and Tweeddale",Ferry,Liberal Democrat,FALSE,7.202,3540,49153,
12/12/2019,Dundee East,Hosie,Scottish National Party,FALSE,53.8044,24361,45277,
12/12/2019,Dundee East,Scott,Conservative,FALSE,24.264,10986,45277,
12/12/2019,Dundee East,Garton,Labour,FALSE,13.3511,6045,45277,
12/12/2019,Dundee East,Crichton,Liberal Democrat,FALSE,7.8914,3573,45277,
12/12/2019,Dundee East,Morton,independent,FALSE,0.6891,312,45277,
12/12/2019,Dundee West,Law,Scottish National Party,FALSE,53.7651,22355,41579,
12/12/2019,Dundee West,Malone,Labour,FALSE,24.2815,10096,41579,
12/12/2019,Dundee West,White,Conservative,FALSE,12.3837,5149,41579,
12/12/2019,Dundee West,Coleman,Liberal Democrat,FALSE,5.9357,2468,41579,
12/12/2019,Dundee West,Waiton,The Brexit Party,FALSE,3.0568,1271,41579,
12/12/2019,Dundee West,Arrey,Christian Peoples Alliance,FALSE,0.5772,240,41579,
12/12/2019,Dunfermline and West Fife,Chapman,Scottish National Party,FALSE,44.3645,23727,53482,
12/12/2019,Dunfermline and West Fife,Hilton,Labour,FALSE,24.3596,13028,53482,
12/12/2019,Dunfermline and West Fife,Benny,Conservative,FALSE,20.9547,11207,53482,
12/12/2019,Dunfermline and West Fife,Bell,Liberal Democrat,FALSE,7.969,4262,53482,
12/12/2019,Dunfermline and West Fife,Hall,Scottish Green Party,FALSE,2.3522,1258,53482,
12/12/2019,Dwyfor Meirionnydd,Saville Roberts,Plaid Cymru,FALSE,48.2725,14447,29928,
12/12/2019,Dwyfor Meirionnydd,Davies,Conservative,FALSE,32.4345,9707,29928,
12/12/2019,Dwyfor Meirionnydd,Hogg,Labour,FALSE,13.3587,3998,29928,
12/12/2019,Dwyfor Meirionnydd,Hughes,The Brexit Party,FALSE,5.9342,1776,29928,
12/12/2019,Ealing Central and Acton,Huq,Labour,FALSE,51.3292,28132,54807,
12/12/2019,Ealing Central and Acton,Gallant,Conservative,FALSE,27.0622,14832,54807,
12/12/2019,Ealing Central and Acton,Badiani,Liberal Democrat,FALSE,17.2314,9444,54807,
12/12/2019,Ealing Central and Acton,Crossland,Green Party,FALSE,3.1657,1735,54807,
12/12/2019,Ealing Central and Acton,Alsoodani,The Brexit Party,FALSE,1.2115,664,54807,
12/12/2019,Ealing North,Murray,Labour,FALSE,56.4889,28036,49631,
12/12/2019,Ealing North,Pickles,Conservative,FALSE,31.7685,15767,49631,
12/12/2019,Ealing North,Bewley,Liberal Democrat,FALSE,8.805,4370,49631,
12/12/2019,Ealing North,Parker,Green Party,FALSE,2.9377,1458,49631,
12/12/2019,"Ealing, Southall",Sharma,Labour,FALSE,60.8238,25678,42217,
12/12/2019,"Ealing, Southall",Bennett,Conservative,FALSE,22.7254,9594,42217,
12/12/2019,"Ealing, Southall",Mahmood,Liberal Democrat,FALSE,9.3162,3933,42217,
12/12/2019,"Ealing, Southall",Moore,Green Party,FALSE,3.9984,1688,42217,
12/12/2019,"Ealing, Southall",Beattie,The Brexit Party,FALSE,2.0537,867,42217,
12/12/2019,"Ealing, Southall",Fernandes,Christian Peoples Alliance,FALSE,0.6798,287,42217,
12/12/2019,"Ealing, Southall",Zulkifal,Workers Revolutionary Party,FALSE,0.4027,170,42217,
12/12/2019,Easington,Morris,Labour,FALSE,45.4645,15723,34583,
12/12/2019,Easington,Ambrosino,Conservative,FALSE,26.435,9142,34583,
12/12/2019,Easington,Maughan,The Brexit Party,FALSE,19.5009,6744,34583,
12/12/2019,Easington,Haney,Liberal Democrat,FALSE,4.4126,1526,34583,
12/12/2019,Easington,McDonnell,The North East Party,FALSE,4.187,1448,34583,
12/12/2019,East Antrim,Wilson,Democratic Unionist Party,FALSE,45.2779,16871,37261,
12/12/2019,East Antrim,Donnelly,Alliance,FALSE,27.2805,10165,37261,
12/12/2019,East Antrim,Aiken,Ulster Unionist Party,FALSE,14.6936,5475,37261,
12/12/2019,East Antrim,McMullan,Sinn Fein,FALSE,5.6896,2120,37261,
12/12/2019,East Antrim,Rankin,Conservative,FALSE,2.7992,1043,37261,
12/12/2019,East Antrim,Mulholland,Social Democratic & Labour Party,FALSE,2.4208,902,37261,
12/12/2019,East Antrim,Randle,Green Party Northern Ireland,FALSE,1.8384,685,37261,
12/12/2019,Eastbourne,Ansell,Conservative,FALSE,48.8827,26951,55134,
12/12/2019,Eastbourne,Lloyd,Liberal Democrat,FALSE,41.0273,22620,55134,
12/12/2019,Eastbourne,Lambert,Labour,FALSE,6.9794,3848,55134,
12/12/2019,Eastbourne,Gander,The Brexit Party,FALSE,2.7751,1530,55134,
12/12/2019,Eastbourne,Pollock,independent,FALSE,0.3355,185,55134,
12/12/2019,East Devon,Jupp,Conservative,FALSE,50.8436,32577,64073,
12/12/2019,East Devon,Wright,independent,FALSE,40.3743,25869,64073,
12/12/2019,East Devon,Wilson,Labour,FALSE,4.4793,2870,64073,
12/12/2019,East Devon,Rylance,Liberal Democrat,FALSE,2.764,1771,64073,
12/12/2019,East Devon,Gent,Green Party,FALSE,1.1097,711,64073,
12/12/2019,East Devon,Faithfull,independent,FALSE,0.4292,275,64073,
12/12/2019,East Dunbartonshire,Callaghan,Scottish National Party,FALSE,37.0953,19672,53031,
12/12/2019,East Dunbartonshire,Swinson,Liberal Democrat,FALSE,36.8143,19523,53031,
12/12/2019,East Dunbartonshire,Gosal,Conservative,FALSE,14.0578,7455,53031,
12/12/2019,East Dunbartonshire,McNally,Labour,FALSE,9.1249,4839,53031,
12/12/2019,East Dunbartonshire,Scrimgeour,Scottish Green Party,FALSE,1.7273,916,53031,
12/12/2019,East Dunbartonshire,Dickson,independent,FALSE,0.4167,221,53031,
12/12/2019,East Dunbartonshire,MacKay,UK Independence Party,FALSE,0.3922,208,53031,
12/12/2019,East Dunbartonshire,McKechnie,Scottish Family Party,FALSE,0.3715,197,53031,
12/12/2019,East Ham,Timms,Labour,FALSE,76.34,41703,54628,
12/12/2019,East Ham,Pattenden,Conservative,FALSE,15.6092,8527,54628,
12/12/2019,East Ham,Fox,Liberal Democrat,FALSE,3.9504,2158,54628,
12/12/2019,East Ham,Sehgal Cuthbert,The Brexit Party,FALSE,2.0264,1107,54628,
12/12/2019,East Ham,Spracklin,Green Party,FALSE,1.6164,883,54628,
12/12/2019,East Ham,Malik,Communities United Party,FALSE,0.4576,250,54628,
12/12/2019,East Hampshire,Hinds,Conservative,FALSE,58.7855,33446,56895,
12/12/2019,East Hampshire,Buxton,Liberal Democrat,FALSE,24.1673,13750,56895,
12/12/2019,East Hampshire,Austin,Labour,FALSE,11.0502,6287,56895,
12/12/2019,East Hampshire,Parker,Green Party,FALSE,4.5698,2600,56895,
12/12/2019,East Hampshire,Makin,UK Independence Party,FALSE,1.0827,616,56895,
12/12/2019,East Hampshire,Trotter,The Justice & Anti-Corruption Party,FALSE,0.3445,196,56895,
12/12/2019,"East Kilbride, Strathaven and Lesmahagow",Cameron,Scottish National Party,FALSE,46.3514,26113,56337,
12/12/2019,"East Kilbride, Strathaven and Lesmahagow",McAdams,Labour,FALSE,22.7044,12791,56337,
12/12/2019,"East Kilbride, Strathaven and Lesmahagow",Macgregor,Conservative,FALSE,21.2312,11961,56337,
12/12/2019,"East Kilbride, Strathaven and Lesmahagow",McRobert,Liberal Democrat,FALSE,6.6741,3760,56337,
12/12/2019,"East Kilbride, Strathaven and Lesmahagow",Bradley-Young,Scottish Green Party,FALSE,2.0466,1153,56337,
12/12/2019,"East Kilbride, Strathaven and Lesmahagow",Mackay,UK Independence Party,FALSE,0.9922,559,56337,
12/12/2019,Eastleigh,Holmes,Conservative,FALSE,55.434,32690,58971,
12/12/2019,Eastleigh,Murphy,Liberal Democrat,FALSE,28.9685,17083,58971,
12/12/2019,Eastleigh,Jordan,Labour,FALSE,12.8182,7559,58971,
12/12/2019,Eastleigh,Meldrum,Green Party,FALSE,2.7793,1639,58971,
12/12/2019,East Londonderry,Campbell,Democratic Unionist Party,FALSE,40.1125,15765,39302,
12/12/2019,East Londonderry,Hunter,Social Democratic & Labour Party,FALSE,15.6684,6158,39302,
12/12/2019,East Londonderry,Nicholl,Sinn Fein,FALSE,15.5921,6128,39302,
12/12/2019,East Londonderry,McCaw,Alliance,FALSE,15.0654,5921,39302,
12/12/2019,East Londonderry,Holmes,Ulster Unionist Party,FALSE,9.1573,3599,39302,
12/12/2019,East Londonderry,McNicholl,Aontú,FALSE,4.4044,1731,39302,
12/12/2019,East Lothian,MacAskill,Scottish National Party,FALSE,36.1561,21156,58513,
12/12/2019,East Lothian,Whitfield,Labour,FALSE,29.5148,17270,58513,
12/12/2019,East Lothian,Hoy,Conservative,FALSE,26.5291,15523,58513,
12/12/2019,East Lothian,O'Riordan,Liberal Democrat,FALSE,6.9574,4071,58513,
12/12/2019,East Lothian,Sisson,UK Independence Party,FALSE,0.8425,493,58513,
12/12/2019,East Renfrewshire,Oswald,Scottish National Party,FALSE,44.9392,24877,55357,
12/12/2019,East Renfrewshire,Masterton,Conservative,FALSE,35.1374,19451,55357,
12/12/2019,East Renfrewshire,Davidson,Labour,FALSE,12.3833,6855,55357,
12/12/2019,East Renfrewshire,McGlynn,Liberal Democrat,FALSE,7.5401,4174,55357,
12/12/2019,East Surrey,Coutinho,Conservative,FALSE,59.6817,35624,59690,
12/12/2019,East Surrey,Ehmann,Liberal Democrat,FALSE,19.4069,11584,59690,
12/12/2019,East Surrey,Rehal,Labour,FALSE,13.8164,8247,59690,
12/12/2019,East Surrey,Booton,Green Party,FALSE,3.9203,2340,59690,
12/12/2019,East Surrey,Windsor,independent,FALSE,2.3019,1374,59690,
12/12/2019,East Surrey,Hogbin,Official Monster Raving Loony Party,FALSE,0.8728,521,59690,
12/12/2019,East Worthing and Shoreham,Loughton,Conservative,FALSE,51.0221,27107,53128,
12/12/2019,East Worthing and Shoreham,O'Connor,Labour,FALSE,36.9541,19633,53128,
12/12/2019,East Worthing and Shoreham,Ridley,Liberal Democrat,FALSE,7.768,4127,53128,
12/12/2019,East Worthing and Shoreham,Groves Williams,Green Party,FALSE,3.7758,2006,53128,
12/12/2019,East Worthing and Shoreham,Cook,independent,FALSE,0.48,255,53128,
12/12/2019,East Yorkshire,Knight,Conservative,FALSE,64.409,33988,52769,
12/12/2019,East Yorkshire,Minnis,Labour,FALSE,21.2265,11201,52769,
12/12/2019,East Yorkshire,Needham,Liberal Democrat,FALSE,7.9952,4219,52769,
12/12/2019,East Yorkshire,Norman,The Yorkshire Party,FALSE,3.1951,1686,52769,
12/12/2019,East Yorkshire,Jackson,Green Party,FALSE,3.1742,1675,52769,
12/12/2019,Eddisbury,Timpson,Conservative,FALSE,56.8141,30095,52971,
12/12/2019,Eddisbury,Savage,Labour,FALSE,21.9969,11652,52971,
12/12/2019,Eddisbury,Sandbach,Liberal Democrat,FALSE,18.0891,9582,52971,
12/12/2019,Eddisbury,Jewkes,Green Party,FALSE,2.2484,1191,52971,
12/12/2019,Eddisbury,Allen,UK Independence Party,FALSE,0.8514,451,52971,
12/12/2019,Edinburgh East,Sheppard,Scottish National Party,FALSE,48.4471,23165,47815,
12/12/2019,Edinburgh East,Gilmore,Labour,FALSE,26.6611,12748,47815,
12/12/2019,Edinburgh East,Price,Conservative,FALSE,13.6965,6549,47815,
12/12/2019,Edinburgh East,Reilly,Liberal Democrat,FALSE,6.8786,3289,47815,
12/12/2019,Edinburgh East,Miller,Scottish Green Party,FALSE,4.3166,2064,47815,
12/12/2019,Edinburgh North and Leith,Brock,Scottish National Party,FALSE,43.686,25925,59344,
12/12/2019,Edinburgh North and Leith,Munro,Labour,FALSE,22.1033,13117,59344,
12/12/2019,Edinburgh North and Leith,McGill,Conservative,FALSE,18.536,11000,59344,
12/12/2019,Edinburgh North and Leith,Wilson,Liberal Democrat,FALSE,11.1806,6635,59344,
12/12/2019,Edinburgh North and Leith,Burgess,Scottish Green Party,FALSE,3.3213,1971,59344,
12/12/2019,Edinburgh North and Leith,Speirs,The Brexit Party,FALSE,0.9403,558,59344,
12/12/2019,Edinburgh North and Leith,Astbury,Renew,FALSE,0.2325,138,59344,
12/12/2019,Edinburgh South,Murray,Labour,FALSE,47.7459,23745,49732,
12/12/2019,Edinburgh South,MacDonald,Scottish National Party,FALSE,25.4363,12650,49732,
12/12/2019,Edinburgh South,Cook,Conservative,FALSE,16.41,8161,49732,
12/12/2019,Edinburgh South,Beal,Liberal Democrat,FALSE,7.6792,3819,49732,
12/12/2019,Edinburgh South,Nevens,Scottish Green Party,FALSE,2.7286,1357,49732,
12/12/2019,Edinburgh South West,Cherry,Scottish National Party,FALSE,47.63,24830,52131,
12/12/2019,Edinburgh South West,Laidlaw,Conservative,FALSE,24.6456,12848,52131,
12/12/2019,Edinburgh South West,Cooke,Labour,FALSE,14.3446,7478,52131,
12/12/2019,Edinburgh South West,Inglis,Liberal Democrat,FALSE,9.5356,4971,52131,
12/12/2019,Edinburgh South West,Parker,Scottish Green Party,FALSE,2.4266,1265,52131,
12/12/2019,Edinburgh South West,Ballantine,The Brexit Party,FALSE,1.1989,625,52131,
12/12/2019,Edinburgh South West,Brown,Social Democratic Party,FALSE,0.2187,114,52131,
12/12/2019,Edinburgh West,Jardine,Liberal Democrat,FALSE,39.9134,21766,54533,
12/12/2019,Edinburgh West,Masson,Scottish National Party,FALSE,33.002,17997,54533,
12/12/2019,Edinburgh West,Hutchison,Conservative,FALSE,17.0227,9283,54533,
12/12/2019,Edinburgh West,Bolton,Labour,FALSE,8.1785,4460,54533,
12/12/2019,Edinburgh West,Gunn,Scottish Green Party,FALSE,1.8833,1027,54533,
12/12/2019,Edmonton,Osamor,Labour,FALSE,64.9885,26217,40341,
12/12/2019,Edmonton,Hockney,Conservative,FALSE,25.2894,10202,40341,
12/12/2019,Edmonton,Schmitz,Liberal Democrat,FALSE,5.3172,2145,40341,
12/12/2019,Edmonton,Maydon,Green Party,FALSE,2.1368,862,40341,
12/12/2019,Edmonton,Sehgal,The Brexit Party,FALSE,2.0822,840,40341,
12/12/2019,Edmonton,Warsame,independent,FALSE,0.1859,75,40341,
12/12/2019,Ellesmere Port and Neston,Madders,Labour,FALSE,53.3398,26001,48746,
12/12/2019,Ellesmere Port and Neston,Rodwell,Conservative,FALSE,35.3609,17237,48746,
12/12/2019,Ellesmere Port and Neston,Gough,Liberal Democrat,FALSE,4.9358,2406,48746,
12/12/2019,Ellesmere Port and Neston,Stevens,The Brexit Party,FALSE,4.386,2138,48746,
12/12/2019,Ellesmere Port and Neston,Copeman,Green Party,FALSE,1.9776,964,48746,
12/12/2019,Elmet and Rothwell,Shelbrooke,Conservative,FALSE,57.9236,33726,58225,
12/12/2019,Elmet and Rothwell,Nagle,Labour,FALSE,28.1202,16373,58225,
12/12/2019,Elmet and Rothwell,Golton,Liberal Democrat,FALSE,8.8536,5155,58225,
12/12/2019,Elmet and Rothwell,Stables,Green Party,FALSE,3.0485,1775,58225,
12/12/2019,Elmet and Rothwell,Clover,The Yorkshire Party,FALSE,2.0541,1196,58225,
12/12/2019,Eltham,Efford,Labour,FALSE,47.037,20550,43689,
12/12/2019,Eltham,French,Conservative,FALSE,39.7194,17353,43689,
12/12/2019,Eltham,Hasted,Liberal Democrat,FALSE,6.7317,2941,43689,
12/12/2019,Eltham,Kelleher,The Brexit Party,FALSE,3.486,1523,43689,
12/12/2019,Eltham,Stratford,Green Party,FALSE,3.0259,1322,43689,
12/12/2019,Enfield North,Clark,Labour,FALSE,51.8091,23340,45050,
12/12/2019,Enfield North,Laban,Conservative,FALSE,37.3984,16848,45050,
12/12/2019,Enfield North,Russo,Liberal Democrat,FALSE,6.5483,2950,45050,
12/12/2019,Enfield North,Whittaker,Green Party,FALSE,2.475,1115,45050,
12/12/2019,Enfield North,Ijeh,The Brexit Party,FALSE,1.7691,797,45050,
12/12/2019,"Enfield, Southgate",Charalambous,Labour,FALSE,48.4876,22923,47276,
12/12/2019,"Enfield, Southgate",Burrowes,Conservative,FALSE,39.0748,18473,47276,
12/12/2019,"Enfield, Southgate",Wilson,Liberal Democrat,FALSE,9.1886,4344,47276,
12/12/2019,"Enfield, Southgate",Balnave,Green Party,FALSE,2.2041,1042,47276,
12/12/2019,"Enfield, Southgate",Shah,The Brexit Party,FALSE,1.0449,494,47276,
12/12/2019,Epping Forest,Laing,Conservative,FALSE,64.3829,32364,50268,
12/12/2019,Epping Forest,Ashworth te Velde,Labour,FALSE,20.2733,10191,50268,
12/12/2019,Epping Forest,Whitehouse,Liberal Democrat,FALSE,10.7166,5387,50268,
12/12/2019,Epping Forest,Neville,Green Party,FALSE,3.9289,1975,50268,
12/12/2019,Epping Forest,Hall,Young People's Party,FALSE,0.3601,181,50268,
12/12/2019,Epping Forest,Newham,Social Democratic Party,FALSE,0.3382,170,50268,
12/12/2019,Epsom and Ewell,Grayling,Conservative,FALSE,53.5214,31819,59451,
12/12/2019,Epsom and Ewell,Gee,Liberal Democrat,FALSE,23.458,13946,59451,
12/12/2019,Epsom and Ewell,Mayne,Labour,FALSE,17.2007,10226,59451,
12/12/2019,Epsom and Ewell,Baker,Green Party,FALSE,3.4432,2047,59451,
12/12/2019,Epsom and Ewell,Woodbridge,independent,FALSE,2.3767,1413,59451,
12/12/2019,Erewash,Throup,Conservative,FALSE,56.4592,27560,48814,
12/12/2019,Erewash,Atkinson,Labour,FALSE,34.7318,16954,48814,
12/12/2019,Erewash,Archer,Liberal Democrat,FALSE,5.0948,2487,48814,
12/12/2019,Erewash,Poland,Green Party,FALSE,2.2842,1115,48814,
12/12/2019,Erewash,Ball,independent,FALSE,0.7949,388,48814,
12/12/2019,Erewash,Shaw,independent,FALSE,0.3851,188,48814,
12/12/2019,Erewash,Dunn,independent,FALSE,0.2499,122,48814,
12/12/2019,Erith and Thamesmead,Oppong-Asare,Labour,FALSE,48.0427,19882,41384,
12/12/2019,Erith and Thamesmead,Robertson,Conservative,FALSE,38.9619,16124,41384,
12/12/2019,Erith and Thamesmead,Bright,The Brexit Party,FALSE,5.4272,2246,41384,
12/12/2019,Erith and Thamesmead,Webber,Liberal Democrat,FALSE,4.7941,1984,41384,
12/12/2019,Erith and Thamesmead,Letsae,Green Party,FALSE,2.1168,876,41384,
12/12/2019,Erith and Thamesmead,Mitchell,Christian Peoples Alliance,FALSE,0.6573,272,41384,
12/12/2019,Esher and Walton,Raab,Conservative,FALSE,49.3501,31132,63084,
12/12/2019,Esher and Walton,Harding,Liberal Democrat,FALSE,45.0019,28389,63084,
12/12/2019,Esher and Walton,Ashurst,Labour,FALSE,4.4988,2838,63084,
12/12/2019,Esher and Walton,Keens,independent,FALSE,0.5501,347,63084,
12/12/2019,Esher and Walton,Badger,Official Monster Raving Loony Party,FALSE,0.5168,326,63084,
12/12/2019,Esher and Walton,Taylor,Advance Together,FALSE,0.0824,52,63084,
12/12/2019,Exeter,Bradshaw,Labour,FALSE,53.1784,29882,56192,
12/12/2019,Exeter,Gray,Conservative,FALSE,34.6651,19479,56192,
12/12/2019,Exeter,Levy,Green Party,FALSE,8.6098,4838,56192,
12/12/2019,Exeter,Willis,The Brexit Party,FALSE,2.5413,1428,56192,
12/12/2019,Exeter,Page,independent,FALSE,0.5446,306,56192,
12/12/2019,Exeter,Odgers,UK Independence Party,FALSE,0.4609,259,56192,
12/12/2019,Falkirk,McNally,Scottish National Party,FALSE,52.5326,29351,55872,
12/12/2019,Falkirk,Munro,Conservative,FALSE,25.7786,14403,55872,
12/12/2019,Falkirk,Ali,Labour,FALSE,11.1738,6243,55872,
12/12/2019,Falkirk,Reid,Liberal Democrat,FALSE,7.1413,3990,55872,
12/12/2019,Falkirk,McLaughlin,Scottish Green Party,FALSE,3.3738,1885,55872,
12/12/2019,Fareham,Braverman,Conservative,FALSE,63.6838,36459,57250,
12/12/2019,Fareham,Randall,Labour,FALSE,18.1188,10373,57250,
12/12/2019,Fareham,Winnington,Liberal Democrat,FALSE,13.9843,8006,57250,
12/12/2019,Fareham,Lyle,Green Party,FALSE,4.2131,2412,57250,
12/12/2019,Faversham and Mid Kent,Whately,Conservative,FALSE,63.2297,31864,50394,
12/12/2019,Faversham and Mid Kent,Reeves,Labour,FALSE,19.6214,9888,50394,
12/12/2019,Faversham and Mid Kent,Perkin,Liberal Democrat,FALSE,12.2435,6170,50394,
12/12/2019,Faversham and Mid Kent,Temple,Green Party,FALSE,4.1731,2103,50394,
12/12/2019,Faversham and Mid Kent,Butler,independent,FALSE,0.7322,369,50394,
12/12/2019,Feltham and Heston,Malhotra,Labour,FALSE,52.0299,24876,47811,
12/12/2019,Feltham and Heston,Keep,Conservative,FALSE,35.5922,17017,47811,
12/12/2019,Feltham and Heston,Malik,Liberal Democrat,FALSE,6.5403,3127,47811,
12/12/2019,Feltham and Heston,Nelson,The Brexit Party,FALSE,3.4678,1658,47811,
12/12/2019,Feltham and Heston,Firkins,Green Party,FALSE,2.3697,1133,47811,
12/12/2019,Fermanagh and South Tyrone,Gildernew,Sinn Fein,FALSE,43.3119,21986,50762,
12/12/2019,Fermanagh and South Tyrone,Elliott,Ulster Unionist Party,FALSE,43.1996,21929,50762,
12/12/2019,Fermanagh and South Tyrone,Gannon,Social Democratic & Labour Party,FALSE,6.7885,3446,50762,
12/12/2019,Fermanagh and South Tyrone,Beaumont,Alliance,FALSE,5.2204,2650,50762,
12/12/2019,Fermanagh and South Tyrone,Wheeler,independent,FALSE,1.4795,751,50762,
12/12/2019,Filton and Bradley Stoke,Lopresti,Conservative,FALSE,48.9154,26293,53752,
12/12/2019,Filton and Bradley Stoke,Threlfall,Labour,FALSE,38.4116,20647,53752,
12/12/2019,Filton and Bradley Stoke,Harris,Liberal Democrat,FALSE,9.2871,4992,53752,
12/12/2019,Filton and Bradley Stoke,Vernon,Green Party,FALSE,2.9078,1563,53752,
12/12/2019,Filton and Bradley Stoke,Hardwick,The Citizens Movement Party UK,FALSE,0.4781,257,53752,
12/12/2019,Finchley and Golders Green,Freer,Conservative,FALSE,43.844,24162,55109,
12/12/2019,Finchley and Golders Green,Berger,Liberal Democrat,FALSE,31.9367,17600,55109,
12/12/2019,Finchley and Golders Green,Houston,Labour,FALSE,24.2193,13347,55109,
12/12/2019,Folkestone and Hythe,Collins,Conservative,FALSE,60.1356,35483,59005,
12/12/2019,Folkestone and Hythe,Davison,Labour,FALSE,23.9742,14146,59005,
12/12/2019,Folkestone and Hythe,Bishop,Liberal Democrat,FALSE,9.7534,5755,59005,
12/12/2019,Folkestone and Hythe,Treloar,Green Party,FALSE,4.5861,2706,59005,
12/12/2019,Folkestone and Hythe,Bolton,independent,FALSE,0.9762,576,59005,
12/12/2019,Folkestone and Hythe,Menniss,Social Democratic Party,FALSE,0.322,190,59005,
12/12/2019,Folkestone and Hythe,Kapur,Young People's Party,FALSE,0.1356,80,59005,
12/12/2019,Folkestone and Hythe,Thomas,The Socialist Party of Great Britain,FALSE,0.1169,69,59005,
12/12/2019,Forest of Dean,Harper,Conservative,FALSE,59.6017,30680,51475,
12/12/2019,Forest of Dean,Martin,Labour,FALSE,28.7732,14811,51475,
12/12/2019,Forest of Dean,McFarling,Green Party,FALSE,9.0937,4681,51475,
12/12/2019,Forest of Dean,Burrett,independent,FALSE,2.5313,1303,51475,
12/12/2019,Foyle,Eastwood,Social Democratic & Labour Party,FALSE,57.0189,26881,47144,
12/12/2019,Foyle,McCallion,Sinn Fein,FALSE,20.7259,9771,47144,
12/12/2019,Foyle,Middleton,Democratic Unionist Party,FALSE,10.1243,4773,47144,
12/12/2019,Foyle,McCloskey,Aontú,FALSE,4.3102,2032,47144,
12/12/2019,Foyle,Harkin,People Before Profit Alliance,FALSE,2.8254,1332,47144,
12/12/2019,Foyle,Ferguson,Alliance,FALSE,2.6875,1267,47144,
12/12/2019,Foyle,Guy,Ulster Unionist Party,FALSE,2.3078,1088,47144,
12/12/2019,Fylde,Menzies,Conservative,FALSE,60.9357,28432,46659,
12/12/2019,Fylde,Mitchell,Labour,FALSE,25.3349,11821,46659,
12/12/2019,Fylde,Jewell,Liberal Democrat,FALSE,8.0327,3748,46659,
12/12/2019,Fylde,Dowding,Green Party,FALSE,3.7099,1731,46659,
12/12/2019,Fylde,Higgins,independent,FALSE,1.9868,927,46659,
12/12/2019,Gainsborough,Leigh,Conservative,FALSE,66.397,33893,51046,
12/12/2019,Gainsborough,Smith,Labour,FALSE,21.4042,10926,51046,
12/12/2019,Gainsborough,Rollings,Liberal Democrat,FALSE,10.1027,5157,51046,
12/12/2019,Gainsborough,Cavill,independent,FALSE,2.0961,1070,51046,
12/12/2019,Garston and Halewood,Eagle,Labour,FALSE,72.3437,38578,53326,
12/12/2019,Garston and Halewood,Novaky,Conservative,FALSE,13.0405,6954,53326,
12/12/2019,Garston and Halewood,Brown,Liberal Democrat,FALSE,6.2334,3324,53326,
12/12/2019,Garston and Halewood,Fraser,The Brexit Party,FALSE,5.5189,2943,53326,
12/12/2019,Garston and Halewood,Roberts,Green Party,FALSE,2.2184,1183,53326,
12/12/2019,Garston and Halewood,Williams,Liberal,FALSE,0.6451,344,53326,
12/12/2019,Gateshead,Mearns,Labour,FALSE,53.6112,20450,38145,
12/12/2019,Gateshead,MacBean,Conservative,FALSE,34.7359,13250,38145,
12/12/2019,Gateshead,Maughan,Liberal Democrat,FALSE,7.3194,2792,38145,
12/12/2019,Gateshead,Cabral,Green Party,FALSE,4.3335,1653,38145,
12/12/2019,Gedling,Randall,Conservative,FALSE,45.4788,22718,49953,
12/12/2019,Gedling,Coaker,Labour,FALSE,44.1195,22039,49953,
12/12/2019,Gedling,Prabhakar,Liberal Democrat,FALSE,4.5623,2279,49953,
12/12/2019,Gedling,Hunt,The Brexit Party,FALSE,3.6434,1820,49953,
12/12/2019,Gedling,Norris,Green Party,FALSE,2.1961,1097,49953,
12/12/2019,Gillingham and Rainham,Chishti,Conservative,FALSE,61.3016,28173,45958,
12/12/2019,Gillingham and Rainham,Stamp,Labour,FALSE,28.4042,13054,45958,
12/12/2019,Gillingham and Rainham,Bullion,Liberal Democrat,FALSE,5.4463,2503,45958,
12/12/2019,Gillingham and Rainham,Salomon,Green Party,FALSE,2.2695,1043,45958,
12/12/2019,Gillingham and Rainham,McCulloch Martin,UK Independence Party,FALSE,1.8212,837,45958,
12/12/2019,Gillingham and Rainham,Cook,independent,FALSE,0.4983,229,45958,
12/12/2019,Gillingham and Rainham,Peacock,Christian Peoples Alliance,FALSE,0.2589,119,45958,
12/12/2019,Glasgow Central,Thewliss,Scottish National Party,FALSE,49.2457,19750,40105,
12/12/2019,Glasgow Central,Hameed,Labour,FALSE,33.1031,13276,40105,
12/12/2019,Glasgow Central,Scarabello,Conservative,FALSE,9.2208,3698,40105,
12/12/2019,Glasgow Central,Hoyle,Liberal Democrat,FALSE,4.8672,1952,40105,
12/12/2019,Glasgow Central,Gallagher,Scottish Green Party,FALSE,3.5631,1429,40105,
12/12/2019,Glasgow East,Linden,Scottish National Party,FALSE,47.7016,18357,38483,
12/12/2019,Glasgow East,Watson,Labour,FALSE,33.2381,12791,38483,
12/12/2019,Glasgow East,Kerr,Conservative,FALSE,14.8351,5709,38483,
12/12/2019,Glasgow East,Harrison,Liberal Democrat,FALSE,4.2252,1626,38483,
12/12/2019,Glasgow North,Grady,Scottish National Party,FALSE,46.9233,16982,36191,
12/12/2019,Glasgow North,Duncan-Glancy,Labour,FALSE,31.447,11381,36191,
12/12/2019,Glasgow North,Curtis,Conservative,FALSE,10.5164,3806,36191,
12/12/2019,Glasgow North,Chamberlain,Liberal Democrat,FALSE,6.6149,2394,36191,
12/12/2019,Glasgow North,Macgregor,Scottish Green Party,FALSE,3.6142,1308,36191,
12/12/2019,Glasgow North,Cocozza,The Brexit Party,FALSE,0.8842,320,36191,
12/12/2019,Glasgow North East,McLaughlin,Scottish National Party,FALSE,46.9005,15911,33925,
12/12/2019,Glasgow North East,Sweeney,Labour,FALSE,39.3898,13363,33925,
12/12/2019,Glasgow North East,Bennie,Conservative,FALSE,10.4878,3558,33925,
12/12/2019,Glasgow North East,Moohan,Liberal Democrat,FALSE,3.2218,1093,33925,
12/12/2019,Glasgow North West,Monaghan,Scottish National Party,FALSE,49.5231,19678,39735,
12/12/2019,Glasgow North West,Ferguson,Labour,FALSE,28.4862,11319,39735,
12/12/2019,Glasgow North West,Aibinu,Conservative,FALSE,15.1554,6022,39735,
12/12/2019,Glasgow North West,Speirs,Liberal Democrat,FALSE,6.8353,2716,39735,
12/12/2019,Glasgow South,McDonald,Scottish National Party,FALSE,48.1188,22829,47443,
12/12/2019,Glasgow South,Lamont,Labour,FALSE,29.1381,13824,47443,
12/12/2019,Glasgow South,Thornton,Conservative,FALSE,13.1463,6237,47443,
12/12/2019,Glasgow South,Ford,Liberal Democrat,FALSE,5.8723,2786,47443,
12/12/2019,Glasgow South,Hutchison,Scottish Green Party,FALSE,2.6368,1251,47443,
12/12/2019,Glasgow South,Raja,The Brexit Party,FALSE,1.0876,516,47443,
12/12/2019,Glasgow South West,Stephens,Scottish National Party,FALSE,47.8818,17643,36847,
12/12/2019,Glasgow South West,Kerr,Labour,FALSE,34.5835,12743,36847,
12/12/2019,Glasgow South West,Haddow,Conservative,FALSE,11.4636,4224,36847,
12/12/2019,Glasgow South West,Denton-Cardew,Liberal Democrat,FALSE,3.8945,1435,36847,
12/12/2019,Glasgow South West,Brown,The Brexit Party,FALSE,2.1766,802,36847,
12/12/2019,Glenrothes,Grant,Scottish National Party,FALSE,51.1096,21234,41546,
12/12/2019,Glenrothes,Egan,Labour,FALSE,22.8109,9477,41546,
12/12/2019,Glenrothes,Thomson,Conservative,FALSE,16.6562,6920,41546,
12/12/2019,Glenrothes,Liston,Liberal Democrat,FALSE,6.352,2639,41546,
12/12/2019,Glenrothes,Farrell,The Brexit Party,FALSE,3.0713,1276,41546,
12/12/2019,Gloucester,Graham,Conservative,FALSE,54.2352,29159,53764,
12/12/2019,Gloucester,Boait,Labour,FALSE,35.1202,18882,53764,
12/12/2019,Gloucester,Trimnell,Liberal Democrat,FALSE,8.0686,4338,53764,
12/12/2019,Gloucester,Byfield,Green Party,FALSE,2.5761,1385,53764,
12/12/2019,Gordon,Thomson,Scottish National Party,FALSE,42.7159,23885,55916,
12/12/2019,Gordon,Clark,Conservative,FALSE,41.2512,23066,55916,
12/12/2019,Gordon,Oates,Liberal Democrat,FALSE,10.5748,5913,55916,
12/12/2019,Gordon,Herbert,Labour,FALSE,5.4582,3052,55916,
12/12/2019,Gosport,Dinenage,Conservative,FALSE,66.5098,32226,48453,
12/12/2019,Gosport,Chatwin,Labour,FALSE,18.4674,8948,48453,
12/12/2019,Gosport,Pepper,Liberal Democrat,FALSE,11.2955,5473,48453,
12/12/2019,Gosport,Aspinall,Green Party,FALSE,3.7273,1806,48453,
12/12/2019,Gower,Antoniazzi,Labour,FALSE,45.4296,20208,44482,
12/12/2019,Gower,O'Brien,Conservative,FALSE,41.2999,18371,44482,
12/12/2019,Gower,Davies,Plaid Cymru,FALSE,5.1437,2288,44482,
12/12/2019,Gower,Bennett,Liberal Democrat,FALSE,5.0268,2236,44482,
12/12/2019,Gower,Ross,The Brexit Party,FALSE,3.1001,1379,44482,
12/12/2019,Grantham and Stamford,Davies,Conservative,FALSE,65.7001,36794,56003,
12/12/2019,Grantham and Stamford,Salt,Labour,FALSE,19.2686,10791,56003,
12/12/2019,Grantham and Stamford,Bisnauthsing,Liberal Democrat,FALSE,10.9869,6153,56003,
12/12/2019,Grantham and Stamford,Gayfer,Green Party,FALSE,4.0444,2265,56003,
12/12/2019,Gravesham,Holloway,Conservative,FALSE,62.1951,29580,47560,
12/12/2019,Gravesham,Sullivan,Labour,FALSE,29.4344,13999,47560,
12/12/2019,Gravesham,Obasi,Liberal Democrat,FALSE,5.4331,2584,47560,
12/12/2019,Gravesham,Gilligan,Green Party,FALSE,2.9373,1397,47560,
12/12/2019,Great Grimsby,Nici,Conservative,FALSE,54.8554,18150,33087,
12/12/2019,Great Grimsby,Onn,Labour,FALSE,32.6986,10819,33087,
12/12/2019,Great Grimsby,Barker,The Brexit Party,FALSE,7.1871,2378,33087,
12/12/2019,Great Grimsby,Barfield,Liberal Democrat,FALSE,3.2339,1070,33087,
12/12/2019,Great Grimsby,Emmerson,Green Party,FALSE,1.5535,514,33087,
12/12/2019,Great Grimsby,Winn,independent,FALSE,0.4715,156,33087,
12/12/2019,Great Yarmouth,Lewis,Conservative,FALSE,65.7885,28593,43462,
12/12/2019,Great Yarmouth,Smith-Clare,Labour,FALSE,25.1484,10930,43462,
12/12/2019,Great Yarmouth,Joyce,Liberal Democrat,FALSE,3.8217,1661,43462,
12/12/2019,Great Yarmouth,Killett,Green Party,FALSE,2.4481,1064,43462,
12/12/2019,Great Yarmouth,Harding,Veterans and People's Party,FALSE,1.4518,631,43462,
12/12/2019,Great Yarmouth,Myers,independent,FALSE,0.9871,429,43462,
12/12/2019,Great Yarmouth,McMahon-Morris,independent,FALSE,0.3543,154,43462,
12/12/2019,Greenwich and Woolwich,Pennycook,Labour,FALSE,56.8242,30185,53120,
12/12/2019,Greenwich and Woolwich,Turrell,Conservative,FALSE,22.0651,11721,53120,
12/12/2019,Greenwich and Woolwich,O'Connor,Liberal Democrat,FALSE,13.654,7253,53120,
12/12/2019,Greenwich and Woolwich,Rance,Green Party,FALSE,4.4484,2363,53120,
12/12/2019,Greenwich and Woolwich,Trivedi,The Brexit Party,FALSE,2.3117,1228,53120,
12/12/2019,Greenwich and Woolwich,Odesanmi,Christian Peoples Alliance,FALSE,0.4612,245,53120,
12/12/2019,Greenwich and Woolwich,Gaikwad,independent,FALSE,0.2353,125,53120,
12/12/2019,Guildford,Richardson,Conservative,FALSE,44.8705,26317,58651,
12/12/2019,Guildford,Franklin,Liberal Democrat,FALSE,39.1809,22980,58651,
12/12/2019,Guildford,Rouse,Labour,FALSE,7.6981,4515,58651,
12/12/2019,Guildford,Milton,independent,FALSE,7.427,4356,58651,
12/12/2019,Guildford,Morris,"The Peace Party - Non-violence, Justice, Environment",FALSE,0.8235,483,58651,
12/12/2019,Hackney North and Stoke Newington,Abbott,Labour,FALSE,70.294,39972,56864,
12/12/2019,Hackney North and Stoke Newington,Obese-Jecty,Conservative,FALSE,11.9302,6784,56864,
12/12/2019,Hackney North and Stoke Newington,Armitage,Green Party,FALSE,8.7736,4989,56864,
12/12/2019,Hackney North and Stoke Newington,Mathis,Liberal Democrat,FALSE,7.532,4283,56864,
12/12/2019,Hackney North and Stoke Newington,Ings,The Brexit Party,FALSE,1.071,609,56864,
12/12/2019,Hackney North and Stoke Newington,Ur-Rehman,Renew,FALSE,0.2655,151,56864,
12/12/2019,Hackney North and Stoke Newington,Lixenberg,independent,FALSE,0.1337,76,56864,
12/12/2019,Hackney South and Shoreditch,Hillier,Labour,FALSE,73.2637,39884,54439,
12/12/2019,Hackney South and Shoreditch,Beckett,Conservative,FALSE,10.836,5899,54439,
12/12/2019,Hackney South and Shoreditch,Raval,Liberal Democrat,FALSE,8.9146,4853,54439,
12/12/2019,Hackney South and Shoreditch,Scott,Green Party,FALSE,5.4152,2948,54439,
12/12/2019,Hackney South and Shoreditch,Lloyd,The Brexit Party,FALSE,1.3667,744,54439,
12/12/2019,Hackney South and Shoreditch,Leff,Workers Revolutionary Party,FALSE,0.2039,111,54439,
12/12/2019,Halesowen and Rowley Regis,Morris,Conservative,FALSE,60.4723,25607,42345,
12/12/2019,Halesowen and Rowley Regis,Cooper,Labour,FALSE,31.9589,13533,42345,
12/12/2019,Halesowen and Rowley Regis,Priest,Liberal Democrat,FALSE,4.1044,1738,42345,
12/12/2019,Halesowen and Rowley Regis,Windridge,Green Party,FALSE,2.2057,934,42345,
12/12/2019,Halesowen and Rowley Regis,Cross,independent,FALSE,0.5479,232,42345,
12/12/2019,Halesowen and Rowley Regis,Fleming,independent,FALSE,0.4487,190,42345,
12/12/2019,Halesowen and Rowley Regis,Weller,independent,FALSE,0.2621,111,42345,
12/12/2019,Halifax,Lynch,Labour,FALSE,46.2697,21496,46458,
12/12/2019,Halifax,Ali,Conservative,FALSE,40.74,18927,46458,
12/12/2019,Halifax,Wood,The Brexit Party,FALSE,6.0549,2813,46458,
12/12/2019,Halifax,Baker,Liberal Democrat,FALSE,4.899,2276,46458,
12/12/2019,Halifax,Jessop,Green Party,FALSE,2.0362,946,46458,
12/12/2019,Haltemprice and Howden,Davis,Conservative,FALSE,62.3657,31045,49779,
12/12/2019,Haltemprice and Howden,Ayre,Labour,FALSE,21.5272,10716,49779,
12/12/2019,Haltemprice and Howden,Johnson,Liberal Democrat,FALSE,10.4763,5215,49779,
12/12/2019,Haltemprice and Howden,Stone,Green Party,FALSE,3.5437,1764,49779,
12/12/2019,Haltemprice and Howden,Honnoraty,The Yorkshire Party,FALSE,2.0872,1039,49779,
12/12/2019,Halton,Twigg,Labour,FALSE,63.4872,29333,46203,
12/12/2019,Halton,Rowley,Conservative,FALSE,22.4185,10358,46203,
12/12/2019,Halton,Balfe,The Brexit Party,FALSE,8.0731,3730,46203,
12/12/2019,Halton,Gribbon,Liberal Democrat,FALSE,3.8959,1800,46203,
12/12/2019,Halton,O'Keefe,Green Party,FALSE,2.1254,982,46203,
12/12/2019,Hammersmith,Slaughter,Labour,FALSE,57.8725,30074,51966,
12/12/2019,Hammersmith,Wang,Conservative,FALSE,23.5288,12227,51966,
12/12/2019,Hammersmith,Venegas,Liberal Democrat,FALSE,13.3684,6947,51966,
12/12/2019,Hammersmith,Horn,Green Party,FALSE,3.356,1744,51966,
12/12/2019,Hammersmith,Keyse,The Brexit Party,FALSE,1.8743,974,51966,
12/12/2019,Hampstead and Kilburn,Siddiq,Labour,FALSE,48.9326,28080,57385,
12/12/2019,Hampstead and Kilburn,Luk,Conservative,FALSE,24.2084,13892,57385,
12/12/2019,Hampstead and Kilburn,Sanders,Liberal Democrat,FALSE,22.8649,13121,57385,
12/12/2019,Hampstead and Kilburn,Stansell,Green Party,FALSE,2.8021,1608,57385,
12/12/2019,Hampstead and Kilburn,Pointon,The Brexit Party,FALSE,1.1919,684,57385,
12/12/2019,Harborough,O'Brien,Conservative,FALSE,55.301,31698,57319,
12/12/2019,Harborough,Hibbert,Labour,FALSE,25.1575,14420,57319,
12/12/2019,Harborough,Haq,Liberal Democrat,FALSE,15.8813,9103,57319,
12/12/2019,Harborough,Woodiwiss,Green Party,FALSE,2.9816,1709,57319,
12/12/2019,Harborough,Lambert,independent,FALSE,0.6787,389,57319,
12/12/2019,Harlow,Halfon,Conservative,FALSE,63.4544,27510,43354,
12/12/2019,Harlow,McAlpine,Labour,FALSE,31.0167,13447,43354,
12/12/2019,Harlow,Cane,Liberal Democrat,FALSE,5.5289,2397,43354,
12/12/2019,Harrogate and Knaresborough,Jones,Conservative,FALSE,52.6231,29962,56937,
12/12/2019,Harrogate and Knaresborough,Rogerson,Liberal Democrat,FALSE,35.6306,20287,56937,
12/12/2019,Harrogate and Knaresborough,Sewards,Labour,FALSE,9.6247,5480,56937,
12/12/2019,Harrogate and Knaresborough,George,The Yorkshire Party,FALSE,2.1216,1208,56937,
12/12/2019,Harrow East,Blackman,Conservative,FALSE,54.424,26935,49491,
12/12/2019,Harrow East,Fitzpatrick,Labour,FALSE,37.916,18765,49491,
12/12/2019,Harrow East,Bernard,Liberal Democrat,FALSE,7.66,3791,49491,
12/12/2019,Harrow West,Thomas,Labour,FALSE,52.4436,25132,47922,
12/12/2019,Harrow West,Ali,Conservative,FALSE,34.3057,16440,47922,
12/12/2019,Harrow West,Bornemann,Liberal Democrat,FALSE,8.9938,4310,47922,
12/12/2019,Harrow West,Langley,Green Party,FALSE,2.3142,1109,47922,
12/12/2019,Harrow West,Jones,The Brexit Party,FALSE,1.9427,931,47922,
12/12/2019,Hartlepool,Hill,Labour,FALSE,37.6831,15464,41037,
12/12/2019,Hartlepool,Houghton,Conservative,FALSE,28.9227,11869,41037,
12/12/2019,Hartlepool,Tice,The Brexit Party,FALSE,25.8377,10603,41037,
12/12/2019,Hartlepool,Hagon,Liberal Democrat,FALSE,4.1329,1696,41037,
12/12/2019,Hartlepool,Bousfield,independent,FALSE,2.2199,911,41037,
12/12/2019,Hartlepool,Cranney,Socialist Labour Party,FALSE,1.2038,494,41037,
12/12/2019,Harwich and North Essex,Jenkin,Conservative,FALSE,61.2551,31830,51963,
12/12/2019,Harwich and North Essex,Rice,Labour,FALSE,22.4159,11648,51963,
12/12/2019,Harwich and North Essex,Beckett,Liberal Democrat,FALSE,11.2888,5866,51963,
12/12/2019,Harwich and North Essex,Banks,Green Party,FALSE,3.743,1945,51963,
12/12/2019,Harwich and North Essex,Francis,independent,FALSE,0.7909,411,51963,
12/12/2019,Harwich and North Essex,Browning-Smith,independent,FALSE,0.5061,263,51963,
12/12/2019,Hastings and Rye,Hart,Conservative,FALSE,49.556,26896,54274,
12/12/2019,Hastings and Rye,Chowney,Labour,FALSE,42.1067,22853,54274,
12/12/2019,Hastings and Rye,Perry,Liberal Democrat,FALSE,7.2963,3960,54274,
12/12/2019,Hastings and Rye,Crosland,independent,FALSE,1.041,565,54274,
12/12/2019,Havant,Mak,Conservative,FALSE,65.3865,30051,45959,
12/12/2019,Havant,Knight,Labour,FALSE,17.9704,8259,45959,
12/12/2019,Havant,Gray,Liberal Democrat,FALSE,12.4198,5708,45959,
12/12/2019,Havant,Colman,Green Party,FALSE,3.4748,1597,45959,
12/12/2019,Havant,Black,Social Democratic Party,FALSE,0.7485,344,45959,
12/12/2019,Hayes and Harlington,McDonnell,Labour,FALSE,55.7917,24545,43994,
12/12/2019,Hayes and Harlington,Bridges,Conservative,FALSE,34.7411,15284,43994,
12/12/2019,Hayes and Harlington,Cunliffe,Liberal Democrat,FALSE,4.4256,1947,43994,
12/12/2019,Hayes and Harlington,Boparai,The Brexit Party,FALSE,2.9368,1292,43994,
12/12/2019,Hayes and Harlington,West,Green Party,FALSE,1.6798,739,43994,
12/12/2019,Hayes and Harlington,Amadi,Christian Peoples Alliance,FALSE,0.4251,187,43994,
12/12/2019,Hazel Grove,Wragg,Conservative,FALSE,48.7745,21592,44269,
12/12/2019,Hazel Grove,Smart,Liberal Democrat,FALSE,38.7833,17169,44269,
12/12/2019,Hazel Grove,Wilson,Labour,FALSE,12.4421,5508,44269,
12/12/2019,Hemel Hempstead,Penning,Conservative,FALSE,56.4998,28968,51271,
12/12/2019,Hemel Hempstead,Ahmed,Labour,FALSE,28.0958,14405,51271,
12/12/2019,Hemel Hempstead,Barry,Liberal Democrat,FALSE,12.3208,6317,51271,
12/12/2019,Hemel Hempstead,Hassan,Green Party,FALSE,3.0836,1581,51271,
12/12/2019,Hemsworth,Trickett,Labour,FALSE,37.4883,16460,43907,
12/12/2019,Hemsworth,Calland,Conservative,FALSE,34.8008,15280,43907,
12/12/2019,Hemsworth,Ali,The Brexit Party,FALSE,13.5058,5930,43907,
12/12/2019,Hemsworth,Womersley,independent,FALSE,5.5982,2458,43907,
12/12/2019,Hemsworth,Monaghan,Liberal Democrat,FALSE,3.9493,1734,43907,
12/12/2019,Hemsworth,Roberts,The Yorkshire Party,FALSE,2.1955,964,43907,
12/12/2019,Hemsworth,Morton,Green Party,FALSE,2.0862,916,43907,
12/12/2019,Hemsworth,Wilks,independent,FALSE,0.3758,165,43907,
12/12/2019,Hendon,Offord,Conservative,FALSE,48.8025,26878,55075,
12/12/2019,Hendon,Pinto-Duschinsky,Labour,FALSE,41.1221,22648,55075,
12/12/2019,Hendon,Enderby,Liberal Democrat,FALSE,8.4031,4628,55075,
12/12/2019,Hendon,Vincent-Kirby,Green Party,FALSE,1.6723,921,55075,
12/12/2019,Henley,Howell,Conservative,FALSE,54.7814,32189,58759,
12/12/2019,Henley,Coyle,Liberal Democrat,FALSE,30.8651,18136,58759,
12/12/2019,Henley,Marham,Labour,FALSE,9.6972,5698,58759,
12/12/2019,Henley,Robb,Green Party,FALSE,4.6563,2736,58759,
12/12/2019,Hereford and South Herefordshire,Norman,Conservative,FALSE,61.2134,30390,49646,
12/12/2019,Hereford and South Herefordshire,Coda,Labour,FALSE,21.5606,10704,49646,
12/12/2019,Hereford and South Herefordshire,Hurds,Liberal Democrat,FALSE,12.4501,6181,49646,
12/12/2019,Hereford and South Herefordshire,Toynbee,Green Party,FALSE,4.7758,2371,49646,
12/12/2019,Hertford and Stortford,Marson,Conservative,FALSE,56.0988,33712,60094,
12/12/2019,Hertford and Stortford,Vince,Labour,FALSE,23.4499,14092,60094,
12/12/2019,Hertford and Stortford,Lucas,Liberal Democrat,FALSE,14.3043,8596,60094,
12/12/2019,Hertford and Stortford,Downes,Green Party,FALSE,4.5013,2705,60094,
12/12/2019,Hertford and Stortford,Lindsay,UK Independence Party,FALSE,1.1332,681,60094,
12/12/2019,Hertford and Stortford,Percival,independent,FALSE,0.5125,308,60094,
12/12/2019,Hertsmere,Dowden,Conservative,FALSE,62.5462,32651,52203,
12/12/2019,Hertsmere,Kal-Weiss,Labour,FALSE,21.7191,11338,52203,
12/12/2019,Hertsmere,Barrett,Liberal Democrat,FALSE,12.5682,6561,52203,
12/12/2019,Hertsmere,Humphries,Green Party,FALSE,3.1665,1653,52203,
12/12/2019,Hexham,Opperman,Conservative,FALSE,54.5005,25152,46150,
12/12/2019,Hexham,Grennan,Labour,FALSE,31.6425,14603,46150,
12/12/2019,Hexham,Howse,Liberal Democrat,FALSE,10.1235,4672,46150,
12/12/2019,Hexham,Morphet,Green Party,FALSE,3.7335,1723,46150,
12/12/2019,Heywood and Middleton,Clarkson,Conservative,FALSE,43.0698,20453,47488,
12/12/2019,Heywood and Middleton,McInnes,Labour,FALSE,41.6737,19790,47488,
12/12/2019,Heywood and Middleton,Lambert,The Brexit Party,FALSE,8.3221,3952,47488,
12/12/2019,Heywood and Middleton,Smith,Liberal Democrat,FALSE,4.3653,2073,47488,
12/12/2019,Heywood and Middleton,Ainsworth-Barnes,Green Party,FALSE,2.5691,1220,47488,
12/12/2019,High Peak,Largan,Conservative,FALSE,45.8605,24844,54173,
12/12/2019,High Peak,George,Labour,FALSE,44.7714,24254,54173,
12/12/2019,High Peak,Lomax,Liberal Democrat,FALSE,5.0763,2750,54173,
12/12/2019,High Peak,Graves,The Brexit Party,FALSE,2.1727,1177,54173,
12/12/2019,High Peak,Hodgetts-Haley,Green Party,FALSE,2.1191,1148,54173,
12/12/2019,Hitchin and Harpenden,Afolami,Conservative,FALSE,47.0843,27719,58871,
12/12/2019,Hitchin and Harpenden,Collins,Liberal Democrat,FALSE,35.3723,20824,58871,
12/12/2019,Hitchin and Harpenden,Tart,Labour,FALSE,16.9166,9959,58871,
12/12/2019,Hitchin and Harpenden,Cordle,Christian Peoples Alliance,FALSE,0.4552,268,58871,
12/12/2019,Hitchin and Harpenden,Marshall,Advance Together,FALSE,0.1716,101,58871,
12/12/2019,Holborn and St Pancras,Starmer,Labour,FALSE,64.5247,36641,56786,
12/12/2019,Holborn and St Pancras,Hayward,Conservative,FALSE,15.6341,8878,56786,
12/12/2019,Holborn and St Pancras,Kirk,Liberal Democrat,FALSE,12.8799,7314,56786,
12/12/2019,Holborn and St Pancras,de Keyser,Green Party,FALSE,4.8357,2746,56786,
12/12/2019,Holborn and St Pancras,Birchwood,The Brexit Party,FALSE,1.8173,1032,56786,
12/12/2019,Holborn and St Pancras,Bhatti,UK Independence Party,FALSE,0.243,138,56786,
12/12/2019,Holborn and St Pancras,Scripps,Socialist Equality Party,FALSE,0.0652,37,56786,
12/12/2019,Hornchurch and Upminster,Lopez,Conservative,FALSE,65.7631,35495,53974,
12/12/2019,Hornchurch and Upminster,Lawal,Labour,FALSE,22.5794,12187,53974,
12/12/2019,Hornchurch and Upminster,Clarke,Liberal Democrat,FALSE,7.1553,3862,53974,
12/12/2019,Hornchurch and Upminster,Caton,Green Party,FALSE,3.5573,1920,53974,
12/12/2019,Hornchurch and Upminster,Furness,British National Party,FALSE,0.9449,510,53974,
12/12/2019,Hornsey and Wood Green,West,Labour,FALSE,57.4847,35126,61105,
12/12/2019,Hornsey and Wood Green,Barnes,Liberal Democrat,FALSE,25.9946,15884,61105,
12/12/2019,Hornsey and Wood Green,McGuinness,Conservative,FALSE,11.1758,6829,61105,
12/12/2019,Hornsey and Wood Green,Francis,Green Party,FALSE,3.5873,2192,61105,
12/12/2019,Hornsey and Wood Green,Corrigan,The Brexit Party,FALSE,1.2487,763,61105,
12/12/2019,Hornsey and Wood Green,Spiby-Vann,Christian Peoples Alliance,FALSE,0.3453,211,61105,
12/12/2019,Hornsey and Wood Green,Wakie,independent,FALSE,0.1637,100,61105,
12/12/2019,Horsham,Quin,Conservative,FALSE,56.7661,35900,63242,
12/12/2019,Horsham,Potter,Liberal Democrat,FALSE,23.3595,14773,63242,
12/12/2019,Horsham,Jones,Labour,FALSE,14.9015,9424,63242,
12/12/2019,Horsham,Ross,Green Party,FALSE,4.2187,2668,63242,
12/12/2019,Horsham,Duggan,"The Peace Party - Non-violence, Justice, Environment",FALSE,0.7542,477,63242,
12/12/2019,Houghton and Sunderland South,Phillipson,Labour,FALSE,40.7174,16210,39811,
12/12/2019,Houghton and Sunderland South,Howarth,Conservative,FALSE,32.8929,13095,39811,
12/12/2019,Houghton and Sunderland South,Yuill,The Brexit Party,FALSE,15.4857,6165,39811,
12/12/2019,Houghton and Sunderland South,Edgeworth,Liberal Democrat,FALSE,5.825,2319,39811,
12/12/2019,Houghton and Sunderland South,Bradley,Green Party,FALSE,2.8259,1125,39811,
12/12/2019,Houghton and Sunderland South,Elvin,UK Independence Party,FALSE,2.2531,897,39811,
12/12/2019,Hove,Kyle,Labour,FALSE,58.3001,32876,56391,
12/12/2019,Hove,Nemeth,Conservative,FALSE,28.0754,15832,56391,
12/12/2019,Hove,Bass,Liberal Democrat,FALSE,6.6163,3731,56391,
12/12/2019,Hove,Sykes,Green Party,FALSE,4.4262,2496,56391,
12/12/2019,Hove,Hancock,The Brexit Party,FALSE,1.9702,1111,56391,
12/12/2019,Hove,Dixon,Official Monster Raving Loony Party,FALSE,0.3458,195,56391,
12/12/2019,Hove,Sabel,independent,FALSE,0.266,150,56391,
12/12/2019,Huddersfield,Sheerman,Labour,FALSE,48.9685,20509,41882,
12/12/2019,Huddersfield,Davy,Conservative,FALSE,37.1807,15572,41882,
12/12/2019,Huddersfield,Wilkinson,Liberal Democrat,FALSE,5.6516,2367,41882,
12/12/2019,Huddersfield,Cooper,Green Party,FALSE,4.2214,1768,41882,
12/12/2019,Huddersfield,Hale,The Brexit Party,FALSE,3.9778,1666,41882,
12/12/2019,Huntingdon,Djanogly,Conservative,FALSE,54.7551,32386,59147,
12/12/2019,Huntingdon,Sweek,Labour,FALSE,21.9842,13003,59147,
12/12/2019,Huntingdon,Argent,Liberal Democrat,FALSE,15.9467,9432,59147,
12/12/2019,Huntingdon,Laycock,Green Party,FALSE,3.7753,2233,59147,
12/12/2019,Huntingdon,Bullen,independent,FALSE,3.0247,1789,59147,
12/12/2019,Huntingdon,Varghese,independent,FALSE,0.514,304,59147,
12/12/2019,Hyndburn,Britcliffe,Conservative,FALSE,48.4955,20565,42406,
12/12/2019,Hyndburn,Jones,Labour,FALSE,41.5366,17614,42406,
12/12/2019,Hyndburn,Butt,The Brexit Party,FALSE,5.0842,2156,42406,
12/12/2019,Hyndburn,Waller-Slack,Liberal Democrat,FALSE,2.8911,1226,42406,
12/12/2019,Hyndburn,Brockbank,Green Party,FALSE,1.9926,845,42406,
12/12/2019,Ilford North,Streeting,Labour,FALSE,50.5308,25323,50114,
12/12/2019,Ilford North,Berlin,Conservative,FALSE,40.1185,20105,50114,
12/12/2019,Ilford North,Johnson,Liberal Democrat,FALSE,5.3478,2680,50114,
12/12/2019,Ilford North,Anderson,The Brexit Party,FALSE,1.9156,960,50114,
12/12/2019,Ilford North,Reynolds,Green Party,FALSE,1.6862,845,50114,
12/12/2019,Ilford North,Akhigbe,Christian Peoples Alliance,FALSE,0.4011,201,50114,
12/12/2019,Ilford South,Tarry,Labour,FALSE,65.6076,35085,53477,
12/12/2019,Ilford South,Azeem,Conservative,FALSE,20.5397,10984,53477,
12/12/2019,Ilford South,Gapes,The Independent Group for Change,FALSE,7.276,3891,53477,
12/12/2019,Ilford South,Holder,Liberal Democrat,FALSE,3.3566,1795,53477,
12/12/2019,Ilford South,Sharma,The Brexit Party,FALSE,1.8849,1008,53477,
12/12/2019,Ilford South,Warrington,Green Party,FALSE,1.3352,714,53477,
12/12/2019,Inverclyde,Cowan,Scottish National Party,FALSE,48.3548,19295,39903,
12/12/2019,Inverclyde,McCluskey,Labour,FALSE,29.5291,11783,39903,
12/12/2019,Inverclyde,Malik,Conservative,FALSE,15.7006,6265,39903,
12/12/2019,Inverclyde,Stoyle,Liberal Democrat,FALSE,6.4156,2560,39903,
12/12/2019,"Inverness, Nairn, Badenoch and Strathspey",Hendry,Scottish National Party,FALSE,47.8872,26247,54810,
12/12/2019,"Inverness, Nairn, Badenoch and Strathspey",Fawcett,Conservative,FALSE,28.8396,15807,54810,
12/12/2019,"Inverness, Nairn, Badenoch and Strathspey",Rixson,Liberal Democrat,FALSE,10.6659,5846,54810,
12/12/2019,"Inverness, Nairn, Badenoch and Strathspey",Whyte,Labour,FALSE,7.5223,4123,54810,
12/12/2019,"Inverness, Nairn, Badenoch and Strathspey",Burgess,Scottish Green Party,FALSE,3.118,1709,54810,
12/12/2019,"Inverness, Nairn, Badenoch and Strathspey",Durance,The Brexit Party,FALSE,1.9668,1078,54810,
12/12/2019,Ipswich,Hunt,Conservative,FALSE,50.3278,24952,49579,
12/12/2019,Ipswich,Martin,Labour,FALSE,39.2767,19473,49579,
12/12/2019,Ipswich,Hyyrylainen-Trett,Liberal Democrat,FALSE,4.9194,2439,49579,
12/12/2019,Ipswich,Thomas,The Brexit Party,FALSE,2.8883,1432,49579,
12/12/2019,Ipswich,Broom,Green Party,FALSE,2.5878,1283,49579,
12/12/2019,Isle of Wight,Seely,Conservative,FALSE,56.1712,41815,74442,
12/12/2019,Isle of Wight,Quigley,Labour,FALSE,24.2847,18078,74442,
12/12/2019,Isle of Wight,Lowthion,Green Party,FALSE,15.2306,11338,74442,
12/12/2019,Isle of Wight,Feeney,Independent Network,FALSE,2.0714,1542,74442,
12/12/2019,Isle of Wight,Love,independent,FALSE,1.1741,874,74442,
12/12/2019,Isle of Wight,Pitcher,independent,FALSE,1.0679,795,74442,
12/12/2019,Islington North,Corbyn,Labour,FALSE,64.3119,34603,53805,
12/12/2019,Islington North,Wakeling,Liberal Democrat,FALSE,15.6398,8415,53805,
12/12/2019,Islington North,Clark,Conservative,FALSE,10.1905,5483,53805,
12/12/2019,Islington North,Russell,Green Party,FALSE,8.0401,4326,53805,
12/12/2019,Islington North,David,The Brexit Party,FALSE,1.3791,742,53805,
12/12/2019,Islington North,Delves,Official Monster Raving Loony Party,FALSE,0.4386,236,53805,
12/12/2019,Islington South and Finsbury,Thornberry,Labour,FALSE,56.251,26897,47816,
12/12/2019,Islington South and Finsbury,Pothalingham,Liberal Democrat,FALSE,20.0121,9569,47816,
12/12/2019,Islington South and Finsbury,Charalambous,Conservative,FALSE,16.8249,8045,47816,
12/12/2019,Islington South and Finsbury,Hussain,Green Party,FALSE,4.1555,1987,47816,
12/12/2019,Islington South and Finsbury,Hannam,The Brexit Party,FALSE,2.3758,1136,47816,
12/12/2019,Islington South and Finsbury,Sandys,Official Monster Raving Loony Party,FALSE,0.3806,182,47816,
12/12/2019,Islwyn,Evans,Labour,FALSE,44.7045,15356,34350,
12/12/2019,Islwyn,Chambers,Conservative,FALSE,28.7977,9892,34350,
12/12/2019,Islwyn,Wells,The Brexit Party,FALSE,14.0728,4834,34350,
12/12/2019,Islwyn,Hammond,Plaid Cymru,FALSE,6.655,2286,34350,
12/12/2019,Islwyn,Watkins,Liberal Democrat,FALSE,3.8224,1313,34350,
12/12/2019,Islwyn,Linstrum,Green Party,FALSE,1.9476,669,34350,
12/12/2019,Jarrow,Osborne,Labour,FALSE,45.0781,18363,40736,
12/12/2019,Jarrow,Oliver,Conservative,FALSE,27.5997,11243,40736,
12/12/2019,Jarrow,Monaghan,The Brexit Party,FALSE,10.1188,4122,40736,
12/12/2019,Jarrow,Robertson,independent,FALSE,7.3424,2991,40736,
12/12/2019,Jarrow,Wilkinson,Liberal Democrat,FALSE,5.7934,2360,40736,
12/12/2019,Jarrow,Milne,Green Party,FALSE,2.04,831,40736,
12/12/2019,Jarrow,Sadler,independent,FALSE,1.5073,614,40736,
12/12/2019,Jarrow,Conway,Social Democratic Party,FALSE,0.5204,212,40736,
12/12/2019,Keighley,Moore,Conservative,FALSE,48.0951,25298,52600,
12/12/2019,Keighley,Grogan,Labour,FALSE,43.8783,23080,52600,
12/12/2019,Keighley,Franks,Liberal Democrat,FALSE,4.8916,2573,52600,
12/12/2019,Keighley,Khan,The Brexit Party,FALSE,1.616,850,52600,
12/12/2019,Keighley,Barton,The Yorkshire Party,FALSE,1.2681,667,52600,
12/12/2019,Keighley,Rose,Social Democratic Party,FALSE,0.251,132,52600,
12/12/2019,Kenilworth and Southam,Wright,Conservative,FALSE,57.7048,30351,52597,
12/12/2019,Kenilworth and Southam,Dickson,Liberal Democrat,FALSE,19.0087,9998,52597,
12/12/2019,Kenilworth and Southam,Tucker,Labour,FALSE,17.9478,9440,52597,
12/12/2019,Kenilworth and Southam,Firth,Green Party,FALSE,4.4698,2351,52597,
12/12/2019,Kenilworth and Southam,Green,Official Monster Raving Loony Party,FALSE,0.8689,457,52597,
12/12/2019,Kensington,Buchan,Conservative,FALSE,38.3163,16768,43762,
12/12/2019,Kensington,Dent Coad,Labour,FALSE,37.9736,16618,43762,
12/12/2019,Kensington,Gyimah,Liberal Democrat,FALSE,21.2787,9312,43762,
12/12/2019,Kensington,Lichtenstein,Green Party,FALSE,1.2225,535,43762,
12/12/2019,Kensington,Aston Colquhoun,The Brexit Party,FALSE,0.8775,384,43762,
12/12/2019,Kensington,Phillips,Christian Peoples Alliance,FALSE,0.16,70,43762,
12/12/2019,Kensington,Gore,Touch Love Worldwide (UK),FALSE,0.1074,47,43762,
12/12/2019,Kensington,Dore,Workers Revolutionary Party,FALSE,0.064,28,43762,
12/12/2019,Kettering,Hollobone,Conservative,FALSE,60.3452,29787,49361,
12/12/2019,Kettering,Pavitt,Labour,FALSE,26.3812,13022,49361,
12/12/2019,Kettering,Nelson,Liberal Democrat,FALSE,6.8212,3367,49361,
12/12/2019,Kettering,Hakewill,independent,FALSE,3.3265,1642,49361,
12/12/2019,Kettering,Wildman,Green Party,FALSE,3.1259,1543,49361,
12/12/2019,Kilmarnock and Loudoun,Brown,Scottish National Party,FALSE,50.8408,24216,47631,
12/12/2019,Kilmarnock and Loudoun,Hollins,Conservative,FALSE,24.2636,11557,47631,
12/12/2019,Kilmarnock and Loudoun,McGregor,Labour,FALSE,18.9142,9009,47631,
12/12/2019,Kilmarnock and Loudoun,Thornley,Liberal Democrat,FALSE,5.1311,2444,47631,
12/12/2019,Kilmarnock and Loudoun,Johnstone,Libertarian Party,FALSE,0.8503,405,47631,
12/12/2019,Kingston and Surbiton,Davey,Liberal Democrat,FALSE,51.1176,31103,60846,
12/12/2019,Kingston and Surbiton,Brandreth,Conservative,FALSE,33.879,20614,60846,
12/12/2019,Kingston and Surbiton,Werner,Labour,FALSE,10.7287,6528,60846,
12/12/2019,Kingston and Surbiton,Sumner,Green Party,FALSE,1.7059,1038,60846,
12/12/2019,Kingston and Surbiton,Holman,The Brexit Party,FALSE,1.2951,788,60846,
12/12/2019,Kingston and Surbiton,Giles,independent,FALSE,0.7527,458,60846,
12/12/2019,Kingston and Surbiton,Chinnery,Official Monster Raving Loony Party,FALSE,0.3172,193,60846,
12/12/2019,Kingston and Surbiton,Glencross,UK Independence Party,FALSE,0.2038,124,60846,
12/12/2019,Kingston upon Hull East,Turner,Labour,FALSE,39.1869,12713,32442,
12/12/2019,Kingston upon Hull East,Storer,Conservative,FALSE,35.3677,11474,32442,
12/12/2019,Kingston upon Hull East,Hall,The Brexit Party,FALSE,17.7671,5764,32442,
12/12/2019,Kingston upon Hull East,Morgan,Liberal Democrat,FALSE,5.2617,1707,32442,
12/12/2019,Kingston upon Hull East,Brown,Green Party,FALSE,2.4166,784,32442,
12/12/2019,Kingston upon Hull North,Johnson,Labour,FALSE,49.7997,17033,34203,
12/12/2019,Kingston upon Hull North,Whitbread,Conservative,FALSE,27.5999,9440,34203,
12/12/2019,Kingston upon Hull North,Abram,The Brexit Party,FALSE,13.9491,4771,34203,
12/12/2019,Kingston upon Hull North,Ross,Liberal Democrat,FALSE,6.093,2084,34203,
12/12/2019,Kingston upon Hull North,Howarth,Green Party,FALSE,2.5583,875,34203,
12/12/2019,Kingston upon Hull West and Hessle,Hardy,Labour,FALSE,42.684,13384,31356,
12/12/2019,Kingston upon Hull West and Hessle,Bell,Conservative,FALSE,33.5757,10528,31356,
12/12/2019,Kingston upon Hull West and Hessle,Dewberry,The Brexit Party,FALSE,17.9806,5638,31356,
12/12/2019,Kingston upon Hull West and Hessle,Nolan,Liberal Democrat,FALSE,5.6002,1756,31356,
12/12/2019,Kingston upon Hull West and Hessle,Lammiman,Green Party,FALSE,0.1595,50,31356,
12/12/2019,Kingswood,Skidmore,Conservative,FALSE,56.195,27712,49314,
12/12/2019,Kingswood,Bowden-Jones,Labour,FALSE,33.4428,16492,49314,
12/12/2019,Kingswood,Romero,Liberal Democrat,FALSE,6.9372,3421,49314,
12/12/2019,Kingswood,Evans,Green Party,FALSE,2.4334,1200,49314,
12/12/2019,Kingswood,Cowell,Animal Welfare Party,FALSE,0.9916,489,49314,
12/12/2019,Kirkcaldy and Cowdenbeath,Hanvey,Scottish National Party,FALSE,35.2473,16568,47005,
12/12/2019,Kirkcaldy and Cowdenbeath,Laird,Labour,FALSE,32.6029,15325,47005,
12/12/2019,Kirkcaldy and Cowdenbeath,Leslie,Conservative,FALSE,20.1021,9449,47005,
12/12/2019,Kirkcaldy and Cowdenbeath,Cole-Hamilton,Liberal Democrat,FALSE,6.1759,2903,47005,
12/12/2019,Kirkcaldy and Cowdenbeath,Rutherford,Scottish Green Party,FALSE,3.4635,1628,47005,
12/12/2019,Kirkcaldy and Cowdenbeath,William,The Brexit Party,FALSE,2.4083,1132,47005,
12/12/2019,Knowsley,Howarth,Labour,FALSE,80.7711,44374,54938,
12/12/2019,Knowsley,Millns,Conservative,FALSE,8.0673,4432,54938,
12/12/2019,Knowsley,McCullough,The Brexit Party,FALSE,6.0941,3348,54938,
12/12/2019,Knowsley,Woodruff,Green Party,FALSE,2.2971,1262,54938,
12/12/2019,Knowsley,Slupsky,Liberal Democrat,FALSE,2.0332,1117,54938,
12/12/2019,Knowsley,Catesby,Liberal,FALSE,0.7372,405,54938,
12/12/2019,Lagan Valley,Donaldson,Democratic Unionist Party,FALSE,43.1362,19586,45405,
12/12/2019,Lagan Valley,Eastwood,Alliance,FALSE,28.8228,13087,45405,
12/12/2019,Lagan Valley,Butler,Ulster Unionist Party,FALSE,18.9539,8606,45405,
12/12/2019,Lagan Valley,Haydock,Social Democratic & Labour Party,FALSE,3.8718,1758,45405,
12/12/2019,Lagan Valley,McCleave,Sinn Fein,FALSE,2.4182,1098,45405,
12/12/2019,Lagan Valley,Hynds,Conservative,FALSE,2.1033,955,45405,
12/12/2019,Lagan Valley,Love,UK Independence Party,FALSE,0.6938,315,45405,
12/12/2019,Lanark and Hamilton East,Crawley,Scottish National Party,FALSE,41.911,22243,53072,
12/12/2019,Lanark and Hamilton East,Haslam,Conservative,FALSE,32.1375,17056,53072,
12/12/2019,Lanark and Hamilton East,Hilland,Labour,FALSE,20.2291,10736,53072,
12/12/2019,Lanark and Hamilton East,Pickard,Liberal Democrat,FALSE,5.7224,3037,53072,
12/12/2019,Lancaster and Fleetwood,Smith,Labour,FALSE,46.8476,21184,45219,
12/12/2019,Lancaster and Fleetwood,Thistlethwaite,Conservative,FALSE,41.5843,18804,45219,
12/12/2019,Lancaster and Fleetwood,Jackson,Liberal Democrat,FALSE,4.4627,2018,45219,
12/12/2019,Lancaster and Fleetwood,Murray,The Brexit Party,FALSE,4.0182,1817,45219,
12/12/2019,Lancaster and Fleetwood,Jackson,Green Party,FALSE,3.0872,1396,45219,
12/12/2019,Leeds Central,Benn,Labour,FALSE,61.7097,30413,49284,
12/12/2019,Leeds Central,Fortune,Conservative,FALSE,22.6098,11143,49284,
12/12/2019,Leeds Central,Thomas,The Brexit Party,FALSE,6.0851,2999,49284,
12/12/2019,Leeds Central,Holland,Liberal Democrat,FALSE,4.7541,2343,49284,
12/12/2019,Leeds Central,Carlisle,Green Party,FALSE,4.2712,2105,49284,
12/12/2019,Leeds Central,Clouston,Social Democratic Party,FALSE,0.5702,281,49284,
12/12/2019,Leeds East,Burgon,Labour,FALSE,49.8412,19464,39052,
12/12/2019,Leeds East,Mortimer,Conservative,FALSE,35.6781,13933,39052,
12/12/2019,Leeds East,Wass,The Brexit Party,FALSE,7.6334,2981,39052,
12/12/2019,Leeds East,Dresser,Liberal Democrat,FALSE,4.599,1796,39052,
12/12/2019,Leeds East,Adris,Green Party,FALSE,2.2483,878,39052,
12/12/2019,Leeds North East,Hamilton,Labour,FALSE,57.4733,29024,50500,
12/12/2019,Leeds North East,Bashir,Conservative,FALSE,23.6337,11935,50500,
12/12/2019,Leeds North East,Hannah,Liberal Democrat,FALSE,11.2178,5665,50500,
12/12/2019,Leeds North East,Hartshorne,Green Party,FALSE,3.8238,1931,50500,
12/12/2019,Leeds North East,Iman,The Brexit Party,FALSE,3.503,1769,50500,
12/12/2019,Leeds North East,Foote,Alliance for Green Socialism,FALSE,0.3485,176,50500,
12/12/2019,Leeds North West,Sobel,Labour,FALSE,48.6395,23971,49283,
12/12/2019,Leeds North West,Harper,Conservative,FALSE,26.8287,13222,49283,
12/12/2019,Leeds North West,Hussain,Liberal Democrat,FALSE,19.0674,9397,49283,
12/12/2019,Leeds North West,Hemingway,Green Party,FALSE,2.8184,1389,49283,
12/12/2019,Leeds North West,Webber,The Brexit Party,FALSE,2.6459,1304,49283,
12/12/2019,Leeds West,Reeves,Labour,FALSE,55.0781,22186,40281,
12/12/2019,Leeds West,Dormer,Conservative,FALSE,28.8523,11622,40281,
12/12/2019,Leeds West,Mars,The Brexit Party,FALSE,6.6657,2685,40281,
12/12/2019,Leeds West,Walker,Liberal Democrat,FALSE,4.4363,1787,40281,
12/12/2019,Leeds West,Smith,Green Party,FALSE,3.1628,1274,40281,
12/12/2019,Leeds West,Cowling,The Yorkshire Party,FALSE,1.6137,650,40281,
12/12/2019,Leeds West,Whetstone,Social Democratic Party,FALSE,0.1142,46,40281,
12/12/2019,Leeds West,Davies,Alliance for Green Socialism,FALSE,0.077,31,40281,
12/12/2019,Leicester East,Webbe,Labour,FALSE,50.7679,25090,49421,
12/12/2019,Leicester East,Dave,Conservative,FALSE,38.5889,19071,49421,
12/12/2019,Leicester East,Dave,Liberal Democrat,FALSE,5.6656,2800,49421,
12/12/2019,Leicester East,Baldwin,The Brexit Party,FALSE,2.5151,1243,49421,
12/12/2019,Leicester East,Wakley,Green Party,FALSE,1.7968,888,49421,
12/12/2019,Leicester East,Gogia,independent,FALSE,0.6657,329,49421,
12/12/2019,Leicester South,Ashworth,Labour,FALSE,67.015,33606,50147,
12/12/2019,Leicester South,Neale,Conservative,FALSE,21.7979,10931,50147,
12/12/2019,Leicester South,Coghlan,Liberal Democrat,FALSE,5.4919,2754,50147,
12/12/2019,Leicester South,Lewis,Green Party,FALSE,3.3282,1669,50147,
12/12/2019,Leicester South,Potter,The Brexit Party,FALSE,2.367,1187,50147,
12/12/2019,Leicester West,Kendall,Labour,FALSE,49.7225,17291,34775,
12/12/2019,Leicester West,Wright,Conservative,FALSE,37.6104,13079,34775,
12/12/2019,Leicester West,Bradwell,Liberal Democrat,FALSE,5.1991,1808,34775,
12/12/2019,Leicester West,Collier,The Brexit Party,FALSE,4.6585,1620,34775,
12/12/2019,Leicester West,Goddard,Green Party,FALSE,2.8095,977,34775,
12/12/2019,Leigh,Grundy,Conservative,FALSE,45.267,21266,46979,
12/12/2019,Leigh,Platt,Labour,FALSE,41.0843,19301,46979,
12/12/2019,Leigh,Melly,The Brexit Party,FALSE,6.7285,3161,46979,
12/12/2019,Leigh,Clayton,Liberal Democrat,FALSE,4.7936,2252,46979,
12/12/2019,Leigh,O'Bern,independent,FALSE,1.1729,551,46979,
12/12/2019,Leigh,Peters,UK Independence Party,FALSE,0.9536,448,46979,
12/12/2019,Lewes,Caulfield,Conservative,FALSE,47.8897,26268,54851,
12/12/2019,Lewes,Henman,Liberal Democrat,FALSE,43.4103,23811,54851,
12/12/2019,Lewes,Chappell,Labour,FALSE,5.8449,3206,54851,
12/12/2019,Lewes,Denis,Green Party,FALSE,2.649,1453,54851,
12/12/2019,Lewes,Cragg,independent,FALSE,0.206,113,54851,
12/12/2019,"Lewisham, Deptford",Foxcroft,Labour,FALSE,70.8279,39216,55368,
12/12/2019,"Lewisham, Deptford",Haran,Conservative,FALSE,11.3838,6303,55368,
12/12/2019,"Lewisham, Deptford",Dean,Liberal Democrat,FALSE,10.4284,5774,55368,
12/12/2019,"Lewisham, Deptford",Carey Fuller,Green Party,FALSE,5.5718,3085,55368,
12/12/2019,"Lewisham, Deptford",Etienne,The Brexit Party,FALSE,1.425,789,55368,
12/12/2019,"Lewisham, Deptford",Bui,independent,FALSE,0.2348,130,55368,
12/12/2019,"Lewisham, Deptford",Lloyd,Alliance for Green Socialism,FALSE,0.1282,71,55368,
12/12/2019,Lewisham East,Daby,Labour,FALSE,59.4912,26661,44815,
12/12/2019,Lewisham East,Thurgood,Conservative,FALSE,21.5397,9653,44815,
12/12/2019,Lewisham East,Fatukasi,Liberal Democrat,FALSE,11.244,5039,44815,
12/12/2019,Lewisham East,Adoo-Kissi-Debrah,Green Party,FALSE,3.8068,1706,44815,
12/12/2019,Lewisham East,Pollard,The Brexit Party,FALSE,2.7535,1234,44815,
12/12/2019,Lewisham East,Martin,Christian Peoples Alliance,FALSE,0.6181,277,44815,
12/12/2019,Lewisham East,Barber,independent,FALSE,0.3392,152,44815,
12/12/2019,Lewisham East,Galloway,Young People's Party,FALSE,0.1116,50,44815,
12/12/2019,Lewisham East,Mighton,independent,FALSE,0.096,43,44815,
12/12/2019,Lewisham West and Penge,Reeves,Labour,FALSE,61.1516,31860,52100,
12/12/2019,Lewisham West and Penge,Cuthbert,Conservative,FALSE,19.8023,10317,52100,
12/12/2019,Lewisham West and Penge,Feakes,Liberal Democrat,FALSE,12.0154,6260,52100,
12/12/2019,Lewisham West and Penge,Braun,Green Party,FALSE,4.5873,2390,52100,
12/12/2019,Lewisham West and Penge,Hambro,The Brexit Party,FALSE,2.0345,1060,52100,
12/12/2019,Lewisham West and Penge,Hortense,Christian Peoples Alliance,FALSE,0.4088,213,52100,
12/12/2019,Leyton and Wanstead,Cryer,Labour,FALSE,64.7316,28836,44547,
12/12/2019,Leyton and Wanstead,Khiljee,Conservative,FALSE,18.0214,8028,44547,
12/12/2019,Leyton and Wanstead,Sims,Liberal Democrat,FALSE,10.4743,4666,44547,
12/12/2019,Leyton and Wanstead,Gunstock,Green Party,FALSE,4.0519,1805,44547,
12/12/2019,Leyton and Wanstead,Jannaty,The Brexit Party,FALSE,1.7622,785,44547,
12/12/2019,Leyton and Wanstead,Scott,independent,FALSE,0.9585,427,44547,
12/12/2019,Lichfield,Fabricant,Conservative,FALSE,64.5343,34844,53993,
12/12/2019,Lichfield,Robertson,Labour,FALSE,20.7545,11206,53993,
12/12/2019,Lichfield,Ray,Liberal Democrat,FALSE,10.431,5632,53993,
12/12/2019,Lichfield,Muckley,Green Party,FALSE,3.2282,1743,53993,
12/12/2019,Lichfield,Madden,independent,FALSE,1.052,568,53993,
12/12/2019,Lincoln,McCartney,Conservative,FALSE,47.931,24267,50629,
12/12/2019,Lincoln,Lee,Labour,FALSE,40.9903,20753,50629,
12/12/2019,Lincoln,Kenyon,Liberal Democrat,FALSE,4.7838,2422,50629,
12/12/2019,Lincoln,Horscroft,Green Party,FALSE,2.3603,1195,50629,
12/12/2019,Lincoln,Wilkes,The Brexit Party,FALSE,2.1312,1079,50629,
12/12/2019,Lincoln,Bradley,independent,FALSE,1.2029,609,50629,
12/12/2019,Lincoln,Shaw,Liberal,FALSE,0.6004,304,50629,
12/12/2019,Linlithgow and East Falkirk,Day,Scottish National Party,FALSE,44.225,25551,57775,
12/12/2019,Linlithgow and East Falkirk,Kennedy,Conservative,FALSE,24.7252,14285,57775,
12/12/2019,Linlithgow and East Falkirk,Milne,Labour,FALSE,18.2034,10517,57775,
12/12/2019,Linlithgow and East Falkirk,Pattle,Liberal Democrat,FALSE,7.6036,4393,57775,
12/12/2019,Linlithgow and East Falkirk,Bozza,The Brexit Party,FALSE,2.1757,1257,57775,
12/12/2019,Linlithgow and East Falkirk,Mackay,Scottish Green Party,FALSE,2.0493,1184,57775,
12/12/2019,Linlithgow and East Falkirk,Tunnicliff,Veterans and People's Party,FALSE,1.0177,588,57775,
12/12/2019,"Liverpool, Riverside",Johnson,Labour,FALSE,77.9897,41170,52789,
12/12/2019,"Liverpool, Riverside",Malkeson,Conservative,FALSE,7.8179,4127,52789,
12/12/2019,"Liverpool, Riverside",Crone,Green Party,FALSE,5.7152,3017,52789,
12/12/2019,"Liverpool, Riverside",McAllister-Bell,Liberal Democrat,FALSE,5.1071,2696,52789,
12/12/2019,"Liverpool, Riverside",Leach,The Brexit Party,FALSE,3.37,1779,52789,
12/12/2019,"Liverpool, Walton",Carden,Labour,FALSE,84.681,34538,40786,
12/12/2019,"Liverpool, Walton",Phillips,Conservative,FALSE,9.8514,4018,40786,
12/12/2019,"Liverpool, Walton",Grant,Green Party,FALSE,1.9958,814,40786,
12/12/2019,"Liverpool, Walton",Newman,Liberal Democrat,FALSE,1.8536,756,40786,
12/12/2019,"Liverpool, Walton",Lake,Liberal,FALSE,1.6182,660,40786,
12/12/2019,"Liverpool, Wavertree",Barker,Labour,FALSE,72.1811,31310,43377,
12/12/2019,"Liverpool, Wavertree",Mulhern,Conservative,FALSE,9.7402,4225,43377,
12/12/2019,"Liverpool, Wavertree",Kemp,Liberal Democrat,FALSE,9.3483,4055,43377,
12/12/2019,"Liverpool, Wavertree",Heatherington,The Brexit Party,FALSE,4.4286,1921,43377,
12/12/2019,"Liverpool, Wavertree",Inckle,Green Party,FALSE,3.1468,1365,43377,
12/12/2019,"Liverpool, Wavertree",Coyne,Liberal,FALSE,1.155,501,43377,
12/12/2019,"Liverpool, West Derby",Byrne,Labour,FALSE,77.558,34117,43989,
12/12/2019,"Liverpool, West Derby",Bradley,Conservative,FALSE,9.3955,4133,43989,
12/12/2019,"Liverpool, West Derby",Pearson,The Brexit Party,FALSE,4.5739,2012,43989,
12/12/2019,"Liverpool, West Derby",Radford,Liberal,FALSE,4.151,1826,43989,
12/12/2019,"Liverpool, West Derby",Parr,Liberal Democrat,FALSE,2.9462,1296,43989,
12/12/2019,"Liverpool, West Derby",Ward,Green Party,FALSE,1.3753,605,43989,
12/12/2019,Livingston,Bardell,Scottish National Party,FALSE,46.9245,25617,54592,
12/12/2019,Livingston,Timson,Conservative,FALSE,22.3146,12182,54592,
12/12/2019,Livingston,Kane,Labour,FALSE,21.8255,11915,54592,
12/12/2019,Livingston,Dundas,Liberal Democrat,FALSE,6.3324,3457,54592,
12/12/2019,Livingston,Glasgow,Scottish Green Party,FALSE,2.6029,1421,54592,
12/12/2019,Llanelli,Griffith,Labour,FALSE,42.1756,16125,38233,
12/12/2019,Llanelli,Reay,Conservative,FALSE,29.961,11455,38233,
12/12/2019,Llanelli,Arthur,Plaid Cymru,FALSE,18.4343,7048,38233,
12/12/2019,Llanelli,Boucher,The Brexit Party,FALSE,9.429,3605,38233,
12/12/2019,Loughborough,Hunt,Conservative,FALSE,51.1688,27954,54631,
12/12/2019,Loughborough,Brady,Labour,FALSE,38.0462,20785,54631,
12/12/2019,Loughborough,Sharpe,Liberal Democrat,FALSE,7.6019,4153,54631,
12/12/2019,Loughborough,Walton,Green Party,FALSE,2.753,1504,54631,
12/12/2019,Loughborough,Boon,independent,FALSE,0.4302,235,54631,
12/12/2019,Louth and Horncastle,Atkins,Conservative,FALSE,72.6534,38021,52332,
12/12/2019,Louth and Horncastle,Green,Labour,FALSE,17.4903,9153,52332,
12/12/2019,Louth and Horncastle,Pepper,Liberal Democrat,FALSE,7.8613,4114,52332,
12/12/2019,Louth and Horncastle,Hill,Official Monster Raving Loony Party,FALSE,1.995,1044,52332,
12/12/2019,Ludlow,Dunne,Conservative,FALSE,64.0816,32185,50225,
12/12/2019,Ludlow,Kidd,Liberal Democrat,FALSE,16.9975,8537,50225,
12/12/2019,Ludlow,Sahota,Labour,FALSE,15.114,7591,50225,
12/12/2019,Ludlow,Wendt,Green Party,FALSE,3.8069,1912,50225,
12/12/2019,Luton North,Owen,Labour,FALSE,55.1692,23496,42589,
12/12/2019,Luton North,Bains,Conservative,FALSE,33.457,14249,42589,
12/12/2019,Luton North,Jack,Liberal Democrat,FALSE,4.844,2063,42589,
12/12/2019,Luton North,Sharma,The Brexit Party,FALSE,2.8528,1215,42589,
12/12/2019,Luton North,Hall,Green Party,FALSE,1.8103,771,42589,
12/12/2019,Luton North,Reham,independent,FALSE,1.5168,646,42589,
12/12/2019,Luton North,Laidley,Women's Equality Party,FALSE,0.3499,149,42589,
12/12/2019,Luton South,Hopkins,Labour,FALSE,51.7949,21787,42064,
12/12/2019,Luton South,Akhtar,Conservative,FALSE,30.979,13031,42064,
12/12/2019,Luton South,Shuker,independent,FALSE,9.2549,3893,42064,
12/12/2019,Luton South,Warren,The Brexit Party,FALSE,3.8061,1601,42064,
12/12/2019,Luton South,Foley,Green Party,FALSE,2.3654,995,42064,
12/12/2019,Luton South,Ashraf,independent,FALSE,1.1625,489,42064,
12/12/2019,Luton South,French,The Best for Luton Party,FALSE,0.6371,268,42064,
12/12/2019,Macclesfield,Rutley,Conservative,FALSE,52.522,28292,53867,
12/12/2019,Macclesfield,Puttick,Labour,FALSE,32.6378,17581,53867,
12/12/2019,Macclesfield,Christian,Liberal Democrat,FALSE,10.5519,5684,53867,
12/12/2019,Macclesfield,Booth,Green Party,FALSE,4.2883,2310,53867,
12/12/2019,Maidenhead,May,Conservative,FALSE,57.7427,32620,56492,
12/12/2019,Maidenhead,Reynolds,Liberal Democrat,FALSE,24.3822,13774,56492,
12/12/2019,Maidenhead,McDonald,Labour,FALSE,13.9524,7882,56492,
12/12/2019,Maidenhead,Tomalin,Green Party,FALSE,3.9227,2216,56492,
12/12/2019,Maidstone and The Weald,Grant,Conservative,FALSE,60.4102,31220,51680,
12/12/2019,Maidstone and The Weald,Wilkinson,Labour,FALSE,18.2817,9448,51680,
12/12/2019,Maidstone and The Weald,Willis,Liberal Democrat,FALSE,16.4125,8482,51680,
12/12/2019,Maidstone and The Weald,Jeffery,Green Party,FALSE,4.2028,2172,51680,
12/12/2019,Maidstone and The Weald,Kenward,independent,FALSE,0.6927,358,51680,
12/12/2019,Makerfield,Fovargue,Labour,FALSE,45.0846,19954,44259,
12/12/2019,Makerfield,King,Conservative,FALSE,34.3749,15214,44259,
12/12/2019,Makerfield,Wright,The Brexit Party,FALSE,13.1431,5817,44259,
12/12/2019,Makerfield,Skipworth,Liberal Democrat,FALSE,4.7629,2108,44259,
12/12/2019,Makerfield,Shaw,Green Party,FALSE,2.6345,1166,44259,
12/12/2019,Maldon,Whittingdale,Conservative,FALSE,72.0203,36304,50408,
12/12/2019,Maldon,Capper,Labour,FALSE,12.4246,6263,50408,
12/12/2019,Maldon,Baldy,Liberal Democrat,FALSE,11.883,5990,50408,
12/12/2019,Maldon,Band,Green Party,FALSE,3.672,1851,50408,
12/12/2019,Manchester Central,Powell,Labour,FALSE,70.4221,36823,52289,
12/12/2019,Manchester Central,Jaradat,Conservative,FALSE,14.7909,7734,52289,
12/12/2019,Manchester Central,Bridges,Liberal Democrat,FALSE,6.5406,3420,52289,
12/12/2019,Manchester Central,Chadwick,The Brexit Party,FALSE,4.4656,2335,52289,
12/12/2019,Manchester Central,Horrocks,Green Party,FALSE,3.5763,1870,52289,
12/12/2019,Manchester Central,Leech,Socialist Equality Party,FALSE,0.2046,107,52289,
12/12/2019,"Manchester, Gorton",Khan,Labour,FALSE,77.6361,34583,44545,
12/12/2019,"Manchester, Gorton",Lowe,Conservative,FALSE,9.5274,4244,44545,
12/12/2019,"Manchester, Gorton",Pearcey,Liberal Democrat,FALSE,5.4956,2448,44545,
12/12/2019,"Manchester, Gorton",Tyrrell,Green Party,FALSE,3.8096,1697,44545,
12/12/2019,"Manchester, Gorton",Kaya,The Brexit Party,FALSE,3.5313,1573,44545,
12/12/2019,"Manchester, Withington",Smith,Labour,FALSE,67.746,35902,52995,
12/12/2019,"Manchester, Withington",Leech,Liberal Democrat,FALSE,15.0901,7997,52995,
12/12/2019,"Manchester, Withington",Zhi,Conservative,FALSE,10.9822,5820,52995,
12/12/2019,"Manchester, Withington",Bannister,Green Party,FALSE,3.7136,1968,52995,
12/12/2019,"Manchester, Withington",Ward,The Brexit Party,FALSE,2.4682,1308,52995,
12/12/2019,Mansfield,Bradley,Conservative,FALSE,63.8971,31484,49273,
12/12/2019,Mansfield,Ward,Labour,FALSE,30.8039,15178,49273,
12/12/2019,Mansfield,Brown,Liberal Democrat,FALSE,3.3,1626,49273,
12/12/2019,Mansfield,Pepper,independent,FALSE,1.0696,527,49273,
12/12/2019,Mansfield,Harvey,independent,FALSE,0.9295,458,49273,
12/12/2019,Meon Valley,Drummond,Conservative,FALSE,64.3291,35271,54829,
12/12/2019,Meon Valley,North,Liberal Democrat,FALSE,21.3683,11716,54829,
12/12/2019,Meon Valley,Bunday,Labour,FALSE,10.2938,5644,54829,
12/12/2019,Meon Valley,Wallace,Green Party,FALSE,4.0088,2198,54829,
12/12/2019,Meriden,Bhatti,Conservative,FALSE,63.4368,34358,54161,
12/12/2019,Meriden,Beddis,Labour,FALSE,21.2736,11522,54161,
12/12/2019,Meriden,McCarthy,Liberal Democrat,FALSE,10.3654,5614,54161,
12/12/2019,Meriden,Caudwell,Green Party,FALSE,4.9242,2667,54161,
12/12/2019,Merthyr Tydfil and Rhymney,Jones,Labour,FALSE,52.4499,16913,32246,
12/12/2019,Merthyr Tydfil and Rhymney,Jones,Conservative,FALSE,19.559,6307,32246,
12/12/2019,Merthyr Tydfil and Rhymney,Jones,The Brexit Party,FALSE,11.1766,3604,32246,
12/12/2019,Merthyr Tydfil and Rhymney,Evans,Plaid Cymru,FALSE,7.5854,2446,32246,
12/12/2019,Merthyr Tydfil and Rhymney,Hughes,independent,FALSE,5.7682,1860,32246,
12/12/2019,Merthyr Tydfil and Rhymney,D'Cruz,Liberal Democrat,FALSE,3.4609,1116,32246,
12/12/2019,Mid Bedfordshire,Dorries,Conservative,FALSE,59.7865,38692,64717,
12/12/2019,Mid Bedfordshire,Meades,Labour,FALSE,21.6759,14028,64717,
12/12/2019,Mid Bedfordshire,McGann,Liberal Democrat,FALSE,12.6257,8171,64717,
12/12/2019,Mid Bedfordshire,Ellis,Green Party,FALSE,3.829,2478,64717,
12/12/2019,Mid Bedfordshire,Victor,independent,FALSE,1.2547,812,64717,
12/12/2019,Mid Bedfordshire,Kelly,Official Monster Raving Loony Party,FALSE,0.8282,536,64717,
12/12/2019,Mid Derbyshire,Latham,Conservative,FALSE,58.8115,29027,49356,
12/12/2019,Mid Derbyshire,Monkman,Labour,FALSE,27.64,13642,49356,
12/12/2019,Mid Derbyshire,Dodds,Liberal Democrat,FALSE,9.6361,4756,49356,
12/12/2019,Mid Derbyshire,MacFarlane,Green Party,FALSE,3.9124,1931,49356,
12/12/2019,Middlesbrough,McDonald,Labour,FALSE,50.4649,17207,34097,
12/12/2019,Middlesbrough,Betson,Conservative,FALSE,25.8439,8812,34097,
12/12/2019,Middlesbrough,High,independent,FALSE,13.3384,4548,34097,
12/12/2019,Middlesbrough,Clements,The Brexit Party,FALSE,6.3583,2168,34097,
12/12/2019,Middlesbrough,Crawford,Liberal Democrat,FALSE,2.3932,816,34097,
12/12/2019,Middlesbrough,Alberti,Green Party,FALSE,1.6013,546,34097,
12/12/2019,Middlesbrough South and East Cleveland,Clarke,Conservative,FALSE,58.8389,28135,47817,
12/12/2019,Middlesbrough South and East Cleveland,Dingsdale,Labour,FALSE,34.5254,16509,47817,
12/12/2019,Middlesbrough South and East Cleveland,Joy,Liberal Democrat,FALSE,4.0843,1953,47817,
12/12/2019,Middlesbrough South and East Cleveland,Brown,Green Party,FALSE,2.5514,1220,47817,
12/12/2019,Mid Dorset and North Poole,Tomlinson,Conservative,FALSE,60.3883,29548,48930,
12/12/2019,Mid Dorset and North Poole,Slade,Liberal Democrat,FALSE,29.9407,14650,48930,
12/12/2019,Mid Dorset and North Poole,Oldale,Labour,FALSE,6.9528,3402,48930,
12/12/2019,Mid Dorset and North Poole,Carswell,Green Party,FALSE,2.7182,1330,48930,
12/12/2019,Midlothian,Thompson,Scottish National Party,FALSE,41.5441,20033,48221,
12/12/2019,Midlothian,Rowley,Labour,FALSE,29.7132,14328,48221,
12/12/2019,Midlothian,Fraser,Conservative,FALSE,21.7063,10467,48221,
12/12/2019,Midlothian,Arrundale,Liberal Democrat,FALSE,7.0364,3393,48221,
12/12/2019,Mid Norfolk,Freeman,Conservative,FALSE,62.3839,35051,56186,
12/12/2019,Mid Norfolk,Heald,Labour,FALSE,22.171,12457,56186,
12/12/2019,Mid Norfolk,Aquarone,Liberal Democrat,FALSE,13.7739,7739,56186,
12/12/2019,Mid Norfolk,O'Gorman,independent,FALSE,1.6712,939,56186,
12/12/2019,Mid Sussex,Davies,Conservative,FALSE,53.3045,33455,62762,
12/12/2019,Mid Sussex,Eggleston,Liberal Democrat,FALSE,24.3109,15258,62762,
12/12/2019,Mid Sussex,Bolton,Labour,FALSE,17.8739,11218,62762,
12/12/2019,Mid Sussex,Nicholson,Green Party,FALSE,3.5595,2234,62762,
12/12/2019,Mid Sussex,Von Thunderclap,Official Monster Raving Loony Party,FALSE,0.8763,550,62762,
12/12/2019,Mid Sussex,Mortensen,Advance Together,FALSE,0.0749,47,62762,
12/12/2019,Mid Ulster,Molloy,Sinn Fein,FALSE,45.883,20473,44620,
12/12/2019,Mid Ulster,Buchanan,Democratic Unionist Party,FALSE,24.5092,10936,44620,
12/12/2019,Mid Ulster,Johnston,Social Democratic & Labour Party,FALSE,14.3075,6384,44620,
12/12/2019,Mid Ulster,Boyle,Alliance,FALSE,7.9023,3526,44620,
12/12/2019,Mid Ulster,Richardson,Ulster Unionist Party,FALSE,5.8516,2611,44620,
12/12/2019,Mid Ulster,Rafferty,independent,FALSE,1.5464,690,44620,
12/12/2019,Mid Worcestershire,Huddleston,Conservative,FALSE,66.6857,37426,56123,
12/12/2019,Mid Worcestershire,Russell,Labour,FALSE,16.7632,9408,56123,
12/12/2019,Mid Worcestershire,Rowley,Liberal Democrat,FALSE,11.5354,6474,56123,
12/12/2019,Mid Worcestershire,Howarth,Green Party,FALSE,3.879,2177,56123,
12/12/2019,Mid Worcestershire,Brockman,Official Monster Raving Loony Party,FALSE,1.1368,638,56123,
12/12/2019,Milton Keynes North,Everitt,Conservative,FALSE,49.4668,30938,62543,
12/12/2019,Milton Keynes North,Pullen,Labour,FALSE,39.4656,24683,62543,
12/12/2019,Milton Keynes North,Mir,Liberal Democrat,FALSE,7.9801,4991,62543,
12/12/2019,Milton Keynes North,Rose,Green Party,FALSE,3.0875,1931,62543,
12/12/2019,Milton Keynes South,Stewart,Conservative,FALSE,50.0117,32011,64007,
12/12/2019,Milton Keynes South,O'Neill,Labour,FALSE,39.1629,25067,64007,
12/12/2019,Milton Keynes South,Ahsan,Liberal Democrat,FALSE,7.3242,4688,64007,
12/12/2019,Milton Keynes South,Francis,Green Party,FALSE,2.3357,1495,64007,
12/12/2019,Milton Keynes South,Fulton,independent,FALSE,0.8421,539,64007,
12/12/2019,Milton Keynes South,Ogba,Christian Peoples Alliance,FALSE,0.3234,207,64007,
12/12/2019,Mitcham and Morden,McDonagh,Labour,FALSE,61.1355,27964,45741,
12/12/2019,Mitcham and Morden,Williams,Conservative,FALSE,25.1022,11482,45741,
12/12/2019,Mitcham and Morden,Taylor,Liberal Democrat,FALSE,8.1262,3717,45741,
12/12/2019,Mitcham and Morden,Maddocks,The Brexit Party,FALSE,2.6278,1202,45741,
12/12/2019,Mitcham and Morden,Maslin,Green Party,FALSE,2.536,1160,45741,
12/12/2019,Mitcham and Morden,Coke,Christian Peoples Alliance,FALSE,0.4722,216,45741,
12/12/2019,Mole Valley,Beresford,Conservative,FALSE,55.4299,31656,57110,
12/12/2019,Mole Valley,Kennedy,Liberal Democrat,FALSE,34.346,19615,57110,
12/12/2019,Mole Valley,Bostock,Labour,FALSE,5.1917,2965,57110,
12/12/2019,Mole Valley,Scott-Conte,Green Party,FALSE,3.2814,1874,57110,
12/12/2019,Mole Valley,Horsley,independent,FALSE,0.9385,536,57110,
12/12/2019,Mole Valley,Cox,UK Independence Party,FALSE,0.8125,464,57110,
12/12/2019,Monmouth,Davies,Conservative,FALSE,52.0939,26160,50217,
12/12/2019,Monmouth,Murphy,Labour,FALSE,32.2162,16178,50217,
12/12/2019,Monmouth,Willott,Liberal Democrat,FALSE,9.7756,4909,50217,
12/12/2019,Monmouth,Chandler,Green Party,FALSE,2.6943,1353,50217,
12/12/2019,Monmouth,Kocan,Plaid Cymru,FALSE,2.3538,1182,50217,
12/12/2019,Monmouth,Ford,independent,FALSE,0.8662,435,50217,
12/12/2019,Montgomeryshire,Williams,Conservative,FALSE,58.5141,20020,34214,
12/12/2019,Montgomeryshire,Devani,Liberal Democrat,FALSE,23.0374,7882,34214,
12/12/2019,Montgomeryshire,Duerden,Labour,FALSE,16.3237,5585,34214,
12/12/2019,Montgomeryshire,Evans,Gwlad Gwlad,FALSE,2.1249,727,34214,
12/12/2019,Moray,Ross,Conservative,FALSE,45.2883,22112,48825,
12/12/2019,Moray,Mitchell,Scottish National Party,FALSE,44.2376,21599,48825,
12/12/2019,Moray,Kirby,Labour,FALSE,4.9811,2432,48825,
12/12/2019,Moray,Campbell Trevor,Liberal Democrat,FALSE,4.6472,2269,48825,
12/12/2019,Moray,Scorer,UK Independence Party,FALSE,0.8459,413,48825,
12/12/2019,Morecambe and Lunesdale,Morris,Conservative,FALSE,52.8029,23925,45310,
12/12/2019,Morecambe and Lunesdale,Collinge,Labour,FALSE,38.7795,17571,45310,
12/12/2019,Morecambe and Lunesdale,Lambert,Liberal Democrat,FALSE,5.1379,2328,45310,
12/12/2019,Morecambe and Lunesdale,Buckley,Green Party,FALSE,2.0702,938,45310,
12/12/2019,Morecambe and Lunesdale,Clifford,independent,FALSE,1.2094,548,45310,
12/12/2019,Morley and Outwood,Jenkyns,Conservative,FALSE,56.6609,29424,51930,
12/12/2019,Morley and Outwood,Ferguson,Labour,FALSE,34.9644,18157,51930,
12/12/2019,Morley and Outwood,Dobson,Liberal Democrat,FALSE,4.4002,2285,51930,
12/12/2019,Morley and Outwood,Bell,Green Party,FALSE,2.1317,1107,51930,
12/12/2019,Morley and Outwood,Woodlock,The Yorkshire Party,FALSE,1.8429,957,51930,
12/12/2019,Motherwell and Wishaw,Fellows,Scottish National Party,FALSE,46.425,20622,44420,
12/12/2019,Motherwell and Wishaw,Feeney,Labour,FALSE,32.3143,14354,44420,
12/12/2019,Motherwell and Wishaw,Gallacher,Conservative,FALSE,16.0964,7150,44420,
12/12/2019,Motherwell and Wishaw,Wilson,Liberal Democrat,FALSE,3.7708,1675,44420,
12/12/2019,Motherwell and Wishaw,Wilson,UK Independence Party,FALSE,1.3935,619,44420,
12/12/2019,Na h-Eileanan an Iar,MacNeil,Scottish National Party,FALSE,45.1129,6531,14477,
12/12/2019,Na h-Eileanan an Iar,MacCorquodale,Labour,FALSE,28.2724,4093,14477,
12/12/2019,Na h-Eileanan an Iar,Ross,Conservative,FALSE,22.2145,3216,14477,
12/12/2019,Na h-Eileanan an Iar,Mitchison,Liberal Democrat,FALSE,4.4001,637,14477,
12/12/2019,Neath,Rees,Labour,FALSE,43.3127,15920,36756,
12/12/2019,Neath,Burns,Conservative,FALSE,27.9764,10283,36756,
12/12/2019,Neath,Williams,Plaid Cymru,FALSE,12.2293,4495,36756,
12/12/2019,Neath,Briscoe,The Brexit Party,FALSE,8.6625,3184,36756,
12/12/2019,Neath,Kingston-Jones,Liberal Democrat,FALSE,4.0402,1485,36756,
12/12/2019,Neath,Lloyd,Green Party,FALSE,1.9806,728,36756,
12/12/2019,Neath,Rogers,independent,FALSE,1.6161,594,36756,
12/12/2019,Neath,Williams,Social Democratic Party,FALSE,0.1823,67,36756,
12/12/2019,Newark,Jenrick,Conservative,FALSE,63.2921,34660,54762,
12/12/2019,Newark,Baggaley,Labour,FALSE,23.4542,12844,54762,
12/12/2019,Newark,Watts,Liberal Democrat,FALSE,9.6929,5308,54762,
12/12/2019,Newark,Henderson,Green Party,FALSE,3.5609,1950,54762,
12/12/2019,Newbury,Farris,Conservative,FALSE,57.3869,34431,59998,
12/12/2019,Newbury,Dillon,Liberal Democrat,FALSE,30.641,18384,59998,
12/12/2019,Newbury,Wilder,Labour,FALSE,7.3402,4404,59998,
12/12/2019,Newbury,Masters,Green Party,FALSE,4.0901,2454,59998,
12/12/2019,Newbury,Holden-Crowther,independent,FALSE,0.5417,325,59998,
12/12/2019,Newcastle-under-Lyme,Bell,Conservative,FALSE,52.4934,23485,44739,
12/12/2019,Newcastle-under-Lyme,Greatbatch,Labour,FALSE,35.8502,16039,44739,
12/12/2019,Newcastle-under-Lyme,Jones,Liberal Democrat,FALSE,5.2773,2361,44739,
12/12/2019,Newcastle-under-Lyme,Cooper,The Brexit Party,FALSE,4.2938,1921,44739,
12/12/2019,Newcastle-under-Lyme,Johnson,Green Party,FALSE,2.0854,933,44739,
12/12/2019,Newcastle upon Tyne Central,Onwurah,Labour,FALSE,57.5546,21568,37474,
12/12/2019,Newcastle upon Tyne Central,Payne,Conservative,FALSE,24.7905,9290,37474,
12/12/2019,Newcastle upon Tyne Central,Avaei,Liberal Democrat,FALSE,7.229,2709,37474,
12/12/2019,Newcastle upon Tyne Central,Griffin,The Brexit Party,FALSE,6.7834,2542,37474,
12/12/2019,Newcastle upon Tyne Central,Pitman,Green Party,FALSE,3.6425,1365,37474,
12/12/2019,Newcastle upon Tyne East,Brown,Labour,FALSE,60.0692,26049,43365,
12/12/2019,Newcastle upon Tyne East,Gwynn,Conservative,FALSE,24.4114,10586,43365,
12/12/2019,Newcastle upon Tyne East,Taylor,Liberal Democrat,FALSE,10.4577,4535,43365,
12/12/2019,Newcastle upon Tyne East,Hartley,Green Party,FALSE,5.0617,2195,43365,
12/12/2019,Newcastle upon Tyne North,McKinnell,Labour,FALSE,45.435,21354,46999,
12/12/2019,Newcastle upon Tyne North,Lehain,Conservative,FALSE,33.1688,15589,46999,
12/12/2019,Newcastle upon Tyne North,Cott,Liberal Democrat,FALSE,9.2704,4357,46999,
12/12/2019,Newcastle upon Tyne North,Ogden,The Brexit Party,FALSE,9.2151,4331,46999,
12/12/2019,Newcastle upon Tyne North,Ford,Green Party,FALSE,2.9107,1368,46999,
12/12/2019,New Forest East,Lewis,Conservative,FALSE,64.5237,32769,50786,
12/12/2019,New Forest East,Hope,Labour,FALSE,14.8033,7518,50786,
12/12/2019,New Forest East,Johnston,Liberal Democrat,FALSE,14.5513,7390,50786,
12/12/2019,New Forest East,Jolly,Green Party,FALSE,4.7927,2434,50786,
12/12/2019,New Forest East,Knight,Animal Welfare Party,FALSE,1.3291,675,50786,
12/12/2019,New Forest West,Swayne,Conservative,FALSE,63.8353,32113,50306,
12/12/2019,New Forest West,Davies,Liberal Democrat,FALSE,15.3262,7710,50306,
12/12/2019,New Forest West,Graham,Labour,FALSE,13.1098,6595,50306,
12/12/2019,New Forest West,Bubb,Green Party,FALSE,7.7287,3888,50306,
12/12/2019,Newport East,Morden,Labour,FALSE,44.4435,16125,36282,
12/12/2019,Newport East,Brown,Conservative,FALSE,38.9532,14133,36282,
12/12/2019,Newport East,Price,The Brexit Party,FALSE,6.7637,2454,36282,
12/12/2019,Newport East,Hamilton,Liberal Democrat,FALSE,5.8459,2121,36282,
12/12/2019,Newport East,Wixcey,Plaid Cymru,FALSE,2.4034,872,36282,
12/12/2019,Newport East,Varley,Green Party,FALSE,1.5903,577,36282,
12/12/2019,Newport West,Jones,Labour,FALSE,43.6926,18977,43433,
12/12/2019,Newport West,Evans,Conservative,FALSE,41.6158,18075,43433,
12/12/2019,Newport West,Jones,Liberal Democrat,FALSE,5.9056,2565,43433,
12/12/2019,Newport West,Edwards,The Brexit Party,FALSE,3.9762,1727,43433,
12/12/2019,Newport West,Clark,Plaid Cymru,FALSE,2.7329,1187,43433,
12/12/2019,Newport West,Womack,Green Party,FALSE,2.0768,902,43433,
12/12/2019,Newry and Armagh,Brady,Sinn Fein,FALSE,39.9516,20287,50779,
12/12/2019,Newry and Armagh,Irwin,Democratic Unionist Party,FALSE,21.6625,11000,50779,
12/12/2019,Newry and Armagh,Byrne,Social Democratic & Labour Party,FALSE,18.6081,9449,50779,
12/12/2019,Newry and Armagh,Coade,Alliance,FALSE,8.2928,4211,50779,
12/12/2019,Newry and Armagh,Nicholson,Ulster Unionist Party,FALSE,8.279,4204,50779,
12/12/2019,Newry and Armagh,Kelly,Aontú,FALSE,3.206,1628,50779,
12/12/2019,Newton Abbot,Morris,Conservative,FALSE,55.5408,29190,52556,
12/12/2019,Newton Abbot,Wrigley,Liberal Democrat,FALSE,22.241,11689,52556,
12/12/2019,Newton Abbot,Osben,Labour,FALSE,17.7506,9329,52556,
12/12/2019,Newton Abbot,Debenham,Green Party,FALSE,2.8693,1508,52556,
12/12/2019,Newton Abbot,Halpin,independent,FALSE,1.5983,840,52556,
12/12/2019,"Normanton, Pontefract and Castleford",Cooper,Labour,FALSE,37.9142,18297,48259,
12/12/2019,"Normanton, Pontefract and Castleford",Lee,Conservative,FALSE,35.2701,17021,48259,
12/12/2019,"Normanton, Pontefract and Castleford",Florence-Jukes,The Brexit Party,FALSE,16.6435,8032,48259,
12/12/2019,"Normanton, Pontefract and Castleford",Gordon,Liberal Democrat,FALSE,6.5211,3147,48259,
12/12/2019,"Normanton, Pontefract and Castleford",Walker,The Yorkshire Party,FALSE,3.6511,1762,48259,
12/12/2019,Northampton North,Ellis,Conservative,FALSE,53.1905,21031,39539,
12/12/2019,Northampton North,Keeble,Labour,FALSE,39.2625,15524,39539,
12/12/2019,Northampton North,Sawyer,Liberal Democrat,FALSE,5.1367,2031,39539,
12/12/2019,Northampton North,Pate,Green Party,FALSE,2.4103,953,39539,
12/12/2019,Northampton South,Lewer,Conservative,FALSE,51.2159,20914,40835,
12/12/2019,Northampton South,Eales,Labour,FALSE,39.7135,16217,40835,
12/12/2019,Northampton South,Hope,Liberal Democrat,FALSE,6.0781,2482,40835,
12/12/2019,Northampton South,Mabbutt,Green Party,FALSE,2.9925,1222,40835,
12/12/2019,North Antrim,Paisley,Democratic Unionist Party,FALSE,47.3542,20860,44051,
12/12/2019,North Antrim,Swann,Ulster Unionist Party,FALSE,18.4763,8139,44051,
12/12/2019,North Antrim,O'Lynn,Alliance,FALSE,14.145,6231,44051,
12/12/2019,North Antrim,McShane,Sinn Fein,FALSE,12.7852,5632,44051,
12/12/2019,North Antrim,McKillop,Social Democratic & Labour Party,FALSE,6.6809,2943,44051,
12/12/2019,North Antrim,Palmer,independent,FALSE,0.5584,246,44051,
12/12/2019,North Ayrshire and Arran,Gibson,Scottish National Party,FALSE,48.5443,23376,48154,
12/12/2019,North Ayrshire and Arran,Rocks,Conservative,FALSE,30.8489,14855,48154,
12/12/2019,North Ayrshire and Arran,Gilmore,Labour,FALSE,13.9178,6702,48154,
12/12/2019,North Ayrshire and Arran,Young,Liberal Democrat,FALSE,4.3755,2107,48154,
12/12/2019,North Ayrshire and Arran,Nairn,Scottish Green Party,FALSE,2.3134,1114,48154,
12/12/2019,North Cornwall,Mann,Conservative,FALSE,59.3502,30671,51678,
12/12/2019,North Cornwall,Chambers,Liberal Democrat,FALSE,30.8042,15919,51678,
12/12/2019,North Cornwall,Bassett,Labour,FALSE,8.7387,4516,51678,
12/12/2019,North Cornwall,Liepins,Liberal,FALSE,1.1069,572,51678,
12/12/2019,North Devon,Saxby,Conservative,FALSE,56.6363,31479,55581,
12/12/2019,North Devon,White,Liberal Democrat,FALSE,29.9851,16666,55581,
12/12/2019,North Devon,O'Neill,Labour,FALSE,9.1704,5097,55581,
12/12/2019,North Devon,Mack,Green Party,FALSE,3.1648,1759,55581,
12/12/2019,North Devon,Cotten,independent,FALSE,1.0435,580,55581,
12/12/2019,North Dorset,Hoare,Conservative,FALSE,63.6373,35705,56107,
12/12/2019,North Dorset,Chadwick,Liberal Democrat,FALSE,20.3254,11404,56107,
12/12/2019,North Dorset,Osborne,Labour,FALSE,12.0074,6737,56107,
12/12/2019,North Dorset,Huggins,Green Party,FALSE,4.0298,2261,56107,
12/12/2019,North Down,Farry,Alliance,FALSE,45.1689,18358,40643,
12/12/2019,North Down,Easton,Democratic Unionist Party,FALSE,37.8663,15390,40643,
12/12/2019,North Down,Chambers,Ulster Unionist Party,FALSE,12.1448,4936,40643,
12/12/2019,North Down,Robinson,Conservative,FALSE,4.82,1959,40643,
12/12/2019,North Durham,Jones,Labour,FALSE,44.1735,18639,42195,
12/12/2019,North Durham,Parson,Conservative,FALSE,32.9352,13897,42195,
12/12/2019,North Durham,Telford,The Brexit Party,FALSE,11.1222,4693,42195,
12/12/2019,North Durham,Martin,Liberal Democrat,FALSE,6.8231,2879,42195,
12/12/2019,North Durham,Morse,Green Party,FALSE,2.6686,1126,42195,
12/12/2019,North Durham,Rollings,independent,FALSE,2.2775,961,42195,
12/12/2019,North East Bedfordshire,Fuller,Conservative,FALSE,59.1267,38443,65018,
12/12/2019,North East Bedfordshire,Vaughan,Labour,FALSE,21.7786,14160,65018,
12/12/2019,North East Bedfordshire,Norton,Liberal Democrat,FALSE,12.3027,7999,65018,
12/12/2019,North East Bedfordshire,Zerny,independent,FALSE,3.8835,2525,65018,
12/12/2019,North East Bedfordshire,Fleming,Green Party,FALSE,2.9084,1891,65018,
12/12/2019,North East Cambridgeshire,Barclay,Conservative,FALSE,72.5455,38423,52964,
12/12/2019,North East Cambridgeshire,Boyd,Labour,FALSE,15.9165,8430,52964,
12/12/2019,North East Cambridgeshire,Moss-Eccardt,Liberal Democrat,FALSE,8.1149,4298,52964,
12/12/2019,North East Cambridgeshire,Johnson,Green Party,FALSE,3.4231,1813,52964,
12/12/2019,North East Derbyshire,Rowley,Conservative,FALSE,58.7135,28897,49217,
12/12/2019,North East Derbyshire,Peace,Labour,FALSE,32.5518,16021,49217,
12/12/2019,North East Derbyshire,Shipman,Liberal Democrat,FALSE,6.1381,3021,49217,
12/12/2019,North East Derbyshire,Adlington-Stringer,Green Party,FALSE,2.5967,1278,49217,
12/12/2019,North East Fife,Chamberlain,Liberal Democrat,FALSE,43.0773,19763,45878,
12/12/2019,North East Fife,Gethins,Scottish National Party,FALSE,40.2088,18447,45878,
12/12/2019,North East Fife,Miklinski,Conservative,FALSE,12.9932,5961,45878,
12/12/2019,North East Fife,Haynes,Labour,FALSE,3.7207,1707,45878,
12/12/2019,North East Hampshire,Jayawardena,Conservative,FALSE,59.5242,35280,59270,
12/12/2019,North East Hampshire,Cockarill,Liberal Democrat,FALSE,25.4243,15069,59270,
12/12/2019,North East Hampshire,Jones,Labour,FALSE,9.7182,5760,59270,
12/12/2019,North East Hampshire,Walsh,Green Party,FALSE,2.9593,1754,59270,
12/12/2019,North East Hampshire,Durrant,independent,FALSE,1.4021,831,59270,
12/12/2019,North East Hampshire,Hope,Official Monster Raving Loony Party,FALSE,0.9718,576,59270,
12/12/2019,North East Hertfordshire,Heald,Conservative,FALSE,56.5601,31293,55327,
12/12/2019,North East Hertfordshire,Green,Labour,FALSE,23.6846,13104,55327,
12/12/2019,North East Hertfordshire,Finch,Liberal Democrat,FALSE,15.4771,8563,55327,
12/12/2019,North East Hertfordshire,Lee,Green Party,FALSE,4.2782,2367,55327,
12/12/2019,North East Somerset,Rees-Mogg,Conservative,FALSE,50.3658,28360,56308,
12/12/2019,North East Somerset,Huband,Labour,FALSE,24.2079,13631,56308,
12/12/2019,North East Somerset,Coates,Liberal Democrat,FALSE,22.0608,12422,56308,
12/12/2019,North East Somerset,Whitfield,Green Party,FALSE,2.5272,1423,56308,
12/12/2019,North East Somerset,Hughes,independent,FALSE,0.8382,472,56308,
12/12/2019,North Herefordshire,Wiggin,Conservative,FALSE,63.0141,32158,51033,
12/12/2019,North Herefordshire,Howells,Liberal Democrat,FALSE,14.3084,7302,51033,
12/12/2019,North Herefordshire,Wood,Labour,FALSE,13.3325,6804,51033,
12/12/2019,North Herefordshire,Chowns,Green Party,FALSE,9.3449,4769,51033,
12/12/2019,North Norfolk,Baker,Conservative,FALSE,58.6191,29792,50823,
12/12/2019,North Norfolk,Ward,Liberal Democrat,FALSE,30.2953,15397,50823,
12/12/2019,North Norfolk,Corlett,Labour,FALSE,7.6639,3895,50823,
12/12/2019,North Norfolk,Gwynne,The Brexit Party,FALSE,3.4217,1739,50823,
12/12/2019,North Shropshire,Paterson,Conservative,FALSE,62.7183,35444,56513,
12/12/2019,North Shropshire,Currie,Labour,FALSE,22.11,12495,56513,
12/12/2019,North Shropshire,Morgan,Liberal Democrat,FALSE,9.9853,5643,56513,
12/12/2019,North Shropshire,Adams,Green Party,FALSE,3.1674,1790,56513,
12/12/2019,North Shropshire,Jones,Shropshire Party,FALSE,2.019,1141,56513,
12/12/2019,North Somerset,Fox,Conservative,FALSE,52.8579,32801,62055,
12/12/2019,North Somerset,Young,Labour,FALSE,24.5991,15265,62055,
12/12/2019,North Somerset,Cartman,Liberal Democrat,FALSE,17.8084,11051,62055,
12/12/2019,North Somerset,Neve,Green Party,FALSE,4.7345,2938,62055,
12/12/2019,North Swindon,Tomlinson,Conservative,FALSE,59.12,32584,55115,
12/12/2019,North Swindon,Linnegar,Labour,FALSE,29.7796,16413,55115,
12/12/2019,North Swindon,Critchlow,Liberal Democrat,FALSE,7.9978,4408,55115,
12/12/2019,North Swindon,Bentley,Green Party,FALSE,3.1026,1710,55115,
12/12/2019,North Thanet,Gale,Conservative,FALSE,62.4061,30066,48178,
12/12/2019,North Thanet,Jones,Labour,FALSE,26.728,12877,48178,
12/12/2019,North Thanet,Curwen,Liberal Democrat,FALSE,7.1381,3439,48178,
12/12/2019,North Thanet,Edwards,Green Party,FALSE,3.7278,1796,48178,
12/12/2019,North Tyneside,Glindon,Labour,FALSE,49.6758,25051,50429,
12/12/2019,North Tyneside,Carroll,Conservative,FALSE,30.7165,15490,50429,
12/12/2019,North Tyneside,Husband,The Brexit Party,FALSE,10.4186,5254,50429,
12/12/2019,North Tyneside,Boyle,Liberal Democrat,FALSE,6.4269,3241,50429,
12/12/2019,North Tyneside,Buttery,Green Party,FALSE,2.7623,1393,50429,
12/12/2019,North Warwickshire,Tracey,Conservative,FALSE,65.8819,30249,45914,
12/12/2019,North Warwickshire,Breeze,Labour,FALSE,26.774,12293,45914,
12/12/2019,North Warwickshire,Whelan,Liberal Democrat,FALSE,4.5063,2069,45914,
12/12/2019,North Warwickshire,Platt,Green Party,FALSE,2.8379,1303,45914,
12/12/2019,North West Cambridgeshire,Vara,Conservative,FALSE,62.4595,40307,64533,
12/12/2019,North West Cambridgeshire,Cordiner-Achenbach,Labour,FALSE,22.1964,14324,64533,
12/12/2019,North West Cambridgeshire,Smith,Liberal Democrat,FALSE,10.6628,6881,64533,
12/12/2019,North West Cambridgeshire,Day,Green Party,FALSE,4.6813,3021,64533,
12/12/2019,North West Durham,Holden,Conservative,FALSE,41.9403,19990,47663,
12/12/2019,North West Durham,Pidcock,Labour,FALSE,39.5401,18846,47663,
12/12/2019,North West Durham,Wolstenholme,The Brexit Party,FALSE,6.6991,3193,47663,
12/12/2019,North West Durham,Peacock,Liberal Democrat,FALSE,5.9396,2831,47663,
12/12/2019,North West Durham,Stelling,independent,FALSE,2.5512,1216,47663,
12/12/2019,North West Durham,Sewell,Green Party,FALSE,2.461,1173,47663,
12/12/2019,North West Durham,Lindsay,independent,FALSE,0.8686,414,47663,
12/12/2019,North West Hampshire,Malthouse,Conservative,FALSE,62.105,36591,58918,
12/12/2019,North West Hampshire,Gregori,Liberal Democrat,FALSE,17.4531,10283,58918,
12/12/2019,North West Hampshire,Bell,Labour,FALSE,15.8305,9327,58918,
12/12/2019,North West Hampshire,Mitchell,Green Party,FALSE,4.6115,2717,58918,
12/12/2019,North West Leicestershire,Bridgen,Conservative,FALSE,62.8212,33811,53821,
12/12/2019,North West Leicestershire,Eynon,Labour,FALSE,24.9178,13411,53821,
12/12/2019,North West Leicestershire,Hudson,Liberal Democrat,FALSE,6.7149,3614,53821,
12/12/2019,North West Leicestershire,Benfield,Green Party,FALSE,4.6042,2478,53821,
12/12/2019,North West Leicestershire,Nudd,independent,FALSE,0.6819,367,53821,
12/12/2019,North West Leicestershire,Liddicott,Libertarian Party,FALSE,0.2601,140,53821,
12/12/2019,North West Norfolk,Wild,Conservative,FALSE,65.7204,30627,46602,
12/12/2019,North West Norfolk,Rust,Labour,FALSE,22.9711,10705,46602,
12/12/2019,North West Norfolk,Colwell,Liberal Democrat,FALSE,7.7786,3625,46602,
12/12/2019,North West Norfolk,De Whalley,Green Party,FALSE,3.5299,1645,46602,
12/12/2019,North Wiltshire,Gray,Conservative,FALSE,59.1201,32373,54758,
12/12/2019,North Wiltshire,Mathew,Liberal Democrat,FALSE,26.9312,14747,54758,
12/12/2019,North Wiltshire,Fisher,Labour,FALSE,10.4076,5699,54758,
12/12/2019,North Wiltshire,Jackson,Green Party,FALSE,3.541,1939,54758,
12/12/2019,Norwich North,Smith,Conservative,FALSE,50.5499,23397,46285,
12/12/2019,Norwich North,Davis,Labour,FALSE,40.3133,18659,46285,
12/12/2019,Norwich North,Thomas,Liberal Democrat,FALSE,5.7535,2663,46285,
12/12/2019,Norwich North,Holmes,Green Party,FALSE,2.329,1078,46285,
12/12/2019,Norwich North,Moreland,UK Independence Party,FALSE,1.0543,488,46285,
12/12/2019,Norwich South,Lewis,Labour,FALSE,53.7341,27766,51673,
12/12/2019,Norwich South,Spencer,Conservative,FALSE,29.0403,15006,51673,
12/12/2019,Norwich South,Wright,Liberal Democrat,FALSE,9.2427,4776,51673,
12/12/2019,Norwich South,Rowett,Green Party,FALSE,4.7781,2469,51673,
12/12/2019,Norwich South,Gilchrist,The Brexit Party,FALSE,3.2048,1656,51673,
12/12/2019,Nottingham East,Whittome,Labour,FALSE,64.3311,25735,40004,
12/12/2019,Nottingham East,Stapleton,Conservative,FALSE,20.8529,8342,40004,
12/12/2019,Nottingham East,Swift,Liberal Democrat,FALSE,4.8845,1954,40004,
12/12/2019,Nottingham East,Leslie,The Independent Group for Change,FALSE,3.6171,1447,40004,
12/12/2019,Nottingham East,Smith,The Brexit Party,FALSE,3.3572,1343,40004,
12/12/2019,Nottingham East,Vacciana,Green Party,FALSE,2.9572,1183,40004,
12/12/2019,Nottingham North,Norris,Labour,FALSE,49.0855,17337,35320,
12/12/2019,Nottingham North,Bestwick,Conservative,FALSE,36.3732,12847,35320,
12/12/2019,Nottingham North,Carter,The Brexit Party,FALSE,7.6048,2686,35320,
12/12/2019,Nottingham North,Morgan-Danvers,Liberal Democrat,FALSE,4.479,1582,35320,
12/12/2019,Nottingham North,Jones,Green Party,FALSE,2.4575,868,35320,
12/12/2019,Nottingham South,Greenwood,Labour,FALSE,55.2333,26586,48134,
12/12/2019,Nottingham South,Nykolyszyn,Conservative,FALSE,29.1229,14018,48134,
12/12/2019,Nottingham South,Holliday,Liberal Democrat,FALSE,8.1751,3935,48134,
12/12/2019,Nottingham South,Lawson,The Brexit Party,FALSE,4.18,2012,48134,
12/12/2019,Nottingham South,Sutherland,Green Party,FALSE,3.2887,1583,48134,
12/12/2019,Nuneaton,Jones,Conservative,FALSE,60.6108,27390,45190,
12/12/2019,Nuneaton,Mayou,Labour,FALSE,31.5247,14246,45190,
12/12/2019,Nuneaton,Brighton-Knight,Liberal Democrat,FALSE,4.1204,1862,45190,
12/12/2019,Nuneaton,Kondakor,Green Party,FALSE,3.7442,1692,45190,
12/12/2019,Ochil and South Perthshire,Nicolson,Scottish National Party,FALSE,46.4982,26882,57813,
12/12/2019,Ochil and South Perthshire,Graham,Conservative,FALSE,38.7179,22384,57813,
12/12/2019,Ochil and South Perthshire,Robertson,Labour,FALSE,8.5811,4961,57813,
12/12/2019,Ochil and South Perthshire,Stefanov,Liberal Democrat,FALSE,5.542,3204,57813,
12/12/2019,Ochil and South Perthshire,Martin,UK Independence Party,FALSE,0.6608,382,57813,
12/12/2019,Ogmore,Elmore,Labour,FALSE,49.7372,17602,35390,
12/12/2019,Ogmore,Vidal,Conservative,FALSE,27.683,9797,35390,
12/12/2019,Ogmore,Roach,The Brexit Party,FALSE,8.4515,2991,35390,
12/12/2019,Ogmore,Fletcher,Plaid Cymru,FALSE,8.2481,2919,35390,
12/12/2019,Ogmore,Davies,Liberal Democrat,FALSE,4.1255,1460,35390,
12/12/2019,Ogmore,Muller,Green Party,FALSE,1.7547,621,35390,
12/12/2019,Old Bexley and Sidcup,Brokenshire,Conservative,FALSE,64.5487,29786,46145,
12/12/2019,Old Bexley and Sidcup,Tingle,Labour,FALSE,23.4782,10834,46145,
12/12/2019,Old Bexley and Sidcup,Reynolds,Liberal Democrat,FALSE,8.2826,3822,46145,
12/12/2019,Old Bexley and Sidcup,Browne,Green Party,FALSE,3.2008,1477,46145,
12/12/2019,Old Bexley and Sidcup,Valinejad,Christian Peoples Alliance,FALSE,0.4898,226,46145,
12/12/2019,Oldham East and Saddleworth,Abrahams,Labour,FALSE,43.5144,20088,46164,
12/12/2019,Oldham East and Saddleworth,Lord,Conservative,FALSE,40.2673,18589,46164,
12/12/2019,Oldham East and Saddleworth,Brierley,The Brexit Party,FALSE,6.4552,2980,46164,
12/12/2019,Oldham East and Saddleworth,Al-Hamdani,Liberal Democrat,FALSE,5.2487,2423,46164,
12/12/2019,Oldham East and Saddleworth,Errock,Proud of Oldham & Saddleworth,FALSE,2.3243,1073,46164,
12/12/2019,Oldham East and Saddleworth,Olsen,Green Party,FALSE,1.6853,778,46164,
12/12/2019,Oldham East and Saddleworth,Lindo,independent,FALSE,0.5047,233,46164,
12/12/2019,Oldham West and Royton,McMahon,Labour,FALSE,55.3157,24579,44434,
12/12/2019,Oldham West and Royton,Finlayson,Conservative,FALSE,30.2741,13452,44434,
12/12/2019,Oldham West and Royton,Formby,The Brexit Party,FALSE,7.4628,3316,44434,
12/12/2019,Oldham West and Royton,Harkness,Liberal Democrat,FALSE,3.3398,1484,44434,
12/12/2019,Oldham West and Royton,Jerrome,Green Party,FALSE,1.5326,681,44434,
12/12/2019,Oldham West and Royton,Cole,Proud of Oldham & Saddleworth,FALSE,1.1995,533,44434,
12/12/2019,Oldham West and Royton,Prince,UK Independence Party,FALSE,0.8755,389,44434,
12/12/2019,Orkney and Shetland,Carmichael,Liberal Democrat,FALSE,44.823,10381,23160,
12/12/2019,Orkney and Shetland,Leslie,Scottish National Party,FALSE,33.9983,7874,23160,
12/12/2019,Orkney and Shetland,Fairbairn,Conservative,FALSE,9.8748,2287,23160,
12/12/2019,Orkney and Shetland,Drake,Labour,FALSE,6.6926,1550,23160,
12/12/2019,Orkney and Shetland,Smith,The Brexit Party,FALSE,3.886,900,23160,
12/12/2019,Orkney and Shetland,Barnard,independent,FALSE,0.7254,168,23160,
12/12/2019,Orpington,Bacon,Conservative,FALSE,63.3854,30882,48721,
12/12/2019,Orpington,Jeal,Labour,FALSE,17.4545,8504,48721,
12/12/2019,Orpington,Tweddle,Liberal Democrat,FALSE,15.5005,7552,48721,
12/12/2019,Orpington,Wheller,Green Party,FALSE,3.6596,1783,48721,
12/12/2019,Oxford East,Dodds,Labour,FALSE,57.0007,28135,49359,
12/12/2019,Oxford East,Staite,Conservative,FALSE,20.8736,10303,49359,
12/12/2019,Oxford East,Fernie,Liberal Democrat,FALSE,13.9468,6884,49359,
12/12/2019,Oxford East,Williams,Green Party,FALSE,4.8461,2392,49359,
12/12/2019,Oxford East,Carter,The Brexit Party,FALSE,2.3218,1146,49359,
12/12/2019,Oxford East,Henwood,independent,FALSE,0.4822,238,49359,
12/12/2019,Oxford East,Artwell,independent,FALSE,0.2897,143,49359,
12/12/2019,Oxford East,Taylor,independent,FALSE,0.2391,118,49359,
12/12/2019,Oxford West and Abingdon,Moran,Liberal Democrat,FALSE,53.2776,31340,58824,
12/12/2019,Oxford West and Abingdon,Fredrickson,Conservative,FALSE,38.0746,22397,58824,
12/12/2019,Oxford West and Abingdon,Sourbut,Labour,FALSE,7.2385,4258,58824,
12/12/2019,Oxford West and Abingdon,Wild,The Brexit Party,FALSE,1.4093,829,58824,
12/12/2019,Paisley and Renfrewshire North,Newlands,Scottish National Party,FALSE,47.005,23353,49682,
12/12/2019,Paisley and Renfrewshire North,Taylor,Labour,FALSE,23.0486,11451,49682,
12/12/2019,Paisley and Renfrewshire North,Pirone,Conservative,FALSE,22.5776,11217,49682,
12/12/2019,Paisley and Renfrewshire North,Stalker,Liberal Democrat,FALSE,7.3689,3661,49682,
12/12/2019,Paisley and Renfrewshire South,Black,Scottish National Party,FALSE,50.2205,21637,43084,
12/12/2019,Paisley and Renfrewshire South,Ramage,Labour,FALSE,25.434,10958,43084,
12/12/2019,Paisley and Renfrewshire South,Dougan,Conservative,FALSE,17.5726,7571,43084,
12/12/2019,Paisley and Renfrewshire South,Clark,Liberal Democrat,FALSE,6.7728,2918,43084,
12/12/2019,Pendle,Stephenson,Conservative,FALSE,54.152,24076,44460,
12/12/2019,Pendle,Ali,Labour,FALSE,40.2384,17890,44460,
12/12/2019,Pendle,Lishman,Liberal Democrat,FALSE,3.4818,1548,44460,
12/12/2019,Pendle,Hales,Green Party,FALSE,1.525,678,44460,
12/12/2019,Pendle,Richardson,independent,FALSE,0.6028,268,44460,
12/12/2019,Penistone and Stocksbridge,Cates,Conservative,FALSE,47.8352,23688,49520,
12/12/2019,Penistone and Stocksbridge,Johnson,Labour,FALSE,33.2754,16478,49520,
12/12/2019,Penistone and Stocksbridge,Kitching,Liberal Democrat,FALSE,10.206,5054,49520,
12/12/2019,Penistone and Stocksbridge,Booker,The Brexit Party,FALSE,8.6834,4300,49520,
12/12/2019,Penrith and The Border,Hudson,Conservative,FALSE,60.3776,28875,47824,
12/12/2019,Penrith and The Border,Williams,Labour,FALSE,21.6544,10356,47824,
12/12/2019,Penrith and The Border,Severn,Liberal Democrat,FALSE,11.2161,5364,47824,
12/12/2019,Penrith and The Border,Ross,Green Party,FALSE,4.5145,2159,47824,
12/12/2019,Penrith and The Border,Davies,Cumbria First,FALSE,2.2374,1070,47824,
12/12/2019,Perth and North Perthshire,Wishart,Scottish National Party,FALSE,50.5992,27362,54076,
12/12/2019,Perth and North Perthshire,Forbes,Conservative,FALSE,36.6373,19812,54076,
12/12/2019,Perth and North Perthshire,Barrett,Liberal Democrat,FALSE,6.9902,3780,54076,
12/12/2019,Perth and North Perthshire,Bretherton,Labour,FALSE,4.5695,2471,54076,
12/12/2019,Perth and North Perthshire,Powell,The Brexit Party,FALSE,1.2039,651,54076,
12/12/2019,Peterborough,Bristow,Conservative,FALSE,46.7229,22334,47801,
12/12/2019,Peterborough,Forbes,Labour,FALSE,41.3255,19754,47801,
12/12/2019,Peterborough,Sellick,Liberal Democrat,FALSE,4.8827,2334,47801,
12/12/2019,Peterborough,Greene,The Brexit Party,FALSE,4.4497,2127,47801,
12/12/2019,Peterborough,Wells,Green Party,FALSE,1.523,728,47801,
12/12/2019,Peterborough,Ferguson,independent,FALSE,0.5439,260,47801,
12/12/2019,Peterborough,Rogers,Christian Peoples Alliance,FALSE,0.3159,151,47801,
12/12/2019,Peterborough,Mr P,Official Monster Raving Loony Party,FALSE,0.2364,113,47801,
12/12/2019,"Plymouth, Moor View",Mercer,Conservative,FALSE,60.6501,26831,44239,
12/12/2019,"Plymouth, Moor View",Holloway,Labour,FALSE,31.4971,13934,44239,
12/12/2019,"Plymouth, Moor View",Martin,Liberal Democrat,FALSE,5.2013,2301,44239,
12/12/2019,"Plymouth, Moor View",Melling Flavell,Green Party,FALSE,2.6515,1173,44239,
12/12/2019,"Plymouth, Sutton and Devonport",Pollard,Labour,FALSE,47.8806,25461,53176,
12/12/2019,"Plymouth, Sutton and Devonport",Smith,Conservative,FALSE,38.9349,20704,53176,
12/12/2019,"Plymouth, Sutton and Devonport",Widdecombe,The Brexit Party,FALSE,5.4705,2909,53176,
12/12/2019,"Plymouth, Sutton and Devonport",Reed,Liberal Democrat,FALSE,4.786,2545,53176,
12/12/2019,"Plymouth, Sutton and Devonport",Ellwood,Green Party,FALSE,2.928,1557,53176,
12/12/2019,Pontypridd,Davies-Jones,Labour,FALSE,44.4982,17381,39060,
12/12/2019,Pontypridd,Trask,Conservative,FALSE,29.4265,11494,39060,
12/12/2019,Pontypridd,Elin,Plaid Cymru,FALSE,12.7752,4990,39060,
12/12/2019,Pontypridd,Bayliss,The Brexit Party,FALSE,7.468,2917,39060,
12/12/2019,Pontypridd,Powell,independent,FALSE,4.5878,1792,39060,
12/12/2019,Pontypridd,Prior,independent,FALSE,0.8628,337,39060,
12/12/2019,Pontypridd,Bishop,independent,FALSE,0.3815,149,39060,
12/12/2019,Poole,Syms,Conservative,FALSE,58.6688,29599,50451,
12/12/2019,Poole,Aitkenhead,Labour,FALSE,20.7786,10483,50451,
12/12/2019,Poole,Collins,Liberal Democrat,FALSE,15.4982,7819,50451,
12/12/2019,Poole,Harding-Rathbone,Green Party,FALSE,3.3736,1702,50451,
12/12/2019,Poole,Young,independent,FALSE,1.6808,848,50451,
12/12/2019,Poplar and Limehouse,Begum,Labour,FALSE,63.0916,38660,61276,
12/12/2019,Poplar and Limehouse,Oke,Conservative,FALSE,15.9214,9756,61276,
12/12/2019,Poplar and Limehouse,Cregan,Liberal Democrat,FALSE,14.4135,8832,61276,
12/12/2019,Poplar and Limehouse,Jameson,Green Party,FALSE,3.5234,2159,61276,
12/12/2019,Poplar and Limehouse,Cui,The Brexit Party,FALSE,2.4365,1493,61276,
12/12/2019,Poplar and Limehouse,Erlam,independent,FALSE,0.6136,376,61276,
12/12/2019,Portsmouth North,Mordaunt,Conservative,FALSE,61.3635,28172,45910,
12/12/2019,Portsmouth North,Martin,Labour,FALSE,26.9919,12392,45910,
12/12/2019,Portsmouth North,Harrison,Liberal Democrat,FALSE,7.4472,3419,45910,
12/12/2019,Portsmouth North,Day,Green Party,FALSE,2.8403,1304,45910,
12/12/2019,Portsmouth North,Madgwick,independent,FALSE,1.357,623,45910,
12/12/2019,Portsmouth South,Morgan,Labour,FALSE,48.641,23068,47425,
12/12/2019,Portsmouth South,Jones,Conservative,FALSE,37.3326,17705,47425,
12/12/2019,Portsmouth South,Vernon-Jackson,Liberal Democrat,FALSE,11.4244,5418,47425,
12/12/2019,Portsmouth South,Kennedy,The Brexit Party,FALSE,2.0959,994,47425,
12/12/2019,Portsmouth South,George,The Justice & Anti-Corruption Party,FALSE,0.5061,240,47425,
12/12/2019,Preseli Pembrokeshire,Crabb,Conservative,FALSE,50.4043,21381,42419,
12/12/2019,Preseli Pembrokeshire,Thompson,Labour,FALSE,38.471,16319,42419,
12/12/2019,Preseli Pembrokeshire,Tomos,Plaid Cymru,FALSE,6.5442,2776,42419,
12/12/2019,Preseli Pembrokeshire,Hughes,Liberal Democrat,FALSE,4.5805,1943,42419,
12/12/2019,Preston,Hendrick,Labour,FALSE,61.7638,20870,33790,
12/12/2019,Preston,Scott,Conservative,FALSE,25.8183,8724,33790,
12/12/2019,Preston,Sherratt,The Brexit Party,FALSE,5.3241,1799,33790,
12/12/2019,Preston,Darby,Liberal Democrat,FALSE,5.1406,1737,33790,
12/12/2019,Preston,Welton,Green Party,FALSE,1.9532,660,33790,
12/12/2019,Pudsey,Andrew,Conservative,FALSE,48.7928,26453,54215,
12/12/2019,Pudsey,Aitchison,Labour,FALSE,42.3056,22936,54215,
12/12/2019,Pudsey,Dowling,Liberal Democrat,FALSE,5.6958,3088,54215,
12/12/2019,Pudsey,Daley,Green Party,FALSE,1.649,894,54215,
12/12/2019,Pudsey,Buxton,The Yorkshire Party,FALSE,1.5568,844,54215,
12/12/2019,Putney,Anderson,Labour,FALSE,45.1384,22780,50467,
12/12/2019,Putney,Sweet,Conservative,FALSE,35.6788,18006,50467,
12/12/2019,Putney,Wixley,Liberal Democrat,FALSE,16.9378,8548,50467,
12/12/2019,Putney,McEntee,Green Party,FALSE,2.245,1133,50467,
12/12/2019,Rayleigh and Wickford,Francois,Conservative,FALSE,72.6107,39864,54901,
12/12/2019,Rayleigh and Wickford,Flack,Labour,FALSE,16.1454,8864,54901,
12/12/2019,Rayleigh and Wickford,Tindall,Liberal Democrat,FALSE,7.5973,4171,54901,
12/12/2019,Rayleigh and Wickford,Thorogood,Green Party,FALSE,3.6466,2002,54901,
12/12/2019,Reading East,Rodda,Labour,FALSE,48.4674,27102,55918,
12/12/2019,Reading East,Morley,Conservative,FALSE,37.8733,21178,55918,
12/12/2019,Reading East,Shepherd-Dubey,Liberal Democrat,FALSE,9.0043,5035,55918,
12/12/2019,Reading East,McElroy,Green Party,FALSE,2.7701,1549,55918,
12/12/2019,Reading East,Feierstein,The Brexit Party,FALSE,1.5237,852,55918,
12/12/2019,Reading East,Awolola,Christian Peoples Alliance,FALSE,0.3612,202,55918,
12/12/2019,Reading West,Sharma,Conservative,FALSE,48.4065,24393,50392,
12/12/2019,Reading West,Eden,Labour,FALSE,40.2365,20276,50392,
12/12/2019,Reading West,O'Connell,Liberal Democrat,FALSE,8.8506,4460,50392,
12/12/2019,Reading West,Witham,Green Party,FALSE,2.5064,1263,50392,
12/12/2019,Redcar,Young,Conservative,FALSE,46.058,18811,40842,
12/12/2019,Redcar,Turley,Labour,FALSE,37.4223,15284,40842,
12/12/2019,Redcar,Cummins,The Brexit Party,FALSE,7.1373,2915,40842,
12/12/2019,Redcar,King,Liberal Democrat,FALSE,4.941,2018,40842,
12/12/2019,Redcar,Wales,independent,FALSE,3.2393,1323,40842,
12/12/2019,Redcar,McLaughlin,Green Party,FALSE,1.2022,491,40842,
12/12/2019,Redditch,Maclean,Conservative,FALSE,63.3286,27907,44067,
12/12/2019,Redditch,Jenkins,Labour,FALSE,26.9385,11871,44067,
12/12/2019,Redditch,Horton,Liberal Democrat,FALSE,6.5922,2905,44067,
12/12/2019,Redditch,Davies,Green Party,FALSE,3.1407,1384,44067,
12/12/2019,Reigate,Blunt,Conservative,FALSE,53.9262,28665,53156,
12/12/2019,Reigate,Gregory,Labour,FALSE,19.4804,10355,53156,
12/12/2019,Reigate,Vincent,Liberal Democrat,FALSE,19.4146,10320,53156,
12/12/2019,Reigate,Essex,Green Party,FALSE,5.9617,3169,53156,
12/12/2019,Reigate,Searle,UK Independence Party,FALSE,1.2172,647,53156,
12/12/2019,Rhondda,Bryant,Labour,FALSE,54.3654,16115,29642,
12/12/2019,Rhondda,Jarvis,Conservative,FALSE,15.7715,4675,29642,
12/12/2019,Rhondda,Cennard,Plaid Cymru,FALSE,13.7271,4069,29642,
12/12/2019,Rhondda,Watkins,The Brexit Party,FALSE,12.5936,3733,29642,
12/12/2019,Rhondda,Berman,Liberal Democrat,FALSE,2.0646,612,29642,
12/12/2019,Rhondda,Thomas,Green Party,FALSE,1.4776,438,29642,
12/12/2019,Ribble Valley,Evans,Conservative,FALSE,60.3176,33346,55284,
12/12/2019,Ribble Valley,Bridge,Labour,FALSE,26.9644,14907,55284,
12/12/2019,Ribble Valley,Seddon,Liberal Democrat,FALSE,8.639,4776,55284,
12/12/2019,Ribble Valley,Yates,Green Party,FALSE,3.0823,1704,55284,
12/12/2019,Ribble Valley,Johnson,independent,FALSE,0.9967,551,55284,
12/12/2019,Richmond Park,Olney,Liberal Democrat,FALSE,53.1129,34559,65067,
12/12/2019,Richmond Park,Goldsmith,Conservative,FALSE,41.1776,26793,65067,
12/12/2019,Richmond Park,Keen,Labour,FALSE,5.2361,3407,65067,
12/12/2019,Richmond Park,Shah,independent,FALSE,0.3796,247,65067,
12/12/2019,Richmond Park,Usher,independent,FALSE,0.0937,61,65067,
12/12/2019,Richmond Yorks,Sunak,Conservative,FALSE,63.5894,36693,57703,
12/12/2019,Richmond Yorks,Kirkwood,Labour,FALSE,16.4342,9483,57703,
12/12/2019,Richmond Yorks,Knowles,Liberal Democrat,FALSE,12.112,6989,57703,
12/12/2019,Richmond Yorks,Yorke,Green Party,FALSE,4.3325,2500,57703,
12/12/2019,Richmond Yorks,Waterhouse,The Yorkshire Party,FALSE,1.8665,1077,57703,
12/12/2019,Richmond Yorks,Jardine,independent,FALSE,1.6654,961,57703,
12/12/2019,Rochdale,Lloyd,Labour,FALSE,51.5839,24475,47447,
12/12/2019,Rochdale,Shah,Conservative,FALSE,31.2075,14807,47447,
12/12/2019,Rochdale,Green,The Brexit Party,FALSE,8.1501,3867,47447,
12/12/2019,Rochdale,Kelly,Liberal Democrat,FALSE,6.9804,3312,47447,
12/12/2019,Rochdale,Croke,Green Party,FALSE,2.0781,986,47447,
12/12/2019,Rochester and Strood,Tolhurst,Conservative,FALSE,59.9911,31151,51926,
12/12/2019,Rochester and Strood,Murray,Labour,FALSE,27.1136,14079,51926,
12/12/2019,Rochester and Strood,Colley,Liberal Democrat,FALSE,7.1583,3717,51926,
12/12/2019,Rochester and Strood,Hyner,Green Party,FALSE,2.5267,1312,51926,
12/12/2019,Rochester and Strood,Freshwater,UK Independence Party,FALSE,2.0799,1080,51926,
12/12/2019,Rochester and Strood,Spalding,independent,FALSE,1.1305,587,51926,
12/12/2019,Rochford and Southend East,Duddridge,Conservative,FALSE,58.6592,27063,46136,
12/12/2019,Rochford and Southend East,Dalton,Labour,FALSE,32.0292,14777,46136,
12/12/2019,Rochford and Southend East,Miller,Liberal Democrat,FALSE,6.1167,2822,46136,
12/12/2019,Rochford and Southend East,Kumar,independent,FALSE,2.3994,1107,46136,
12/12/2019,Rochford and Southend East,Pilley,Psychedelic Movement,FALSE,0.7955,367,46136,
12/12/2019,Romford,Rosindell,Conservative,FALSE,64.5635,30494,47231,
12/12/2019,Romford,Leatherbarrow,Labour,FALSE,26.6795,12601,47231,
12/12/2019,Romford,Sanderson,Liberal Democrat,FALSE,5.7335,2708,47231,
12/12/2019,Romford,Hughes,Green Party,FALSE,3.0234,1428,47231,
12/12/2019,Romsey and Southampton North,Nokes,Conservative,FALSE,54.2168,27862,51390,
12/12/2019,Romsey and Southampton North,Fletcher,Liberal Democrat,FALSE,33.0609,16990,51390,
12/12/2019,Romsey and Southampton North,Ransom,Labour,FALSE,11.4769,5898,51390,
12/12/2019,Romsey and Southampton North,Bentley,UK Independence Party,FALSE,1.2454,640,51390,
12/12/2019,Rossendale and Darwen,Berry,Conservative,FALSE,56.4704,27570,48822,
12/12/2019,Rossendale and Darwen,Barnes,Labour,FALSE,36.9669,18048,48822,
12/12/2019,Rossendale and Darwen,Valentine,Liberal Democrat,FALSE,4.119,2011,48822,
12/12/2019,Rossendale and Darwen,Hall,Green Party,FALSE,2.4436,1193,48822,
12/12/2019,"Ross, Skye and Lochaber",Blackford,Scottish National Party,FALSE,48.3157,19263,39869,
12/12/2019,"Ross, Skye and Lochaber",Harrow,Liberal Democrat,FALSE,24.6307,9820,39869,
12/12/2019,"Ross, Skye and Lochaber",Berkenheger,Conservative,FALSE,17.3067,6900,39869,
12/12/2019,"Ross, Skye and Lochaber",Erskine,Labour,FALSE,6.1401,2448,39869,
12/12/2019,"Ross, Skye and Lochaber",Brownlie,The Brexit Party,FALSE,1.7808,710,39869,
12/12/2019,"Ross, Skye and Lochaber",Boyd,"Christian Party, Proclaiming Christ's Lordship",FALSE,1.1538,460,39869,
12/12/2019,"Ross, Skye and Lochaber",Lucas,Scottish Family Party,FALSE,0.6722,268,39869,
12/12/2019,Rotherham,Champion,Labour,FALSE,41.334,14736,35651,
12/12/2019,Rotherham,Hickton,Conservative,FALSE,32.5797,11615,35651,
12/12/2019,Rotherham,Hague,The Brexit Party,FALSE,17.1804,6125,35651,
12/12/2019,Rotherham,Carter,Liberal Democrat,FALSE,5.8624,2090,35651,
12/12/2019,Rotherham,Bannan,The Yorkshire Party,FALSE,3.0434,1085,35651,
12/12/2019,Rother Valley,Stafford,Conservative,FALSE,45.1148,21970,48698,
12/12/2019,Rother Valley,Wilson,Labour,FALSE,32.141,15652,48698,
12/12/2019,Rother Valley,Cowles,The Brexit Party,FALSE,12.863,6264,48698,
12/12/2019,Rother Valley,Taylor,Liberal Democrat,FALSE,5.2425,2553,48698,
12/12/2019,Rother Valley,West,Green Party,FALSE,2.5032,1219,48698,
12/12/2019,Rother Valley,Short,independent,FALSE,2.1356,1040,48698,
12/12/2019,Rugby,Pawsey,Conservative,FALSE,57.5727,29255,50814,
12/12/2019,Rugby,Bannigan,Labour,FALSE,31.1095,15808,50814,
12/12/2019,Rugby,Das-Gupta,Liberal Democrat,FALSE,8.2792,4207,50814,
12/12/2019,Rugby,Stevenson,Green Party,FALSE,3.0385,1544,50814,
12/12/2019,"Ruislip, Northwood and Pinner",Simmonds,Conservative,FALSE,55.5553,29391,52904,
12/12/2019,"Ruislip, Northwood and Pinner",Assad,Labour,FALSE,24.5671,12997,52904,
12/12/2019,"Ruislip, Northwood and Pinner",Banks,Liberal Democrat,FALSE,15.0953,7986,52904,
12/12/2019,"Ruislip, Northwood and Pinner",Green,Green Party,FALSE,3.1113,1646,52904,
12/12/2019,"Ruislip, Northwood and Pinner",Amin,Animal Welfare Party,FALSE,0.6143,325,52904,
12/12/2019,"Ruislip, Northwood and Pinner",Blackwell,independent,FALSE,0.5576,295,52904,
12/12/2019,"Ruislip, Northwood and Pinner",Wilson,independent,FALSE,0.499,264,52904,
12/12/2019,Runnymede and Weybridge,Spencer,Conservative,FALSE,54.9119,29262,53289,
12/12/2019,Runnymede and Weybridge,King,Labour,FALSE,20.6271,10992,53289,
12/12/2019,Runnymede and Weybridge,O'Carroll,Liberal Democrat,FALSE,17.3319,9236,53289,
12/12/2019,Runnymede and Weybridge,Smith,Green Party,FALSE,3.5204,1876,53289,
12/12/2019,Runnymede and Weybridge,Mackay,independent,FALSE,1.4581,777,53289,
12/12/2019,Runnymede and Weybridge,Rowland,independent,FALSE,1.2573,670,53289,
12/12/2019,Runnymede and Weybridge,Wood,UK Independence Party,FALSE,0.8932,476,53289,
12/12/2019,Rushcliffe,Edwards,Conservative,FALSE,47.5415,28765,60505,
12/12/2019,Rushcliffe,Pidgeon,Labour,FALSE,34.9095,21122,60505,
12/12/2019,Rushcliffe,Billin,Liberal Democrat,FALSE,15.8665,9600,60505,
12/12/2019,Rushcliffe,Faithfull,UK Independence Party,FALSE,0.9768,591,60505,
12/12/2019,Rushcliffe,Kirby,independent,FALSE,0.7057,427,60505,
12/12/2019,Rutherglen and Hamilton West,Ferrier,Scottish National Party,FALSE,44.1964,23775,53794,
12/12/2019,Rutherglen and Hamilton West,Killen,Labour,FALSE,34.4741,18545,53794,
12/12/2019,Rutherglen and Hamilton West,Nailon,Conservative,FALSE,14.9719,8054,53794,
12/12/2019,Rutherglen and Hamilton West,McGeever,Liberal Democrat,FALSE,5.1883,2791,53794,
12/12/2019,Rutherglen and Hamilton West,Mackay,UK Independence Party,FALSE,1.1693,629,53794,
12/12/2019,Rutland and Melton,Kearns,Conservative,FALSE,62.6085,36507,58310,
12/12/2019,Rutland and Melton,Thomas,Labour,FALSE,16.4346,9583,58310,
12/12/2019,Rutland and Melton,Weaver,Liberal Democrat,FALSE,13.6683,7970,58310,
12/12/2019,Rutland and Melton,McQuillan,Green Party,FALSE,4.9305,2875,58310,
12/12/2019,Rutland and Melton,King,UK Independence Party,FALSE,1.5726,917,58310,
12/12/2019,Rutland and Melton,Watchorn,independent,FALSE,0.7855,458,58310,
12/12/2019,Saffron Walden,Badenoch,Conservative,FALSE,62.9522,39714,63086,
12/12/2019,Saffron Walden,Hibbs,Liberal Democrat,FALSE,19.2119,12120,63086,
12/12/2019,Saffron Walden,Van de Bilt,Labour,FALSE,13.1646,8305,63086,
12/12/2019,Saffron Walden,Wing,Green Party,FALSE,4.6714,2947,63086,
12/12/2019,Salford and Eccles,Long-Bailey,Labour,FALSE,56.7921,28755,50632,
12/12/2019,Salford and Eccles,Choudhary,Conservative,FALSE,24.5457,12428,50632,
12/12/2019,Salford and Eccles,Mickler,The Brexit Party,FALSE,8.4729,4290,50632,
12/12/2019,Salford and Eccles,Overend,Liberal Democrat,FALSE,6.1206,3099,50632,
12/12/2019,Salford and Eccles,Blears,Green Party,FALSE,4.0686,2060,50632,
12/12/2019,Salisbury,Glen,Conservative,FALSE,56.3559,30280,53730,
12/12/2019,Salisbury,Charleston,Liberal Democrat,FALSE,19.624,10544,53730,
12/12/2019,Salisbury,Corbin,Labour,FALSE,18.0067,9675,53730,
12/12/2019,Salisbury,Page,Green Party,FALSE,4.6268,2486,53730,
12/12/2019,Salisbury,Pendragon,independent,FALSE,1.3866,745,53730,
12/12/2019,Scarborough and Whitby,Goodwill,Conservative,FALSE,55.4923,27593,49724,
12/12/2019,Scarborough and Whitby,Fearnley,Labour,FALSE,34.8383,17323,49724,
12/12/2019,Scarborough and Whitby,Lockwood,Liberal Democrat,FALSE,6.1097,3038,49724,
12/12/2019,Scarborough and Whitby,Derrick,The Yorkshire Party,FALSE,3.5596,1770,49724,
12/12/2019,Scunthorpe,Mumby-Croft,Conservative,FALSE,53.7907,20306,37750,
12/12/2019,Scunthorpe,Dakin,Labour,FALSE,36.702,13855,37750,
12/12/2019,Scunthorpe,Gorman,The Brexit Party,FALSE,5.4146,2044,37750,
12/12/2019,Scunthorpe,Downes,Liberal Democrat,FALSE,2.3179,875,37750,
12/12/2019,Scunthorpe,Dennington,Green Party,FALSE,1.7748,670,37750,
12/12/2019,Sedgefield,Howell,Conservative,FALSE,47.1756,19609,41566,
12/12/2019,Sedgefield,Wilson,Labour,FALSE,36.3181,15096,41566,
12/12/2019,Sedgefield,Bull,The Brexit Party,FALSE,8.4636,3518,41566,
12/12/2019,Sedgefield,Welsh,Liberal Democrat,FALSE,4.7034,1955,41566,
12/12/2019,Sedgefield,Furness,Green Party,FALSE,2.3914,994,41566,
12/12/2019,Sedgefield,Joyce,independent,FALSE,0.9479,394,41566,
12/12/2019,Sefton Central,Esterson,Labour,FALSE,57.4961,29254,50880,
12/12/2019,Sefton Central,Mughal,Conservative,FALSE,27.7752,14132,50880,
12/12/2019,Sefton Central,Cawdron,Liberal Democrat,FALSE,6.6549,3386,50880,
12/12/2019,Sefton Central,Lomas,The Brexit Party,FALSE,4.7661,2425,50880,
12/12/2019,Sefton Central,Gibbon,Green Party,FALSE,2.4784,1261,50880,
12/12/2019,Sefton Central,Preston,Liberal,FALSE,0.5601,285,50880,
12/12/2019,Sefton Central,Burns,Renew,FALSE,0.2693,137,50880,
12/12/2019,Selby and Ainsty,Adams,Conservative,FALSE,60.2556,33995,56418,
12/12/2019,Selby and Ainsty,Rofidi,Labour,FALSE,24.5631,13858,56418,
12/12/2019,Selby and Ainsty,Macy,Liberal Democrat,FALSE,8.5824,4842,56418,
12/12/2019,Selby and Ainsty,Jordan,The Yorkshire Party,FALSE,3.3677,1900,56418,
12/12/2019,Selby and Ainsty,Warneken,Green Party,FALSE,3.2312,1823,56418,
12/12/2019,Sevenoaks,Trott,Conservative,FALSE,60.7034,30932,50956,
12/12/2019,Sevenoaks,Willis,Liberal Democrat,FALSE,19.8485,10114,50956,
12/12/2019,Sevenoaks,McCauley,Labour,FALSE,13.6314,6946,50956,
12/12/2019,Sevenoaks,Wharton,Green Party,FALSE,3.8739,1974,50956,
12/12/2019,Sevenoaks,Furse,independent,FALSE,1.3639,695,50956,
12/12/2019,Sevenoaks,Finch,Libertarian Party,FALSE,0.5789,295,50956,
12/12/2019,"Sheffield, Brightside and Hillsborough",Furniss,Labour,FALSE,56.4874,22369,39600,
12/12/2019,"Sheffield, Brightside and Hillsborough",Westropp,Conservative,FALSE,25.4924,10095,39600,
12/12/2019,"Sheffield, Brightside and Hillsborough",Johnson,The Brexit Party,FALSE,9.7348,3855,39600,
12/12/2019,"Sheffield, Brightside and Hillsborough",Porter,Liberal Democrat,FALSE,3.8308,1517,39600,
12/12/2019,"Sheffield, Brightside and Hillsborough",Gilligan Kubo,Green Party,FALSE,2.9773,1179,39600,
12/12/2019,"Sheffield, Brightside and Hillsborough",Harper,UK Independence Party,FALSE,1.4773,585,39600,
12/12/2019,Sheffield Central,Blomfield,Labour,FALSE,66.7177,33968,50913,
12/12/2019,Sheffield Central,Silvester-Hall,Conservative,FALSE,13.1499,6695,50913,
12/12/2019,Sheffield Central,Teal,Green Party,FALSE,8.9761,4570,50913,
12/12/2019,Sheffield Central,Ross,Liberal Democrat,FALSE,6.3579,3237,50913,
12/12/2019,Sheffield Central,Ward,The Brexit Party,FALSE,3.8674,1969,50913,
12/12/2019,Sheffield Central,Carrington,The Yorkshire Party,FALSE,0.8171,416,50913,
12/12/2019,Sheffield Central,James,independent,FALSE,0.0589,30,50913,
12/12/2019,Sheffield Central,Marsden,Socialist Equality Party,FALSE,0.055,28,50913,
12/12/2019,"Sheffield, Hallam",Blake,Labour,FALSE,34.6471,19709,56885,
12/12/2019,"Sheffield, Hallam",Gordon,Liberal Democrat,FALSE,33.3954,18997,56885,
12/12/2019,"Sheffield, Hallam",Walker,Conservative,FALSE,25.8346,14696,56885,
12/12/2019,"Sheffield, Hallam",Thomas,Green Party,FALSE,2.8654,1630,56885,
12/12/2019,"Sheffield, Hallam",McHale,The Brexit Party,FALSE,2.7459,1562,56885,
12/12/2019,"Sheffield, Hallam",Virgo,UK Independence Party,FALSE,0.2953,168,56885,
12/12/2019,"Sheffield, Hallam",Aspden,independent,FALSE,0.2162,123,56885,
12/12/2019,"Sheffield, Heeley",Haigh,Labour,FALSE,50.2986,21475,42695,
12/12/2019,"Sheffield, Heeley",Gregory,Conservative,FALSE,30.3431,12955,42695,
12/12/2019,"Sheffield, Heeley",Knowles,The Brexit Party,FALSE,8.2867,3538,42695,
12/12/2019,"Sheffield, Heeley",Clement-Jones,Liberal Democrat,FALSE,6.8298,2916,42695,
12/12/2019,"Sheffield, Heeley",Turpin,Green Party,FALSE,4.2417,1811,42695,
12/12/2019,Sheffield South East,Betts,Labour,FALSE,46.0951,19359,41998,
12/12/2019,Sheffield South East,Bayliss,Conservative,FALSE,35.8827,15070,41998,
12/12/2019,Sheffield South East,Kus,The Brexit Party,FALSE,10.6624,4478,41998,
12/12/2019,Sheffield South East,Chowdhury,Liberal Democrat,FALSE,5.0598,2125,41998,
12/12/2019,Sheffield South East,Martin,The Yorkshire Party,FALSE,2.3001,966,41998,
12/12/2019,Sherwood,Spencer,Conservative,FALSE,60.8037,32049,52709,
12/12/2019,Sherwood,Hague,Labour,FALSE,30.0954,15863,52709,
12/12/2019,Sherwood,Ball,Liberal Democrat,FALSE,5.4697,2883,52709,
12/12/2019,Sherwood,Cropper,Green Party,FALSE,2.3032,1214,52709,
12/12/2019,Sherwood,Rood,independent,FALSE,1.328,700,52709,
12/12/2019,Shipley,Davies,Conservative,FALSE,50.8055,27437,54004,
12/12/2019,Shipley,Pike,Labour,FALSE,39.2471,21195,54004,
12/12/2019,Shipley,Jones,Liberal Democrat,FALSE,5.9033,3188,54004,
12/12/2019,Shipley,Hickson,Green Party,FALSE,2.4091,1301,54004,
12/12/2019,Shipley,Longhorn,The Yorkshire Party,FALSE,1.6351,883,54004,
12/12/2019,Shrewsbury and Atcham,Kawczynski,Conservative,FALSE,52.5201,31021,59065,
12/12/2019,Shrewsbury and Atcham,Buckley,Labour,FALSE,33.5292,19804,59065,
12/12/2019,Shrewsbury and Atcham,Green,Liberal Democrat,FALSE,9.9992,5906,59065,
12/12/2019,Shrewsbury and Atcham,Dean,Green Party,FALSE,2.9832,1762,59065,
12/12/2019,Shrewsbury and Atcham,Locke,independent,FALSE,0.9684,572,59065,
12/12/2019,Sittingbourne and Sheppey,Henderson,Conservative,FALSE,67.5993,34742,51394,
12/12/2019,Sittingbourne and Sheppey,Johnson,Labour,FALSE,19.9693,10263,51394,
12/12/2019,Sittingbourne and Sheppey,Martin,Liberal Democrat,FALSE,6.2517,3213,51394,
12/12/2019,Sittingbourne and Sheppey,Bonney,independent,FALSE,2.4458,1257,51394,
12/12/2019,Sittingbourne and Sheppey,Collins,Green Party,FALSE,2.3116,1188,51394,
12/12/2019,Sittingbourne and Sheppey,Young,Official Monster Raving Loony Party,FALSE,0.7861,404,51394,
12/12/2019,Sittingbourne and Sheppey,McCall,independent,FALSE,0.6363,327,51394,
12/12/2019,Skipton and Ripon,Smith,Conservative,FALSE,59.4629,34919,58724,
12/12/2019,Skipton and Ripon,McDaid,Labour,FALSE,19.1148,11225,58724,
12/12/2019,Skipton and Ripon,Murday,Liberal Democrat,FALSE,14.8168,8701,58724,
12/12/2019,Skipton and Ripon,Brown,Green Party,FALSE,4.6795,2748,58724,
12/12/2019,Skipton and Ripon,Render,The Yorkshire Party,FALSE,1.926,1131,58724,
12/12/2019,Sleaford and North Hykeham,Johnson,Conservative,FALSE,67.138,44683,66554,
12/12/2019,Sleaford and North Hykeham,Edwards-Shea,Labour,FALSE,18.2078,12118,66554,
12/12/2019,Sleaford and North Hykeham,Craven,Liberal Democrat,FALSE,8.0461,5355,66554,
12/12/2019,Sleaford and North Hykeham,Overton,Lincolnshire Independents Lincolnshire First,FALSE,3.0036,1999,66554,
12/12/2019,Sleaford and North Hykeham,Tooke,Green Party,FALSE,2.6174,1742,66554,
12/12/2019,Sleaford and North Hykeham,Coram,independent,FALSE,0.9872,657,66554,
12/12/2019,Slough,Dhesi,Labour,FALSE,57.6453,29421,51038,
12/12/2019,Slough,Toor Gill,Conservative,FALSE,30.9201,15781,51038,
12/12/2019,Slough,Chahal,Liberal Democrat,FALSE,6.5775,3357,51038,
12/12/2019,Slough,Gray-Fisk,The Brexit Party,FALSE,2.8058,1432,51038,
12/12/2019,Slough,Edmonds,Green Party,FALSE,2.0514,1047,51038,
12/12/2019,Solihull,Knight,Conservative,FALSE,58.3785,32309,55344,
12/12/2019,Solihull,Stephens,Labour,FALSE,19.9407,11036,55344,
12/12/2019,Solihull,Adeyemo,Liberal Democrat,FALSE,18.0272,9977,55344,
12/12/2019,Solihull,Sexton,Green Party,FALSE,3.6535,2022,55344,
12/12/2019,Somerton and Frome,Warburton,Conservative,FALSE,55.8278,36230,64896,
12/12/2019,Somerton and Frome,Boyden,Liberal Democrat,FALSE,26.222,17017,64896,
12/12/2019,Somerton and Frome,Dromgoole,Labour,FALSE,12.8729,8354,64896,
12/12/2019,Somerton and Frome,Dexter,Green Party,FALSE,5.0774,3295,64896,
12/12/2019,"Southampton, Itchen",Smith,Conservative,FALSE,50.5093,23952,47421,
12/12/2019,"Southampton, Itchen",Letts,Labour,FALSE,41.024,19454,47421,
12/12/2019,"Southampton, Itchen",Jarvis,Liberal Democrat,FALSE,5.2783,2503,47421,
12/12/2019,"Southampton, Itchen",Sen-Chadun,Green Party,FALSE,2.1931,1040,47421,
12/12/2019,"Southampton, Itchen",Rose,UK Independence Party,FALSE,0.9953,472,47421,
12/12/2019,"Southampton, Test",Whitehead,Labour,FALSE,49.4644,22256,44994,
12/12/2019,"Southampton, Test",Galton,Conservative,FALSE,35.6559,16043,44994,
12/12/2019,"Southampton, Test",Richards,Liberal Democrat,FALSE,7.6655,3449,44994,
12/12/2019,"Southampton, Test",Crook,The Brexit Party,FALSE,3.536,1591,44994,
12/12/2019,"Southampton, Test",Barbour,Green Party,FALSE,3.1849,1433,44994,
12/12/2019,"Southampton, Test",Barry,independent,FALSE,0.4934,222,44994,
12/12/2019,South Antrim,Girvan,Democratic Unionist Party,FALSE,35.2515,15149,42974,
12/12/2019,South Antrim,Kinahan,Ulster Unionist Party,FALSE,28.9943,12460,42974,
12/12/2019,South Antrim,Blair,Alliance,FALSE,19.058,8190,42974,
12/12/2019,South Antrim,Kearney,Sinn Fein,FALSE,11.372,4887,42974,
12/12/2019,South Antrim,Lynch,Social Democratic & Labour Party,FALSE,5.3241,2288,42974,
12/12/2019,South Basildon and East Thurrock,Metcalfe,Conservative,FALSE,66.1699,29973,45297,
12/12/2019,South Basildon and East Thurrock,Ferguson,Labour,FALSE,22.1891,10051,45297,
12/12/2019,South Basildon and East Thurrock,Smith,independent,FALSE,7.3206,3316,45297,
12/12/2019,South Basildon and East Thurrock,Bukola,Liberal Democrat,FALSE,4.3204,1957,45297,
12/12/2019,South Cambridgeshire,Browne,Conservative,FALSE,46.3402,31015,66929,
12/12/2019,South Cambridgeshire,Sollom,Liberal Democrat,FALSE,42.0012,28111,66929,
12/12/2019,South Cambridgeshire,Greef,Labour,FALSE,11.6586,7803,66929,
12/12/2019,South Derbyshire,Wheeler,Conservative,FALSE,62.7602,33502,53381,
12/12/2019,South Derbyshire,Pearson,Labour,FALSE,26.5394,14167,53381,
12/12/2019,South Derbyshire,Johnson,Liberal Democrat,FALSE,7.3509,3924,53381,
12/12/2019,South Derbyshire,Baker,Green Party,FALSE,3.3495,1788,53381,
12/12/2019,South Dorset,Drax,Conservative,FALSE,58.8037,30024,51058,
12/12/2019,South Dorset,Parkes,Labour,FALSE,25.2086,12871,51058,
12/12/2019,South Dorset,Ireland,Liberal Democrat,FALSE,10.6389,5432,51058,
12/12/2019,South Dorset,Orrell,Green Party,FALSE,4.3989,2246,51058,
12/12/2019,South Dorset,Green,independent,FALSE,0.9499,485,51058,
12/12/2019,South Down,Hazzard,Sinn Fein,FALSE,32.4284,16137,49762,
12/12/2019,South Down,Savage,Social Democratic & Labour Party,FALSE,29.1729,14517,49762,
12/12/2019,South Down,Hanna,Democratic Unionist Party,FALSE,15.3109,7619,49762,
12/12/2019,South Down,Brown,Alliance,FALSE,13.8982,6916,49762,
12/12/2019,South Down,Macauley,Ulster Unionist Party,FALSE,6.6456,3307,49762,
12/12/2019,South Down,Brady,Aontú,FALSE,2.5441,1266,49762,
12/12/2019,South East Cambridgeshire,Frazer,Conservative,FALSE,49.9915,32187,64385,
12/12/2019,South East Cambridgeshire,Heylings,Liberal Democrat,FALSE,32.1457,20697,64385,
12/12/2019,South East Cambridgeshire,Bull,Labour,FALSE,16.2957,10492,64385,
12/12/2019,South East Cambridgeshire,Fordham,independent,FALSE,1.5671,1009,64385,
12/12/2019,South East Cornwall,Murray,Conservative,FALSE,59.2806,31807,53655,
12/12/2019,South East Cornwall,Derrick,Labour,FALSE,20.1957,10836,53655,
12/12/2019,South East Cornwall,Martin,Liberal Democrat,FALSE,16.1215,8650,53655,
12/12/2019,South East Cornwall,Green,Green Party,FALSE,2.7826,1493,53655,
12/12/2019,South East Cornwall,Latham,Liberal,FALSE,1.6196,869,53655,
12/12/2019,Southend West,Amess,Conservative,FALSE,59.211,27555,46537,
12/12/2019,Southend West,Line,Labour,FALSE,28.141,13096,46537,
12/12/2019,Southend West,Stimson,Liberal Democrat,FALSE,11.4146,5312,46537,
12/12/2019,Southend West,Darwood,independent,FALSE,1.2334,574,46537,
12/12/2019,South Holland and The Deepings,Hayes,Conservative,FALSE,75.9226,37338,49179,
12/12/2019,South Holland and The Deepings,Popple,Labour,FALSE,13.217,6500,49179,
12/12/2019,South Holland and The Deepings,Kirby,Liberal Democrat,FALSE,6.5577,3225,49179,
12/12/2019,South Holland and The Deepings,Blake,Green Party,FALSE,3.2799,1613,49179,
12/12/2019,South Holland and The Deepings,Stringer,independent,FALSE,1.0228,503,49179,
12/12/2019,South Leicestershire,Costa,Conservative,FALSE,64.0189,36791,57469,
12/12/2019,South Leicestershire,Koriya,Labour,FALSE,22.2503,12787,57469,
12/12/2019,South Leicestershire,Knowles,Liberal Democrat,FALSE,9.4869,5452,57469,
12/12/2019,South Leicestershire,Cox,Green Party,FALSE,4.244,2439,57469,
12/12/2019,South Norfolk,Bacon,Conservative,FALSE,58.0277,36258,62484,
12/12/2019,South Norfolk,Jones,Labour,FALSE,23.9789,14983,62484,
12/12/2019,South Norfolk,Brown,Liberal Democrat,FALSE,13.994,8744,62484,
12/12/2019,South Norfolk,Price,Green Party,FALSE,3.9994,2499,62484,
12/12/2019,South Northamptonshire,Leadsom,Conservative,FALSE,62.4066,41755,66908,
12/12/2019,South Northamptonshire,Kitchen,Labour,FALSE,20.9153,13994,66908,
12/12/2019,South Northamptonshire,Lofts,Liberal Democrat,FALSE,11.7938,7891,66908,
12/12/2019,South Northamptonshire,Donaldson,Green Party,FALSE,3.9367,2634,66908,
12/12/2019,South Northamptonshire,Phillips,independent,FALSE,0.692,463,66908,
12/12/2019,South Northamptonshire,McCutcheon,independent,FALSE,0.2556,171,66908,
12/12/2019,Southport,Moore,Conservative,FALSE,47.5592,22914,48180,
12/12/2019,Southport,Savage,Labour,FALSE,38.9518,18767,48180,
12/12/2019,Southport,Wright,Liberal Democrat,FALSE,13.489,6499,48180,
12/12/2019,South Ribble,Fletcher,Conservative,FALSE,55.8307,30028,53784,
12/12/2019,South Ribble,Snape,Labour,FALSE,35.0086,18829,53784,
12/12/2019,South Ribble,Barton,Liberal Democrat,FALSE,6.9166,3720,53784,
12/12/2019,South Ribble,Fewings,Green Party,FALSE,2.2442,1207,53784,
12/12/2019,South Shields,Lewell-Buck,Labour,FALSE,45.5969,17273,37882,
12/12/2019,South Shields,Oviri,Conservative,FALSE,20.2946,7688,37882,
12/12/2019,South Shields,Thompson,The Brexit Party,FALSE,17.016,6446,37882,
12/12/2019,South Shields,Thompson,independent,FALSE,9.6563,3658,37882,
12/12/2019,South Shields,Shepherd,Liberal Democrat,FALSE,3.9966,1514,37882,
12/12/2019,South Shields,McKeown,Green Party,FALSE,3.4396,1303,37882,
12/12/2019,South Staffordshire,Williamson,Conservative,FALSE,73.0327,36520,50005,
12/12/2019,South Staffordshire,Freeman,Labour,FALSE,16.5383,8270,50005,
12/12/2019,South Staffordshire,Fewtrell,Liberal Democrat,FALSE,6.5593,3280,50005,
12/12/2019,South Staffordshire,McIlvenna,Green Party,FALSE,3.8696,1935,50005,
12/12/2019,South Suffolk,Cartlidge,Conservative,FALSE,62.1997,33270,53489,
12/12/2019,South Suffolk,Hughes,Labour,FALSE,19.3928,10373,53489,
12/12/2019,South Suffolk,Beavan,Liberal Democrat,FALSE,12.5297,6702,53489,
12/12/2019,South Suffolk,Lindsay,Green Party,FALSE,5.8778,3144,53489,
12/12/2019,South Swindon,Buckland,Conservative,FALSE,52.2918,26536,50746,
12/12/2019,South Swindon,Church,Labour,FALSE,39.2366,19911,50746,
12/12/2019,South Swindon,Pajak,Liberal Democrat,FALSE,8.4716,4299,50746,
12/12/2019,South Thanet,Mackinlay,Conservative,FALSE,56.1245,27084,48257,
12/12/2019,South Thanet,Gordon-Nesbitt,Labour,FALSE,34.1857,16497,48257,
12/12/2019,South Thanet,Pennington,Liberal Democrat,FALSE,5.651,2727,48257,
12/12/2019,South Thanet,Wing,Green Party,FALSE,4.0388,1949,48257,
12/12/2019,South West Bedfordshire,Selous,Conservative,FALSE,60.4273,32212,53307,
12/12/2019,South West Bedfordshire,Anderson,Labour,FALSE,25.567,13629,53307,
12/12/2019,South West Bedfordshire,Matanle,Liberal Democrat,FALSE,10.1957,5435,53307,
12/12/2019,South West Bedfordshire,Waters,Green Party,FALSE,3.81,2031,53307,
12/12/2019,South West Devon,Streeter,Conservative,FALSE,62.3719,33286,53367,
12/12/2019,South West Devon,Beverley,Labour,FALSE,22.216,11856,53367,
12/12/2019,South West Devon,Davarian,Liberal Democrat,FALSE,11.6308,6207,53367,
12/12/2019,South West Devon,Poyser,Green Party,FALSE,3.7814,2018,53367,
12/12/2019,South West Hertfordshire,Mohindra,Conservative,FALSE,49.5612,30327,61191,
12/12/2019,South West Hertfordshire,Gauke,independent,FALSE,26.0153,15919,61191,
12/12/2019,South West Hertfordshire,Aklakul,Labour,FALSE,11.8122,7228,61191,
12/12/2019,South West Hertfordshire,Symington,Liberal Democrat,FALSE,10.2156,6251,61191,
12/12/2019,South West Hertfordshire,Pashby,Green Party,FALSE,2.3958,1466,61191,
12/12/2019,South West Norfolk,Truss,Conservative,FALSE,68.9912,35507,51466,
12/12/2019,South West Norfolk,Blake,Labour,FALSE,18.0935,9312,51466,
12/12/2019,South West Norfolk,Ratcliffe,Liberal Democrat,FALSE,8.0947,4166,51466,
12/12/2019,South West Norfolk,Devulapalli,Green Party,FALSE,3.1963,1645,51466,
12/12/2019,South West Norfolk,Of Outwell,Official Monster Raving Loony Party,FALSE,1.6244,836,51466,
12/12/2019,South West Surrey,Hunt,Conservative,FALSE,53.3494,32191,60340,
12/12/2019,South West Surrey,Follows,Liberal Democrat,FALSE,38.7372,23374,60340,
12/12/2019,South West Surrey,Corry,Labour,FALSE,7.9135,4775,60340,
12/12/2019,South West Wiltshire,Murrison,Conservative,FALSE,60.184,33038,54895,
12/12/2019,South West Wiltshire,Pomroy-Smith,Labour,FALSE,20.7815,11408,54895,
12/12/2019,South West Wiltshire,Nicholson,Liberal Democrat,FALSE,14.6006,8015,54895,
12/12/2019,South West Wiltshire,Phillips,Green Party,FALSE,4.4339,2434,54895,
12/12/2019,Spelthorne,Kwarteng,Conservative,FALSE,58.8588,29141,49510,
12/12/2019,Spelthorne,Mann,Labour,FALSE,21.7087,10748,49510,
12/12/2019,Spelthorne,Campanale,Liberal Democrat,FALSE,15.1464,7499,49510,
12/12/2019,Spelthorne,Jacobs,Green Party,FALSE,4.286,2122,49510,
12/12/2019,Stafford,Clarke,Conservative,FALSE,58.6365,29992,51149,
12/12/2019,Stafford,Still,Labour,FALSE,30.5285,15615,51149,
12/12/2019,Stafford,Wagner,Liberal Democrat,FALSE,6.2074,3175,51149,
12/12/2019,Stafford,Carter,Green Party,FALSE,4.6277,2367,51149,
12/12/2019,Staffordshire Moorlands,Bradley,Conservative,FALSE,64.5776,28192,43656,
12/12/2019,Staffordshire Moorlands,Price,Labour,FALSE,26.947,11764,43656,
12/12/2019,Staffordshire Moorlands,Gant,Liberal Democrat,FALSE,5.6556,2469,43656,
12/12/2019,Staffordshire Moorlands,Rouxell,Green Party,FALSE,2.8198,1231,43656,
12/12/2019,St Albans,Cooper,Liberal Democrat,FALSE,50.1172,28867,57599,
12/12/2019,St Albans,Main,Conservative,FALSE,39.1917,22574,57599,
12/12/2019,St Albans,Lury,Labour,FALSE,8.6807,5000,57599,
12/12/2019,St Albans,Grover,Green Party,FALSE,1.7431,1004,57599,
12/12/2019,St Albans,Sherrington,independent,FALSE,0.2674,154,57599,
12/12/2019,Stalybridge and Hyde,Reynolds,Labour,FALSE,44.9042,19025,42368,
12/12/2019,Stalybridge and Hyde,Amjad,Conservative,FALSE,37.9508,16079,42368,
12/12/2019,Stalybridge and Hyde,Newton,The Brexit Party,FALSE,8.4757,3591,42368,
12/12/2019,Stalybridge and Hyde,Dwan,Liberal Democrat,FALSE,4.3122,1827,42368,
12/12/2019,Stalybridge and Hyde,Wood,Green Party,FALSE,3.3303,1411,42368,
12/12/2019,Stalybridge and Hyde,Edge,Liberal,FALSE,1.0267,435,42368,
12/12/2019,St Austell and Newquay,Double,Conservative,FALSE,56.0689,31273,55776,
12/12/2019,St Austell and Newquay,Owen,Labour,FALSE,26.4397,14747,55776,
12/12/2019,St Austell and Newquay,Styles,Liberal Democrat,FALSE,10.5081,5861,55776,
12/12/2019,St Austell and Newquay,Cole,Mebyon Kernow - The Party for Cornwall,FALSE,2.9762,1660,55776,
12/12/2019,St Austell and Newquay,Harker,Green Party,FALSE,2.8848,1609,55776,
12/12/2019,St Austell and Newquay,Byrne,Liberal,FALSE,1.1223,626,55776,
12/12/2019,Stevenage,McPartland,Conservative,FALSE,53.1175,25328,47683,
12/12/2019,Stevenage,Borcherds,Labour,FALSE,35.1614,16766,47683,
12/12/2019,Stevenage,Nash,Liberal Democrat,FALSE,8.6656,4132,47683,
12/12/2019,Stevenage,Snelling,Green Party,FALSE,3.0556,1457,47683,
12/12/2019,St Helens North,McGinn,Labour,FALSE,52.2907,24870,47561,
12/12/2019,St Helens North,Charles,Conservative,FALSE,26.6206,12661,47561,
12/12/2019,St Helens North,Webster,The Brexit Party,FALSE,11.3454,5396,47561,
12/12/2019,St Helens North,Moloney,Liberal Democrat,FALSE,5.6096,2668,47561,
12/12/2019,St Helens North,van der Burg,Green Party,FALSE,4.1336,1966,47561,
12/12/2019,St Helens South and Whiston,Rimmer,Labour,FALSE,58.5475,29457,50313,
12/12/2019,St Helens South and Whiston,Short,Conservative,FALSE,20.5414,10335,50313,
12/12/2019,St Helens South and Whiston,Oxley,The Brexit Party,FALSE,10.6394,5353,50313,
12/12/2019,St Helens South and Whiston,Spencer,Liberal Democrat,FALSE,5.7361,2886,50313,
12/12/2019,St Helens South and Whiston,Taylor,Green Party,FALSE,4.5356,2282,50313,
12/12/2019,Stirling,Smith,Scottish National Party,FALSE,51.1117,26895,52620,
12/12/2019,Stirling,Kerr,Conservative,FALSE,33.5253,17641,52620,
12/12/2019,Stirling,Ross,Labour,FALSE,8.1243,4275,52620,
12/12/2019,Stirling,Rehman,Liberal Democrat,FALSE,5.4485,2867,52620,
12/12/2019,Stirling,Quinn,Scottish Green Party,FALSE,1.7902,942,52620,
12/12/2019,St Ives,Thomas,Conservative,FALSE,49.3358,25365,51413,
12/12/2019,St Ives,George,Liberal Democrat,FALSE,41.011,21085,51413,
12/12/2019,St Ives,Bates,Labour,FALSE,6.9107,3553,51413,
12/12/2019,St Ives,Flindall,Green Party,FALSE,1.875,964,51413,
12/12/2019,St Ives,Smith,Liberal,FALSE,0.6107,314,51413,
12/12/2019,St Ives,Harris,The Common People,FALSE,0.2567,132,51413,
12/12/2019,Stockport,Mishra,Labour,FALSE,52.0077,21695,41715,
12/12/2019,Stockport,Imarni,Conservative,FALSE,27.942,11656,41715,
12/12/2019,Stockport,Meikle,Liberal Democrat,FALSE,12.0892,5043,41715,
12/12/2019,Stockport,Montague-Trenchard,The Brexit Party,FALSE,4.5979,1918,41715,
12/12/2019,Stockport,Mellish,Green Party,FALSE,3.3633,1403,41715,
12/12/2019,Stockton North,Cunningham,Labour,FALSE,43.0751,17728,41156,
12/12/2019,Stockton North,Jackson,Conservative,FALSE,40.5797,16701,41156,
12/12/2019,Stockton North,Walker,The Brexit Party,FALSE,9.4931,3907,41156,
12/12/2019,Stockton North,King,Liberal Democrat,FALSE,3.963,1631,41156,
12/12/2019,Stockton North,Burdon,The North East Party,FALSE,2.889,1189,41156,
12/12/2019,Stockton South,Vickers,Conservative,FALSE,50.6624,27764,54802,
12/12/2019,Stockton South,Williams,Labour,FALSE,41.0642,22504,54802,
12/12/2019,Stockton South,Devlin,Liberal Democrat,FALSE,4.2663,2338,54802,
12/12/2019,Stockton South,Prescott,The Brexit Party,FALSE,4.0072,2196,54802,
12/12/2019,Stoke-on-Trent Central,Gideon,Conservative,FALSE,45.3913,14557,32070,
12/12/2019,Stoke-on-Trent Central,Snell,Labour,FALSE,43.3022,13887,32070,
12/12/2019,Stoke-on-Trent Central,Mahmood,The Brexit Party,FALSE,5.2728,1691,32070,
12/12/2019,Stoke-on-Trent Central,Pritchard,Liberal Democrat,FALSE,3.4799,1116,32070,
12/12/2019,Stoke-on-Trent Central,Colclough,Green Party,FALSE,2.5538,819,32070,
12/12/2019,Stoke-on-Trent North,Gullis,Conservative,FALSE,52.2599,20974,40134,
12/12/2019,Stoke-on-Trent North,Smeeth,Labour,FALSE,36.5974,14688,40134,
12/12/2019,Stoke-on-Trent North,Watkin,The Brexit Party,FALSE,5.9152,2374,40134,
12/12/2019,Stoke-on-Trent North,Andras,Liberal Democrat,FALSE,3.1594,1268,40134,
12/12/2019,Stoke-on-Trent North,Borgars,Green Party,FALSE,1.2658,508,40134,
12/12/2019,Stoke-on-Trent North,Dilworth,independent,FALSE,0.8023,322,40134,
12/12/2019,Stoke-on-Trent South,Brereton,Conservative,FALSE,62.1957,24632,39604,
12/12/2019,Stoke-on-Trent South,McDonald,Labour,FALSE,33.7365,13361,39604,
12/12/2019,Stoke-on-Trent South,Gordon,Liberal Democrat,FALSE,4.0678,1611,39604,
12/12/2019,Stone,Cash,Conservative,FALSE,63.5736,31687,49843,
12/12/2019,Stone,Stubbs,Labour,FALSE,23.558,11742,49843,
12/12/2019,Stone,Sandiford,Liberal Democrat,FALSE,8.8518,4412,49843,
12/12/2019,Stone,Adamson,Green Party,FALSE,4.0166,2002,49843,
12/12/2019,Stourbridge,Webb,Conservative,FALSE,60.264,27534,45689,
12/12/2019,Stourbridge,Lowe,Labour,FALSE,30.561,13963,45689,
12/12/2019,Stourbridge,Bramall,Liberal Democrat,FALSE,5.5221,2523,45689,
12/12/2019,Stourbridge,Mohr,Green Party,FALSE,2.2938,1048,45689,
12/12/2019,Stourbridge,Hudson,independent,FALSE,1.3592,621,45689,
12/12/2019,Strangford,Shannon,Democratic Unionist Party,FALSE,47.2322,17705,37485,
12/12/2019,Strangford,Armstrong,Alliance,FALSE,28.3687,10634,37485,
12/12/2019,Strangford,Smith,Ulster Unionist Party,FALSE,10.7323,4023,37485,
12/12/2019,Strangford,Boyle,Social Democratic & Labour Party,FALSE,5.3195,1994,37485,
12/12/2019,Strangford,Abraham,Conservative,FALSE,3.9376,1476,37485,
12/12/2019,Strangford,Macartney,Green Party Northern Ireland,FALSE,2.1075,790,37485,
12/12/2019,Strangford,Carlin,Sinn Fein,FALSE,1.4806,555,37485,
12/12/2019,Strangford,Stephenson,UK Independence Party,FALSE,0.8217,308,37485,
12/12/2019,Stratford-on-Avon,Zahawi,Conservative,FALSE,60.5708,33343,55048,
12/12/2019,Stratford-on-Avon,Skinner,Liberal Democrat,FALSE,24.2897,13371,55048,
12/12/2019,Stratford-on-Avon,Ling,Labour,FALSE,11.3029,6222,55048,
12/12/2019,Stratford-on-Avon,Passingham,Green Party,FALSE,3.8367,2112,55048,
12/12/2019,Streatham,Ribeiro-Addy,Labour,FALSE,54.8122,30976,56513,
12/12/2019,Streatham,Thompson,Liberal Democrat,FALSE,23.5096,13286,56513,
12/12/2019,Streatham,O'Broin,Conservative,FALSE,16.0317,9060,56513,
12/12/2019,Streatham,Ainslie,Green Party,FALSE,4.5423,2567,56513,
12/12/2019,Streatham,Becker,The Brexit Party,FALSE,1.1042,624,56513,
12/12/2019,Stretford and Urmston,Green,Labour,FALSE,60.3092,30195,50067,
12/12/2019,Stretford and Urmston,Mirza,Conservative,FALSE,27.5191,13778,50067,
12/12/2019,Stretford and Urmston,Fryer,Liberal Democrat,FALSE,5.9301,2969,50067,
12/12/2019,Stretford and Urmston,Powell,The Brexit Party,FALSE,3.5313,1768,50067,
12/12/2019,Stretford and Urmston,Leicester,Green Party,FALSE,2.7104,1357,50067,
12/12/2019,Stroud,Baillie,Conservative,FALSE,47.9023,31582,65930,
12/12/2019,Stroud,Drew,Labour,FALSE,42.078,27742,65930,
12/12/2019,Stroud,Scott Cato,Green Party,FALSE,7.514,4954,65930,
12/12/2019,Stroud,Latimer,The Brexit Party,FALSE,1.6457,1085,65930,
12/12/2019,Stroud,Gogerly,Libertarian Party,FALSE,0.86,567,65930,
12/12/2019,Suffolk Coastal,Coffey,Conservative,FALSE,56.524,32958,58308,
12/12/2019,Suffolk Coastal,Matthews,Labour,FALSE,21.3093,12425,58308,
12/12/2019,Suffolk Coastal,Ewart,Liberal Democrat,FALSE,14.9534,8719,58308,
12/12/2019,Suffolk Coastal,Smith-Lyte,Green Party,FALSE,4.6529,2713,58308,
12/12/2019,Suffolk Coastal,Love,independent,FALSE,2.5605,1493,58308,
12/12/2019,Sunderland Central,Elliott,Labour,FALSE,42.175,18336,43476,
12/12/2019,Sunderland Central,D'Silva,Conservative,FALSE,35.3574,15372,43476,
12/12/2019,Sunderland Central,Parikh,The Brexit Party,FALSE,11.6087,5047,43476,
12/12/2019,Sunderland Central,Hodson,Liberal Democrat,FALSE,6.9579,3025,43476,
12/12/2019,Sunderland Central,Featherstone,Green Party,FALSE,2.7877,1212,43476,
12/12/2019,Sunderland Central,McKenzie,independent,FALSE,1.1133,484,43476,
12/12/2019,Surrey Heath,Gove,Conservative,FALSE,58.5774,34358,58654,
12/12/2019,Surrey Heath,Pinkerton,Liberal Democrat,FALSE,27.294,16009,58654,
12/12/2019,Surrey Heath,Mohanty,Labour,FALSE,9.2185,5407,58654,
12/12/2019,Surrey Heath,Galliford,Green Party,FALSE,3.8395,2252,58654,
12/12/2019,Surrey Heath,Roe,UK Independence Party,FALSE,1.0707,628,58654,
12/12/2019,Sutton and Cheam,Scully,Conservative,FALSE,49.9832,25235,50487,
12/12/2019,Sutton and Cheam,Bokhari,Liberal Democrat,FALSE,33.4423,16884,50487,
12/12/2019,Sutton and Cheam,Craven,Labour,FALSE,14.2611,7200,50487,
12/12/2019,Sutton and Cheam,Jackson-Prior,Green Party,FALSE,2.3135,1168,50487,
12/12/2019,Sutton Coldfield,Mitchell,Conservative,FALSE,60.3994,31604,52325,
12/12/2019,Sutton Coldfield,Knowles,Labour,FALSE,23.5681,12332,52325,
12/12/2019,Sutton Coldfield,Wilkinson,Liberal Democrat,FALSE,12.151,6358,52325,
12/12/2019,Sutton Coldfield,Auton,Green Party,FALSE,3.8815,2031,52325,
12/12/2019,Swansea East,Harris,Labour,FALSE,51.833,17405,33579,
12/12/2019,Swansea East,Howard,Conservative,FALSE,28.0979,9435,33579,
12/12/2019,Swansea East,Willicombe,The Brexit Party,FALSE,8.4636,2842,33579,
12/12/2019,Swansea East,Havard,Plaid Cymru,FALSE,5.6732,1905,33579,
12/12/2019,Swansea East,Hutchinson,Liberal Democrat,FALSE,4.1961,1409,33579,
12/12/2019,Swansea East,Evans,Green Party,FALSE,1.7362,583,33579,
12/12/2019,Swansea West,Davies,Labour,FALSE,51.6132,18493,35830,
12/12/2019,Swansea West,Price,Conservative,FALSE,28.9618,10377,35830,
12/12/2019,Swansea West,O'Carroll,Liberal Democrat,FALSE,8.3533,2993,35830,
12/12/2019,Swansea West,Williams,Plaid Cymru,FALSE,5.5373,1984,35830,
12/12/2019,Swansea West,Hopkins,The Brexit Party,FALSE,5.5345,1983,35830,
12/12/2019,Tamworth,Pincher,Conservative,FALSE,66.3149,30542,46056,
12/12/2019,Tamworth,Bain,Labour,FALSE,23.6842,10908,46056,
12/12/2019,Tamworth,Wheway,Liberal Democrat,FALSE,5.2675,2426,46056,
12/12/2019,Tamworth,Tilley,Green Party,FALSE,2.0301,935,46056,
12/12/2019,Tamworth,Bilcliff,UK Independence Party,FALSE,1.7674,814,46056,
12/12/2019,Tamworth,Wright,independent,FALSE,0.9358,431,46056,
12/12/2019,Tatton,McVey,Conservative,FALSE,57.7471,28277,48967,
12/12/2019,Tatton,Weinberg,Labour,FALSE,22.2395,10890,48967,
12/12/2019,Tatton,Smith,Liberal Democrat,FALSE,15.7494,7712,48967,
12/12/2019,Tatton,Hennerley,Green Party,FALSE,4.2641,2088,48967,
12/12/2019,Taunton Deane,Pow,Conservative,FALSE,53.6049,34164,63733,
12/12/2019,Taunton Deane,Amos,Liberal Democrat,FALSE,35.247,22464,63733,
12/12/2019,Taunton Deane,Canham,Labour,FALSE,7.3981,4715,63733,
12/12/2019,Taunton Deane,Hunt,independent,FALSE,3.75,2390,63733,
12/12/2019,Telford,Allan,Conservative,FALSE,59.6521,25546,42825,
12/12/2019,Telford,Gillman,Labour,FALSE,34.1039,14605,42825,
12/12/2019,Telford,Roberts,Liberal Democrat,FALSE,6.244,2674,42825,
12/12/2019,Tewkesbury,Robertson,Conservative,FALSE,58.4364,35728,61140,
12/12/2019,Tewkesbury,Hegenbarth,Liberal Democrat,FALSE,21.7828,13318,61140,
12/12/2019,Tewkesbury,Chaplin,Labour,FALSE,15.2273,9310,61140,
12/12/2019,Tewkesbury,Cody,Green Party,FALSE,4.5535,2784,61140,
12/12/2019,The Cotswolds,Clifton-Brown,Conservative,FALSE,58.0031,35484,61176,
12/12/2019,The Cotswolds,Webster,Liberal Democrat,FALSE,24.9608,15270,61176,
12/12/2019,The Cotswolds,Mackenzie,Labour,FALSE,11.6222,7110,61176,
12/12/2019,The Cotswolds,Poole,Green Party,FALSE,5.4139,3312,61176,
12/12/2019,The Wrekin,Pritchard,Conservative,FALSE,63.467,31029,48890,
12/12/2019,The Wrekin,Harrison,Labour,FALSE,25.1647,12303,48890,
12/12/2019,The Wrekin,Janke,Liberal Democrat,FALSE,8.3187,4067,48890,
12/12/2019,The Wrekin,Dawes,Green Party,FALSE,3.0497,1491,48890,
12/12/2019,Thirsk and Malton,Hollinrake,Conservative,FALSE,62.9709,35634,56588,
12/12/2019,Thirsk and Malton,Yellen,Labour,FALSE,18.5198,10480,56588,
12/12/2019,Thirsk and Malton,Keal,Liberal Democrat,FALSE,11.9707,6774,56588,
12/12/2019,Thirsk and Malton,Brampton,Green Party,FALSE,3.9991,2263,56588,
12/12/2019,Thirsk and Malton,Hall,The Yorkshire Party,FALSE,1.5569,881,56588,
12/12/2019,Thirsk and Malton,Mullins,independent,FALSE,0.433,245,56588,
12/12/2019,Thirsk and Malton,Johnson,independent,FALSE,0.3252,184,56588,
12/12/2019,Thirsk and Malton,Taylor,Social Democratic Party,FALSE,0.2244,127,56588,
12/12/2019,Thornbury and Yate,Hall,Conservative,FALSE,57.8106,30202,52243,
12/12/2019,Thornbury and Yate,Young,Liberal Democrat,FALSE,34.1347,17833,52243,
12/12/2019,Thornbury and Yate,Logan,Labour,FALSE,8.0547,4208,52243,
12/12/2019,Thurrock,Doyle-Price,Conservative,FALSE,58.5565,27795,47467,
12/12/2019,Thurrock,Kent,Labour,FALSE,34.367,16313,47467,
12/12/2019,Thurrock,Stone,Liberal Democrat,FALSE,3.1812,1510,47467,
12/12/2019,Thurrock,Woollard,independent,FALSE,2.1952,1042,47467,
12/12/2019,Thurrock,Harvey,Green Party,FALSE,1.7001,807,47467,
12/12/2019,Tiverton and Honiton,Parish,Conservative,FALSE,60.21,35893,59613,
12/12/2019,Tiverton and Honiton,Pole,Labour,FALSE,19.5494,11654,59613,
12/12/2019,Tiverton and Honiton,Timperley,Liberal Democrat,FALSE,14.7736,8807,59613,
12/12/2019,Tiverton and Honiton,Reed,Green Party,FALSE,3.8431,2291,59613,
12/12/2019,Tiverton and Honiton,Dennis,UK Independence Party,FALSE,1.6238,968,59613,
12/12/2019,Tonbridge and Malling,Tugendhat,Conservative,FALSE,62.7756,35784,57003,
12/12/2019,Tonbridge and Malling,Morris,Liberal Democrat,FALSE,15.5132,8843,57003,
12/12/2019,Tonbridge and Malling,Jones,Labour,FALSE,14.5361,8286,57003,
12/12/2019,Tonbridge and Malling,Clark,Green Party,FALSE,7.1751,4090,57003,
12/12/2019,Tooting,Allin-Khan,Labour,FALSE,52.6927,30811,58473,
12/12/2019,Tooting,Briscoe,Conservative,FALSE,28.225,16504,58473,
12/12/2019,Tooting,Glover,Liberal Democrat,FALSE,14.2031,8305,58473,
12/12/2019,Tooting,Goodwin,Green Party,FALSE,3.9574,2314,58473,
12/12/2019,Tooting,Shakir,The Brexit Party,FALSE,0.7901,462,58473,
12/12/2019,Tooting,Hubley,Social Democratic Party,FALSE,0.1317,77,58473,
12/12/2019,Torbay,Foster,Conservative,FALSE,59.2214,29863,50426,
12/12/2019,Torbay,Howgate,Liberal Democrat,FALSE,24.0233,12114,50426,
12/12/2019,Torbay,Middleditch,Labour,FALSE,13.0131,6562,50426,
12/12/2019,Torbay,Moss,Green Party,FALSE,2.4571,1239,50426,
12/12/2019,Torbay,Channer,independent,FALSE,1.2851,648,50426,
12/12/2019,Torfaen,Thomas-Symonds,Labour,FALSE,41.8173,15546,37176,
12/12/2019,Torfaen,Smith,Conservative,FALSE,31.7517,11804,37176,
12/12/2019,Torfaen,Thomas,The Brexit Party,FALSE,15.4454,5742,37176,
12/12/2019,Torfaen,Miller,Liberal Democrat,FALSE,4.9252,1831,37176,
12/12/2019,Torfaen,Bowler-Brown,Plaid Cymru,FALSE,3.8762,1441,37176,
12/12/2019,Torfaen,Heygate-Browne,Green Party,FALSE,2.1842,812,37176,
12/12/2019,Torridge and West Devon,Cox,Conservative,FALSE,60.1105,35904,59730,
12/12/2019,Torridge and West Devon,Chalmers,Liberal Democrat,FALSE,18.2689,10912,59730,
12/12/2019,Torridge and West Devon,Strode,Labour,FALSE,17.2275,10290,59730,
12/12/2019,Torridge and West Devon,Jordan,Green Party,FALSE,3.4773,2077,59730,
12/12/2019,Torridge and West Devon,Wootton,independent,FALSE,0.9158,547,59730,
12/12/2019,Totnes,Mangnall,Conservative,FALSE,53.1812,27751,52182,
12/12/2019,Totnes,Wollaston,Liberal Democrat,FALSE,28.7973,15027,52182,
12/12/2019,Totnes,Webberley,Labour,FALSE,16.979,8860,52182,
12/12/2019,Totnes,Kitson,independent,FALSE,1.0425,544,52182,
12/12/2019,Tottenham,Lammy,Labour,FALSE,76.0223,35621,46856,
12/12/2019,Tottenham,Newhall,Conservative,FALSE,11.6228,5446,46856,
12/12/2019,Tottenham,Palmer,Liberal Democrat,FALSE,6.7611,3168,46856,
12/12/2019,Tottenham,Chan,Green Party,FALSE,3.9974,1873,46856,
12/12/2019,Tottenham,Turay,The Brexit Party,FALSE,1.1247,527,46856,
12/12/2019,Tottenham,Bence,Social Democratic Party,FALSE,0.1942,91,46856,
12/12/2019,Tottenham,Sweeney,Workers Revolutionary Party,FALSE,0.1878,88,46856,
12/12/2019,Tottenham,Silberman,Communist League Election Campaign,FALSE,0.0896,42,46856,
12/12/2019,Truro and Falmouth,Mackrory,Conservative,FALSE,46.0162,27237,59190,
12/12/2019,Truro and Falmouth,Forbes,Labour,FALSE,38.3105,22676,59190,
12/12/2019,Truro and Falmouth,Gripper,Liberal Democrat,FALSE,12.0797,7150,59190,
12/12/2019,Truro and Falmouth,Scott,Green Party,FALSE,2.8958,1714,59190,
12/12/2019,Truro and Falmouth,Nicholson,Liberal,FALSE,0.6978,413,59190,
12/12/2019,Tunbridge Wells,Clark,Conservative,FALSE,55.1125,30119,54650,
12/12/2019,Tunbridge Wells,Chapelard,Liberal Democrat,FALSE,28.3147,15474,54650,
12/12/2019,Tunbridge Wells,Weiss,Labour,FALSE,14.8179,8098,54650,
12/12/2019,Tunbridge Wells,Camp,independent,FALSE,0.893,488,54650,
12/12/2019,Tunbridge Wells,Peacock,independent,FALSE,0.8618,471,54650,
12/12/2019,Twickenham,Wilson,Liberal Democrat,FALSE,56.0687,36166,64503,
12/12/2019,Twickenham,Grant,Conservative,FALSE,34.1767,22045,64503,
12/12/2019,Twickenham,Walia,Labour,FALSE,8.4895,5476,64503,
12/12/2019,Twickenham,Wells,The Brexit Party,FALSE,1.2651,816,64503,
12/12/2019,Tynemouth,Campbell,Labour,FALSE,48.0565,26928,56034,
12/12/2019,Tynemouth,Bartoli,Conservative,FALSE,39.3886,22071,56034,
12/12/2019,Tynemouth,Appleby,Liberal Democrat,FALSE,6.7655,3791,56034,
12/12/2019,Tynemouth,Punchard,The Brexit Party,FALSE,3.5032,1963,56034,
12/12/2019,Tynemouth,Erskine,Green Party,FALSE,2.2861,1281,56034,
12/12/2019,Upper Bann,Lockhart,Democratic Unionist Party,FALSE,40.9651,20501,50045,
12/12/2019,Upper Bann,O'Dowd,Sinn Fein,FALSE,24.5599,12291,50045,
12/12/2019,Upper Bann,Tennyson,Alliance,FALSE,12.8544,6433,50045,
12/12/2019,Upper Bann,Beattie,Ulster Unionist Party,FALSE,12.3829,6197,50045,
12/12/2019,Upper Bann,Kelly,Social Democratic & Labour Party,FALSE,9.2377,4623,50045,
12/12/2019,Uxbridge and South Ruislip,Johnson,Conservative,FALSE,52.6096,25351,48187,
12/12/2019,Uxbridge and South Ruislip,Milani,Labour,FALSE,37.6471,18141,48187,
12/12/2019,Uxbridge and South Ruislip,Humphreys,Liberal Democrat,FALSE,6.2797,3026,48187,
12/12/2019,Uxbridge and South Ruislip,Keir,Green Party,FALSE,2.262,1090,48187,
12/12/2019,Uxbridge and South Ruislip,Courtenay,UK Independence Party,FALSE,0.5873,283,48187,
12/12/2019,Uxbridge and South Ruislip,Buckethead,Official Monster Raving Loony Party,FALSE,0.2594,125,48187,
12/12/2019,Uxbridge and South Ruislip,Binface,independent,FALSE,0.1432,69,48187,
12/12/2019,Uxbridge and South Ruislip,Utting,independent,FALSE,0.0913,44,48187,
12/12/2019,Uxbridge and South Ruislip,Yogenstein,independent,FALSE,0.0477,23,48187,
12/12/2019,Uxbridge and South Ruislip,Burke,independent,FALSE,0.0457,22,48187,
12/12/2019,Uxbridge and South Ruislip,Smith,independent,FALSE,0.0166,8,48187,
12/12/2019,Uxbridge and South Ruislip,Tobin,independent,FALSE,0.0104,5,48187,
12/12/2019,Vale of Clwyd,Davies,Conservative,FALSE,46.4085,17270,37213,
12/12/2019,Vale of Clwyd,Ruane,Labour,FALSE,41.4989,15443,37213,
12/12/2019,Vale of Clwyd,Swingler,Plaid Cymru,FALSE,4.1706,1552,37213,
12/12/2019,Vale of Clwyd,Dain,The Brexit Party,FALSE,3.969,1477,37213,
12/12/2019,Vale of Clwyd,Scott,Liberal Democrat,FALSE,3.9529,1471,37213,
12/12/2019,Vale of Glamorgan,Cairns,Conservative,FALSE,49.8203,27305,54807,
12/12/2019,Vale of Glamorgan,Loveluck-Edwards,Labour,FALSE,43.3211,23743,54807,
12/12/2019,Vale of Glamorgan,Slaughter,Green Party,FALSE,5.9317,3251,54807,
12/12/2019,Vale of Glamorgan,Williams,Gwlad Gwlad,FALSE,0.9269,508,54807,
12/12/2019,Vauxhall,Eshalomi,Labour,FALSE,56.1216,31615,56333,
12/12/2019,Vauxhall,Lewis,Liberal Democrat,FALSE,21.3072,12003,56333,
12/12/2019,Vauxhall,Bool,Conservative,FALSE,16.7255,9422,56333,
12/12/2019,Vauxhall,Bond,Green Party,FALSE,4.4663,2516,56333,
12/12/2019,Vauxhall,McGuinness,The Brexit Party,FALSE,1.1379,641,56333,
12/12/2019,Vauxhall,Faissal,independent,FALSE,0.2414,136,56333,
12/12/2019,Wakefield,Ahmad Khan,Conservative,FALSE,47.2672,21283,45027,
12/12/2019,Wakefield,Creagh,Labour,FALSE,39.8094,17925,45027,
12/12/2019,Wakefield,Wiltshire,The Brexit Party,FALSE,6.0519,2725,45027,
12/12/2019,Wakefield,Needle,Liberal Democrat,FALSE,3.9354,1772,45027,
12/12/2019,Wakefield,Kett,The Yorkshire Party,FALSE,1.9277,868,45027,
12/12/2019,Wakefield,Whyte,independent,FALSE,1.0083,454,45027,
12/12/2019,Wallasey,Eagle,Labour,FALSE,64.3143,29901,46492,
12/12/2019,Wallasey,Baker,Conservative,FALSE,24.9054,11579,46492,
12/12/2019,Wallasey,York,The Brexit Party,FALSE,4.3814,2037,46492,
12/12/2019,Wallasey,Downie,Liberal Democrat,FALSE,3.9641,1843,46492,
12/12/2019,Wallasey,Clough,Green Party,FALSE,2.4348,1132,46492,
12/12/2019,Walsall North,Hughes,Conservative,FALSE,63.8308,23334,36556,
12/12/2019,Walsall North,Ogilvie,Labour,FALSE,31.1002,11369,36556,
12/12/2019,Walsall North,Gray,Liberal Democrat,FALSE,3.3811,1236,36556,
12/12/2019,Walsall North,Wilson,Green Party,FALSE,1.6878,617,36556,
12/12/2019,Walsall South,Vaz,Labour,FALSE,49.143,20872,42472,
12/12/2019,Walsall South,Bains,Conservative,FALSE,41.0058,17416,42472,
12/12/2019,Walsall South,Hughes,The Brexit Party,FALSE,3.9085,1660,42472,
12/12/2019,Walsall South,Harris,Liberal Democrat,FALSE,3.7719,1602,42472,
12/12/2019,Walsall South,Macefield,Green Party,FALSE,1.4927,634,42472,
12/12/2019,Walsall South,Mehboob,independent,FALSE,0.6781,288,42472,
12/12/2019,Walthamstow,Creasy,Labour,FALSE,76.1022,36784,48335,
12/12/2019,Walthamstow,Adoh,Conservative,FALSE,12.252,5922,48335,
12/12/2019,Walthamstow,Chadha,Liberal Democrat,FALSE,5.946,2874,48335,
12/12/2019,Walthamstow,Johns,Green Party,FALSE,3.5854,1733,48335,
12/12/2019,Walthamstow,Campbell,The Brexit Party,FALSE,1.5889,768,48335,
12/12/2019,Walthamstow,Longe,Christian Peoples Alliance,FALSE,0.5255,254,48335,
12/12/2019,Wansbeck,Lavery,Labour,FALSE,42.2721,17124,40509,
12/12/2019,Wansbeck,Gebhard,Conservative,FALSE,40.2627,16310,40509,
12/12/2019,Wansbeck,Webley,The Brexit Party,FALSE,7.7538,3141,40509,
12/12/2019,Wansbeck,Psallidas,Liberal Democrat,FALSE,6.2677,2539,40509,
12/12/2019,Wansbeck,Leyland,Green Party,FALSE,3.0043,1217,40509,
12/12/2019,Wansbeck,Flynn,Christian Peoples Alliance,FALSE,0.4394,178,40509,
12/12/2019,Wantage,Johnston,Conservative,FALSE,50.7421,34085,67173,
12/12/2019,Wantage,Benwell,Liberal Democrat,FALSE,31.9057,21432,67173,
12/12/2019,Wantage,Roberts,Labour,FALSE,15.1564,10181,67173,
12/12/2019,Wantage,Gray,independent,FALSE,2.1958,1475,67173,
12/12/2019,Warley,Spellar,Labour,FALSE,58.812,21901,37239,
12/12/2019,Warley,Kanneganti,Conservative,FALSE,27.9009,10390,37239,
12/12/2019,Warley,Cooper,The Brexit Party,FALSE,6.6301,2469,37239,
12/12/2019,Warley,Manley-Green,Liberal Democrat,FALSE,4.2643,1588,37239,
12/12/2019,Warley,Downs,Green Party,FALSE,2.3927,891,37239,
12/12/2019,Warrington North,Nichols,Labour,FALSE,44.1661,20611,46667,
12/12/2019,Warrington North,Maisey,Conservative,FALSE,40.9326,19102,46667,
12/12/2019,Warrington North,Crowther,Liberal Democrat,FALSE,6.5807,3071,46667,
12/12/2019,Warrington North,Babade,The Brexit Party,FALSE,5.6271,2626,46667,
12/12/2019,Warrington North,McAteer,Green Party,FALSE,2.6936,1257,46667,
12/12/2019,Warrington South,Carter,Conservative,FALSE,45.5371,28187,61899,
12/12/2019,Warrington South,Rashid,Labour,FALSE,42.2899,26177,61899,
12/12/2019,Warrington South,Bate,Liberal Democrat,FALSE,9.2602,5732,61899,
12/12/2019,Warrington South,Aspinall,The Brexit Party,FALSE,2.6414,1635,61899,
12/12/2019,Warrington South,Hickson,Social Democratic Party,FALSE,0.2714,168,61899,
12/12/2019,Warwick and Leamington,Western,Labour,FALSE,43.7561,23718,54205,
12/12/2019,Warwick and Leamington,Rankin,Conservative,FALSE,42.3005,22929,54205,
12/12/2019,Warwick and Leamington,Adam,Liberal Democrat,FALSE,9.215,4995,54205,
12/12/2019,Warwick and Leamington,Chilvers,Green Party,FALSE,2.8337,1536,54205,
12/12/2019,Warwick and Leamington,Griffiths,The Brexit Party,FALSE,1.4888,807,54205,
12/12/2019,Warwick and Leamington,Dhillon,independent,FALSE,0.2823,153,54205,
12/12/2019,Warwick and Leamington,Bennett,Social Democratic Party,FALSE,0.1236,67,54205,
12/12/2019,Washington and Sunderland West,Hodgson,Labour,FALSE,42.4946,15941,37513,
12/12/2019,Washington and Sunderland West,Allen,Conservative,FALSE,32.57,12218,37513,
12/12/2019,Washington and Sunderland West,Brown,The Brexit Party,FALSE,14.499,5439,37513,
12/12/2019,Washington and Sunderland West,West,Liberal Democrat,FALSE,5.5208,2071,37513,
12/12/2019,Washington and Sunderland West,Chantkowski,Green Party,FALSE,2.6791,1005,37513,
12/12/2019,Washington and Sunderland West,Jenkins,UK Independence Party,FALSE,2.2366,839,37513,
12/12/2019,Watford,Russell,Conservative,FALSE,45.5025,26421,58065,
12/12/2019,Watford,Ostrowski,Labour,FALSE,37.8679,21988,58065,
12/12/2019,Watford,Stotesbury,Liberal Democrat,FALSE,16.0561,9323,58065,
12/12/2019,Watford,McGetrick,Social Democratic Party,FALSE,0.5735,333,58065,
12/12/2019,Waveney,Aldous,Conservative,FALSE,62.1526,31778,51129,
12/12/2019,Waveney,Barker,Labour,FALSE,26.9436,13776,51129,
12/12/2019,Waveney,Brambley-Crawshaw,Green Party,FALSE,5.3336,2727,51129,
12/12/2019,Waveney,Korfanty,Liberal Democrat,FALSE,5.091,2603,51129,
12/12/2019,Waveney,Brennan,Christian Peoples Alliance,FALSE,0.4792,245,51129,
12/12/2019,Wealden,Ghani,Conservative,FALSE,60.819,37043,60907,
12/12/2019,Wealden,Bowers,Liberal Democrat,FALSE,18.6974,11388,60907,
12/12/2019,Wealden,Smith,Labour,FALSE,15.3956,9377,60907,
12/12/2019,Wealden,Taylor,Green Party,FALSE,5.0881,3099,60907,
12/12/2019,Weaver Vale,Amesbury,Labour,FALSE,44.9037,22772,50713,
12/12/2019,Weaver Vale,Wordsworth,Conservative,FALSE,43.7955,22210,50713,
12/12/2019,Weaver Vale,Parker,Liberal Democrat,FALSE,6.5072,3300,50713,
12/12/2019,Weaver Vale,Goulding,The Brexit Party,FALSE,2.7212,1380,50713,
12/12/2019,Weaver Vale,Bowers,Green Party,FALSE,2.0724,1051,50713,
12/12/2019,Wellingborough,Bone,Conservative,FALSE,62.1752,32277,51913,
12/12/2019,Wellingborough,Watts,Labour,FALSE,26.4616,13737,51913,
12/12/2019,Wellingborough,Austin,Liberal Democrat,FALSE,7.8555,4078,51913,
12/12/2019,Wellingborough,Turner-Hawes,Green Party,FALSE,3.5078,1821,51913,
12/12/2019,Wells,Heappey,Conservative,FALSE,54.0923,33336,61628,
12/12/2019,Wells,Munt,Liberal Democrat,FALSE,37.8805,23345,61628,
12/12/2019,Wells,McKenzie,Labour,FALSE,6.9838,4304,61628,
12/12/2019,Wells,Dobbs,independent,FALSE,0.6052,373,61628,
12/12/2019,Wells,Quatermass,Motherworld Party,FALSE,0.4381,270,61628,
12/12/2019,Welwyn Hatfield,Shapps,Conservative,FALSE,52.6271,27394,52053,
12/12/2019,Welwyn Hatfield,Newbigging,Labour,FALSE,31.5813,16439,52053,
12/12/2019,Welwyn Hatfield,Zukowskyj,Liberal Democrat,FALSE,12.6832,6602,52053,
12/12/2019,Welwyn Hatfield,Sayers,Green Party,FALSE,3.1084,1618,52053,
12/12/2019,Wentworth and Dearne,Healey,Labour,FALSE,40.2868,16742,41557,
12/12/2019,Wentworth and Dearne,Barley,Conservative,FALSE,35.0771,14577,41557,
12/12/2019,Wentworth and Dearne,Cavell,The Brexit Party,FALSE,16.8901,7019,41557,
12/12/2019,Wentworth and Dearne,Middleton,Liberal Democrat,FALSE,4.1028,1705,41557,
12/12/2019,Wentworth and Dearne,Brown,The Yorkshire Party,FALSE,2.89,1201,41557,
12/12/2019,Wentworth and Dearne,Bettney,Social Democratic Party,FALSE,0.7532,313,41557,
12/12/2019,West Aberdeenshire and Kincardine,Bowie,Conservative,FALSE,42.6507,22752,53345,
12/12/2019,West Aberdeenshire and Kincardine,Mutch,Scottish National Party,FALSE,41.0704,21909,53345,
12/12/2019,West Aberdeenshire and Kincardine,Waddell,Liberal Democrat,FALSE,11.7218,6253,53345,
12/12/2019,West Aberdeenshire and Kincardine,Coffield,Labour,FALSE,4.5571,2431,53345,
12/12/2019,West Bromwich East,Richards,Conservative,FALSE,46.7102,16804,35975,
12/12/2019,West Bromwich East,Dogus,Labour,FALSE,42.2821,15211,35975,
12/12/2019,West Bromwich East,Lucas,The Brexit Party,FALSE,4.1001,1475,35975,
12/12/2019,West Bromwich East,Graham,Liberal Democrat,FALSE,3.6498,1313,35975,
12/12/2019,West Bromwich East,Redding,Green Party,FALSE,1.7429,627,35975,
12/12/2019,West Bromwich East,Galloway,independent,FALSE,1.3593,489,35975,
12/12/2019,West Bromwich East,Rankine,Yeshua,FALSE,0.1557,56,35975,
12/12/2019,West Bromwich West,Bailey,Conservative,FALSE,50.5499,17419,34459,
12/12/2019,West Bromwich West,Cunningham,Labour,FALSE,39.5252,13620,34459,
12/12/2019,West Bromwich West,D'Aulerio,The Brexit Party,FALSE,5.3426,1841,34459,
12/12/2019,West Bromwich West,Clucas,Liberal Democrat,FALSE,2.6553,915,34459,
12/12/2019,West Bromwich West,Williams,Green Party,FALSE,1.9269,664,34459,
12/12/2019,West Dorset,Loder,Conservative,FALSE,55.1317,33589,60925,
12/12/2019,West Dorset,Morello,Liberal Democrat,FALSE,31.9787,19483,60925,
12/12/2019,West Dorset,Sorin,Labour,FALSE,9.4034,5729,60925,
12/12/2019,West Dorset,Clayton,Green Party,FALSE,3.4863,2124,60925,
12/12/2019,West Dunbartonshire,Docherty-Hughes,Scottish National Party,FALSE,49.6145,22396,45140,
12/12/2019,West Dunbartonshire,Mitchell,Labour,FALSE,28.4515,12843,45140,
12/12/2019,West Dunbartonshire,Mathieson,Conservative,FALSE,14.2579,6436,45140,
12/12/2019,West Dunbartonshire,Lang,Liberal Democrat,FALSE,4.187,1890,45140,
12/12/2019,West Dunbartonshire,Connolly,Scottish Green Party,FALSE,1.9207,867,45140,
12/12/2019,West Dunbartonshire,Muir,independent,FALSE,1.5685,708,45140,
12/12/2019,West Ham,Brown,Labour,FALSE,70.0681,42181,60200,
12/12/2019,West Ham,Kumar,Conservative,FALSE,16.2674,9793,60200,
12/12/2019,West Ham,O'Casey,Liberal Democrat,FALSE,6.912,4161,60200,
12/12/2019,West Ham,Keeling,Green Party,FALSE,2.9568,1780,60200,
12/12/2019,West Ham,Stockdale,The Brexit Party,FALSE,2.789,1679,60200,
12/12/2019,West Ham,Jobson,Christian Peoples Alliance,FALSE,0.7691,463,60200,
12/12/2019,West Ham,Kamran,Communities United Party,FALSE,0.2375,143,60200,
12/12/2019,West Lancashire,Cooper,Labour,FALSE,52.1391,27458,52663,
12/12/2019,West Lancashire,Gilmore,Conservative,FALSE,36.3101,19122,52663,
12/12/2019,West Lancashire,Thomson,Liberal Democrat,FALSE,4.8611,2560,52663,
12/12/2019,West Lancashire,Stanton,The Brexit Party,FALSE,4.3199,2275,52663,
12/12/2019,West Lancashire,Puddifer,Green Party,FALSE,2.3698,1248,52663,
12/12/2019,Westminster North,Buck,Labour,FALSE,54.1586,23240,42911,
12/12/2019,Westminster North,Macfarlane,Conservative,FALSE,29.0858,12481,42911,
12/12/2019,Westminster North,Lee,Liberal Democrat,FALSE,13.034,5593,42911,
12/12/2019,Westminster North,Robinson,Green Party,FALSE,2.4796,1064,42911,
12/12/2019,Westminster North,Parvin,The Brexit Party,FALSE,0.9741,418,42911,
12/12/2019,Westminster North,Fajardo Palacios,Christian Peoples Alliance,FALSE,0.268,115,42911,
12/12/2019,Westmorland and Lonsdale,Farron,Liberal Democrat,FALSE,48.9357,25795,52712,
12/12/2019,Westmorland and Lonsdale,Airey,Conservative,FALSE,45.2667,23861,52712,
12/12/2019,Westmorland and Lonsdale,Black,Labour,FALSE,4.3501,2293,52712,
12/12/2019,Westmorland and Lonsdale,Bolton,The Brexit Party,FALSE,1.4475,763,52712,
12/12/2019,Weston-Super-Mare,Penrose,Conservative,FALSE,57.5089,31983,55614,
12/12/2019,Weston-Super-Mare,Taylor,Labour,FALSE,26.7235,14862,55614,
12/12/2019,Weston-Super-Mare,Keating,Liberal Democrat,FALSE,12.4699,6935,55614,
12/12/2019,Weston-Super-Mare,Basu,Green Party,FALSE,3.2977,1834,55614,
12/12/2019,West Suffolk,Hancock,Conservative,FALSE,65.7931,33842,51437,
12/12/2019,West Suffolk,Unwin,Labour,FALSE,20.7011,10648,51437,
12/12/2019,West Suffolk,Tealby-Watson,Liberal Democrat,FALSE,9.1082,4685,51437,
12/12/2019,West Suffolk,Allwright,Green Party,FALSE,4.3976,2262,51437,
12/12/2019,West Tyrone,Begley,Sinn Fein,FALSE,40.169,16544,41186,
12/12/2019,West Tyrone,Buchanan,Democratic Unionist Party,FALSE,22.0123,9066,41186,
12/12/2019,West Tyrone,McCrossan,Social Democratic & Labour Party,FALSE,17.7973,7330,41186,
12/12/2019,West Tyrone,Donnelly,Alliance,FALSE,9.661,3979,41186,
12/12/2019,West Tyrone,McKane,Ulster Unionist Party,FALSE,6.7353,2774,41186,
12/12/2019,West Tyrone,Hope,Aontú,FALSE,2.36,972,41186,
12/12/2019,West Tyrone,Glass,Green Party Northern Ireland,FALSE,1.265,521,41186,
12/12/2019,West Worcestershire,Baldwin,Conservative,FALSE,60.6796,34909,57530,
12/12/2019,West Worcestershire,Nielsen,Liberal Democrat,FALSE,18.0949,10410,57530,
12/12/2019,West Worcestershire,Charles,Labour,FALSE,16.5062,9496,57530,
12/12/2019,West Worcestershire,Allen,Green Party,FALSE,4.7193,2715,57530,
12/12/2019,Wigan,Nandy,Labour,FALSE,46.7164,21042,45042,
12/12/2019,Wigan,Williams,Conservative,FALSE,31.7792,14314,45042,
12/12/2019,Wigan,Malloy,The Brexit Party,FALSE,13.2299,5959,45042,
12/12/2019,Wigan,Thomas,Liberal Democrat,FALSE,5.3905,2428,45042,
12/12/2019,Wigan,Jacobs,Green Party,FALSE,2.884,1299,45042,
12/12/2019,Wimbledon,Hammond,Conservative,FALSE,38.4201,20373,53027,
12/12/2019,Wimbledon,Kohler,Liberal Democrat,FALSE,37.2357,19745,53027,
12/12/2019,Wimbledon,Schneider,Labour,FALSE,23.654,12543,53027,
12/12/2019,Wimbledon,Hadley,independent,FALSE,0.6902,366,53027,
12/12/2019,Winchester,Brine,Conservative,FALSE,48.2764,28430,58890,
12/12/2019,Winchester,Ferguson,Liberal Democrat,FALSE,46.6038,27445,58890,
12/12/2019,Winchester,Baker,Labour,FALSE,4.6239,2723,58890,
12/12/2019,Winchester,Skelton,The Justice & Anti-Corruption Party,FALSE,0.4958,292,58890,
12/12/2019,Windsor,Afriyie,Conservative,FALSE,58.6065,31501,53750,
12/12/2019,Windsor,Tisi,Liberal Democrat,FALSE,21.2502,11422,53750,
12/12/2019,Windsor,Shearman,Labour,FALSE,15.1572,8147,53750,
12/12/2019,Windsor,McKeown,Green Party,FALSE,3.3414,1796,53750,
12/12/2019,Windsor,Buckley,independent,FALSE,0.9451,508,53750,
12/12/2019,Windsor,Da Costa,independent,FALSE,0.6995,376,53750,
12/12/2019,Wirral South,McGovern,Labour,FALSE,51.1723,22284,43547,
12/12/2019,Wirral South,Gardiner,Conservative,FALSE,37.153,16179,43547,
12/12/2019,Wirral South,Carubia,Liberal Democrat,FALSE,6.6985,2917,43547,
12/12/2019,Wirral South,Waring,The Brexit Party,FALSE,2.7993,1219,43547,
12/12/2019,Wirral South,Gorman,Green Party,FALSE,2.177,948,43547,
12/12/2019,Wirral West,Greenwood,Labour,FALSE,48.2199,20695,42918,
12/12/2019,Wirral West,Evans,Conservative,FALSE,41.2228,17692,42918,
12/12/2019,Wirral West,Corkhill,Liberal Democrat,FALSE,6.305,2706,42918,
12/12/2019,Wirral West,Coyne,Green Party,FALSE,2.2485,965,42918,
12/12/2019,Wirral West,Kelly,The Brexit Party,FALSE,2.0038,860,42918,
12/12/2019,Witham,Patel,Conservative,FALSE,66.6261,32876,49344,
12/12/2019,Witham,Edobor,Labour,FALSE,17.8218,8794,49344,
12/12/2019,Witham,North,Liberal Democrat,FALSE,9.2899,4584,49344,
12/12/2019,Witham,Abbott,Green Party,FALSE,6.2622,3090,49344,
12/12/2019,Witney,Courts,Conservative,FALSE,55.2255,33856,61305,
12/12/2019,Witney,Hoagland,Liberal Democrat,FALSE,30.469,18679,61305,
12/12/2019,Witney,Bolger,Labour,FALSE,14.3055,8770,61305,
12/12/2019,Woking,Lord,Conservative,FALSE,48.9386,26396,53937,
12/12/2019,Woking,Forster,Liberal Democrat,FALSE,30.8304,16629,53937,
12/12/2019,Woking,Mitchell,Labour,FALSE,16.3654,8827,53937,
12/12/2019,Woking,Walding,Green Party,FALSE,2.7532,1485,53937,
12/12/2019,Woking,de Leon,UK Independence Party,FALSE,1.1124,600,53937,
12/12/2019,Wokingham,Redwood,Conservative,FALSE,49.5734,30734,61997,
12/12/2019,Wokingham,Lee,Liberal Democrat,FALSE,37.6647,23351,61997,
12/12/2019,Wokingham,Medhurst,Labour,FALSE,10.4037,6450,61997,
12/12/2019,Wokingham,Johannessen,Green Party,FALSE,2.2291,1382,61997,
12/12/2019,Wokingham,Mullin,Advance Together,FALSE,0.129,80,61997,
12/12/2019,Wolverhampton North East,Stevenson,Conservative,FALSE,51.6963,17722,34281,
12/12/2019,Wolverhampton North East,Reynolds,Labour,FALSE,39.7946,13642,34281,
12/12/2019,Wolverhampton North East,Khatri,The Brexit Party,FALSE,3.9497,1354,34281,
12/12/2019,Wolverhampton North East,Maxwell,Liberal Democrat,FALSE,2.8004,960,34281,
12/12/2019,Wolverhampton North East,Cantrill,Green Party,FALSE,1.759,603,34281,
12/12/2019,Wolverhampton South East,McFadden,Labour,FALSE,46.4133,15522,33443,
12/12/2019,Wolverhampton South East,Ejaz,Conservative,FALSE,42.7204,14287,33443,
12/12/2019,Wolverhampton South East,Chaggar,The Brexit Party,FALSE,6.2614,2094,33443,
12/12/2019,Wolverhampton South East,Coleman-Taylor,Liberal Democrat,FALSE,3.047,1019,33443,
12/12/2019,Wolverhampton South East,Gilbert,Green Party,FALSE,1.5579,521,33443,
12/12/2019,Wolverhampton South West,Anderson,Conservative,FALSE,48.2886,19864,41136,
12/12/2019,Wolverhampton South West,Smith,Labour,FALSE,44.2508,18203,41136,
12/12/2019,Wolverhampton South West,Ricketts,Liberal Democrat,FALSE,4.9616,2041,41136,
12/12/2019,Wolverhampton South West,Grandison,The Brexit Party,FALSE,2.499,1028,41136,
12/12/2019,Worcester,Walker,Conservative,FALSE,50.7996,25856,50898,
12/12/2019,Worcester,Denham,Labour,FALSE,37.5221,19098,50898,
12/12/2019,Worcester,Kearney,Liberal Democrat,FALSE,7.2026,3666,50898,
12/12/2019,Worcester,Stephen,Green Party,FALSE,3.3282,1694,50898,
12/12/2019,Worcester,Potter,independent,FALSE,1.1474,584,50898,
12/12/2019,Workington,Jenkinson,Conservative,FALSE,49.2512,20488,41599,
12/12/2019,Workington,Hayman,Labour,FALSE,39.2125,16312,41599,
12/12/2019,Workington,Walker,The Brexit Party,FALSE,4.2044,1749,41599,
12/12/2019,Workington,Hughes,Liberal Democrat,FALSE,3.666,1525,41599,
12/12/2019,Workington,Cockburn,independent,FALSE,2.0241,842,41599,
12/12/2019,Workington,Perry,Green Party,FALSE,1.4327,596,41599,
12/12/2019,Workington,Ivinson,independent,FALSE,0.2091,87,41599,
12/12/2019,Worsley and Eccles South,Keeley,Labour,FALSE,45.7333,20446,44707,
12/12/2019,Worsley and Eccles South,Saunders,Conservative,FALSE,38.5331,17227,44707,
12/12/2019,Worsley and Eccles South,Martin,The Brexit Party,FALSE,7.2114,3224,44707,
12/12/2019,Worsley and Eccles South,Johnson-Tod,Liberal Democrat,FALSE,5.6143,2510,44707,
12/12/2019,Worsley and Eccles South,Towers,Green Party,FALSE,2.9078,1300,44707,
12/12/2019,Worthing West,Bottomley,Conservative,FALSE,55.766,30475,54648,
12/12/2019,Worthing West,Cooper,Labour,FALSE,28.6415,15652,54648,
12/12/2019,Worthing West,Bennett,Liberal Democrat,FALSE,11.0233,6024,54648,
12/12/2019,Worthing West,Paul,Green Party,FALSE,3.6744,2008,54648,
12/12/2019,Worthing West,Aherne,independent,FALSE,0.8948,489,54648,
12/12/2019,Wrexham,Atherton,Conservative,FALSE,45.3269,15199,33532,
12/12/2019,Wrexham,Wimbury,Labour,FALSE,38.9717,13068,33532,
12/12/2019,Wrexham,Harper,Plaid Cymru,FALSE,6.4148,2151,33532,
12/12/2019,Wrexham,Sly,Liberal Democrat,FALSE,4.3153,1447,33532,
12/12/2019,Wrexham,Berkeley-Hurst,The Brexit Party,FALSE,3.6443,1222,33532,
12/12/2019,Wrexham,Rees,Green Party,FALSE,1.3271,445,33532,
12/12/2019,Wycombe,Baker,Conservative,FALSE,45.2297,24766,54756,
12/12/2019,Wycombe,Ahmed,Labour,FALSE,37.5338,20552,54756,
12/12/2019,Wycombe,Brodelle,Liberal Democrat,FALSE,11.9494,6543,54756,
12/12/2019,Wycombe,Sims,Green Party,FALSE,2.6554,1454,54756,
12/12/2019,Wycombe,Wassell,Wycombe Independents,FALSE,1.6911,926,54756,
12/12/2019,Wycombe,Singh Srao,UK Independence Party,FALSE,0.5917,324,54756,
12/12/2019,Wycombe,Gemmell,independent,FALSE,0.3488,191,54756,
12/12/2019,Wyre and Preston North,Wallace,Conservative,FALSE,59.6875,31589,52924,
12/12/2019,Wyre and Preston North,Ainscough,Labour,FALSE,27.9797,14808,52924,
12/12/2019,Wyre and Preston North,Potter,Liberal Democrat,FALSE,8.4328,4463,52924,
12/12/2019,Wyre and Preston North,Norbury,Green Party,FALSE,3.2669,1729,52924,
12/12/2019,Wyre and Preston North,Ragozzino,independent,FALSE,0.633,335,52924,
12/12/2019,Wyre Forest,Garnier,Conservative,FALSE,65.1886,32960,50561,
12/12/2019,Wyre Forest,Lunn,Labour,FALSE,22.8378,11547,50561,
12/12/2019,Wyre Forest,Miah,Liberal Democrat,FALSE,8.0714,4081,50561,
12/12/2019,Wyre Forest,Davis,Green Party,FALSE,3.9022,1973,50561,
12/12/2019,Wythenshawe and Sale East,Kane,Labour,FALSE,53.2965,23855,44759,
12/12/2019,Wythenshawe and Sale East,Harrop,Conservative,FALSE,30.0699,13459,44759,
12/12/2019,Wythenshawe and Sale East,Lepori,Liberal Democrat,FALSE,6.9506,3111,44759,
12/12/2019,Wythenshawe and Sale East,Fousert,The Brexit Party,FALSE,6.0703,2717,44759,
12/12/2019,Wythenshawe and Sale East,Nunney,Green Party,FALSE,3.4831,1559,44759,
12/12/2019,Wythenshawe and Sale East,Bellamy,Communist League Election Campaign,FALSE,0.1296,58,44759,
12/12/2019,Yeovil,Fysh,Conservative,FALSE,58.3665,34588,59260,
12/12/2019,Yeovil,Clark,Liberal Democrat,FALSE,31.0614,18407,59260,
12/12/2019,Yeovil,Ledlie,Labour,FALSE,6.3466,3761,59260,
12/12/2019,Yeovil,Wood,Green Party,FALSE,2.7489,1629,59260,
12/12/2019,Yeovil,Capozzoli,independent,FALSE,1.1627,689,59260,
12/12/2019,Yeovil,Fox,The Constitution and Reform Party,FALSE,0.3139,186,59260,
12/12/2019,Ynys Mon,Crosbie,Conservative,FALSE,35.4536,12959,36552,
12/12/2019,Ynys Mon,Roberts,Labour,FALSE,30.0695,10991,36552,
12/12/2019,Ynys Mon,ap Dafydd,Plaid Cymru,FALSE,28.5019,10418,36552,
12/12/2019,Ynys Mon,Jenner,The Brexit Party,FALSE,5.975,2184,36552,
12/12/2019,York Central,Maskell,Labour,FALSE,55.1702,27312,49505,
12/12/2019,York Central,Tate,Conservative,FALSE,27.8093,13767,49505,
12/12/2019,York Central,Blanchard,Liberal Democrat,FALSE,8.381,4149,49505,
12/12/2019,York Central,Franklin,Green Party,FALSE,4.2561,2107,49505,
12/12/2019,York Central,Szkiler,The Brexit Party,FALSE,2.9876,1479,49505,
12/12/2019,York Central,Snedden,The Yorkshire Party,FALSE,1.1251,557,49505,
12/12/2019,York Central,Dunn,Social Democratic Party,FALSE,0.2707,134,49505,
12/12/2019,York Outer,Sturdy,Conservative,FALSE,49.3685,27324,55347,
12/12/2019,York Outer,Perrett,Labour,FALSE,31.3278,17339,55347,
12/12/2019,York Outer,Aspden,Liberal Democrat,FALSE,18.0534,9992,55347,
12/12/2019,York Outer,Marmion,independent,FALSE,1.2503,692,55347,
07/04/2024,National Popular Vote,Labour,labour,FALSE,33.69989038,,,
07/04/2024,National Popular Vote,Conservative,conservative,FALSE,23.70385785,,,
07/04/2024,National Popular Vote,Liberal Democrats,libdems,FALSE,12.21528504,,,
07/04/2024,National Popular Vote,Scottish National Party,snp,FALSE,2.515704976,,,
07/04/2024,National Popular Vote,Sinn Fï¿½in,sinnfein,FALSE,0.732023018,,,
07/04/2024,National Popular Vote,Independent,independent,FALSE,1.958541917,,,
07/04/2024,National Popular Vote,Reform UK,reformuk,FALSE,14.29262177,,,
07/04/2024,National Popular Vote,Democratic Unionist Party,dup,FALSE,0.597229926,,,
07/04/2024,National Popular Vote,Green Party of England and Wales,green,FALSE,6.393371039,,,
07/04/2024,National Popular Vote,Plaid Cymru,plaidcymru,FALSE,0.676207785,,,
07/04/2024,National Popular Vote,Social Democratic and Labour Party,sdlp,FALSE,0.301502915,,,
07/04/2024,National Popular Vote,Alliance Party,apni,FALSE,0.406781273,,,
07/04/2024,National Popular Vote,Ulster Unionist Party,uup,FALSE,0.328987058,,,
07/04/2024,National Popular Vote,Traditional Unionist Voice,independent,FALSE,0.168990334,,,
07/04/2024,National Popular Vote,Speaker,speaker,FALSE,0.087603534,,,
07/04/2024,National Popular Vote,Other,other,FALSE,1.92140118,,,
07/04/2024,Aberafan Maesteg,Kinnock,labour,FALSE,49.8895,17838,35755,
07/04/2024,Aberafan Maesteg,Griffiths,reformuk,FALSE,20.9313,7484,35755,
07/04/2024,Aberafan Maesteg,Deere,plaidcymru,FALSE,13.1982,4719,35755,
07/04/2024,Aberafan Maesteg,Mainon,conservative,FALSE,8.1191,2903,35755,
07/04/2024,Aberafan Maesteg,Hill,green,FALSE,3.0597,1094,35755,
07/04/2024,Aberafan Maesteg,Griffiths,libdems,FALSE,2.5619,916,35755,
07/04/2024,Aberafan Maesteg,Beany,independent,FALSE,1.7284,618,35755,
07/04/2024,Aberafan Maesteg,Morrissey,hpuk,FALSE,0.5118,183,35755,
07/04/2024,Aberdeen North,Blackman,snp,FALSE,34.5243,14533,42095,
07/04/2024,Aberdeen North,Thomson,labour,FALSE,30.3433,12773,42095,
07/04/2024,Aberdeen North,Tebberen,conservative,FALSE,13.9708,5881,42095,
07/04/2024,Aberdeen North,Leggat,reformuk,FALSE,8.9821,3781,42095,
07/04/2024,Aberdeen North,Bouse,libdems,FALSE,6.1361,2583,42095,
07/04/2024,Aberdeen North,Houston,green,FALSE,3.0289,1275,42095,
07/04/2024,Aberdeen North,Abel,alba,FALSE,1.67,703,42095,
07/04/2024,Aberdeen North,Smith,sfp,FALSE,0.8362,352,42095,
07/04/2024,Aberdeen North,Grant,tusc,FALSE,0.5084,214,42095,
07/04/2024,Aberdeenshire North and Moray East,Logan,snp,FALSE,35.2336,13455,38188,
07/04/2024,Aberdeenshire North and Moray East,Ross,conservative,FALSE,32.7668,12513,38188,
07/04/2024,Aberdeenshire North and Moray East,Hart,reformuk,FALSE,14.5648,5562,38188,
07/04/2024,Aberdeenshire North and Moray East,Brown,labour,FALSE,10.1498,3876,38188,
07/04/2024,Aberdeenshire North and Moray East,Bailey,libdems,FALSE,7.285,2782,38188,
07/04/2024,Aberdeen South,Flynn,snp,FALSE,32.8255,15213,46345,
07/04/2024,Aberdeen South,Malik,labour,FALSE,24.7168,11455,46345,
07/04/2024,Aberdeen South,Wheeler,conservative,FALSE,24.3823,11300,46345,
07/04/2024,Aberdeen South,Pearce,reformuk,FALSE,6.9026,3199,46345,
07/04/2024,Aberdeen South,Goodhall,libdems,FALSE,6.3027,2921,46345,
07/04/2024,Aberdeen South,Ingerson,green,FALSE,3.4718,1609,46345,
07/04/2024,Aberdeen South,Craib,sfp,FALSE,0.9127,423,46345,
07/04/2024,Aberdeen South,Molly,independent,FALSE,0.4855,225,46345,
07/04/2024,Airdrie and Shotts,Stevenson,labour,FALSE,51.4673,18871,36666,
07/04/2024,Airdrie and Shotts,Qaisar,snp,FALSE,30.8842,11324,36666,
07/04/2024,Airdrie and Shotts,Hall,reformuk,FALSE,8.1029,2971,36666,
07/04/2024,Airdrie and Shotts,Herdman,conservative,FALSE,4.6255,1696,36666,
07/04/2024,Airdrie and Shotts,Younie,libdems,FALSE,1.9773,725,36666,
07/04/2024,Airdrie and Shotts,Robertson,alba,FALSE,1.6991,623,36666,
07/04/2024,Airdrie and Shotts,Leckie,bup,FALSE,1.2437,456,36666,
07/04/2024,Aldershot,Baker,labour,FALSE,40.7136,19764,48544,
07/04/2024,Aldershot,Docherty,conservative,FALSE,29.0067,14081,48544,
07/04/2024,Aldershot,Lloyd-Jones,reformuk,FALSE,16.9125,8210,48544,
07/04/2024,Aldershot,Harris,libdems,FALSE,8.3471,4052,48544,
07/04/2024,Aldershot,Neville,green,FALSE,4.4393,2155,48544,
07/04/2024,Aldershot,James-Bailey,hi,FALSE,0.5809,282,48544,
07/04/2024,Aldridge-Brownhills,Morton,conservative,FALSE,38.8663,15901,40912,
07/04/2024,Aldridge-Brownhills,Davies,labour,FALSE,28.3706,11607,40912,
07/04/2024,Aldridge-Brownhills,Eardley,reformuk,FALSE,24.2056,9903,40912,
07/04/2024,Aldridge-Brownhills,Garrett,libdems,FALSE,4.2897,1755,40912,
07/04/2024,Aldridge-Brownhills,Nash,green,FALSE,4.2677,1746,40912,
07/04/2024,Alloa and Grangemouth,Leishman,labour,FALSE,43.7829,18039,41201,
07/04/2024,Alloa and Grangemouth,Nicolson,snp,FALSE,28.9241,11917,41201,
07/04/2024,Alloa and Grangemouth,Fairley,reformuk,FALSE,9.2328,3804,41201,
07/04/2024,Alloa and Grangemouth,Nunn,conservative,FALSE,7.5896,3127,41201,
07/04/2024,Alloa and Grangemouth,Whyte,green,FALSE,3.4489,1421,41201,
07/04/2024,Alloa and Grangemouth,May,libdems,FALSE,2.7936,1151,41201,
07/04/2024,Alloa and Grangemouth,Comrie,independent,FALSE,2.1383,881,41201,
07/04/2024,Alloa and Grangemouth,MacAskill,alba,FALSE,1.5485,638,41201,
07/04/2024,Alloa and Grangemouth,Flanagan,wpb,FALSE,0.5412,223,41201,
07/04/2024,Altrincham and Sale West,Rand,labour,FALSE,40.4221,20798,51452,
07/04/2024,Altrincham and Sale West,Carroll,conservative,FALSE,32.3097,16624,51452,
07/04/2024,Altrincham and Sale West,Swansborough,reformuk,FALSE,9.642,4961,51452,
07/04/2024,Altrincham and Sale West,Brophy,libdems,FALSE,9.1872,4727,51452,
07/04/2024,Altrincham and Sale West,Coggins,green,FALSE,7.1892,3699,51452,
07/04/2024,Altrincham and Sale West,Kabir,wpb,FALSE,1.2497,643,51452,
07/04/2024,Alyn and Deeside,Tami,labour,FALSE,42.3926,18395,43392,
07/04/2024,Alyn and Deeside,Roskams,reformuk,FALSE,22.1262,9601,43392,
07/04/2024,Alyn and Deeside,Kent,conservative,FALSE,18.1877,7892,43392,
07/04/2024,Alyn and Deeside,Marbrow,libdems,FALSE,4.7589,2065,43392,
07/04/2024,Alyn and Deeside,Morris,plaidcymru,FALSE,4.4663,1938,43392,
07/04/2024,Alyn and Deeside,Macnaughton,green,FALSE,4.4386,1926,43392,
07/04/2024,Alyn and Deeside,Duggan,independent,FALSE,3.6297,1575,43392,
07/04/2024,Amber Valley,Farnsworth,labour,FALSE,37.0224,15746,42531,
07/04/2024,Amber Valley,Stevenson,reformuk,FALSE,28.6661,12192,42531,
07/04/2024,Amber Valley,Mills,conservative,FALSE,25.2169,10725,42531,
07/04/2024,Amber Valley,McGuinness,green,FALSE,5.3561,2278,42531,
07/04/2024,Amber Valley,Smith,libdems,FALSE,3.7384,1590,42531,
07/04/2024,Angus and Perthshire Glens,Doogan,snp,FALSE,40.4283,19142,47348,
07/04/2024,Angus and Perthshire Glens,Kerr,conservative,FALSE,30.1428,14272,47348,
07/04/2024,Angus and Perthshire Glens,Carr-Ellis,labour,FALSE,14.3596,6799,47348,
07/04/2024,Angus and Perthshire Glens,Morton,reformuk,FALSE,6.8556,3246,47348,
07/04/2024,Angus and Perthshire Glens,McLaren,libdems,FALSE,6.6655,3156,47348,
07/04/2024,Angus and Perthshire Glens,Peï¿½a,independent,FALSE,1.5481,733,47348,
07/04/2024,Arbroath and Broughty Ferry,Gethins,snp,FALSE,35.3175,15581,44117,
07/04/2024,Arbroath and Broughty Ferry,Cruickshank,labour,FALSE,33.3704,14722,44117,
07/04/2024,Arbroath and Broughty Ferry,Brooks,conservative,FALSE,15.5065,6841,44117,
07/04/2024,Arbroath and Broughty Ferry,Wood,reformuk,FALSE,8.6135,3800,44117,
07/04/2024,Arbroath and Broughty Ferry,Evans,libdems,FALSE,5.0978,2249,44117,
07/04/2024,Arbroath and Broughty Ferry,Khan,alba,FALSE,1.5708,693,44117,
07/04/2024,Arbroath and Broughty Ferry,Brown,Svr,FALSE,0.5236,231,44117,
07/04/2024,Argyll Bute and South Lochaber,O'Hara,snp,FALSE,34.7332,15582,44862,
07/04/2024,Argyll Bute and South Lochaber,Hampsey,conservative,FALSE,20.8417,9350,44862,
07/04/2024,Argyll Bute and South Lochaber,Maxwell,labour,FALSE,19.1365,8585,44862,
07/04/2024,Argyll Bute and South Lochaber,Reid,libdems,FALSE,16.4036,7359,44862,
07/04/2024,Argyll Bute and South Lochaber,Hurst,reformuk,FALSE,6.7875,3045,44862,
07/04/2024,Argyll Bute and South Lochaber,MacPherson,independent,FALSE,2.0975,941,44862,
07/04/2024,Arundel and South Downs,Griffith,conservative,FALSE,40.1918,22001,54740,
07/04/2024,Arundel and South Downs,Allen,libdems,FALSE,18.0252,9867,54740,
07/04/2024,Arundel and South Downs,Philipsborn,labour,FALSE,17.8699,9782,54740,
07/04/2024,Arundel and South Downs,Thomas,reformuk,FALSE,13.502,7391,54740,
07/04/2024,Arundel and South Downs,McAuliffe,green,FALSE,10.0749,5515,54740,
07/04/2024,Arundel and South Downs,Smith,sdlp,FALSE,0.3361,184,54740,
07/04/2024,Ashfield,Anderson,reformuk,FALSE,42.7812,17062,39882,
07/04/2024,Ashfield,Keehn,labour,FALSE,28.9705,11554,39882,
07/04/2024,Ashfield,Zadrozny,Ash,FALSE,15.7364,6276,39882,
07/04/2024,Ashfield,Soloman,conservative,FALSE,8.2017,3271,39882,
07/04/2024,Ashfield,Coates,green,FALSE,2.7581,1100,39882,
07/04/2024,Ashfield,Holmes,libdems,FALSE,1.5521,619,39882,
07/04/2024,Ashford,Joseph,labour,FALSE,32.4896,15262,46975,
07/04/2024,Ashford,Green,conservative,FALSE,28.7025,13483,46975,
07/04/2024,Ashford,Kennedy Harper,reformuk,FALSE,21.5881,10141,46975,
07/04/2024,Ashford,Rossi,green,FALSE,9.2709,4355,46975,
07/04/2024,Ashford,Rowledge,libdems,FALSE,5.2049,2445,46975,
07/04/2024,Ashford,Ransley,Cnsn,FALSE,2.744,1289,46975,
07/04/2024,Ashton-under-Lyne,Rayner,labour,FALSE,43.9215,15575,35461,
07/04/2024,Ashton-under-Lyne,Barrowcliffe,reformuk,FALSE,24.7709,8784,35461,
07/04/2024,Ashton-under-Lyne,Hacking,conservative,FALSE,12.3375,4375,35461,
07/04/2024,Ashton-under-Lyne,Hassan,wpb,FALSE,7.9947,2835,35461,
07/04/2024,Ashton-under-Lyne,Huntbach,green,FALSE,6.9964,2481,35461,
07/04/2024,Ashton-under-Lyne,Hardwick,libdems,FALSE,3.979,1411,35461,
07/04/2024,Aylesbury,Kyrke-Smith,labour,FALSE,30.1982,15081,49940,
07/04/2024,Aylesbury,Butler,conservative,FALSE,28.9367,14451,49940,
07/04/2024,Aylesbury,Lambert,libdems,FALSE,20.9051,10440,49940,
07/04/2024,Aylesbury,Taylor,reformuk,FALSE,13.5082,6746,49940,
07/04/2024,Aylesbury,Atkins,green,FALSE,5.1862,2590,49940,
07/04/2024,Aylesbury,Gajdos,wpb,FALSE,1.0332,516,49940,
07/04/2024,Aylesbury,Wilding,sdlp,FALSE,0.2323,116,49940,
07/04/2024,Ayr Carrick and Cumnock,Stewart,labour,FALSE,36.4716,14930,40936,
07/04/2024,Ayr Carrick and Cumnock,Dorans,snp,FALSE,26.324,10776,40936,
07/04/2024,Ayr Carrick and Cumnock,Dowey,conservative,FALSE,22.5889,9247,40936,
07/04/2024,Ayr Carrick and Cumnock,Russell,reformuk,FALSE,8.6574,3544,40936,
07/04/2024,Ayr Carrick and Cumnock,Kennedy,libdems,FALSE,2.6407,1081,40936,
07/04/2024,Ayr Carrick and Cumnock,Vallance,green,FALSE,2.1644,886,40936,
07/04/2024,Ayr Carrick and Cumnock,Wilson,alba,FALSE,1.153,472,40936,
07/04/2024,Banbury,Woodcock,labour,FALSE,38.3328,18468,48178,
07/04/2024,Banbury,Prentis,conservative,FALSE,31.5746,15212,48178,
07/04/2024,Banbury,Topley,reformuk,FALSE,13.0433,6284,48178,
07/04/2024,Banbury,Adams,libdems,FALSE,9.0332,4352,48178,
07/04/2024,Banbury,Baker,green,FALSE,5.4278,2615,48178,
07/04/2024,Banbury,Bellingham,independent,FALSE,1.7643,850,48178,
07/04/2024,Banbury,Nevile,Cli,FALSE,0.5023,242,48178,
07/04/2024,Banbury,Soper,sdlp,FALSE,0.3217,155,48178,
07/04/2024,Bangor Aberconwy,Hughes,labour,FALSE,33.6246,14008,41660,
07/04/2024,Bangor Aberconwy,Wager,plaidcymru,FALSE,21.8723,9112,41660,
07/04/2024,Bangor Aberconwy,Millar,conservative,FALSE,21.6899,9036,41660,
07/04/2024,Bangor Aberconwy,Clark,reformuk,FALSE,14.6207,6091,41660,
07/04/2024,Bangor Aberconwy,Roberts,libdems,FALSE,3.6582,1524,41660,
07/04/2024,Bangor Aberconwy,Haig,green,FALSE,3.2669,1361,41660,
07/04/2024,Bangor Aberconwy,Jones,SL,FALSE,1.0178,424,41660,
07/04/2024,Bangor Aberconwy,Marshall,Cli,FALSE,0.2496,104,41660,
07/04/2024,Barking,Caliskan,labour,FALSE,44.4856,16227,36477,
07/04/2024,Barking,Peacock,reformuk,FALSE,14.1815,5173,36477,
07/04/2024,Barking,Anthony,green,FALSE,13.6744,4988,36477,
07/04/2024,Barking,Redmond,conservative,FALSE,11.7718,4294,36477,
07/04/2024,Barking,Asim,wpb,FALSE,9.8089,3578,36477,
07/04/2024,Barking,Hasted,libdems,FALSE,2.7826,1015,36477,
07/04/2024,Barking,Dias,independent,FALSE,2.0643,753,36477,
07/04/2024,Barking,Baiye-Gaman,CPA,FALSE,1.2309,449,36477,
07/04/2024,Barnsley North,Jarvis,labour,FALSE,50.4418,18610,36894,
07/04/2024,Barnsley North,Lomas,reformuk,FALSE,29.2703,10799,36894,
07/04/2024,Barnsley North,Kovacs,conservative,FALSE,8.3564,3083,36894,
07/04/2024,Barnsley North,Heyes,green,FALSE,4.8924,1805,36894,
07/04/2024,Barnsley North,Baker,libdems,FALSE,3.6212,1336,36894,
07/04/2024,Barnsley North,Fisher,independent,FALSE,1.6696,616,36894,
07/04/2024,Barnsley North,Devoy,Yrks,FALSE,1.6344,603,36894,
07/04/2024,Barnsley North,Polenceusz,ED,FALSE,0.1138,42,36894,
07/04/2024,Barnsley South,Peacock,labour,FALSE,46.7448,16399,35082,
07/04/2024,Barnsley South,White,reformuk,FALSE,33.2108,11651,35082,
07/04/2024,Barnsley South,Pearson,conservative,FALSE,9.2555,3247,35082,
07/04/2024,Barnsley South,Mayne,green,FALSE,4.3356,1521,35082,
07/04/2024,Barnsley South,Clement-Jones,libdems,FALSE,3.3407,1172,35082,
07/04/2024,Barnsley South,Biltcliffe,Yrks,FALSE,2.0409,716,35082,
07/04/2024,Barnsley South,Robinson,SL,FALSE,0.6471,227,35082,
07/04/2024,Barnsley South,Spencer,ED,FALSE,0.4247,149,35082,
07/04/2024,Barrow and Furness,Scrogham,labour,FALSE,43.9047,18537,42221,
07/04/2024,Barrow and Furness,Fell,conservative,FALSE,31.2949,13213,42221,
07/04/2024,Barrow and Furness,Morgan,reformuk,FALSE,16.6623,7035,42221,
07/04/2024,Barrow and Furness,Waite,libdems,FALSE,3.9791,1680,42221,
07/04/2024,Barrow and Furness,Wrennall,green,FALSE,3.4722,1466,42221,
07/04/2024,Barrow and Furness,Morgan,POW,FALSE,0.6869,290,42221,
07/04/2024,Basildon and Billericay,Holden,conservative,FALSE,30.6357,12905,42124,
07/04/2024,Basildon and Billericay,Harrison,labour,FALSE,30.5883,12885,42124,
07/04/2024,Basildon and Billericay,Conlay,reformuk,FALSE,26.9538,11354,42124,
07/04/2024,Basildon and Billericay,Sainsbury,libdems,FALSE,5.4411,2292,42124,
07/04/2024,Basildon and Billericay,Goshawk,green,FALSE,5.0399,2123,42124,
07/04/2024,Basildon and Billericay,Bateman,BDP,FALSE,0.8855,373,42124,
07/04/2024,Basildon and Billericay,Murray,tusc,FALSE,0.4558,192,42124,
07/04/2024,Basingstoke,Murphy,labour,FALSE,42.7075,20922,48989,
07/04/2024,Basingstoke,Miller,conservative,FALSE,29.4719,14438,48989,
07/04/2024,Basingstoke,Saint,reformuk,FALSE,12.8886,6314,48989,
07/04/2024,Basingstoke,Howard-Sorrell,green,FALSE,7.2833,3568,48989,
07/04/2024,Basingstoke,Whelan,libdems,FALSE,6.4831,3176,48989,
07/04/2024,Basingstoke,Stone,hi,FALSE,1.1656,571,48989,
07/04/2024,Bassetlaw,White,labour,FALSE,41.1694,18476,44878,
07/04/2024,Bassetlaw,Clarke-Smith,conservative,FALSE,28.3168,12708,44878,
07/04/2024,Bassetlaw,Ward,reformuk,FALSE,21.7278,9751,44878,
07/04/2024,Bassetlaw,Tamblyn-Saville,libdems,FALSE,4.4476,1996,44878,
07/04/2024,Bassetlaw,Reeves,green,FALSE,4.3384,1947,44878,
07/04/2024,Bath,Hobhouse,libdems,FALSE,41.311,19883,48130,
07/04/2024,Bath,Bewley,labour,FALSE,18.0033,8665,48130,
07/04/2024,Bath,Wright,conservative,FALSE,15.9132,7659,48130,
07/04/2024,Bath,Tristram,green,FALSE,12.3665,5952,48130,
07/04/2024,Bath,Hall,reformuk,FALSE,7.8911,3798,48130,
07/04/2024,Bath,Blackburn,independent,FALSE,3.6339,1749,48130,
07/04/2024,Bath,Alford,wpb,FALSE,0.4779,230,48130,
07/04/2024,Bath,Blockhead,independent,FALSE,0.3511,169,48130,
07/04/2024,Bath,ON,independent,FALSE,0.0519,25,48130,
07/04/2024,Bathgate and Linlithgow,Sullivan,labour,FALSE,47.0082,19774,42065,
07/04/2024,Bathgate and Linlithgow,Day,snp,FALSE,27.2222,11451,42065,
07/04/2024,Bathgate and Linlithgow,McNamee,reformuk,FALSE,8.3775,3524,42065,
07/04/2024,Bathgate and Linlithgow,Munro,conservative,FALSE,7.4741,3144,42065,
07/04/2024,Bathgate and Linlithgow,Pattle,libdems,FALSE,5.1611,2171,42065,
07/04/2024,Bathgate and Linlithgow,Jay,green,FALSE,3.3044,1390,42065,
07/04/2024,Bathgate and Linlithgow,Hannah,ISP,FALSE,0.9081,382,42065,
07/04/2024,Bathgate and Linlithgow,McArthur,independent,FALSE,0.5444,229,42065,
07/04/2024,Battersea,De Cordova,labour,FALSE,48.8148,22983,47082,
07/04/2024,Battersea,Pridham,conservative,FALSE,23.2446,10944,47082,
07/04/2024,Battersea,Chubb,libdems,FALSE,10.2502,4826,47082,
07/04/2024,Battersea,Taylor,green,FALSE,9.0034,4239,47082,
07/04/2024,Battersea,Edwards,reformuk,FALSE,6.0002,2825,47082,
07/04/2024,Battersea,Smith,wpb,FALSE,1.0599,499,47082,
07/04/2024,Battersea,Burford-Connole,REU,FALSE,0.8517,401,47082,
07/04/2024,Battersea,Thomas,independent,FALSE,0.4588,216,47082,
07/04/2024,Battersea,Dampier,sdlp,FALSE,0.3165,149,47082,
07/04/2024,Beaconsfield,Morrissey,conservative,FALSE,38.7504,18494,47726,
07/04/2024,Beaconsfield,Crabtree,libdems,FALSE,27.3205,13039,47726,
07/04/2024,Beaconsfield,Patterson,labour,FALSE,15.1196,7216,47726,
07/04/2024,Beaconsfield,Halsall,reformuk,FALSE,12.687,6055,47726,
07/04/2024,Beaconsfield,Pegram,green,FALSE,4.1424,1977,47726,
07/04/2024,Beaconsfield,Allen,independent,FALSE,1.4877,710,47726,
07/04/2024,Beaconsfield,Harker,sdlp,FALSE,0.2745,131,47726,
07/04/2024,Beaconsfield,Caesar,independent,FALSE,0.2179,104,47726,
07/04/2024,Beckenham and Penge,Conlon,labour,FALSE,49.3145,25753,52222,
07/04/2024,Beckenham and Penge,Gray,conservative,FALSE,24.6027,12848,52222,
07/04/2024,Beckenham and Penge,Apostolides,reformuk,FALSE,10.2543,5355,52222,
07/04/2024,Beckenham and Penge,Ross,libdems,FALSE,8.4945,4436,52222,
07/04/2024,Beckenham and Penge,Fabricant,green,FALSE,7.3341,3830,52222,
07/04/2024,Bedford,Yasin,labour,FALSE,45.1118,18342,40659,
07/04/2024,Bedford,Chauhan,conservative,FALSE,21.9189,8912,40659,
07/04/2024,Bedford,Lansley,reformuk,FALSE,11.1857,4548,40659,
07/04/2024,Bedford,Vann,libdems,FALSE,9.8994,4025,40659,
07/04/2024,Bedford,Foley,green,FALSE,5.888,2394,40659,
07/04/2024,Bedford,Javed,independent,FALSE,3.5466,1442,40659,
07/04/2024,Bedford,Chaudhury,wpb,FALSE,2.4496,996,40659,
07/04/2024,Belfast East,Robinson,DUP,FALSE,46.5836,19894,42706,
07/04/2024,Belfast East,Long,APNI,FALSE,40.3175,17218,42706,
07/04/2024,Belfast East,Ross,TUV,FALSE,4.4912,1918,42706,
07/04/2024,Belfast East,Warren,UUP,FALSE,4.257,1818,42706,
07/04/2024,Belfast East,Smyth,green,FALSE,2.5219,1077,42706,
07/04/2024,Belfast East,De Faoite,SDLP,FALSE,1.4494,619,42706,
07/04/2024,Belfast East,North,independent,FALSE,0.3793,162,42706,
07/04/2024,Belfast North,Finucane,sinnfein,FALSE,43.6913,17674,40452,
07/04/2024,Belfast North,Brett,DUP,FALSE,29.8181,12062,40452,
07/04/2024,Belfast North,McAllister,APNI,FALSE,10.5656,4274,40452,
07/04/2024,Belfast North,Clarke,TUV,FALSE,7.1121,2877,40452,
07/04/2024,Belfast North,Whyte,SDLP,FALSE,3.493,1413,40452,
07/04/2024,Belfast North,O'Hara,green,FALSE,2.9813,1206,40452,
07/04/2024,Belfast North,Ferguson,PBPA,FALSE,2.3386,946,40452,
07/04/2024,Belfast South and Mid Down,Hanna,SDLP,FALSE,49.0791,21345,43491,
07/04/2024,Belfast South and Mid Down,Nicholl,APNI,FALSE,20.3237,8839,43491,
07/04/2024,Belfast South and Mid Down,Kelly,DUP,FALSE,15.7711,6859,43491,
07/04/2024,Belfast South and Mid Down,Henderson,UUP,FALSE,6.1001,2653,43491,
07/04/2024,Belfast South and Mid Down,Boucher,TUV,FALSE,5.0999,2218,43491,
07/04/2024,Belfast South and Mid Down,Groogan,green,FALSE,3.626,1577,43491,
07/04/2024,Belfast West,Maskey,sinnfein,FALSE,52.8621,21009,39743,
07/04/2024,Belfast West,Carrol,PBPA,FALSE,12.7016,5048,39743,
07/04/2024,Belfast West,Doherty,SDLP,FALSE,10.8648,4318,39743,
07/04/2024,Belfast West,McCoubrey,DUP,FALSE,10.8296,4304,39743,
07/04/2024,Belfast West,McClure,TUV,FALSE,5.0575,2010,39743,
07/04/2024,Belfast West,Millar,APNI,FALSE,2.7099,1077,39743,
07/04/2024,Belfast West,Herdman,AONT,FALSE,2.2746,904,39743,
07/04/2024,Belfast West,Sharkey,UUP,FALSE,1.16,461,39743,
07/04/2024,Belfast West,Jones,green,FALSE,1.1348,451,39743,
07/04/2024,Belfast West,Mallon,independent,FALSE,0.4051,161,39743,
07/04/2024,Bermondsey and Old Southwark,Coyle,labour,FALSE,44.8289,16857,37603,
07/04/2024,Bermondsey and Old Southwark,Bentley,libdems,FALSE,24.1204,9070,37603,
07/04/2024,Bermondsey and Old Southwark,Hunter,green,FALSE,11.906,4477,37603,
07/04/2024,Bermondsey and Old Southwark,Sharp,reformuk,FALSE,9.0339,3397,37603,
07/04/2024,Bermondsey and Old Southwark,Iliff,conservative,FALSE,7.6563,2879,37603,
07/04/2024,Bermondsey and Old Southwark,Corbyn,independent,FALSE,1.0717,403,37603,
07/04/2024,Bermondsey and Old Southwark,Omilana,independent,FALSE,0.726,273,37603,
07/04/2024,Bermondsey and Old Southwark,Duckett,independent,FALSE,0.6569,247,37603,
07/04/2024,Berwickshire Roxburgh and Selkirk,Lamont,conservative,FALSE,40.5344,18872,46558,
07/04/2024,Berwickshire Roxburgh and Selkirk,Wilson,snp,FALSE,26.3607,12273,46558,
07/04/2024,Berwickshire Roxburgh and Selkirk,Stott,labour,FALSE,13.5551,6311,46558,
07/04/2024,Berwickshire Roxburgh and Selkirk,Georgeson,libdems,FALSE,7.917,3686,46558,
07/04/2024,Berwickshire Roxburgh and Selkirk,Grant,reformuk,FALSE,7.1738,3340,46558,
07/04/2024,Berwickshire Roxburgh and Selkirk,MacKinnon,green,FALSE,3.2776,1526,46558,
07/04/2024,Berwickshire Roxburgh and Selkirk,Merton,independent,FALSE,0.7066,329,46558,
07/04/2024,Berwickshire Roxburgh and Selkirk,Goldie-Scot,sfp,FALSE,0.4747,221,46558,
07/04/2024,Bethnal Green and Stepney,Ali,labour,FALSE,34.0772,15896,46647,
07/04/2024,Bethnal Green and Stepney,Masroor,independent,FALSE,30.4564,14207,46647,
07/04/2024,Bethnal Green and Stepney,Gill,green,FALSE,13.7008,6391,46647,
07/04/2024,Bethnal Green and Stepney,Khan,libdems,FALSE,10.2407,4777,46647,
07/04/2024,Bethnal Green and Stepney,Sceats,reformuk,FALSE,4.2103,1964,46647,
07/04/2024,Bethnal Green and Stepney,Reaney,conservative,FALSE,4.116,1920,46647,
07/04/2024,Bethnal Green and Stepney,Hudson,ANWP,FALSE,0.746,348,46647,
07/04/2024,Bethnal Green and Stepney,Uddin,independent,FALSE,0.6967,325,46647,
07/04/2024,Bethnal Green and Stepney,Ahmed,independent,FALSE,0.6753,315,46647,
07/04/2024,Bethnal Green and Stepney,Adams,independent,FALSE,0.581,271,46647,
07/04/2024,Bethnal Green and Stepney,Mabbutt,sdlp,FALSE,0.4995,233,46647,
07/04/2024,Beverley and Holderness,Stuart,conservative,FALSE,34.5257,15501,44897,
07/04/2024,Beverley and Holderness,Pinder,labour,FALSE,34.2495,15377,44897,
07/04/2024,Beverley and Holderness,Smith,reformuk,FALSE,18.2596,8198,44897,
07/04/2024,Beverley and Holderness,Healy,libdems,FALSE,7.5417,3386,44897,
07/04/2024,Beverley and Holderness,Stephenson,green,FALSE,3.6684,1647,44897,
07/04/2024,Beverley and Holderness,McManus,Yrks,FALSE,1.3921,625,44897,
07/04/2024,Beverley and Holderness,Collin,sdlp,FALSE,0.1982,89,44897,
07/04/2024,Beverley and Holderness,Ottaway,ADF,FALSE,0.1648,74,44897,
07/04/2024,Bexhill and Battle,Mullan,conservative,FALSE,33.8974,16186,47750,
07/04/2024,Bexhill and Battle,Bayliss,labour,FALSE,28.333,13529,47750,
07/04/2024,Bexhill and Battle,Gribbin,reformuk,FALSE,16.6052,7929,47750,
07/04/2024,Bexhill and Battle,Jones,libdems,FALSE,7.2733,3473,47750,
07/04/2024,Bexhill and Battle,Kent,green,FALSE,6.2241,2972,47750,
07/04/2024,Bexhill and Battle,Azad,independent,FALSE,4.6199,2206,47750,
07/04/2024,Bexhill and Battle,Newnham,independent,FALSE,1.6105,769,47750,
07/04/2024,Bexhill and Battle,Long,POW,FALSE,0.6953,332,47750,
07/04/2024,Bexhill and Battle,Jacklin,INet,FALSE,0.4398,210,47750,
07/04/2024,Bexhill and Battle,Sullivan,ukip,FALSE,0.3016,144,47750,
07/04/2024,Bexleyheath and Crayford,Francis,labour,FALSE,36.1635,15717,43461,
07/04/2024,Bexleyheath and Crayford,Brooks,conservative,FALSE,31.2993,13603,43461,
07/04/2024,Bexleyheath and Crayford,Bright,reformuk,FALSE,22.6893,9861,43461,
07/04/2024,Bexleyheath and Crayford,McBride,libdems,FALSE,5.0712,2204,43461,
07/04/2024,Bexleyheath and Crayford,Edgar,green,FALSE,4.7767,2076,43461,
07/04/2024,Bicester and Woodstock,Miller,libdems,FALSE,38.6686,19419,50219,
07/04/2024,Bicester and Woodstock,Harrison,conservative,FALSE,28.7959,14461,50219,
07/04/2024,Bicester and Woodstock,Oakeshott,labour,FALSE,16.4002,8236,50219,
07/04/2024,Bicester and Woodstock,Obodo,reformuk,FALSE,10.7688,5408,50219,
07/04/2024,Bicester and Woodstock,Middleton,green,FALSE,4.787,2404,50219,
07/04/2024,Bicester and Woodstock,Funnell,sdlp,FALSE,0.5795,291,50219,
07/04/2024,Birkenhead,McGovern,labour,FALSE,52.0888,22468,43134,
07/04/2024,Birkenhead,Bird,green,FALSE,20.1002,8670,43134,
07/04/2024,Birkenhead,Stanley,reformuk,FALSE,14.2393,6142,43134,
07/04/2024,Birkenhead,Payne,conservative,FALSE,7.5068,3238,43134,
07/04/2024,Birkenhead,Kelly,libdems,FALSE,5.3137,2292,43134,
07/04/2024,Birkenhead,Evans,FA,FALSE,0.7511,324,43134,
07/04/2024,Birmingham Edgbaston,Gill,labour,FALSE,44.3492,16599,37428,
07/04/2024,Birmingham Edgbaston,Sangha,conservative,FALSE,21.9916,8231,37428,
07/04/2024,Birmingham Edgbaston,Mathews,reformuk,FALSE,11.657,4363,37428,
07/04/2024,Birmingham Edgbaston,Waraich,independent,FALSE,8.9131,3336,37428,
07/04/2024,Birmingham Edgbaston,Payne,green,FALSE,7.473,2797,37428,
07/04/2024,Birmingham Edgbaston,Green,libdems,FALSE,5.6161,2102,37428,
07/04/2024,Birmingham Erdington,Hamilton,labour,FALSE,43.2786,14774,34137,
07/04/2024,Birmingham Erdington,Brookes,reformuk,FALSE,22.7173,7755,34137,
07/04/2024,Birmingham Erdington,Knee,conservative,FALSE,15.8245,5402,34137,
07/04/2024,Birmingham Erdington,Trench,green,FALSE,7.1828,2452,34137,
07/04/2024,Birmingham Erdington,Ali,independent,FALSE,6.5911,2250,34137,
07/04/2024,Birmingham Erdington,Aslam,libdems,FALSE,3.3043,1128,34137,
07/04/2024,Birmingham Erdington,Ward,tusc,FALSE,1.1014,376,34137,
07/04/2024,Birmingham Hall Green and Moseley,Ali,labour,FALSE,30.76,12798,41606,
07/04/2024,Birmingham Hall Green and Moseley,Afsar,independent,FALSE,17.1658,7142,41606,
07/04/2024,Birmingham Hall Green and Moseley,Hafeez,independent,FALSE,14.8032,6159,41606,
07/04/2024,Birmingham Hall Green and Moseley,Knowles,libdems,FALSE,11.3229,4711,41606,
07/04/2024,Birmingham Hall Green and Moseley,Ahmed,green,FALSE,9.4049,3913,41606,
07/04/2024,Birmingham Hall Green and Moseley,Morris,conservative,FALSE,9.2415,3845,41606,
07/04/2024,Birmingham Hall Green and Moseley,McBrine,reformuk,FALSE,5.5401,2305,41606,
07/04/2024,Birmingham Hall Green and Moseley,Raja,independent,FALSE,1.7618,733,41606,
07/04/2024,Birmingham Hodge Hill and Solihull North,Byrne,labour,FALSE,31.2134,10655,34136,
07/04/2024,Birmingham Hodge Hill and Solihull North,Giles,wpb,FALSE,26.6258,9089,34136,
07/04/2024,Birmingham Hodge Hill and Solihull North,Pullin,reformuk,FALSE,18.9126,6456,34136,
07/04/2024,Birmingham Hodge Hill and Solihull North,Clapper,conservative,FALSE,13.5751,4634,34136,
07/04/2024,Birmingham Hodge Hill and Solihull North,Khan,green,FALSE,6.9135,2360,34136,
07/04/2024,Birmingham Hodge Hill and Solihull North,Esak,libdems,FALSE,2.7596,942,34136,
07/04/2024,Birmingham Ladywood,Mahmood,labour,FALSE,42.5326,15558,36579,
07/04/2024,Birmingham Ladywood,Yakoob,independent,FALSE,33.1802,12137,36579,
07/04/2024,Birmingham Ladywood,Challenor,green,FALSE,9.5082,3478,36579,
07/04/2024,Birmingham Ladywood,Muzammil,conservative,FALSE,6.0636,2218,36579,
07/04/2024,Birmingham Ladywood,Dargue,libdems,FALSE,4.6775,1711,36579,
07/04/2024,Birmingham Ladywood,Yoong-Henery,reformuk,FALSE,4.0378,1477,36579,
07/04/2024,Birmingham Northfield,Turner,labour,FALSE,39.65,14929,37652,
07/04/2024,Birmingham Northfield,Sambrook,conservative,FALSE,25.3373,9540,37652,
07/04/2024,Birmingham Northfield,Peters,reformuk,FALSE,20.9683,7895,37652,
07/04/2024,Birmingham Northfield,Grant,green,FALSE,7.4604,2809,37652,
07/04/2024,Birmingham Northfield,Evans,libdems,FALSE,4.7567,1791,37652,
07/04/2024,Birmingham Northfield,Hussain,independent,FALSE,0.8233,310,37652,
07/04/2024,Birmingham Northfield,Rodgers,CG,FALSE,0.571,215,37652,
07/04/2024,Birmingham Northfield,Gwilliam,independent,FALSE,0.4329,163,37652,
07/04/2024,Birmingham Perry Barr,Khan,independent,FALSE,35.4974,13303,37476,
07/04/2024,Birmingham Perry Barr,Mahmood,labour,FALSE,34.1445,12796,37476,
07/04/2024,Birmingham Perry Barr,Hickton,conservative,FALSE,11.2792,4227,37476,
07/04/2024,Birmingham Perry Barr,Khuttan,reformuk,FALSE,6.5268,2446,37476,
07/04/2024,Birmingham Perry Barr,Dennis,green,FALSE,6.5108,2440,37476,
07/04/2024,Birmingham Perry Barr,Hamed,libdems,FALSE,3.4742,1302,37476,
07/04/2024,Birmingham Perry Barr,Omilana,independent,FALSE,1.3582,509,37476,
07/04/2024,Birmingham Perry Barr,Singh,SL,FALSE,1.2088,453,37476,
07/04/2024,Birmingham Selly Oak,Carns,labour,FALSE,45.2099,17371,38423,
07/04/2024,Birmingham Selly Oak,Phipps,conservative,FALSE,15.1836,5834,38423,
07/04/2024,Birmingham Selly Oak,Crawford,reformuk,FALSE,14.9181,5732,38423,
07/04/2024,Birmingham Selly Oak,Baston,green,FALSE,11.2433,4320,38423,
07/04/2024,Birmingham Selly Oak,Hawwash,independent,FALSE,7.3966,2842,38423,
07/04/2024,Birmingham Selly Oak,Radcliffe,libdems,FALSE,6.0485,2324,38423,
07/04/2024,Birmingham Yardley,Phillips,labour,FALSE,31.1947,11275,36144,
07/04/2024,Birmingham Yardley,McIntyre,wpb,FALSE,29.2773,10582,36144,
07/04/2024,Birmingham Yardley,Kamberi,reformuk,FALSE,14.0023,5061,36144,
07/04/2024,Birmingham Yardley,Harmer,libdems,FALSE,10.0542,3634,36144,
07/04/2024,Birmingham Yardley,Clements,conservative,FALSE,10.0542,3634,36144,
07/04/2024,Birmingham Yardley,Green,green,FALSE,5.4172,1958,36144,
07/04/2024,Bishop Auckland,Rushworth,labour,FALSE,42.1402,17036,40427,
07/04/2024,Bishop Auckland,MacBean,conservative,FALSE,25.6363,10364,40427,
07/04/2024,Bishop Auckland,Burriss,reformuk,FALSE,23.415,9466,40427,
07/04/2024,Bishop Auckland,Hannan,green,FALSE,4.5935,1857,40427,
07/04/2024,Bishop Auckland,Cross,libdems,FALSE,3.3962,1373,40427,
07/04/2024,Bishop Auckland,Maughan,Transform,FALSE,0.8188,331,40427,
07/04/2024,Blackburn,Hussain,independent,FALSE,27.0476,10518,38887,
07/04/2024,Blackburn,Hollern,labour,FALSE,26.7082,10386,38887,
07/04/2024,Blackburn,Murray,wpb,FALSE,18.2709,7105,38887,
07/04/2024,Blackburn,Temperley,reformuk,FALSE,12.4566,4844,38887,
07/04/2024,Blackburn,McGowan,conservative,FALSE,8.9336,3474,38887,
07/04/2024,Blackburn,Morgan,green,FALSE,3.6413,1416,38887,
07/04/2024,Blackburn,Waller-Slack,libdems,FALSE,1.7718,689,38887,
07/04/2024,Blackburn,Patel,independent,FALSE,0.9489,369,38887,
07/04/2024,Blackburn,Shah,independent,FALSE,0.2212,86,38887,
07/04/2024,Blackley and Middleton South,Stringer,labour,FALSE,53.8098,16864,31340,
07/04/2024,Blackley and Middleton South,Devine,reformuk,FALSE,21.104,6614,31340,
07/04/2024,Blackley and Middleton South,Lewis-Creser,green,FALSE,10.201,3197,31340,
07/04/2024,Blackley and Middleton South,Ahmed,conservative,FALSE,9.8054,3073,31340,
07/04/2024,Blackley and Middleton South,Donaldson,libdems,FALSE,5.0798,1592,31340,
07/04/2024,Blackpool North and Fleetwood,Beavers,labour,FALSE,40.0478,16744,41810,
07/04/2024,Blackpool North and Fleetwood,Maynard,conservative,FALSE,28.9333,12097,41810,
07/04/2024,Blackpool North and Fleetwood,Barker,reformuk,FALSE,23.7096,9913,41810,
07/04/2024,Blackpool North and Fleetwood,Greene,libdems,FALSE,3.1524,1318,41810,
07/04/2024,Blackpool North and Fleetwood,Rothery,green,FALSE,3.0352,1269,41810,
07/04/2024,Blackpool North and Fleetwood,Rust,MRLP,FALSE,0.4162,174,41810,
07/04/2024,Blackpool North and Fleetwood,Gordon,independent,FALSE,0.354,148,41810,
07/04/2024,Blackpool North and Fleetwood,Cresswell,sdlp,FALSE,0.3516,147,41810,
07/04/2024,Blackpool South,Webb,labour,FALSE,48.0841,16916,35180,
07/04/2024,Blackpool South,Butcher,reformuk,FALSE,28.6185,10068,35180,
07/04/2024,Blackpool South,Khan,conservative,FALSE,15.6453,5504,35180,
07/04/2024,Blackpool South,Thomas,green,FALSE,3.4309,1207,35180,
07/04/2024,Blackpool South,Cregan,libdems,FALSE,2.9591,1041,35180,
07/04/2024,Blackpool South,Black,independent,FALSE,0.7419,261,35180,
07/04/2024,Blackpool South,Knight,ADF,FALSE,0.5202,183,35180,
07/04/2024,Blaenau Gwent and Rhymney,Smith,labour,FALSE,53.5626,16027,29922,
07/04/2024,Blaenau Gwent and Rhymney,Salkeld,plaidcymru,FALSE,12.8467,3844,29922,
07/04/2024,Blaenau Gwent and Rhymney,Jarvis,conservative,FALSE,12.6195,3776,29922,
07/04/2024,Blaenau Gwent and Rhymney,Whatley,independent,FALSE,8.0509,2409,29922,
07/04/2024,Blaenau Gwent and Rhymney,Baker,green,FALSE,5.7449,1719,29922,
07/04/2024,Blaenau Gwent and Rhymney,Charlton,libdems,FALSE,4.2377,1268,29922,
07/04/2024,Blaenau Gwent and Rhymney,Iqbal,wpb,FALSE,1.905,570,29922,
07/04/2024,Blaenau Gwent and Rhymney,Griffiths,Comm,FALSE,1.0327,309,29922,
07/04/2024,Blaydon and Consett,Twist,labour,FALSE,50.1232,21160,42216,
07/04/2024,Blaydon and Consett,Ayre,reformuk,FALSE,23.7043,10007,42216,
07/04/2024,Blaydon and Consett,Sterling,conservative,FALSE,14.3358,6052,42216,
07/04/2024,Blaydon and Consett,Simpson,green,FALSE,6.1327,2589,42216,
07/04/2024,Blaydon and Consett,Anderson,libdems,FALSE,5.3842,2273,42216,
07/04/2024,Blaydon and Consett,Topping,sdlp,FALSE,0.3198,135,42216,
07/04/2024,Blyth and Ashington,Lavery,labour,FALSE,49.578,20030,40401,
07/04/2024,Blyth and Ashington,Peart,reformuk,FALSE,26.8731,10857,40401,
07/04/2024,Blyth and Ashington,Levy,conservative,FALSE,15.1506,6121,40401,
07/04/2024,Blyth and Ashington,Leyland,green,FALSE,4.8514,1960,40401,
07/04/2024,Blyth and Ashington,Psallidas,libdems,FALSE,3.5469,1433,40401,
07/04/2024,Bognor Regis and Littlehampton,Griffiths,conservative,FALSE,32.7806,15678,47827,
07/04/2024,Bognor Regis and Littlehampton,Walsh,labour,FALSE,29.0903,13913,47827,
07/04/2024,Bognor Regis and Littlehampton,Daniells,reformuk,FALSE,21.4565,10262,47827,
07/04/2024,Bognor Regis and Littlehampton,Jones,libdems,FALSE,10.6237,5081,47827,
07/04/2024,Bognor Regis and Littlehampton,Birch,green,FALSE,4.5685,2185,47827,
07/04/2024,Bognor Regis and Littlehampton,Kurten,hpuk,FALSE,1.4803,708,47827,
07/04/2024,Bolsover,Fleet,labour,FALSE,40.5265,17197,42434,
07/04/2024,Bolsover,Fletcher,conservative,FALSE,25.6257,10874,42434,
07/04/2024,Bolsover,Reaney,reformuk,FALSE,21.5181,9131,42434,
07/04/2024,Bolsover,Kesteven,green,FALSE,8.8467,3754,42434,
07/04/2024,Bolsover,Hancock,libdems,FALSE,3.4831,1478,42434,
07/04/2024,Bolton North East,Entwistle,labour,FALSE,37.2841,16166,43359,
07/04/2024,Bolton North East,Warren,conservative,FALSE,21.9401,9513,43359,
07/04/2024,Bolton North East,Jones,reformuk,FALSE,21.744,9428,43359,
07/04/2024,Bolton North East,Alli,green,FALSE,10.8005,4683,43359,
07/04/2024,Bolton North East,Forrest,libdems,FALSE,3.4756,1507,43359,
07/04/2024,Bolton North East,Kazmi,wpb,FALSE,3.3742,1463,43359,
07/04/2024,Bolton North East,Allsop,independent,FALSE,0.7957,345,43359,
07/04/2024,Bolton North East,Partington,independent,FALSE,0.5858,254,43359,
07/04/2024,Bolton South and Walkden,Qureshi,labour,FALSE,40.8692,15093,36930,
07/04/2024,Bolton South and Walkden,Pattison,reformuk,FALSE,22.6103,8350,36930,
07/04/2024,Bolton South and Walkden,Khan,wpb,FALSE,12.6537,4673,36930,
07/04/2024,Bolton South and Walkden,Afzal,conservative,FALSE,11.2916,4170,36930,
07/04/2024,Bolton South and Walkden,Kochitty,green,FALSE,7.655,2827,36930,
07/04/2024,Bolton South and Walkden,Bowker,libdems,FALSE,3.7476,1384,36930,
07/04/2024,Bolton South and Walkden,Halliwell,independent,FALSE,1.1725,433,36930,
07/04/2024,Bolton West,Brickell,labour,FALSE,38.9322,17363,44598,
07/04/2024,Bolton West,Green,conservative,FALSE,27.8443,12418,44598,
07/04/2024,Bolton West,Evans,reformuk,FALSE,19.0973,8517,44598,
07/04/2024,Bolton West,Attenborough,green,FALSE,9.265,4132,44598,
07/04/2024,Bolton West,Mcintosh,libdems,FALSE,4.4083,1966,44598,
07/04/2024,Bolton West,McGrath,ED,FALSE,0.4529,202,44598,
07/04/2024,Bootle,Dowd,labour,FALSE,68.7474,26729,38880,
07/04/2024,Bootle,Burns,reformuk,FALSE,12.2068,4746,38880,
07/04/2024,Bootle,Doolin,green,FALSE,10.0412,3904,38880,
07/04/2024,Bootle,Bass,conservative,FALSE,4.3056,1674,38880,
07/04/2024,Bootle,Gibson,libdems,FALSE,3.3462,1301,38880,
07/04/2024,Bootle,Smith,wpb,FALSE,1.3529,526,38880,
07/04/2024,Boston and Skegness,Tice,reformuk,FALSE,38.3636,15520,40455,
07/04/2024,Boston and Skegness,Warman,conservative,FALSE,33.3951,13510,40455,
07/04/2024,Boston and Skegness,Fawbert,labour,FALSE,18.858,7629,40455,
07/04/2024,Boston and Skegness,Moore,green,FALSE,3.7227,1506,40455,
07/04/2024,Boston and Skegness,Lloyd,libdems,FALSE,3.3988,1375,40455,
07/04/2024,Boston and Skegness,Dickason,ED,FALSE,1.2804,518,40455,
07/04/2024,Boston and Skegness,Gilbert,BR,FALSE,0.9813,397,40455,
07/04/2024,Bournemouth East,Hayes,labour,FALSE,40.7838,18316,44910,
07/04/2024,Bournemouth East,Ellwood,conservative,FALSE,28.5838,12837,44910,
07/04/2024,Bournemouth East,Houlden,reformuk,FALSE,13.9568,6268,44910,
07/04/2024,Bournemouth East,Nicholas,libdems,FALSE,6.8626,3082,44910,
07/04/2024,Bournemouth East,Salmon,green,FALSE,6.2124,2790,44910,
07/04/2024,Bournemouth East,Wilson,independent,FALSE,3.4046,1529,44910,
07/04/2024,Bournemouth East,Penn,sdlp,FALSE,0.1959,88,44910,
07/04/2024,Bournemouth West,Toale,labour,FALSE,36.4427,14365,39418,
07/04/2024,Bournemouth West,Burns,conservative,FALSE,28.2637,11141,39418,
07/04/2024,Bournemouth West,Aston,reformuk,FALSE,16.8629,6647,39418,
07/04/2024,Bournemouth West,Hanna,libdems,FALSE,10.9366,4311,39418,
07/04/2024,Bournemouth West,Jones,green,FALSE,6.6315,2614,39418,
07/04/2024,Bournemouth West,Vivienne,CPA,FALSE,0.5099,201,39418,
07/04/2024,Bournemouth West,Warden,sdlp,FALSE,0.3526,139,39418,
07/04/2024,Bracknell,Swallow,labour,FALSE,33.7227,14783,43837,
07/04/2024,Bracknell,Sunderland,conservative,FALSE,31.9342,13999,43837,
07/04/2024,Bracknell,Tullett,reformuk,FALSE,16.9834,7445,43837,
07/04/2024,Bracknell,Mansfield,libdems,FALSE,10.8767,4768,43837,
07/04/2024,Bracknell,Torode,green,FALSE,4.941,2166,43837,
07/04/2024,Bracknell,Barreto,independent,FALSE,1.095,480,43837,
07/04/2024,Bracknell,Reardon,hpuk,FALSE,0.4471,196,43837,
07/04/2024,Bradford East,Hussain,labour,FALSE,37.8816,14098,37216,
07/04/2024,Bradford East,Sajawal,independent,FALSE,21.2516,7909,37216,
07/04/2024,Bradford East,Anstey,reformuk,FALSE,13.3061,4952,37216,
07/04/2024,Bradford East,Holt,conservative,FALSE,9.2702,3450,37216,
07/04/2024,Bradford East,Hickson,green,FALSE,6.9083,2571,37216,
07/04/2024,Bradford East,O'Carroll,libdems,FALSE,5.1322,1910,37216,
07/04/2024,Bradford East,Rahman,independent,FALSE,2.1953,817,37216,
07/04/2024,Bradford East,Barras,Yrks,FALSE,2.0448,761,37216,
07/04/2024,Bradford East,Rehman,independent,FALSE,1.8352,683,37216,
07/04/2024,Bradford East,Riley,sdlp,FALSE,0.1747,65,37216,
07/04/2024,Bradford South,Cummins,labour,FALSE,35.812,11833,33042,
07/04/2024,Bradford South,Eglin,reformuk,FALSE,22.5198,7441,33042,
07/04/2024,Bradford South,Shah,conservative,FALSE,14.6874,4853,33042,
07/04/2024,Bradford South,Edwards,green,FALSE,10.187,3366,33042,
07/04/2024,Bradford South,Ali,independent,FALSE,10.1235,3345,33042,
07/04/2024,Bradford South,Smith,libdems,FALSE,2.8872,954,33042,
07/04/2024,Bradford South,Boota,wpb,FALSE,1.5526,513,33042,
07/04/2024,Bradford South,Barras,Yrks,FALSE,1.4799,489,33042,
07/04/2024,Bradford South,Hirst,ED,FALSE,0.7506,248,33042,
07/04/2024,Bradford West,Shah,labour,FALSE,31.6173,11724,37081,
07/04/2024,Bradford West,Islam,independent,FALSE,29.7106,11017,37081,
07/04/2024,Bradford West,Mahmood,green,FALSE,9.9512,3690,37081,
07/04/2024,Bradford West,Hussain,independent,FALSE,9.5655,3547,37081,
07/04/2024,Bradford West,Moxon,conservative,FALSE,8.2387,3055,37081,
07/04/2024,Bradford West,Hinton-Wardle,reformuk,FALSE,7.9771,2958,37081,
07/04/2024,Bradford West,Ahmed,libdems,FALSE,2.0388,756,37081,
07/04/2024,Bradford West,Ghafoor,independent,FALSE,0.9007,334,37081,
07/04/2024,Braintree,Cleverly,conservative,FALSE,35.5185,17414,49028,
07/04/2024,Braintree,Wright,labour,FALSE,28.033,13744,49028,
07/04/2024,Braintree,Thomson,reformuk,FALSE,23.1419,11346,49028,
07/04/2024,Braintree,Franks,libdems,FALSE,5.8722,2879,49028,
07/04/2024,Braintree,Thorogood,green,FALSE,5.8701,2878,49028,
07/04/2024,Braintree,Heather,independent,FALSE,1.5644,767,49028,
07/04/2024,Brecon Radnor and Cwm Tawe,Chadwick,libdems,FALSE,29.5093,13736,46548,
07/04/2024,Brecon Radnor and Cwm Tawe,Jones,conservative,FALSE,26.347,12264,46548,
07/04/2024,Brecon Radnor and Cwm Tawe,Dorrance,labour,FALSE,21.277,9904,46548,
07/04/2024,Brecon Radnor and Cwm Tawe,Hill,reformuk,FALSE,14.108,6567,46548,
07/04/2024,Brecon Radnor and Cwm Tawe,Durrant-Munro,plaidcymru,FALSE,4.8982,2280,46548,
07/04/2024,Brecon Radnor and Cwm Tawe,Kaur-Dhaliwal,green,FALSE,2.5522,1188,46548,
07/04/2024,Brecon Radnor and Cwm Tawe,Harrington,AWA,FALSE,0.7992,372,46548,
07/04/2024,Brecon Radnor and Cwm Tawe,The Pink,MRLP,FALSE,0.5092,237,46548,
07/04/2024,Brent East,Butler,labour,FALSE,51.2407,19370,37802,
07/04/2024,Brent East,Robertson,conservative,FALSE,16.7266,6323,37802,
07/04/2024,Brent East,Alfulaij,green,FALSE,9.8646,3729,37802,
07/04/2024,Brent East,Singh,libdems,FALSE,6.9705,2635,37802,
07/04/2024,Brent East,Kowalczyk,reformuk,FALSE,5.3542,2024,37802,
07/04/2024,Brent East,Shaikh,independent,FALSE,4.8833,1846,37802,
07/04/2024,Brent East,Mutimer,wpb,FALSE,2.7829,1052,37802,
07/04/2024,Brent East,Moafi,independent,FALSE,1.7301,654,37802,
07/04/2024,Brent East,Folwell,independent,FALSE,0.4471,169,37802,
07/04/2024,Brentford and Isleworth,Cadbury,labour,FALSE,44.2105,20007,45254,
07/04/2024,Brentford and Isleworth,Blumenthal,conservative,FALSE,22.5019,10183,45254,
07/04/2024,Brentford and Isleworth,Summersgill,green,FALSE,8.9031,4029,45254,
07/04/2024,Brentford and Isleworth,Kerr,reformuk,FALSE,8.7064,3940,45254,
07/04/2024,Brentford and Isleworth,Sehra,libdems,FALSE,8.5363,3863,45254,
07/04/2024,Brentford and Isleworth,Malik,wpb,FALSE,6.068,2746,45254,
07/04/2024,Brentford and Isleworth,Rao,independent,FALSE,1.0739,486,45254,
07/04/2024,Brent West,Gardiner,labour,FALSE,41.7102,17258,41376,
07/04/2024,Brent West,Rapatwar,conservative,FALSE,32.543,13465,41376,
07/04/2024,Brent West,Lorber,libdems,FALSE,7.282,3013,41376,
07/04/2024,Brent West,De'Medici-Jaguar,green,FALSE,6.7793,2805,41376,
07/04/2024,Brent West,Klok,wpb,FALSE,6.7044,2774,41376,
07/04/2024,Brent West,Collier,reformuk,FALSE,4.9811,2061,41376,
07/04/2024,Brentwood and Ongar,Burghart,conservative,FALSE,36.6858,17731,48332,
07/04/2024,Brentwood and Ongar,Godfrey,reformuk,FALSE,24.3131,11751,48332,
07/04/2024,Brentwood and Ongar,Barrett,labour,FALSE,22.9289,11082,48332,
07/04/2024,Brentwood and Ongar,Kendall,libdems,FALSE,12.019,5809,48332,
07/04/2024,Brentwood and Ongar,Learmouth,green,FALSE,3.6622,1770,48332,
07/04/2024,Brentwood and Ongar,Tilbrook,ED,FALSE,0.391,189,48332,
07/04/2024,Bridgend,Elmore,labour,FALSE,39.9188,16516,41374,
07/04/2024,Bridgend,Jones,reformuk,FALSE,19.1449,7921,41374,
07/04/2024,Bridgend,Boateng,conservative,FALSE,16.3484,6764,41374,
07/04/2024,Bridgend,Caudy,plaidcymru,FALSE,8.7712,3629,41374,
07/04/2024,Bridgend,John,independent,FALSE,8.0679,3338,41374,
07/04/2024,Bridgend,Cooper,green,FALSE,4.2539,1760,41374,
07/04/2024,Bridgend,Waller,libdems,FALSE,3.4949,1446,41374,
07/04/2024,Bridgwater,Fox,conservative,FALSE,30.6038,12281,40129,
07/04/2024,Bridgwater,Redman,labour,FALSE,27.2421,10932,40129,
07/04/2024,Bridgwater,Fagg,reformuk,FALSE,22.2109,8913,40129,
07/04/2024,Bridgwater,Sully,libdems,FALSE,14.406,5781,40129,
07/04/2024,Bridgwater,Graham,green,FALSE,4.2862,1720,40129,
07/04/2024,Bridgwater,Barnes,independent,FALSE,0.8323,334,40129,
07/04/2024,Bridgwater,Tanner,wpb,FALSE,0.4186,168,40129,
07/04/2024,Bridlington and The Wolds,Dewhirst,conservative,FALSE,34.5762,14846,42937,
07/04/2024,Bridlington and The Wolds,Carter,labour,FALSE,27.2981,11721,42937,
07/04/2024,Bridlington and The Wolds,Bowtell,reformuk,FALSE,24.1051,10350,42937,
07/04/2024,Bridlington and The Wolds,Phoenix,libdems,FALSE,7.2129,3097,42937,
07/04/2024,Bridlington and The Wolds,Leek,green,FALSE,3.7147,1595,42937,
07/04/2024,Bridlington and The Wolds,Norman,Yrks,FALSE,2.131,915,42937,
07/04/2024,Bridlington and The Wolds,Cone,independent,FALSE,0.7197,309,42937,
07/04/2024,Bridlington and The Wolds,Verda,sdlp,FALSE,0.2422,104,42937,
07/04/2024,Brigg and Immingham,Vickers,conservative,FALSE,37.4165,15905,42508,
07/04/2024,Brigg and Immingham,Hussain,labour,FALSE,29.7873,12662,42508,
07/04/2024,Brigg and Immingham,Ladlow,reformuk,FALSE,24.9224,10594,42508,
07/04/2024,Brigg and Immingham,Watson,green,FALSE,4.4815,1905,42508,
07/04/2024,Brigg and Immingham,Rylance,libdems,FALSE,3.3923,1442,42508,
07/04/2024,Brighton Kemptown and Peacehaven,Ward,labour,FALSE,43.9783,17893,40686,
07/04/2024,Brighton Kemptown and Peacehaven,Vallis,conservative,FALSE,20.2281,8230,40686,
07/04/2024,Brighton Kemptown and Peacehaven,Hills,green,FALSE,19.6554,7997,40686,
07/04/2024,Brighton Kemptown and Peacehaven,Stone,libdems,FALSE,9.706,3949,40686,
07/04/2024,Brighton Kemptown and Peacehaven,Wall,independent,FALSE,4.5052,1833,40686,
07/04/2024,Brighton Kemptown and Peacehaven,Gray,sdlp,FALSE,1.927,784,40686,
07/04/2024,Brighton Pavilion,Berry,green,FALSE,55.0179,28809,52363,
07/04/2024,Brighton Pavilion,Gray,labour,FALSE,27.7276,14519,52363,
07/04/2024,Brighton Pavilion,Webster,conservative,FALSE,7.5912,3975,52363,
07/04/2024,Brighton Pavilion,Mulvihill,reformuk,FALSE,5.416,2836,52363,
07/04/2024,Brighton Pavilion,Ridley,libdems,FALSE,3.0632,1604,52363,
07/04/2024,Brighton Pavilion,Skwith,MRLP,FALSE,0.4908,257,52363,
07/04/2024,Brighton Pavilion,Buckfield,sdlp,FALSE,0.3514,184,52363,
07/04/2024,Brighton Pavilion,AI,independent,FALSE,0.3418,179,52363,
07/04/2024,Bristol Central,Denyer,green,FALSE,56.5871,24539,43365,
07/04/2024,Bristol Central,Debbonaire,labour,FALSE,32.5885,14132,43365,
07/04/2024,Bristol Central,Williams,conservative,FALSE,4.6074,1998,43365,
07/04/2024,Bristol Central,Clarke,reformuk,FALSE,3.0854,1338,43365,
07/04/2024,Bristol Central,Coombes,libdems,FALSE,2.6796,1162,43365,
07/04/2024,Bristol Central,Keen,POW,FALSE,0.452,196,43365,
07/04/2024,Bristol East,McCarthy,labour,FALSE,44.9977,20748,46109,
07/04/2024,Bristol East,Stafford-Townsend,green,FALSE,30.6708,14142,46109,
07/04/2024,Bristol East,Conaghan,conservative,FALSE,13.9561,6435,46109,
07/04/2024,Bristol East,Sutcliffe,libdems,FALSE,5.8839,2713,46109,
07/04/2024,Bristol East,Siddique,independent,FALSE,2.7305,1259,46109,
07/04/2024,Bristol East,Dunnage,sdlp,FALSE,1.2037,555,46109,
07/04/2024,Bristol East,Arafat,independent,FALSE,0.5574,257,46109,
07/04/2024,Bristol North East,Egan,labour,FALSE,45.2595,19004,41989,
07/04/2024,Bristol North East,Francis,green,FALSE,18.6644,7837,41989,
07/04/2024,Bristol North East,Hulse,conservative,FALSE,14.8039,6216,41989,
07/04/2024,Bristol North East,New,reformuk,FALSE,12.9034,5418,41989,
07/04/2024,Bristol North East,Harris,libdems,FALSE,4.6774,1964,41989,
07/04/2024,Bristol North East,Ali,independent,FALSE,2.4506,1029,41989,
07/04/2024,Bristol North East,Smart,tusc,FALSE,0.9502,399,41989,
07/04/2024,Bristol North East,Trueman,sdlp,FALSE,0.2906,122,41989,
07/04/2024,Bristol North West,Jones,labour,FALSE,49.641,24058,48464,
07/04/2024,Bristol North West,Page,green,FALSE,17.3098,8389,48464,
07/04/2024,Bristol North West,Saunders,conservative,FALSE,13.9753,6773,48464,
07/04/2024,Bristol North West,O'Connor,reformuk,FALSE,10.0343,4863,48464,
07/04/2024,Bristol North West,Gooch,libdems,FALSE,8.5816,4159,48464,
07/04/2024,Bristol North West,Smith,sdlp,FALSE,0.4581,222,48464,
07/04/2024,Bristol South,Smyth,labour,FALSE,42.6722,18521,43403,
07/04/2024,Bristol South,Breitnauer,green,FALSE,25.0098,10855,43403,
07/04/2024,Bristol South,Visick,reformuk,FALSE,14.2732,6195,43403,
07/04/2024,Bristol South,Brennan,conservative,FALSE,11.3978,4947,43403,
07/04/2024,Bristol South,Brown,libdems,FALSE,6.2692,2721,43403,
07/04/2024,Bristol South,Norton,sdlp,FALSE,0.3779,164,43403,
07/04/2024,Broadland and Fakenham,Mayhew,conservative,FALSE,32.9651,16322,49513,
07/04/2024,Broadland and Fakenham,Simpson,labour,FALSE,31.5129,15603,49513,
07/04/2024,Broadland and Fakenham,Masters,reformuk,FALSE,17.8923,8859,49513,
07/04/2024,Broadland and Fakenham,Hannbeck,libdems,FALSE,11.1607,5526,49513,
07/04/2024,Broadland and Fakenham,Davis,green,FALSE,6.469,3203,49513,
07/04/2024,Bromley and Biggin Hill,Fortune,conservative,FALSE,34.0451,15929,46788,
07/04/2024,Bromley and Biggin Hill,Olaru-Holmes,labour,FALSE,33.3996,15627,46788,
07/04/2024,Bromley and Biggin Hill,Cook,reformuk,FALSE,17.5323,8203,46788,
07/04/2024,Bromley and Biggin Hill,Ireland,libdems,FALSE,9.3015,4352,46788,
07/04/2024,Bromley and Biggin Hill,Sandes,green,FALSE,5.5206,2583,46788,
07/04/2024,Bromley and Biggin Hill,Miller,Cli,FALSE,0.2009,94,46788,
07/04/2024,Bromsgrove,Thomas,conservative,FALSE,32.8003,16533,50405,
07/04/2024,Bromsgrove,Gill,labour,FALSE,26.8168,13517,50405,
07/04/2024,Bromsgrove,Brampton,reformuk,FALSE,19.014,9584,50405,
07/04/2024,Bromsgrove,Nicholl,libdems,FALSE,14.6632,7391,50405,
07/04/2024,Bromsgrove,Ellis,green,FALSE,3.3231,1675,50405,
07/04/2024,Bromsgrove,Ammar,independent,FALSE,3.0969,1561,50405,
07/04/2024,Bromsgrove,Zahir,wpb,FALSE,0.2857,144,50405,
07/04/2024,Broxbourne,Cocking,conservative,FALSE,36.8085,15810,42952,
07/04/2024,Broxbourne,Deakin,labour,FALSE,30.1546,12952,42952,
07/04/2024,Broxbourne,Holdsworth,reformuk,FALSE,20.4461,8782,42952,
07/04/2024,Broxbourne,Belfitt,libdems,FALSE,6.2581,2688,42952,
07/04/2024,Broxbourne,Brett,green,FALSE,5.7297,2461,42952,
07/04/2024,Broxbourne,Harvey,ukip,FALSE,0.4004,172,42952,
07/04/2024,Broxbourne,Frewin,ECP,FALSE,0.2026,87,42952,
07/04/2024,Broxtowe,Campbell,labour,FALSE,40.8901,19561,47838,
07/04/2024,Broxtowe,Henry,conservative,FALSE,23.3246,11158,47838,
07/04/2024,Broxtowe,Oakley,reformuk,FALSE,17.5634,8402,47838,
07/04/2024,Broxtowe,Collis,libdems,FALSE,7.9581,3807,47838,
07/04/2024,Broxtowe,Needham,green,FALSE,7.2913,3488,47838,
07/04/2024,Broxtowe,Doddy,independent,FALSE,2.1615,1034,47838,
07/04/2024,Broxtowe,Syed,wpb,FALSE,0.8111,388,47838,
07/04/2024,Buckingham and Bletchley,Anderson,labour,FALSE,36.9472,17602,47641,
07/04/2024,Buckingham and Bletchley,Stewart,conservative,FALSE,31.8654,15181,47641,
07/04/2024,Buckingham and Bletchley,Cattell,reformuk,FALSE,15.6756,7468,47641,
07/04/2024,Buckingham and Bletchley,Dyer,libdems,FALSE,9.0258,4300,47641,
07/04/2024,Buckingham and Bletchley,Onwuemene,green,FALSE,5.4365,2590,47641,
07/04/2024,Buckingham and Bletchley,Brady,independent,FALSE,1.0495,500,47641,
07/04/2024,Burnley,Ryan,labour,FALSE,31.7178,12598,39719,
07/04/2024,Burnley,Birtwistle,libdems,FALSE,23.1073,9178,39719,
07/04/2024,Burnley,Higginbotham,conservative,FALSE,20.2875,8058,39719,
07/04/2024,Burnley,McCollum,reformuk,FALSE,19.5247,7755,39719,
07/04/2024,Burnley,Launer,green,FALSE,3.8218,1518,39719,
07/04/2024,Burnley,Fiass,independent,FALSE,0.7352,292,39719,
07/04/2024,Burnley,Cryer,independent,FALSE,0.4255,169,39719,
07/04/2024,Burnley,Roper,independent,FALSE,0.3802,151,39719,
07/04/2024,Burton and Uttoxeter,Collier,labour,FALSE,35.5535,16222,45627,
07/04/2024,Burton and Uttoxeter,Kniveton,conservative,FALSE,30.5872,13956,45627,
07/04/2024,Burton and Uttoxeter,Bush,reformuk,FALSE,21.0643,9611,45627,
07/04/2024,Burton and Uttoxeter,Williams Westwood,green,FALSE,4.6442,2119,45627,
07/04/2024,Burton and Uttoxeter,Mir,wpb,FALSE,4.5061,2056,45627,
07/04/2024,Burton and Uttoxeter,Murray,libdems,FALSE,3.6448,1663,45627,
07/04/2024,Bury North,Frith,labour,FALSE,43.1129,19625,45520,
07/04/2024,Bury North,Daly,conservative,FALSE,27.8581,12681,45520,
07/04/2024,Bury North,Rosewell,reformuk,FALSE,16.2236,7385,45520,
07/04/2024,Bury North,Ali,wpb,FALSE,4.2113,1917,45520,
07/04/2024,Bury North,Sutton,green,FALSE,3.8379,1747,45520,
07/04/2024,Bury North,Alcock,libdems,FALSE,2.8932,1317,45520,
07/04/2024,Bury North,Haq,independent,FALSE,1.2544,571,45520,
07/04/2024,Bury North,Donnelly,independent,FALSE,0.6085,277,45520,
07/04/2024,Bury South,Wakeford,labour,FALSE,45.5939,19247,42214,
07/04/2024,Bury South,Saunders,conservative,FALSE,23.4188,9886,42214,
07/04/2024,Bury South,Armstrong,reformuk,FALSE,16.2624,6865,42214,
07/04/2024,Bury South,Welton,green,FALSE,6.4315,2715,42214,
07/04/2024,Bury South,Page,libdems,FALSE,4.2545,1796,42214,
07/04/2024,Bury South,Ashraf,wpb,FALSE,2.4234,1023,42214,
07/04/2024,Bury South,Elston,independent,FALSE,0.6562,277,42214,
07/04/2024,Bury South,Morris,ED,FALSE,0.5306,224,42214,
07/04/2024,Bury South,Ross,Comm,FALSE,0.4288,181,42214,
07/04/2024,Bury St Edmunds and Stowmarket,Prinsley,labour,FALSE,32.9024,16745,50893,
07/04/2024,Bury St Edmunds and Stowmarket,Tanner,conservative,FALSE,30.0493,15293,50893,
07/04/2024,Bury St Edmunds and Stowmarket,Hussey,reformuk,FALSE,16.8884,8595,50893,
07/04/2024,Bury St Edmunds and Stowmarket,Buckmaster,green,FALSE,11.3198,5761,50893,
07/04/2024,Bury St Edmunds and Stowmarket,McDonald,libdems,FALSE,6.1973,3154,50893,
07/04/2024,Bury St Edmunds and Stowmarket,Lee,independent,FALSE,1.6093,819,50893,
07/04/2024,Bury St Edmunds and Stowmarket,Baker-Howard,REU,FALSE,0.6877,350,50893,
07/04/2024,Bury St Edmunds and Stowmarket,Turner,Comm,FALSE,0.3458,176,50893,
07/04/2024,Caerfyrddin,Davies,plaidcymru,FALSE,34.0321,15520,45604,
07/04/2024,Caerfyrddin,O'Neil,labour,FALSE,24.0878,10985,45604,
07/04/2024,Caerfyrddin,Hart,conservative,FALSE,19.3514,8825,45604,
07/04/2024,Caerfyrddin,Holton,reformuk,FALSE,15.2267,6944,45604,
07/04/2024,Caerfyrddin,Beckett,libdems,FALSE,3.2037,1461,45604,
07/04/2024,Caerfyrddin,Beasley,green,FALSE,3.0063,1371,45604,
07/04/2024,Caerfyrddin,Cole,WEP,FALSE,0.6184,282,45604,
07/04/2024,Caerfyrddin,Evans,wpb,FALSE,0.4736,216,45604,
07/04/2024,Caerphilly,Evans,labour,FALSE,38.0237,14538,38234,
07/04/2024,Caerphilly,Whittle,plaidcymru,FALSE,21.235,8119,38234,
07/04/2024,Caerphilly,Kim,reformuk,FALSE,20.2804,7754,38234,
07/04/2024,Caerphilly,Gorman,conservative,FALSE,11.4688,4385,38234,
07/04/2024,Caerphilly,Aicheler,libdems,FALSE,4.6765,1788,38234,
07/04/2024,Caerphilly,Thomas,green,FALSE,4.3155,1650,38234,
07/04/2024,Caithness Sutherland and Easter Ross,Stone,libdems,FALSE,49.3746,22736,46048,
07/04/2024,Caithness Sutherland and Easter Ross,Beattie,snp,FALSE,26.5962,12247,46048,
07/04/2024,Caithness Sutherland and Easter Ross,Kestner,labour,FALSE,7.4031,3409,46048,
07/04/2024,Caithness Sutherland and Easter Ross,Skinner,reformuk,FALSE,7.2967,3360,46048,
07/04/2024,Caithness Sutherland and Easter Ross,Fawcett,conservative,FALSE,4.0393,1860,46048,
07/04/2024,Caithness Sutherland and Easter Ross,Thomas,green,FALSE,3.5637,1641,46048,
07/04/2024,Caithness Sutherland and Easter Ross,Chisholm,alba,FALSE,1.7265,795,46048,
07/04/2024,Calder Valley,Fenton-Glynn,labour,FALSE,44.4404,22046,49608,
07/04/2024,Calder Valley,Lee,conservative,FALSE,26.3163,13055,49608,
07/04/2024,Calder Valley,Walmsley,reformuk,FALSE,15.4088,7644,49608,
07/04/2024,Calder Valley,Turner,green,FALSE,7.4605,3701,49608,
07/04/2024,Calder Valley,O'Hanlon,libdems,FALSE,5.2149,2587,49608,
07/04/2024,Calder Valley,Vasey,Yrks,FALSE,0.8144,404,49608,
07/04/2024,Calder Valley,McNeill,sdlp,FALSE,0.3447,171,49608,
07/04/2024,Camborne and Redruth,Moon,labour,FALSE,40.5148,19360,47785,
07/04/2024,Camborne and Redruth,Donnithorne,conservative,FALSE,24.1791,11554,47785,
07/04/2024,Camborne and Redruth,Tarrant,reformuk,FALSE,18.7339,8952,47785,
07/04/2024,Camborne and Redruth,Marrington,libdems,FALSE,8.6073,4113,47785,
07/04/2024,Camborne and Redruth,Hayes,green,FALSE,5.9433,2840,47785,
07/04/2024,Camborne and Redruth,Holmes,Lib,FALSE,1.3058,624,47785,
07/04/2024,Camborne and Redruth,Hawkins,SL,FALSE,0.7157,342,47785,
07/04/2024,Cambridge,Zeichner,labour,FALSE,46.5891,19614,42100,
07/04/2024,Cambridge,Payne,libdems,FALSE,20.2755,8536,42100,
07/04/2024,Cambridge,Nicmanis,green,FALSE,16.2518,6842,42100,
07/04/2024,Cambridge,Manning,conservative,FALSE,12.0499,5073,42100,
07/04/2024,Cambridge,Abu-Tayyem,wpb,FALSE,2.2589,951,42100,
07/04/2024,Cambridge,Carmona,independent,FALSE,1.9454,819,42100,
07/04/2024,Cambridge,Garrett,RBD,FALSE,0.6295,265,42100,
07/04/2024,Cannock Chase,Newbury,labour,FALSE,36.4841,15671,42953,
07/04/2024,Cannock Chase,Milling,conservative,FALSE,29.2087,12546,42953,
07/04/2024,Cannock Chase,Allen,reformuk,FALSE,26.9364,11570,42953,
07/04/2024,Cannock Chase,Muckley,green,FALSE,4.9752,2137,42953,
07/04/2024,Cannock Chase,Jewkes,libdems,FALSE,2.3956,1029,42953,
07/04/2024,Canterbury,Duffield,labour,FALSE,41.3521,19531,47231,
07/04/2024,Canterbury,Harvey-Quirke,conservative,FALSE,23.0315,10878,47231,
07/04/2024,Canterbury,Porter,reformuk,FALSE,14.4079,6805,47231,
07/04/2024,Canterbury,Stanton,green,FALSE,12.5341,5920,47231,
07/04/2024,Canterbury,Timpson,libdems,FALSE,8.071,3812,47231,
07/04/2024,Canterbury,Buchanan-Hodgman,sdlp,FALSE,0.6034,285,47231,
07/04/2024,Cardiff East,Stevens,labour,FALSE,40.4698,15833,39123,
07/04/2024,Cardiff East,Berman,libdems,FALSE,17.2175,6736,39123,
07/04/2024,Cardiff East,Canning,reformuk,FALSE,12.7291,4980,39123,
07/04/2024,Cardiff East,Coates,green,FALSE,10.0095,3916,39123,
07/04/2024,Cardiff East,Brandon,conservative,FALSE,10.0018,3913,39123,
07/04/2024,Cardiff East,Skelley,plaidcymru,FALSE,9.0739,3550,39123,
07/04/2024,Cardiff East,Williams,tusc,FALSE,0.4984,195,39123,
07/04/2024,Cardiff North,McMorrin,labour,FALSE,43.9176,20849,47473,
07/04/2024,Cardiff North,Williams,conservative,FALSE,20.3105,9642,47473,
07/04/2024,Cardiff North,Gwynn,reformuk,FALSE,12.6072,5985,47473,
07/04/2024,Cardiff North,Phillips,plaidcymru,FALSE,9.8351,4669,47473,
07/04/2024,Cardiff North,Latif,libdems,FALSE,6.6733,3168,47473,
07/04/2024,Cardiff North,Shepherd-Foster,green,FALSE,6.6564,3160,47473,
07/04/2024,Cardiff South and Penarth,Doughty,labour,FALSE,44.4864,17428,39176,
07/04/2024,Cardiff South and Penarth,Slaughter,green,FALSE,14.4502,5661,39176,
07/04/2024,Cardiff South and Penarth,Smith,conservative,FALSE,13.9346,5459,39176,
07/04/2024,Cardiff South and Penarth,Llewellyn,reformuk,FALSE,11.4688,4493,39176,
07/04/2024,Cardiff South and Penarth,Rahman,plaidcymru,FALSE,8.2372,3227,39176,
07/04/2024,Cardiff South and Penarth,Wilson,libdems,FALSE,7.4229,2908,39176,
07/04/2024,Cardiff West,Barros-Curtis,labour,FALSE,36.7362,16442,44757,
07/04/2024,Cardiff West,Marshall,plaidcymru,FALSE,21.0537,9423,44757,
07/04/2024,Cardiff West,Hamblin,conservative,FALSE,15.2714,6835,44757,
07/04/2024,Cardiff West,Hopkins,reformuk,FALSE,12.5701,5626,44757,
07/04/2024,Cardiff West,Ryan,green,FALSE,7.0536,3157,44757,
07/04/2024,Cardiff West,Rigby,libdems,FALSE,4.2921,1921,44757,
07/04/2024,Cardiff West,McEvoy,Pro,FALSE,2.3259,1041,44757,
07/04/2024,Cardiff West,Urquhart,independent,FALSE,0.5385,241,44757,
07/04/2024,Cardiff West,Wesley,hpuk,FALSE,0.1586,71,44757,
07/04/2024,Carlisle,Minns,labour,FALSE,39.4289,18129,45979,
07/04/2024,Carlisle,Stevenson,conservative,FALSE,28.1194,12929,45979,
07/04/2024,Carlisle,Ward,reformuk,FALSE,20.2158,9295,45979,
07/04/2024,Carlisle,Wernham,libdems,FALSE,6.4856,2982,45979,
07/04/2024,Carlisle,Hawkton,green,FALSE,4.1802,1922,45979,
07/04/2024,Carlisle,Reed,independent,FALSE,0.659,303,45979,
07/04/2024,Carlisle,Hayton,sdlp,FALSE,0.5307,244,45979,
07/04/2024,Carlisle,Lynestrider,independent,FALSE,0.3806,175,45979,
07/04/2024,Carshalton and Wallington,Dean,libdems,FALSE,43.1241,20126,46670,
07/04/2024,Carshalton and Wallington,Colburn,conservative,FALSE,26.186,12221,46670,
07/04/2024,Carshalton and Wallington,Thaker,labour,FALSE,13.0876,6108,46670,
07/04/2024,Carshalton and Wallington,Cooper,reformuk,FALSE,12.7298,5941,46670,
07/04/2024,Carshalton and Wallington,Hague,green,FALSE,3.2505,1517,46670,
07/04/2024,Carshalton and Wallington,Abdul Rashid,wpb,FALSE,0.9449,441,46670,
07/04/2024,Carshalton and Wallington,Dickenson,CPA,FALSE,0.495,231,46670,
07/04/2024,Carshalton and Wallington,Kelleher,sdlp,FALSE,0.1821,85,46670,
07/04/2024,Castle Point,Harris,conservative,FALSE,38.1094,15485,40633,
07/04/2024,Castle Point,McGill,reformuk,FALSE,30.1085,12234,40633,
07/04/2024,Castle Point,Maguire,labour,FALSE,23.2693,9455,40633,
07/04/2024,Castle Point,Chapman,green,FALSE,5.2125,2118,40633,
07/04/2024,Castle Point,Willis,libdems,FALSE,3.3003,1341,40633,
07/04/2024,Central Ayrshire,Gemmell,labour,FALSE,43.678,18091,41419,
07/04/2024,Central Ayrshire,McIndoe,snp,FALSE,27.0938,11222,41419,
07/04/2024,Central Ayrshire,Rocks,conservative,FALSE,14.841,6147,41419,
07/04/2024,Central Ayrshire,Blades,reformuk,FALSE,8.2571,3420,41419,
07/04/2024,Central Ayrshire,Kerr,green,FALSE,2.5085,1039,41419,
07/04/2024,Central Ayrshire,Ford,libdems,FALSE,2.3733,983,41419,
07/04/2024,Central Ayrshire,McDaid,SL,FALSE,0.7943,329,41419,
07/04/2024,Central Ayrshire,MacMillan,sdlp,FALSE,0.4539,188,41419,
07/04/2024,Central Devon,Stride,conservative,FALSE,31.4999,16831,53432,
07/04/2024,Central Devon,Pearson,labour,FALSE,31.3857,16770,53432,
07/04/2024,Central Devon,Wooding,libdems,FALSE,15.4065,8232,53432,
07/04/2024,Central Devon,Leeks,reformuk,FALSE,14.568,7784,53432,
07/04/2024,Central Devon,Westcott,green,FALSE,6.2472,3338,53432,
07/04/2024,Central Devon,Price,independent,FALSE,0.8927,477,53432,
07/04/2024,Central Suffolk and North Ipswich,Spencer,conservative,FALSE,32.6218,15144,46423,
07/04/2024,Central Suffolk and North Ipswich,Craig,labour,FALSE,23.3807,10854,46423,
07/04/2024,Central Suffolk and North Ipswich,Gould,reformuk,FALSE,18.969,8806,46423,
07/04/2024,Central Suffolk and North Ipswich,Pratt,green,FALSE,12.175,5652,46423,
07/04/2024,Central Suffolk and North Ipswich,Mickelburgh,libdems,FALSE,11.6472,5407,46423,
07/04/2024,Central Suffolk and North Ipswich,Caiger,independent,FALSE,0.7884,366,46423,
07/04/2024,Central Suffolk and North Ipswich,Hallatt,independent,FALSE,0.4179,194,46423,
07/04/2024,Ceredigion Preseli,Lake,plaidcymru,FALSE,46.9483,21738,46302,
07/04/2024,Ceredigion Preseli,Williams,libdems,FALSE,15.008,6949,46302,
07/04/2024,Ceredigion Preseli,Jones,labour,FALSE,11.6323,5386,46302,
07/04/2024,Ceredigion Preseli,Pollard,reformuk,FALSE,11.6064,5374,46302,
07/04/2024,Ceredigion Preseli,Thomas,conservative,FALSE,10.2868,4763,46302,
07/04/2024,Ceredigion Preseli,Barlow,green,FALSE,4.0257,1864,46302,
07/04/2024,Ceredigion Preseli,Al-Mawed,wpb,FALSE,0.4924,228,46302,
07/04/2024,Chatham and Aylesford,Osborne,labour,FALSE,33.5145,13689,40845,
07/04/2024,Chatham and Aylesford,Gamester,conservative,FALSE,28.6228,11691,40845,
07/04/2024,Chatham and Aylesford,Mallon,reformuk,FALSE,24.4559,9989,40845,
07/04/2024,Chatham and Aylesford,Winterbottom,green,FALSE,6.1305,2504,40845,
07/04/2024,Chatham and Aylesford,Chan,libdems,FALSE,5.325,2175,40845,
07/04/2024,Chatham and Aylesford,Valentine,wpb,FALSE,0.8324,340,40845,
07/04/2024,Chatham and Aylesford,Ogundemuren,CPA,FALSE,0.7737,316,40845,
07/04/2024,Chatham and Aylesford,Tanner,sdlp,FALSE,0.3452,141,40845,
07/04/2024,Cheadle,Morrison,libdems,FALSE,46.6795,23681,50731,
07/04/2024,Cheadle,Robinson,conservative,FALSE,22.5621,11446,50731,
07/04/2024,Cheadle,Fowler,labour,FALSE,15.5901,7909,50731,
07/04/2024,Cheadle,Speakman,reformuk,FALSE,10.1496,5149,50731,
07/04/2024,Cheadle,Drury,green,FALSE,3.213,1630,50731,
07/04/2024,Cheadle,Manzoor,wpb,FALSE,1.5986,811,50731,
07/04/2024,Cheadle,Farmer,independent,FALSE,0.207,105,50731,
07/04/2024,Chelmsford,Goldman,libdems,FALSE,39.8572,20214,50716,
07/04/2024,Chelmsford,Ford,conservative,FALSE,30.4854,15461,50716,
07/04/2024,Chelmsford,Ingrouille,reformuk,FALSE,13.3173,6754,50716,
07/04/2024,Chelmsford,Parry,labour,FALSE,12.0435,6108,50716,
07/04/2024,Chelmsford,Hossain,green,FALSE,3.1312,1588,50716,
07/04/2024,Chelmsford,Hyland,INet,FALSE,0.4535,230,50716,
07/04/2024,Chelmsford,Lawrence,MRLP,FALSE,0.3687,187,50716,
07/04/2024,Chelmsford,Kenlen,wpb,FALSE,0.207,105,50716,
07/04/2024,Chelmsford,Sangha,independent,FALSE,0.1361,69,50716,
07/04/2024,Chelsea and Fulham,Coleman,labour,FALSE,39.3836,18556,47116,
07/04/2024,Chelsea and Fulham,Hands,conservative,FALSE,39.061,18404,47116,
07/04/2024,Chelsea and Fulham,Baquiche,libdems,FALSE,7.6641,3611,47116,
07/04/2024,Chelsea and Fulham,Goodwin,reformuk,FALSE,6.6729,3144,47116,
07/04/2024,Chelsea and Fulham,Crocker,green,FALSE,5.9385,2798,47116,
07/04/2024,Chelsea and Fulham,Patwary,wpb,FALSE,1.1419,538,47116,
07/04/2024,Chelsea and Fulham,Poulden,hpuk,FALSE,0.138,65,47116,
07/04/2024,Cheltenham,Wilkinson,libdems,FALSE,50.6156,25076,49542,
07/04/2024,Cheltenham,Chalk,conservative,FALSE,36.0623,17866,49542,
07/04/2024,Cheltenham,Wilson,green,FALSE,6.3784,3160,49542,
07/04/2024,Cheltenham,Chaplin,labour,FALSE,5.3793,2665,49542,
07/04/2024,Cheltenham,McDonald,independent,FALSE,1.5643,775,49542,
07/04/2024,Chesham and Amersham,Green,libdems,FALSE,44.848,24422,54455,
07/04/2024,Chesham and Amersham,Williams,conservative,FALSE,34.8379,18971,54455,
07/04/2024,Chesham and Amersham,Jarvis,reformuk,FALSE,9.7512,5310,54455,
07/04/2024,Chesham and Amersham,Chilton,labour,FALSE,6.431,3502,54455,
07/04/2024,Chesham and Amersham,Fulford,green,FALSE,3.0723,1673,54455,
07/04/2024,Chesham and Amersham,Khan,wpb,FALSE,0.8558,466,54455,
07/04/2024,Chesham and Amersham,Foster,hpuk,FALSE,0.2038,111,54455,
07/04/2024,Chesterfield,Perkins,labour,FALSE,46.483,19316,41555,
07/04/2024,Chesterfield,Flook,conservative,FALSE,20.4452,8496,41555,
07/04/2024,Chesterfield,Price,reformuk,FALSE,19.0037,7897,41555,
07/04/2024,Chesterfield,Wadsworth,green,FALSE,6.4541,2682,41555,
07/04/2024,Chesterfield,Barfield,libdems,FALSE,6.1437,2553,41555,
07/04/2024,Chesterfield,Stone,CANDI,FALSE,0.8735,363,41555,
07/04/2024,Chesterfield,Lowe,wpb,FALSE,0.5968,248,41555,
07/04/2024,Chester North and Neston,Dixon,labour,FALSE,49.8009,22258,44694,
07/04/2024,Chester North and Neston,Eardley,conservative,FALSE,23.2425,10388,44694,
07/04/2024,Chester North and Neston,Goulding,reformuk,FALSE,13.1338,5870,44694,
07/04/2024,Chester North and Neston,Brown,green,FALSE,9.178,4102,44694,
07/04/2024,Chester North and Neston,Gribbon,libdems,FALSE,4.6449,2076,44694,
07/04/2024,Chester South and Eddisbury,Brandreth,conservative,FALSE,37.9244,19905,52486,
07/04/2024,Chester South and Eddisbury,Stogia,labour,FALSE,32.1,16848,52486,
07/04/2024,Chester South and Eddisbury,Langley,reformuk,FALSE,12.2204,6414,52486,
07/04/2024,Chester South and Eddisbury,Herd,libdems,FALSE,10.3456,5430,52486,
07/04/2024,Chester South and Eddisbury,Davies,green,FALSE,4.3402,2278,52486,
07/04/2024,Chester South and Eddisbury,Edwards,independent,FALSE,3.0694,1611,52486,
07/04/2024,Chichester,Brown-Fuller,libdems,FALSE,49.1655,25540,51947,
07/04/2024,Chichester,Keegan,conservative,FALSE,25.7339,13368,51947,
07/04/2024,Chichester,De Santis,reformuk,FALSE,15.1289,7859,51947,
07/04/2024,Chichester,Collinge,labour,FALSE,6.112,3175,51947,
07/04/2024,Chichester,Young,green,FALSE,3.4939,1815,51947,
07/04/2024,Chichester,Emerson,independent,FALSE,0.3658,190,51947,
07/04/2024,Chingford and Woodford Green,Duncan Smith,conservative,FALSE,35.6221,17281,48512,
07/04/2024,Chingford and Woodford Green,Tatler,labour,FALSE,25.8163,12524,48512,
07/04/2024,Chingford and Woodford Green,Shaheen,independent,FALSE,25.6534,12445,48512,
07/04/2024,Chingford and Woodford Green,Luggeri,reformuk,FALSE,7.5301,3653,48512,
07/04/2024,Chingford and Woodford Green,Brody,green,FALSE,2.7498,1334,48512,
07/04/2024,Chingford and Woodford Green,Hadley,libdems,FALSE,2.6282,1275,48512,
07/04/2024,Chippenham,Gibson,libdems,FALSE,45.5486,22552,49512,
07/04/2024,Chippenham,Puntis,conservative,FALSE,29.1121,14414,49512,
07/04/2024,Chippenham,Ginsburg,reformuk,FALSE,12.3748,6127,49512,
07/04/2024,Chippenham,Venkatesh,labour,FALSE,7.9274,3925,49512,
07/04/2024,Chippenham,Baseley,green,FALSE,3.9465,1954,49512,
07/04/2024,Chippenham,Deedigan,independent,FALSE,1.0906,540,49512,
07/04/2024,Chipping Barnet,Tomlinson,labour,FALSE,42.4409,21585,50859,
07/04/2024,Chipping Barnet,Villiers,conservative,FALSE,36.7113,18671,50859,
07/04/2024,Chipping Barnet,Haddow,reformuk,FALSE,7.8374,3986,50859,
07/04/2024,Chipping Barnet,Farbey,green,FALSE,6.7677,3442,50859,
07/04/2024,Chipping Barnet,Durrant,libdems,FALSE,5.1397,2614,50859,
07/04/2024,Chipping Barnet,Hewison,REU,FALSE,0.7452,379,50859,
07/04/2024,Chipping Barnet,Lauer,independent,FALSE,0.3579,182,50859,
07/04/2024,Chorley,Hoyle,speaker,FALSE,74.3081,25238,33964,
07/04/2024,Chorley,Tebbutt,green,FALSE,13.7292,4663,33964,
07/04/2024,Chorley,Holden-Crowther,DFC,FALSE,7.137,2424,33964,
07/04/2024,Chorley,Moore,ECP,FALSE,2.9649,1007,33964,
07/04/2024,Chorley,Powell-Davies,tusc,FALSE,1.8608,632,33964,
07/04/2024,Christchurch,Chope,conservative,FALSE,35.7896,16941,47335,
07/04/2024,Christchurch,Cox,libdems,FALSE,20.0401,9486,47335,
07/04/2024,Christchurch,Adamson,reformuk,FALSE,18.931,8961,47335,
07/04/2024,Christchurch,Howard,labour,FALSE,16.398,7762,47335,
07/04/2024,Christchurch,Graham,green,FALSE,4.0139,1900,47335,
07/04/2024,Christchurch,McCormack,independent,FALSE,3.6506,1728,47335,
07/04/2024,Christchurch,Jolliffe Yasawi,ANWP,FALSE,0.7077,335,47335,
07/04/2024,Christchurch,Unwin,ukip,FALSE,0.3444,163,47335,
07/04/2024,Christchurch,Parsons,sdlp,FALSE,0.1246,59,47335,
07/04/2024,Cities of London and Westminster,Blake,labour,FALSE,39.0208,15302,39215,
07/04/2024,Cities of London and Westminster,Barnes,conservative,FALSE,32.1153,12594,39215,
07/04/2024,Cities of London and Westminster,Lucas,libdems,FALSE,11.0544,4335,39215,
07/04/2024,Cities of London and Westminster,Sinha,green,FALSE,7.2523,2844,39215,
07/04/2024,Cities of London and Westminster,Ghulati,reformuk,FALSE,7.0177,2752,39215,
07/04/2024,Cities of London and Westminster,Shafiei,wpb,FALSE,1.8539,727,39215,
07/04/2024,Cities of London and Westminster,Burford,REU,FALSE,0.8976,352,39215,
07/04/2024,Cities of London and Westminster,De Burgh,sdlp,FALSE,0.2805,110,39215,
07/04/2024,Cities of London and Westminster,Generic,independent,FALSE,0.2805,110,39215,
07/04/2024,Cities of London and Westminster,Hallett,independent,FALSE,0.1403,55,39215,
07/04/2024,Cities of London and Westminster,Carr,independent,FALSE,0.0867,34,39215,
07/04/2024,City of Durham,Foy,labour,FALSE,47.0894,19131,40627,
07/04/2024,City of Durham,Belch,reformuk,FALSE,18.1505,7374,40627,
07/04/2024,City of Durham,Wilkes,libdems,FALSE,14.5716,5920,40627,
07/04/2024,City of Durham,Holmes,conservative,FALSE,12.8511,5221,40627,
07/04/2024,City of Durham,Elmer,green,FALSE,6.8994,2803,40627,
07/04/2024,City of Durham,Welbourne,sdlp,FALSE,0.4381,178,40627,
07/04/2024,Clacton,Farage,reformuk,FALSE,46.1835,21225,45958,
07/04/2024,Clacton,Watling,conservative,FALSE,27.895,12820,45958,
07/04/2024,Clacton,Owusu-Nepaul,labour,FALSE,16.2061,7448,45958,
07/04/2024,Clacton,Bensilum,libdems,FALSE,4.3866,2016,45958,
07/04/2024,Clacton,Osben,green,FALSE,4.2104,1935,45958,
07/04/2024,Clacton,Mack,independent,FALSE,0.6898,317,45958,
07/04/2024,Clacton,Pemberton,ukip,FALSE,0.2524,116,45958,
07/04/2024,Clacton,Jamieson,Cli,FALSE,0.1044,48,45958,
07/04/2024,Clacton,Papanastasiou,hpuk,FALSE,0.0718,33,45958,
07/04/2024,Clapham and Brixton Hill,Ribeiro-Addy,labour,FALSE,56.5406,24166,42741,
07/04/2024,Clapham and Brixton Hill,Curtis,libdems,FALSE,14.4147,6161,42741,
07/04/2024,Clapham and Brixton Hill,Yuen,green,FALSE,13.4952,5768,42741,
07/04/2024,Clapham and Brixton Hill,Saroy,conservative,FALSE,10.201,4360,42741,
07/04/2024,Clapham and Brixton Hill,Matlock,reformuk,FALSE,4.1131,1758,42741,
07/04/2024,Clapham and Brixton Hill,Key,independent,FALSE,0.9499,406,42741,
07/04/2024,Clapham and Brixton Hill,Martin,SPGB,FALSE,0.2854,122,42741,
07/04/2024,Clwyd East,Gittins,labour,FALSE,38.6517,18484,47822,
07/04/2024,Clwyd East,Davies,conservative,FALSE,28.9867,13862,47822,
07/04/2024,Clwyd East,Walmsley,reformuk,FALSE,15.9466,7626,47822,
07/04/2024,Clwyd East,Penlington,plaidcymru,FALSE,7.806,3733,47822,
07/04/2024,Clwyd East,Dauncey,libdems,FALSE,3.8873,1859,47822,
07/04/2024,Clwyd East,Lavery,green,FALSE,3.4691,1659,47822,
07/04/2024,Clwyd East,Roberts,independent,FALSE,1.2526,599,47822,
07/04/2024,Clwyd North,German,labour,FALSE,35.5394,14794,41627,
07/04/2024,Clwyd North,Millar,conservative,FALSE,32.6663,13598,41627,
07/04/2024,Clwyd North,Orange,reformuk,FALSE,16.816,7000,41627,
07/04/2024,Clwyd North,Rowlinson,plaidcymru,FALSE,7.5888,3159,41627,
07/04/2024,Clwyd North,Wilkins,libdems,FALSE,4.0479,1685,41627,
07/04/2024,Clwyd North,Hogg,green,FALSE,3.3416,1391,41627,
07/04/2024,Coatbridge and Bellshill,McNally,labour,FALSE,49.8076,19291,38731,
07/04/2024,Coatbridge and Bellshill,Bonnar,snp,FALSE,33.428,12947,38731,
07/04/2024,Coatbridge and Bellshill,McRae,reformuk,FALSE,6.7156,2601,38731,
07/04/2024,Coatbridge and Bellshill,Sandhu,conservative,FALSE,3.5682,1382,38731,
07/04/2024,Coatbridge and Bellshill,McAleer,green,FALSE,3.1732,1229,38731,
07/04/2024,Coatbridge and Bellshill,Farthing,libdems,FALSE,1.7325,671,38731,
07/04/2024,Coatbridge and Bellshill,Lanahan,sfp,FALSE,1.1076,429,38731,
07/04/2024,Coatbridge and Bellshill,Gilchrist,Comm,FALSE,0.4673,181,38731,
07/04/2024,Colchester,Cox,labour,FALSE,41.8769,18804,44903,
07/04/2024,Colchester,Cracknell,conservative,FALSE,23.504,10554,44903,
07/04/2024,Colchester,Longstaff,reformuk,FALSE,14.8409,6664,44903,
07/04/2024,Colchester,Goss,libdems,FALSE,14.2374,6393,44903,
07/04/2024,Colchester,Ruth,green,FALSE,5.376,2414,44903,
07/04/2024,Colchester,Rolfe,Cli,FALSE,0.1648,74,44903,
07/04/2024,Colne Valley,Davies,labour,FALSE,41.042,18970,46221,
07/04/2024,Colne Valley,McCartney,conservative,FALSE,30.3044,14007,46221,
07/04/2024,Colne Valley,Hale,reformuk,FALSE,15.7894,7298,46221,
07/04/2024,Colne Valley,Peacock,green,FALSE,7.529,3480,46221,
07/04/2024,Colne Valley,Macy,libdems,FALSE,4.3422,2007,46221,
07/04/2024,Colne Valley,Millea,Yrks,FALSE,0.9931,459,46221,
07/04/2024,Congleton,Russell,labour,FALSE,37.6559,18875,50125,
07/04/2024,Congleton,Bruce,conservative,FALSE,30.8988,15488,50125,
07/04/2024,Congleton,York,reformuk,FALSE,16.4489,8245,50125,
07/04/2024,Congleton,Duffy,libdems,FALSE,5.5561,2785,50125,
07/04/2024,Congleton,Moreton,independent,FALSE,4.3511,2181,50125,
07/04/2024,Congleton,McCarthy,green,FALSE,4.004,2007,50125,
07/04/2024,Congleton,Wesley,WEP,FALSE,1.0853,544,50125,
07/04/2024,Corby and East Northamptonshire,Barron,labour,FALSE,42.3884,21020,49589,
07/04/2024,Corby and East Northamptonshire,Pursglove,conservative,FALSE,29.6215,14689,49589,
07/04/2024,Corby and East Northamptonshire,McDonald,reformuk,FALSE,17.6652,8760,49589,
07/04/2024,Corby and East Northamptonshire,Forster,green,FALSE,5.0556,2507,49589,
07/04/2024,Corby and East Northamptonshire,Lofts,libdems,FALSE,4.4183,2191,49589,
07/04/2024,Corby and East Northamptonshire,Blott,independent,FALSE,0.851,422,49589,
07/04/2024,Coventry East,Creagh,labour,FALSE,49.4624,18308,37014,
07/04/2024,Coventry East,Sufyan,reformuk,FALSE,18.0607,6685,37014,
07/04/2024,Coventry East,Lesadd,conservative,FALSE,16.8585,6240,37014,
07/04/2024,Coventry East,Gray,green,FALSE,7.3756,2730,37014,
07/04/2024,Coventry East,Massimi,libdems,FALSE,3.315,1227,37014,
07/04/2024,Coventry East,Bedson,wpb,FALSE,2.7746,1027,37014,
07/04/2024,Coventry East,Nellist,tusc,FALSE,2.1532,797,37014,
07/04/2024,Coventry North West,Owatemi,labour,FALSE,46.8618,19696,42030,
07/04/2024,Coventry North West,Mercer,conservative,FALSE,20.276,8522,42030,
07/04/2024,Coventry North West,Nelson,reformuk,FALSE,18.9151,7950,42030,
07/04/2024,Coventry North West,Reeves,green,FALSE,8.137,3420,42030,
07/04/2024,Coventry North West,Holder,libdems,FALSE,4.5943,1931,42030,
07/04/2024,Coventry North West,Richards,independent,FALSE,1.2158,511,42030,
07/04/2024,Coventry South,Sultana,labour,FALSE,47.6492,20361,42731,
07/04/2024,Coventry South,Heaven,conservative,FALSE,23.7766,10160,42731,
07/04/2024,Coventry South,Baddon,reformuk,FALSE,13.365,5711,42731,
07/04/2024,Coventry South,Richmond,libdems,FALSE,5.9231,2531,42731,
07/04/2024,Coventry South,Patterson,green,FALSE,5.5299,2363,42731,
07/04/2024,Coventry South,Syed,wpb,FALSE,1.8184,777,42731,
07/04/2024,Coventry South,Mellon,sdlp,FALSE,0.7816,334,42731,
07/04/2024,Coventry South,Omilana,independent,FALSE,0.6155,263,42731,
07/04/2024,Coventry South,Morland,independent,FALSE,0.5406,231,42731,
07/04/2024,Cowdenbeath and Kirkcaldy,Ward,labour,FALSE,45.7245,18662,40814,
07/04/2024,Cowdenbeath and Kirkcaldy,Backhouse,snp,FALSE,27.9659,11414,40814,
07/04/2024,Cowdenbeath and Kirkcaldy,Gray,conservative,FALSE,7.8478,3203,40814,
07/04/2024,Cowdenbeath and Kirkcaldy,Davidson,reformuk,FALSE,7.664,3128,40814,
07/04/2024,Cowdenbeath and Kirkcaldy,Graham,libdems,FALSE,3.9031,1593,40814,
07/04/2024,Cowdenbeath and Kirkcaldy,Hall,green,FALSE,3.8124,1556,40814,
07/04/2024,Cowdenbeath and Kirkcaldy,Hanvey,alba,FALSE,2.7736,1132,40814,
07/04/2024,Cowdenbeath and Kirkcaldy,Paul,Scot Libt,FALSE,0.3087,126,40814,
07/04/2024,Cramlington and Killingworth,Foody,labour,FALSE,49.0682,22274,45394,
07/04/2024,Cramlington and Killingworth,Fletcher,reformuk,FALSE,20.8265,9454,45394,
07/04/2024,Cramlington and Killingworth,Levy,conservative,FALSE,18.9276,8592,45394,
07/04/2024,Cramlington and Killingworth,Jones,green,FALSE,4.7231,2144,45394,
07/04/2024,Cramlington and Killingworth,Campion,libdems,FALSE,4.1812,1898,45394,
07/04/2024,Cramlington and Killingworth,Lee,independent,FALSE,1.2623,573,45394,
07/04/2024,Cramlington and Killingworth,Furness,independent,FALSE,0.7093,322,45394,
07/04/2024,Cramlington and Killingworth,Wilkinson,sdlp,FALSE,0.3018,137,45394,
07/04/2024,Crawley,Lamb,labour,FALSE,38.2389,17453,45642,
07/04/2024,Crawley,Ali,conservative,FALSE,26.7692,12218,45642,
07/04/2024,Crawley,Charters,reformuk,FALSE,18.5071,8447,45642,
07/04/2024,Crawley,Dickson,green,FALSE,5.7425,2621,45642,
07/04/2024,Crawley,Bamieh,wpb,FALSE,5.2737,2407,45642,
07/04/2024,Crawley,Gibbs,libdems,FALSE,4.8311,2205,45642,
07/04/2024,Crawley,Burnham,tusc,FALSE,0.3352,153,45642,
07/04/2024,Crawley,Weir,hpuk,FALSE,0.3024,138,45642,
07/04/2024,Crewe and Nantwich,Naismith,labour,FALSE,44.149,20837,47197,
07/04/2024,Crewe and Nantwich,Fletcher,conservative,FALSE,23.5396,11110,47197,
07/04/2024,Crewe and Nantwich,Wood,reformuk,FALSE,20.3445,9602,47197,
07/04/2024,Crewe and Nantwich,Theobald,libdems,FALSE,4.8435,2286,47197,
07/04/2024,Crewe and Nantwich,Browne,green,FALSE,4.5575,2151,47197,
07/04/2024,Crewe and Nantwich,Silvester,PCFIRG,FALSE,1.2458,588,47197,
07/04/2024,Crewe and Nantwich,Lane,wpb,FALSE,0.7903,373,47197,
07/04/2024,Crewe and Nantwich,Tractor,MRLP,FALSE,0.5297,250,47197,
07/04/2024,Croydon East,Irons,labour,FALSE,42.3514,18541,43779,
07/04/2024,Croydon East,Cummings,conservative,FALSE,26.7617,11716,43779,
07/04/2024,Croydon East,Holman,reformuk,FALSE,13.39,5862,43779,
07/04/2024,Croydon East,Underwood,green,FALSE,9.3584,4097,43779,
07/04/2024,Croydon East,Pelling,libdems,FALSE,8.1386,3563,43779,
07/04/2024,Croydon South,Philp,conservative,FALSE,40.0117,19757,49378,
07/04/2024,Croydon South,Taylor,labour,FALSE,35.3275,17444,49378,
07/04/2024,Croydon South,Howard,libdems,FALSE,8.8784,4384,49378,
07/04/2024,Croydon South,Bromley,reformuk,FALSE,8.4025,4149,49378,
07/04/2024,Croydon South,Garrod,green,FALSE,5.79,2859,49378,
07/04/2024,Croydon South,Hussin,wpb,FALSE,1.2394,612,49378,
07/04/2024,Croydon South,Samuel,independent,FALSE,0.3504,173,49378,
07/04/2024,Croydon West,Jones,labour,FALSE,54.0685,20612,38122,
07/04/2024,Croydon West,Fox,conservative,FALSE,16.7515,6386,38122,
07/04/2024,Croydon West,Patel,green,FALSE,10.1018,3851,38122,
07/04/2024,Croydon West,Hussain,libdems,FALSE,9.6191,3667,38122,
07/04/2024,Croydon West,Malhotra,reformuk,FALSE,5.6345,2148,38122,
07/04/2024,Croydon West,Ullah,wpb,FALSE,1.8572,708,38122,
07/04/2024,Croydon West,Murray-Turner,TI,FALSE,1.3194,503,38122,
07/04/2024,Croydon West,Ashley,tusc,FALSE,0.6479,247,38122,
07/04/2024,Cumbernauld and Kirkintilloch,Murray,labour,FALSE,45.1801,18513,40976,
07/04/2024,Cumbernauld and Kirkintilloch,McDonald,snp,FALSE,35.0669,14369,40976,
07/04/2024,Cumbernauld and Kirkintilloch,Ross,reformuk,FALSE,7.7289,3167,40976,
07/04/2024,Cumbernauld and Kirkintilloch,Gill,conservative,FALSE,4.732,1939,40976,
07/04/2024,Cumbernauld and Kirkintilloch,McCrossan,green,FALSE,4.1341,1694,40976,
07/04/2024,Cumbernauld and Kirkintilloch,Harley,libdems,FALSE,3.1579,1294,40976,
07/04/2024,Dagenham and Rainham,Mullane,labour,FALSE,42.6351,16571,38867,
07/04/2024,Dagenham and Rainham,Godfrey,reformuk,FALSE,24.1799,9398,38867,
07/04/2024,Dagenham and Rainham,Holland,conservative,FALSE,17.8197,6926,38867,
07/04/2024,Dagenham and Rainham,Arrowsmith,green,FALSE,10.7649,4184,38867,
07/04/2024,Dagenham and Rainham,Flack,libdems,FALSE,2.6578,1033,38867,
07/04/2024,Dagenham and Rainham,London,independent,FALSE,1.9425,755,38867,
07/04/2024,Darlington,McEvoy,labour,FALSE,39.2208,16621,42378,
07/04/2024,Darlington,Gibson,conservative,FALSE,33.7982,14323,42378,
07/04/2024,Darlington,Walker,reformuk,FALSE,16.1688,6852,42378,
07/04/2024,Darlington,Snedker,green,FALSE,6.7181,2847,42378,
07/04/2024,Darlington,Thorley,libdems,FALSE,4.0941,1735,42378,
07/04/2024,Dartford,Dickson,labour,FALSE,34.5981,15392,44488,
07/04/2024,Dartford,Johnson,conservative,FALSE,31.9187,14200,44488,
07/04/2024,Dartford,Stranders,reformuk,FALSE,21.4058,9523,44488,
07/04/2024,Dartford,Edie,green,FALSE,7.1682,3189,44488,
07/04/2024,Dartford,Marsh,libdems,FALSE,4.9092,2184,44488,
07/04/2024,Daventry,Andrew,conservative,FALSE,33.6687,17872,53082,
07/04/2024,Daventry,Kimani,labour,FALSE,27.9944,14860,53082,
07/04/2024,Daventry,Cameron,reformuk,FALSE,20.0369,10636,53082,
07/04/2024,Daventry,Harris,libdems,FALSE,12.7256,6755,53082,
07/04/2024,Daventry,Slater,green,FALSE,5.5744,2959,53082,
07/04/2024,Derby North,Atkinson,labour,FALSE,45.5021,18619,40919,
07/04/2024,Derby North,Solloway,conservative,FALSE,23.7151,9704,40919,
07/04/2024,Derby North,Prosser,reformuk,FALSE,18.2996,7488,40919,
07/04/2024,Derby North,Hitchcock,green,FALSE,8.0305,3286,40919,
07/04/2024,Derby North,Sweeney,libdems,FALSE,4.4527,1822,40919,
07/04/2024,Derbyshire Dales,Whitby,labour,FALSE,34.6368,17759,51272,
07/04/2024,Derbyshire Dales,Dines,conservative,FALSE,33.9542,17409,51272,
07/04/2024,Derbyshire Dales,Oakenfull,reformuk,FALSE,15.0726,7728,51272,
07/04/2024,Derbyshire Dales,Court,libdems,FALSE,9.4789,4860,51272,
07/04/2024,Derbyshire Dales,Boothroyd,green,FALSE,5.5196,2830,51272,
07/04/2024,Derbyshire Dales,Elnaugh-Love,independent,FALSE,0.7197,369,51272,
07/04/2024,Derbyshire Dales,Wetherall,TFB,FALSE,0.6183,317,51272,
07/04/2024,Derby South,Shanker,labour,FALSE,38.7791,14503,37399,
07/04/2024,Derby South,Graves,reformuk,FALSE,22.7306,8501,37399,
07/04/2024,Derby South,Williamson,wpb,FALSE,13.9175,5205,37399,
07/04/2024,Derby South,Mulhall,conservative,FALSE,13.8827,5192,37399,
07/04/2024,Derby South,Ward,green,FALSE,5.0777,1899,37399,
07/04/2024,Derby South,Naitta,libdems,FALSE,4.8317,1807,37399,
07/04/2024,Derby South,Tair,independent,FALSE,0.7808,292,37399,
07/04/2024,Dewsbury and Batley,Mohamed,independent,FALSE,41.0848,15641,38070,
07/04/2024,Dewsbury and Batley,Iqbal,labour,FALSE,22.871,8707,38070,
07/04/2024,Dewsbury and Batley,Thackray,reformuk,FALSE,16.1597,6152,38070,
07/04/2024,Dewsbury and Batley,Suryawanshi,conservative,FALSE,10.985,4182,38070,
07/04/2024,Dewsbury and Batley,Cope,green,FALSE,5.3796,2048,38070,
07/04/2024,Dewsbury and Batley,Rossington,libdems,FALSE,3.5198,1340,38070,
07/04/2024,Didcot and Wantage,Glover,libdems,FALSE,39.8169,21793,54733,
07/04/2024,Didcot and Wantage,Johnston,conservative,FALSE,28.4289,15560,54733,
07/04/2024,Didcot and Wantage,Khan,labour,FALSE,14.6986,8045,54733,
07/04/2024,Didcot and Wantage,Beatty,reformuk,FALSE,11.6931,6400,54733,
07/04/2024,Didcot and Wantage,Casey-Rerhaye,green,FALSE,4.9202,2693,54733,
07/04/2024,Didcot and Wantage,Pomlett,sdlp,FALSE,0.4421,242,54733,
07/04/2024,Doncaster Central,Jameson,labour,FALSE,46.1601,17515,37944,
07/04/2024,Doncaster Central,Allen,conservative,FALSE,20.9888,7964,37944,
07/04/2024,Doncaster Central,Duhre,reformuk,FALSE,20.7833,7886,37944,
07/04/2024,Doncaster Central,Rozenfelds,green,FALSE,4.9547,1880,37944,
07/04/2024,Doncaster Central,Ruback,libdems,FALSE,3.1599,1199,37944,
07/04/2024,Doncaster Central,McDonald,wpb,FALSE,1.9977,758,37944,
07/04/2024,Doncaster Central,Walmsley,Yrks,FALSE,1.9555,742,37944,
07/04/2024,Doncaster East and the Isle of Axholme,Pitcher,labour,FALSE,38.6436,15122,39132,
07/04/2024,Doncaster East and the Isle of Axholme,Fletcher,conservative,FALSE,32.7379,12811,39132,
07/04/2024,Doncaster East and the Isle of Axholme,Martin,reformuk,FALSE,21.6881,8487,39132,
07/04/2024,Doncaster East and the Isle of Axholme,Garrett,green,FALSE,3.5776,1400,39132,
07/04/2024,Doncaster East and the Isle of Axholme,Turner,libdems,FALSE,2.9797,1166,39132,
07/04/2024,Doncaster East and the Isle of Axholme,Longfellow,Cli,FALSE,0.3731,146,39132,
07/04/2024,Doncaster North,Miliband,labour,FALSE,52.3547,16231,31002,
07/04/2024,Doncaster North,Bluff,conservative,FALSE,22.9179,7105,31002,
07/04/2024,Doncaster North,Bettney,sdlp,FALSE,6.3222,1960,31002,
07/04/2024,Doncaster North,Nicholson,green,FALSE,5.7351,1778,31002,
07/04/2024,Doncaster North,Calladine,BDP,FALSE,3.7417,1160,31002,
07/04/2024,Doncaster North,Dawson,Yrks,FALSE,3.4159,1059,31002,
07/04/2024,Doncaster North,Harston,libdems,FALSE,3.3708,1045,31002,
07/04/2024,Doncaster North,Briggs,POW,FALSE,1.458,452,31002,
07/04/2024,Doncaster North,Hiles,tusc,FALSE,0.6838,212,31002,
07/04/2024,Dorking and Horley,Coghlan,libdems,FALSE,41.8713,20921,49965,
07/04/2024,Dorking and Horley,Heath,conservative,FALSE,31.0818,15530,49965,
07/04/2024,Dorking and Horley,Young,reformuk,FALSE,13.8057,6898,49965,
07/04/2024,Dorking and Horley,Burrell,labour,FALSE,8.1117,4053,49965,
07/04/2024,Dorking and Horley,Scott,green,FALSE,5.1296,2563,49965,
07/04/2024,Dover and Deal,Tapp,labour,FALSE,39.6442,18940,47775,
07/04/2024,Dover and Deal,Cox,reformuk,FALSE,23.7677,11355,47775,
07/04/2024,Dover and Deal,James,conservative,FALSE,21.7059,10370,47775,
07/04/2024,Dover and Deal,Oliver,green,FALSE,6.5013,3106,47775,
07/04/2024,Dover and Deal,James,libdems,FALSE,5.4317,2595,47775,
07/04/2024,Dover and Deal,Lymer,independent,FALSE,1.0152,485,47775,
07/04/2024,Dover and Deal,Payne,independent,FALSE,0.7724,369,47775,
07/04/2024,Dover and Deal,Laws,ED,FALSE,0.3872,185,47775,
07/04/2024,Dover and Deal,Petersen,hpuk,FALSE,0.3516,168,47775,
07/04/2024,Dover and Deal,Tough,independent,FALSE,0.2177,104,47775,
07/04/2024,Dover and Deal,Tasker,wpb,FALSE,0.2051,98,47775,
07/04/2024,Droitwich and Evesham,Huddleston,conservative,FALSE,40.2649,19975,49609,
07/04/2024,Droitwich and Evesham,Kalebe-Nyamongo,labour,FALSE,22.1331,10980,49609,
07/04/2024,Droitwich and Evesham,Bastow,reformuk,FALSE,19.0611,9456,49609,
07/04/2024,Droitwich and Evesham,Walker,libdems,FALSE,10.3429,5131,49609,
07/04/2024,Droitwich and Evesham,Franks,green,FALSE,7.7163,3828,49609,
07/04/2024,Droitwich and Evesham,Flaxman,sdlp,FALSE,0.4818,239,49609,
07/04/2024,Dudley,Kumar,labour,FALSE,34.1239,12215,35796,
07/04/2024,Dudley,Longhi,conservative,FALSE,28.8161,10315,35796,
07/04/2024,Dudley,Southall,reformuk,FALSE,26.3772,9442,35796,
07/04/2024,Dudley,Qari,green,FALSE,3.2238,1154,35796,
07/04/2024,Dudley,Flynn,libdems,FALSE,2.9501,1056,35796,
07/04/2024,Dudley,Bibi,independent,FALSE,2.3941,857,35796,
07/04/2024,Dudley,Hussain,wpb,FALSE,1.7348,621,35796,
07/04/2024,Dudley,Mortha,independent,FALSE,0.3799,136,35796,
07/04/2024,Dulwich and West Norwood,Hayes,labour,FALSE,60.2847,27356,45378,
07/04/2024,Dulwich and West Norwood,Elliott,green,FALSE,18.8792,8567,45378,
07/04/2024,Dulwich and West Norwood,Cook,conservative,FALSE,8.535,3873,45378,
07/04/2024,Dulwich and West Norwood,Harris,libdems,FALSE,7.6799,3485,45378,
07/04/2024,Dulwich and West Norwood,Stevens,reformuk,FALSE,3.9689,1801,45378,
07/04/2024,Dulwich and West Norwood,Spenser,independent,FALSE,0.6523,296,45378,
07/04/2024,Dumfries and Galloway,Cooper,conservative,FALSE,29.5511,13527,45775,
07/04/2024,Dumfries and Galloway,Little,snp,FALSE,27.5194,12597,45775,
07/04/2024,Dumfries and Galloway,Wallace,labour,FALSE,25.7062,11767,45775,
07/04/2024,Dumfries and Galloway,Keal,reformuk,FALSE,9.4222,4313,45775,
07/04/2024,Dumfries and Galloway,McDonald,libdems,FALSE,4.5702,2092,45775,
07/04/2024,Dumfries and Galloway,Moodie,green,FALSE,2.7286,1249,45775,
07/04/2024,Dumfries and Galloway,Griffiths,hpuk,FALSE,0.5025,230,45775,
07/04/2024,Dumfriesshire Clydesdale and Tweeddale,Mundell,conservative,FALSE,33.9236,14999,44214,
07/04/2024,Dumfriesshire Clydesdale and Tweeddale,Marshall,snp,FALSE,24.3294,10757,44214,
07/04/2024,Dumfriesshire Clydesdale and Tweeddale,Coleman,labour,FALSE,22.9339,10140,44214,
07/04/2024,Dumfriesshire Clydesdale and Tweeddale,Kirkwood,reformuk,FALSE,8.6443,3822,44214,
07/04/2024,Dumfriesshire Clydesdale and Tweeddale,Begg,libdems,FALSE,6.3328,2800,44214,
07/04/2024,Dumfriesshire Clydesdale and Tweeddale,Ashmole,green,FALSE,3.3654,1488,44214,
07/04/2024,Dumfriesshire Clydesdale and Tweeddale,Kirk,sfp,FALSE,0.4704,208,44214,
07/04/2024,Dundee Central,Law,snp,FALSE,40.0124,15544,38848,
07/04/2024,Dundee Central,McCready,labour,FALSE,38.2748,14869,38848,
07/04/2024,Dundee Central,Coleman,libdems,FALSE,6.1831,2402,38848,
07/04/2024,Dundee Central,McCann,reformuk,FALSE,6.0827,2363,38848,
07/04/2024,Dundee Central,Farquhar,conservative,FALSE,4.0388,1569,38848,
07/04/2024,Dundee Central,Ross,alba,FALSE,2.0928,813,38848,
07/04/2024,Dundee Central,McFarlane,tusc,FALSE,1.5445,600,38848,
07/04/2024,Dundee Central,Ettle,sfp,FALSE,0.919,357,38848,
07/04/2024,Dundee Central,Mennie,wpb,FALSE,0.4942,192,38848,
07/04/2024,Dundee Central,Omilana,independent,FALSE,0.3578,139,38848,
07/04/2024,Dunfermline and Dollar,Downie,labour,FALSE,45.6609,20336,44537,
07/04/2024,Dunfermline and Dollar,Anis-Miah,snp,FALSE,27.1572,12095,44537,
07/04/2024,Dunfermline and Dollar,Heald,conservative,FALSE,7.4028,3297,44537,
07/04/2024,Dunfermline and Dollar,Buchanan-Quigley,libdems,FALSE,7.1424,3181,44537,
07/04/2024,Dunfermline and Dollar,van den Brock,reformuk,FALSE,6.4823,2887,44537,
07/04/2024,Dunfermline and Dollar,Blackadder,green,FALSE,4.6658,2078,44537,
07/04/2024,Dunfermline and Dollar,Hadley,independent,FALSE,0.7275,324,44537,
07/04/2024,Dunfermline and Dollar,Smith,sfp,FALSE,0.5636,251,44537,
07/04/2024,Dunfermline and Dollar,Morton,independent,FALSE,0.1976,88,44537,
07/04/2024,Dunstable and Leighton Buzzard,Mayer,labour,FALSE,32.5247,14976,46045,
07/04/2024,Dunstable and Leighton Buzzard,Selous,conservative,FALSE,31.0761,14309,46045,
07/04/2024,Dunstable and Leighton Buzzard,Palmer,reformuk,FALSE,17.5285,8071,46045,
07/04/2024,Dunstable and Leighton Buzzard,Holland-Lindsay,libdems,FALSE,14.1101,6497,46045,
07/04/2024,Dunstable and Leighton Buzzard,Hundal,green,FALSE,4.5933,2115,46045,
07/04/2024,Dunstable and Leighton Buzzard,Vitiello,ED,FALSE,0.1672,77,46045,
07/04/2024,Dwyfor Meirionnydd,Saville Roberts,plaidcymru,FALSE,53.9374,21788,40395,
07/04/2024,Dwyfor Meirionnydd,Stallard,labour,FALSE,14.6355,5912,40395,
07/04/2024,Dwyfor Meirionnydd,Murphy,reformuk,FALSE,12.0238,4857,40395,
07/04/2024,Dwyfor Meirionnydd,Day,conservative,FALSE,11.6648,4712,40395,
07/04/2024,Dwyfor Meirionnydd,Drinkwater,green,FALSE,3.5846,1448,40395,
07/04/2024,Dwyfor Meirionnydd,Jenkins,libdems,FALSE,3.4187,1381,40395,
07/04/2024,Dwyfor Meirionnydd,Ginsberg,hpuk,FALSE,0.7352,297,40395,
07/04/2024,Ealing Central and Acton,Huq,labour,FALSE,46.7667,22340,47769,
07/04/2024,Ealing Central and Acton,Windsor-Clive,conservative,FALSE,17.4695,8345,47769,
07/04/2024,Ealing Central and Acton,Mitton,libdems,FALSE,12.6777,6056,47769,
07/04/2024,Ealing Central and Acton,Crossland,green,FALSE,11.3965,5444,47769,
07/04/2024,Ealing Central and Acton,Orrell,reformuk,FALSE,6.5,3105,47769,
07/04/2024,Ealing Central and Acton,Jarche,wpb,FALSE,3.697,1766,47769,
07/04/2024,Ealing Central and Acton,Balogh,sdlp,FALSE,0.8583,410,47769,
07/04/2024,Ealing Central and Acton,Carter,independent,FALSE,0.6343,303,47769,
07/04/2024,Ealing North,Murray,labour,FALSE,47.7956,20663,43232,
07/04/2024,Ealing North,Khan,conservative,FALSE,18.8379,8144,43232,
07/04/2024,Ealing North,Kubica,green,FALSE,9.3819,4056,43232,
07/04/2024,Ealing North,Harris,reformuk,FALSE,9.1321,3948,43232,
07/04/2024,Ealing North,Habeeb,wpb,FALSE,7.2608,3139,43232,
07/04/2024,Ealing North,O'Donnell,libdems,FALSE,5.8822,2543,43232,
07/04/2024,Ealing North,Alharahsheh,independent,FALSE,1.1542,499,43232,
07/04/2024,Ealing North,Beaumont,sdlp,FALSE,0.5551,240,43232,
07/04/2024,Ealing Southall,Costigan,labour,FALSE,49.1285,23000,46816,
07/04/2024,Ealing Southall,Calle,conservative,FALSE,15.3943,7207,46816,
07/04/2024,Ealing Southall,Reynolds,green,FALSE,9.3045,4356,46816,
07/04/2024,Ealing Southall,Azad,wpb,FALSE,9.0503,4237,46816,
07/04/2024,Ealing Southall,Mahmood,libdems,FALSE,6.0492,2832,46816,
07/04/2024,Ealing Southall,Chilcott,reformuk,FALSE,5.5216,2585,46816,
07/04/2024,Ealing Southall,Omilana,independent,FALSE,1.5807,740,46816,
07/04/2024,Ealing Southall,Bhail,independent,FALSE,1.1898,557,46816,
07/04/2024,Ealing Southall,Ward,REU,FALSE,1.0146,475,46816,
07/04/2024,Ealing Southall,Bhangu,independent,FALSE,0.6814,319,46816,
07/04/2024,Ealing Southall,Singh,independent,FALSE,0.6301,295,46816,
07/04/2024,Ealing Southall,Da Conceicao,independent,FALSE,0.455,213,46816,
07/04/2024,Earley and Woodley,Yang,labour,FALSE,39.6589,18209,45914,
07/04/2024,Earley and Woodley,Jorgensen,conservative,FALSE,37.812,17361,45914,
07/04/2024,Earley and Woodley,Maher,libdems,FALSE,13.3772,6142,45914,
07/04/2024,Earley and Woodley,Shacklady,green,FALSE,7.4444,3418,45914,
07/04/2024,Earley and Woodley,Hunter,sdlp,FALSE,1.7075,784,45914,
07/04/2024,Easington,Morris,labour,FALSE,48.8696,16774,34324,
07/04/2024,Easington,Murphy,reformuk,FALSE,29.81,10232,34324,
07/04/2024,Easington,Howey,conservative,FALSE,10.934,3753,34324,
07/04/2024,Easington,Cartwright,NEP,FALSE,4.6061,1581,34324,
07/04/2024,Easington,Ashfield,green,FALSE,3.4174,1173,34324,
07/04/2024,Easington,Ferguson,libdems,FALSE,2.3628,811,34324,
07/04/2024,East Antrim,Wilson,DUP,FALSE,28.8897,11462,39675,
07/04/2024,East Antrim,Donnelly,APNI,FALSE,25.598,10156,39675,
07/04/2024,East Antrim,Stewart,UUP,FALSE,23.8841,9476,39675,
07/04/2024,East Antrim,Warwick,TUV,FALSE,10.4222,4135,39675,
07/04/2024,East Antrim,McMullan,sinnfein,FALSE,7.5262,2986,39675,
07/04/2024,East Antrim,McKillop,SDLP,FALSE,2.2483,892,39675,
07/04/2024,East Antrim,Bailey,green,FALSE,1.4316,568,39675,
07/04/2024,Eastbourne,Babarinde,libdems,FALSE,52.0601,23742,45605,
07/04/2024,Eastbourne,Ansell,conservative,FALSE,25.2999,11538,45605,
07/04/2024,Eastbourne,Ashdown,reformuk,FALSE,13.2902,6061,45605,
07/04/2024,Eastbourne,Richards,labour,FALSE,5.8963,2689,45605,
07/04/2024,Eastbourne,Munson,green,FALSE,3.1159,1421,45605,
07/04/2024,Eastbourne,Garbutt,ukip,FALSE,0.3377,154,45605,
07/04/2024,East Grinstead and Uckfield,Davies,conservative,FALSE,38.3367,19319,50393,
07/04/2024,East Grinstead and Uckfield,Dempsey,libdems,FALSE,21.5089,10839,50393,
07/04/2024,East Grinstead and Uckfield,Cox,labour,FALSE,20.7172,10440,50393,
07/04/2024,East Grinstead and Uckfield,Coleman,green,FALSE,10.4717,5277,50393,
07/04/2024,East Grinstead and Uckfield,Gibson,independent,FALSE,4.9253,2482,50393,
07/04/2024,East Grinstead and Uckfield,Highton,ED,FALSE,4.0402,2036,50393,
07/04/2024,East Ham,Timms,labour,FALSE,51.6468,19570,37892,
07/04/2024,East Ham,Mirza,independent,FALSE,17.7003,6707,37892,
07/04/2024,East Ham,Pearce,green,FALSE,11.1527,4226,37892,
07/04/2024,East Ham,Higson,conservative,FALSE,10.2291,3876,37892,
07/04/2024,East Ham,Oxley,reformuk,FALSE,3.5364,1340,37892,
07/04/2024,East Ham,Briffa,libdems,FALSE,3.1933,1210,37892,
07/04/2024,East Ham,Sundar,independent,FALSE,1.5254,578,37892,
07/04/2024,East Ham,Ramadoss,independent,FALSE,1.016,385,37892,
07/04/2024,East Hampshire,Hinds,conservative,FALSE,37.0136,18509,50006,
07/04/2024,East Hampshire,Martin,libdems,FALSE,34.4639,17234,50006,
07/04/2024,East Hampshire,Kellermann,reformuk,FALSE,12.9504,6476,50006,
07/04/2024,East Hampshire,Sims,labour,FALSE,9.7328,4867,50006,
07/04/2024,East Hampshire,Knight,green,FALSE,4.8074,2404,50006,
07/04/2024,East Hampshire,Makin,hi,FALSE,0.7279,364,50006,
07/04/2024,East Hampshire,Smith,sdlp,FALSE,0.304,152,50006,
07/04/2024,East Kilbride and Strathaven,Reid,labour,FALSE,48.5623,22682,46707,
07/04/2024,East Kilbride and Strathaven,Costello,snp,FALSE,29.1712,13625,46707,
07/04/2024,East Kilbride and Strathaven,Lambie,conservative,FALSE,7.5942,3547,46707,
07/04/2024,East Kilbride and Strathaven,Mills,reformuk,FALSE,7.2302,3377,46707,
07/04/2024,East Kilbride and Strathaven,McGuinness,green,FALSE,3.8774,1811,46707,
07/04/2024,East Kilbride and Strathaven,Mir,libdems,FALSE,2.2994,1074,46707,
07/04/2024,East Kilbride and Strathaven,Richardson,sfp,FALSE,1.0812,505,46707,
07/04/2024,East Kilbride and Strathaven,MacKay,ukip,FALSE,0.1841,86,46707,
07/04/2024,Eastleigh,Jarvis,libdems,FALSE,34.4033,15970,46420,
07/04/2024,Eastleigh,Joynson,conservative,FALSE,31.0728,14424,46420,
07/04/2024,Eastleigh,Shearer,labour,FALSE,15.0905,7005,46420,
07/04/2024,Eastleigh,Fawcett,reformuk,FALSE,13.2508,6151,46420,
07/04/2024,Eastleigh,Parry,green,FALSE,5.1766,2403,46420,
07/04/2024,Eastleigh,Kitching,independent,FALSE,1.006,467,46420,
07/04/2024,East Londonderry,Campbell,DUP,FALSE,27.8751,11506,41277,
07/04/2024,East Londonderry,McGurk,sinnfein,FALSE,27.4414,11327,41277,
07/04/2024,East Londonderry,Hunter,SDLP,FALSE,12.7432,5260,41277,
07/04/2024,East Londonderry,Kyle,TUV,FALSE,10.5701,4363,41277,
07/04/2024,East Londonderry,Stewart,APNI,FALSE,9.0462,3734,41277,
07/04/2024,East Londonderry,Miller,UUP,FALSE,8.2661,3412,41277,
07/04/2024,East Londonderry,Brolly,AONT,FALSE,2.5268,1043,41277,
07/04/2024,East Londonderry,McCahon,green,FALSE,1.0781,445,41277,
07/04/2024,East Londonderry,Scull,conservative,FALSE,0.453,187,41277,
07/04/2024,East Renfrewshire,McDougall,labour,FALSE,43.6717,21935,50227,
07/04/2024,East Renfrewshire,Oswald,snp,FALSE,26.9058,13514,50227,
07/04/2024,East Renfrewshire,Gulhane,conservative,FALSE,16.9112,8494,50227,
07/04/2024,East Renfrewshire,Alexander,reformuk,FALSE,4.6987,2360,50227,
07/04/2024,East Renfrewshire,Sharkey,green,FALSE,3.0064,1510,50227,
07/04/2024,East Renfrewshire,Grant,libdems,FALSE,2.2896,1150,50227,
07/04/2024,East Renfrewshire,Reid,sfp,FALSE,0.9696,487,50227,
07/04/2024,East Renfrewshire,Steele,Lib,FALSE,0.9577,481,50227,
07/04/2024,East Renfrewshire,Walker,ISP,FALSE,0.5893,296,50227,
07/04/2024,East Surrey,Coutinho,conservative,FALSE,35.5761,17502,49196,
07/04/2024,East Surrey,Bowell,labour,FALSE,20.4326,10052,49196,
07/04/2024,East Surrey,Malcomson,libdems,FALSE,17.9547,8833,49196,
07/04/2024,East Surrey,Scott,reformuk,FALSE,17.0339,8380,49196,
07/04/2024,East Surrey,Khan,green,FALSE,6.0107,2957,49196,
07/04/2024,East Surrey,Moore,independent,FALSE,2.3274,1145,49196,
07/04/2024,East Surrey,Hogbin,MRLP,FALSE,0.6647,327,49196,
07/04/2024,East Thanet,Billington,labour,FALSE,39.927,17054,42713,
07/04/2024,East Thanet,Harrison,conservative,FALSE,23.6064,10083,42713,
07/04/2024,East Thanet,Webb,reformuk,FALSE,20.1133,8591,42713,
07/04/2024,East Thanet,Roberts,green,FALSE,10.7461,4590,42713,
07/04/2024,East Thanet,Singh,libdems,FALSE,3.1957,1365,42713,
07/04/2024,East Thanet,Birchall,independent,FALSE,1.3181,563,42713,
07/04/2024,East Thanet,Holton,independent,FALSE,0.8639,369,42713,
07/04/2024,East Thanet,Shafaei,independent,FALSE,0.2294,98,42713,
07/04/2024,East Wiltshire,Kruger,conservative,FALSE,35.7023,16849,47193,
07/04/2024,East Wiltshire,Newman,labour,FALSE,25.7093,12133,47193,
07/04/2024,East Wiltshire,Kinnaird,libdems,FALSE,17.3839,8204,47193,
07/04/2024,East Wiltshire,Talbot,reformuk,FALSE,16.708,7885,47193,
07/04/2024,East Wiltshire,Herbert,green,FALSE,3.9074,1844,47193,
07/04/2024,East Wiltshire,Force-Jones,TFB,FALSE,0.5891,278,47193,
07/04/2024,East Worthing and Shoreham,Rutland,labour,FALSE,45.0711,22120,49078,
07/04/2024,East Worthing and Shoreham,Williams,conservative,FALSE,25.6755,12601,49078,
07/04/2024,East Worthing and Shoreham,Harman,reformuk,FALSE,14.6074,7169,49078,
07/04/2024,East Worthing and Shoreham,Woudman,green,FALSE,6.614,3246,49078,
07/04/2024,East Worthing and Shoreham,Batchelor,libdems,FALSE,6.4795,3180,49078,
07/04/2024,East Worthing and Shoreham,Ward,independent,FALSE,0.652,320,49078,
07/04/2024,East Worthing and Shoreham,Greenshields,independent,FALSE,0.5563,273,49078,
07/04/2024,East Worthing and Shoreham,Forman,independent,FALSE,0.3443,169,49078,
07/04/2024,Edinburgh East and Musselburgh,Murray,labour,FALSE,41.2287,18790,45575,
07/04/2024,Edinburgh East and Musselburgh,Sheppard,snp,FALSE,33.0773,15075,45575,
07/04/2024,Edinburgh East and Musselburgh,Grimm,green,FALSE,10.2447,4669,45575,
07/04/2024,Edinburgh East and Musselburgh,Munro,conservative,FALSE,5.7005,2598,45575,
07/04/2024,Edinburgh East and Musselburgh,Winton,reformuk,FALSE,4.6714,2129,45575,
07/04/2024,Edinburgh East and Musselburgh,Dundas,libdems,FALSE,4.2765,1949,45575,
07/04/2024,Edinburgh East and Musselburgh,Gould,independent,FALSE,0.8009,365,45575,
07/04/2024,Edinburgh North and Leith,Gilbert,labour,FALSE,42.0515,20805,49475,
07/04/2024,Edinburgh North and Leith,Brock,snp,FALSE,27.3613,13537,49475,
07/04/2024,Edinburgh North and Leith,O'Neill,green,FALSE,10.949,5417,49475,
07/04/2024,Edinburgh North and Leith,Andersen,libdems,FALSE,7.8403,3879,49475,
07/04/2024,Edinburgh North and Leith,Mowat,conservative,FALSE,6.5771,3254,49475,
07/04/2024,Edinburgh North and Leith,Melville,reformuk,FALSE,3.6746,1818,49475,
07/04/2024,Edinburgh North and Leith,Jacobsen,SL,FALSE,0.4588,227,49475,
07/04/2024,Edinburgh North and Leith,Deepnarain,sfp,FALSE,0.4245,210,49475,
07/04/2024,Edinburgh North and Leith,Shillcock,Comm,FALSE,0.382,189,49475,
07/04/2024,Edinburgh North and Leith,Waterloo,independent,FALSE,0.281,139,49475,
07/04/2024,Edinburgh South,Murray,labour,FALSE,53.3379,24976,46826,
07/04/2024,Edinburgh South,Kumar,snp,FALSE,16.4972,7725,46826,
07/04/2024,Edinburgh South,Phillips,green,FALSE,9.1189,4270,46826,
07/04/2024,Edinburgh South,Cowdy,conservative,FALSE,8.5444,4001,46826,
07/04/2024,Edinburgh South,Williamson,libdems,FALSE,5.8643,2746,46826,
07/04/2024,Edinburgh South,Rose,reformuk,FALSE,3.9401,1845,46826,
07/04/2024,Edinburgh South,Martin,independent,FALSE,0.9952,466,46826,
07/04/2024,Edinburgh South,Lyon,alba,FALSE,0.9695,454,46826,
07/04/2024,Edinburgh South,Holden,sfp,FALSE,0.5702,267,46826,
07/04/2024,Edinburgh South,Rowbotham,independent,FALSE,0.1623,76,46826,
07/04/2024,Edinburgh South West,Arthur,labour,FALSE,40.8703,18663,45664,
07/04/2024,Edinburgh South West,Cherry,snp,FALSE,27.2556,12446,45664,
07/04/2024,Edinburgh South West,Webber,conservative,FALSE,12.1715,5558,45664,
07/04/2024,Edinburgh South West,Heap,green,FALSE,7.5552,3450,45664,
07/04/2024,Edinburgh South West,Wilson,libdems,FALSE,6.6004,3014,45664,
07/04/2024,Edinburgh South West,Harper,reformuk,FALSE,4.5703,2087,45664,
07/04/2024,Edinburgh South West,Lucas,sfp,FALSE,0.5803,265,45664,
07/04/2024,Edinburgh South West,Wilkinson,independent,FALSE,0.3964,181,45664,
07/04/2024,Edinburgh West,Jardine,libdems,FALSE,50.7804,26645,52471,
07/04/2024,Edinburgh West,Hyslop,snp,FALSE,19.3917,10175,52471,
07/04/2024,Edinburgh West,Davidson,labour,FALSE,14.9683,7854,52471,
07/04/2024,Edinburgh West,Shields,conservative,FALSE,5.5211,2897,52471,
07/04/2024,Edinburgh West,Inglis,reformuk,FALSE,4.2099,2209,52471,
07/04/2024,Edinburgh West,Puchowski,green,FALSE,4.0022,2100,52471,
07/04/2024,Edinburgh West,Henry,independent,FALSE,0.6918,363,52471,
07/04/2024,Edinburgh West,Hornig,independent,FALSE,0.2725,143,52471,
07/04/2024,Edinburgh West,Laird,Scot Libt,FALSE,0.162,85,52471,
07/04/2024,Edmonton and Winchmore Hill,Osamor,labour,FALSE,49.9939,20520,41045,
07/04/2024,Edmonton and Winchmore Hill,Huggins,conservative,FALSE,19.2179,7888,41045,
07/04/2024,Edmonton and Winchmore Hill,Balnave,green,FALSE,8.9682,3681,41045,
07/04/2024,Edmonton and Winchmore Hill,Watson,reformuk,FALSE,8.5297,3501,41045,
07/04/2024,Edmonton and Winchmore Hill,Martin,libdems,FALSE,6.6293,2721,41045,
07/04/2024,Edmonton and Winchmore Hill,Sadur,independent,FALSE,4.1418,1700,41045,
07/04/2024,Edmonton and Winchmore Hill,Headley,wpb,FALSE,1.6275,668,41045,
07/04/2024,Edmonton and Winchmore Hill,Awolola,CPA,FALSE,0.8917,366,41045,
07/04/2024,Ellesmere Port and Bromborough,Madders,labour,FALSE,57.6351,24186,41964,
07/04/2024,Ellesmere Port and Bromborough,Alreed,reformuk,FALSE,17.3434,7278,41964,
07/04/2024,Ellesmere Port and Bromborough,Evans,conservative,FALSE,12.4154,5210,41964,
07/04/2024,Ellesmere Port and Bromborough,Gorman,green,FALSE,6.4484,2706,41964,
07/04/2024,Ellesmere Port and Bromborough,Carubia,libdems,FALSE,5.5476,2328,41964,
07/04/2024,Ellesmere Port and Bromborough,Boulton,independent,FALSE,0.61,256,41964,
07/04/2024,Eltham and Chislehurst,Efford,labour,FALSE,44.0438,20069,45566,
07/04/2024,Eltham and Chislehurst,Davis,conservative,FALSE,25.5454,11640,45566,
07/04/2024,Eltham and Chislehurst,Simpson,reformuk,FALSE,16.3016,7428,45566,
07/04/2024,Eltham and Chislehurst,Gabriel,green,FALSE,6.7572,3079,45566,
07/04/2024,Eltham and Chislehurst,Abbate,libdems,FALSE,5.3176,2423,45566,
07/04/2024,Eltham and Chislehurst,Stewart,wpb,FALSE,0.7813,356,45566,
07/04/2024,Eltham and Chislehurst,Tarling,independent,FALSE,0.6737,307,45566,
07/04/2024,Eltham and Chislehurst,Hacking,independent,FALSE,0.3797,173,45566,
07/04/2024,Eltham and Chislehurst,Courtneidge,independent,FALSE,0.1997,91,45566,
07/04/2024,Ely and East Cambridgeshire,Cane,libdems,FALSE,32.7045,17127,52369,
07/04/2024,Ely and East Cambridgeshire,Frazer,conservative,FALSE,31.7592,16632,52369,
07/04/2024,Ely and East Cambridgeshire,McWilliams,labour,FALSE,17.4913,9160,52369,
07/04/2024,Ely and East Cambridgeshire,Coogan,reformuk,FALSE,12.3031,6443,52369,
07/04/2024,Ely and East Cambridgeshire,Cogan,green,FALSE,4.5046,2359,52369,
07/04/2024,Ely and East Cambridgeshire,Henry,MRLP,FALSE,0.5175,271,52369,
07/04/2024,Ely and East Cambridgeshire,Bayley,sdlp,FALSE,0.3284,172,52369,
07/04/2024,Ely and East Cambridgeshire,Monye,independent,FALSE,0.1967,103,52369,
07/04/2024,Ely and East Cambridgeshire,Rawlins,independent,FALSE,0.1948,102,52369,
07/04/2024,Enfield North,Clark,labour,FALSE,49.1309,21368,43492,
07/04/2024,Enfield North,Dey,conservative,FALSE,19.8473,8632,43492,
07/04/2024,Enfield North,Bird,reformuk,FALSE,11.8321,5146,43492,
07/04/2024,Enfield North,Whittaker,green,FALSE,8.5372,3713,43492,
07/04/2024,Enfield North,Russo,libdems,FALSE,5.7873,2517,43492,
07/04/2024,Enfield North,Karpazli,independent,FALSE,3.3293,1448,43492,
07/04/2024,Enfield North,Anifowoshe,wpb,FALSE,1.5359,668,43492,
07/04/2024,Epping Forest,Hudson,conservative,FALSE,43.201685,18038,41753,
07/04/2024,Epping Forest,Dor?,labour,FALSE,29.593083,12356,41753,
07/04/2024,Epping Forest,Whitehouse,libdems,FALSE,12.617058,5268,41753,
07/04/2024,Epping Forest,Pond,independent,FALSE,7.273729,3037,41753,
07/04/2024,Epping Forest,Heap,green,FALSE,5.9540633,2486,41753,
07/04/2024,Epping Forest,Hall,SG,FALSE,1.3603813,568,41753,
07/04/2024,Epsom and Ewell,Maguire,libdems,FALSE,37.9166,20674,54525,
07/04/2024,Epsom and Ewell,Fraser,conservative,FALSE,31.1564,16988,54525,
07/04/2024,Epsom and Ewell,Todd,labour,FALSE,15.2682,8325,54525,
07/04/2024,Epsom and Ewell,Senthilnathan,reformuk,FALSE,10.6282,5795,54525,
07/04/2024,Epsom and Ewell,McKenna,green,FALSE,3.2004,1745,54525,
07/04/2024,Epsom and Ewell,Miller,TFB,FALSE,1.5497,845,54525,
07/04/2024,Epsom and Ewell,Young,sdlp,FALSE,0.2806,153,54525,
07/04/2024,Erewash,Thompson,labour,FALSE,40.0502,17224,43006,
07/04/2024,Erewash,Throup,conservative,FALSE,26.4265,11365,43006,
07/04/2024,Erewash,Booth-Isherwood,reformuk,FALSE,21.304,9162,43006,
07/04/2024,Erewash,Poland,green,FALSE,5.762,2478,43006,
07/04/2024,Erewash,Archer,libdems,FALSE,5.6411,2426,43006,
07/04/2024,Erewash,Kirby,independent,FALSE,0.8162,351,43006,
07/04/2024,Erith and Thamesmead,Oppong-Asare,labour,FALSE,55.093,22246,40379,
07/04/2024,Erith and Thamesmead,Pastor,reformuk,FALSE,14.7205,5944,40379,
07/04/2024,Erith and Thamesmead,Mark,conservative,FALSE,13.7794,5564,40379,
07/04/2024,Erith and Thamesmead,Barry,green,FALSE,8.6233,3482,40379,
07/04/2024,Erith and Thamesmead,Chalmers,libdems,FALSE,4.6361,1872,40379,
07/04/2024,Erith and Thamesmead,Shahed,wpb,FALSE,2.6524,1071,40379,
07/04/2024,Erith and Thamesmead,Diamond,independent,FALSE,0.4953,200,40379,
07/04/2024,Esher and Walton,Harding,libdems,FALSE,52.552,28315,53880,
07/04/2024,Esher and Walton,Cope,conservative,FALSE,30.2747,16312,53880,
07/04/2024,Esher and Walton,Gray,reformuk,FALSE,8.866,4777,53880,
07/04/2024,Esher and Walton,Gordon,labour,FALSE,5.2821,2846,53880,
07/04/2024,Esher and Walton,Pawlik,green,FALSE,2.5909,1396,53880,
07/04/2024,Esher and Walton,Bateson,sdlp,FALSE,0.4343,234,53880,
07/04/2024,Exeter,Race,labour,FALSE,45.3415,18225,40195,
07/04/2024,Exeter,Tucker,conservative,FALSE,15.6437,6288,40195,
07/04/2024,Exeter,Bell,green,FALSE,14.6959,5907,40195,
07/04/2024,Exeter,Bunker,reformuk,FALSE,12.2254,4914,40195,
07/04/2024,Exeter,Aczel,libdems,FALSE,10.4515,4201,40195,
07/04/2024,Exeter,Poulter,independent,FALSE,1.1593,466,40195,
07/04/2024,Exeter,Spain,independent,FALSE,0.4826,194,40195,
07/04/2024,Exmouth and Exeter East,Reed,conservative,FALSE,28.7006,14728,51316,
07/04/2024,Exmouth and Exeter East,Dallimore,labour,FALSE,28.464806,14607,51316,
07/04/2024,Exmouth and Exeter East,Arnott,libdems,FALSE,22.18996,11387,51316,
07/04/2024,Exmouth and Exeter East,Sutherland,reformuk,FALSE,13.80661,7085,51316,
07/04/2024,Exmouth and Exeter East,Davey,green,FALSE,4.5424428,2331,51316,
07/04/2024,Exmouth and Exeter East,Wilson,independent,FALSE,1.1497,590,51316,
07/04/2024,Exmouth and Exeter East,Faithfull,independent,FALSE,0.8847,454,51316,
07/04/2024,Exmouth and Exeter East,Baldwin,Cli,FALSE,0.2611,134,51316,
07/04/2024,Falkirk,Stainbank,labour,FALSE,43.0334,18343,42625,
07/04/2024,Falkirk,Giugliano,snp,FALSE,31.3126,13347,42625,
07/04/2024,Falkirk,Bundy,conservative,FALSE,8.3894,3576,42625,
07/04/2024,Falkirk,Barrow,reformuk,FALSE,7.9179,3375,42625,
07/04/2024,Falkirk,Kidd,green,FALSE,4.0141,1711,42625,
07/04/2024,Falkirk,McKay,libdems,FALSE,2.5619,1092,42625,
07/04/2024,Falkirk,Tunnicliff,independent,FALSE,1.4076,600,42625,
07/04/2024,Falkirk,Arshad,alba,FALSE,1.363,581,42625,
07/04/2024,Fareham and Waterlooville,Braverman,conservative,FALSE,35.0358,17561,50123,
07/04/2024,Fareham and Waterlooville,Furnivall,labour,FALSE,22.9076,11482,50123,
07/04/2024,Fareham and Waterlooville,Hewitt,libdems,FALSE,19.0192,9533,50123,
07/04/2024,Fareham and Waterlooville,Chippindall-Higgin,reformuk,FALSE,18.1234,9084,50123,
07/04/2024,Fareham and Waterlooville,Marie,green,FALSE,4.062,2036,50123,
07/04/2024,Fareham and Waterlooville,Holliday,hi,FALSE,0.4329,217,50123,
07/04/2024,Fareham and Waterlooville,Dean,REU,FALSE,0.419,210,50123,
07/04/2024,Farnham and Bordon,Stafford,conservative,FALSE,35.7465,18951,53015,
07/04/2024,Farnham and Bordon,Yousuf,libdems,FALSE,33.2019,17602,53015,
07/04/2024,Farnham and Bordon,Just,labour,FALSE,13.8225,7328,53015,
07/04/2024,Farnham and Bordon,Hall,reformuk,FALSE,11.7269,6217,53015,
07/04/2024,Farnham and Bordon,Matthes,green,FALSE,4.7081,2496,53015,
07/04/2024,Farnham and Bordon,Jerrard,hi,FALSE,0.7941,421,53015,
07/04/2024,Faversham and Mid Kent,Whately,conservative,FALSE,31.7981,14816,46594,
07/04/2024,Faversham and Mid Kent,Dawkins,labour,FALSE,28.6453,13347,46594,
07/04/2024,Faversham and Mid Kent,Harrison,reformuk,FALSE,21.213,9884,46594,
07/04/2024,Faversham and Mid Kent,Temple,green,FALSE,9.0527,4218,46594,
07/04/2024,Faversham and Mid Kent,Perkin,libdems,FALSE,8.9239,4158,46594,
07/04/2024,Faversham and Mid Kent,Rustem,BDP,FALSE,0.367,171,46594,
07/04/2024,Feltham and Heston,Malhotra,labour,FALSE,41.5023,16139,38887,
07/04/2024,Feltham and Heston,Gudi,conservative,FALSE,21.0739,8195,38887,
07/04/2024,Feltham and Heston,Singh,reformuk,FALSE,13.1921,5130,38887,
07/04/2024,Feltham and Heston,Kandelaki,green,FALSE,6.5395,2543,38887,
07/04/2024,Feltham and Heston,Mann,wpb,FALSE,5.66,2201,38887,
07/04/2024,Feltham and Heston,Sengupta,libdems,FALSE,4.6828,1821,38887,
07/04/2024,Feltham and Heston,Tramboo,independent,FALSE,4.2636,1658,38887,
07/04/2024,Feltham and Heston,Brown,independent,FALSE,1.1675,454,38887,
07/04/2024,Feltham and Heston,Choudhury,independent,FALSE,0.9592,373,38887,
07/04/2024,Feltham and Heston,Read,independent,FALSE,0.9592,373,38887,
07/04/2024,Fermanagh and South Tyrone,Cullen,sinnfein,FALSE,48.6412,24844,51076,
07/04/2024,Fermanagh and South Tyrone,Armstrong,UUP,FALSE,39.6918,20273,51076,
07/04/2024,Fermanagh and South Tyrone,Roofe,APNI,FALSE,4.738,2420,51076,
07/04/2024,Fermanagh and South Tyrone,Blake,SDLP,FALSE,4.6715,2386,51076,
07/04/2024,Fermanagh and South Tyrone,Cullen,CCLA,FALSE,1.2217,624,51076,
07/04/2024,Fermanagh and South Tyrone,Duffy,AONT,FALSE,1.0357,529,51076,
07/04/2024,Filton and Bradley Stoke,Hazelgrove,labour,FALSE,45.4762,22905,50367,
07/04/2024,Filton and Bradley Stoke,Lopresti,conservative,FALSE,25.6219,12905,50367,
07/04/2024,Filton and Bradley Stoke,Burge,reformuk,FALSE,13.5386,6819,50367,
07/04/2024,Filton and Bradley Stoke,Nelson,green,FALSE,8.2236,4142,50367,
07/04/2024,Filton and Bradley Stoke,Allen,libdems,FALSE,7.1396,3596,50367,
07/04/2024,Finchley and Golders Green,Sackman,labour,FALSE,44.3446,21857,49289,
07/04/2024,Finchley and Golders Green,Deane,conservative,FALSE,35.0504,17276,49289,
07/04/2024,Finchley and Golders Green,Hoyle,libdems,FALSE,6.8474,3375,49289,
07/04/2024,Finchley and Golders Green,Parsons,green,FALSE,6.3036,3107,49289,
07/04/2024,Finchley and Golders Green,Pezzulli,reformuk,FALSE,5.271,2598,49289,
07/04/2024,Finchley and Golders Green,Donnelly,REU,FALSE,0.986,486,49289,
07/04/2024,Finchley and Golders Green,Murphy,POW,FALSE,0.6452,318,49289,
07/04/2024,Finchley and Golders Green,Shad,independent,FALSE,0.5518,272,49289,
07/04/2024,Folkestone and Hythe,Vaughan,labour,FALSE,34.7315,15020,43246,
07/04/2024,Folkestone and Hythe,Collins,conservative,FALSE,26.1088,11291,43246,
07/04/2024,Folkestone and Hythe,Wright,reformuk,FALSE,24.7075,10685,43246,
07/04/2024,Folkestone and Hythe,Brett,green,FALSE,9.143,3954,43246,
07/04/2024,Folkestone and Hythe,Ngan,libdems,FALSE,4.0142,1736,43246,
07/04/2024,Folkestone and Hythe,Khanom,tusc,FALSE,0.5758,249,43246,
07/04/2024,Folkestone and Hythe,Allen,FVP,FALSE,0.555,240,43246,
07/04/2024,Folkestone and Hythe,Thomas,SPGB,FALSE,0.1642,71,43246,
07/04/2024,Forest of Dean,Bishop,labour,FALSE,34.0459,16373,48091,
07/04/2024,Forest of Dean,Harper,conservative,FALSE,33.4678,16095,48091,
07/04/2024,Forest of Dean,Goodin,reformuk,FALSE,17.0385,8194,48091,
07/04/2024,Forest of Dean,McFarling,green,FALSE,9.8459,4735,48091,
07/04/2024,Forest of Dean,Joyce,libdems,FALSE,5.4147,2604,48091,
07/04/2024,Forest of Dean,Sikder,SL,FALSE,0.1871,90,48091,
07/04/2024,Foyle,Eastwood,SDLP,FALSE,40.792,15647,38358,
07/04/2024,Foyle,Duffy,sinnfein,FALSE,29.9312,11481,38358,
07/04/2024,Foyle,Middleton,DUP,FALSE,10.2065,3915,38358,
07/04/2024,Foyle,Harkin,PBPA,FALSE,6.3716,2444,38358,
07/04/2024,Foyle,McCloskey,independent,FALSE,3.9601,1519,38358,
07/04/2024,Foyle,Montgomery,UUP,FALSE,3.7072,1422,38358,
07/04/2024,Foyle,Ferguson,APNI,FALSE,3.3057,1268,38358,
07/04/2024,Foyle,Boyle,AONT,FALSE,1.7258,662,38358,
07/04/2024,Frome and East Somerset,Sabine,libdems,FALSE,35.4911,16580,46716,
07/04/2024,Frome and East Somerset,Trimnell,conservative,FALSE,23.8997,11165,46716,
07/04/2024,Frome and East Somerset,Swain,reformuk,FALSE,13.7876,6441,46716,
07/04/2024,Frome and East Somerset,Moss,labour,FALSE,13.7341,6416,46716,
07/04/2024,Frome and East Somerset,Dimery,green,FALSE,10.8806,5083,46716,
07/04/2024,Frome and East Somerset,Hughes,independent,FALSE,1.5776,737,46716,
07/04/2024,Frome and East Somerset,Heathcote,independent,FALSE,0.6293,294,46716,
07/04/2024,Fylde,Snowden,conservative,FALSE,33.1881,15917,47960,
07/04/2024,Fylde,Calver,labour,FALSE,32.0183,15356,47960,
07/04/2024,Fylde,Wimbury,reformuk,FALSE,17.2957,8295,47960,
07/04/2024,Fylde,Aitken,independent,FALSE,9.4099,4513,47960,
07/04/2024,Fylde,Jewell,libdems,FALSE,4.4204,2120,47960,
07/04/2024,Fylde,Wilkinson,green,FALSE,3.2527,1560,47960,
07/04/2024,Fylde,Morrison,ADF,FALSE,0.4149,199,47960,
07/04/2024,Gainsborough,Leigh,conservative,FALSE,35.6346,16636,46685,
07/04/2024,Gainsborough,McGuire,labour,FALSE,28.069,13104,46685,
07/04/2024,Gainsborough,O'Connor,reformuk,FALSE,21.2402,9916,46685,
07/04/2024,Gainsborough,Rollings,libdems,FALSE,10.7122,5001,46685,
07/04/2024,Gainsborough,Smith,green,FALSE,3.9242,1832,46685,
07/04/2024,Gainsborough,Mellors,sdlp,FALSE,0.4198,196,46685,
07/04/2024,Gateshead Central and Whickham,Ferguson,labour,FALSE,45.3664,18245,40217,
07/04/2024,Gateshead Central and Whickham,Heslop,reformuk,FALSE,21.3865,8601,40217,
07/04/2024,Gateshead Central and Whickham,Beadle,libdems,FALSE,12.4002,4987,40217,
07/04/2024,Gateshead Central and Whickham,Oliver,conservative,FALSE,11.5076,4628,40217,
07/04/2024,Gateshead Central and Whickham,Cabral,green,FALSE,7.9991,3217,40217,
07/04/2024,Gateshead Central and Whickham,Hall,tusc,FALSE,0.9175,369,40217,
07/04/2024,Gateshead Central and Whickham,Steele,SUN,FALSE,0.4227,170,40217,
07/04/2024,Gedling,Payne,labour,FALSE,47.7772,23278,48722,
07/04/2024,Gedling,Randall,conservative,FALSE,23.3919,11397,48722,
07/04/2024,Gedling,Christy,reformuk,FALSE,16.8528,8211,48722,
07/04/2024,Gedling,Berry,green,FALSE,6.4078,3122,48722,
07/04/2024,Gedling,Jones,libdems,FALSE,5.0757,2473,48722,
07/04/2024,Gedling,Marriott,independent,FALSE,0.4946,241,48722,
07/04/2024,Gillingham and Rainham,Khan,labour,FALSE,37.8269,15562,41140,
07/04/2024,Gillingham and Rainham,Chishti,conservative,FALSE,28.1721,11590,41140,
07/04/2024,Gillingham and Rainham,Rawoof,reformuk,FALSE,21.3709,8792,41140,
07/04/2024,Gillingham and Rainham,Belmonte,green,FALSE,5.6344,2318,41140,
07/04/2024,Gillingham and Rainham,Bourne,libdems,FALSE,5.4643,2248,41140,
07/04/2024,Gillingham and Rainham,Cook,independent,FALSE,0.8362,344,41140,
07/04/2024,Gillingham and Rainham,Peacock,CPA,FALSE,0.4254,175,41140,
07/04/2024,Gillingham and Rainham,Wheeler,sdlp,FALSE,0.2698,111,41140,
07/04/2024,Glasgow East,Grady,labour,FALSE,43.851,15543,35445,
07/04/2024,Glasgow East,Linden,snp,FALSE,33.1753,11759,35445,
07/04/2024,Glasgow East,Kettyles,green,FALSE,7.6936,2727,35445,
07/04/2024,Glasgow East,McLeod,reformuk,FALSE,6.6892,2371,35445,
07/04/2024,Glasgow East,Kerr,conservative,FALSE,4.8159,1707,35445,
07/04/2024,Glasgow East,Clark,libdems,FALSE,2.4601,872,35445,
07/04/2024,Glasgow East,McLaughlan,SSP,FALSE,1.3147,466,35445,
07/04/2024,Glasgow North,Rhodes,labour,FALSE,42.186,14655,34739,
07/04/2024,Glasgow North,Thewliss,snp,FALSE,31.9986,11116,34739,
07/04/2024,Glasgow North,Duane,green,FALSE,12.1852,4233,34739,
07/04/2024,Glasgow North,Burns,reformuk,FALSE,4.7641,1655,34739,
07/04/2024,Glasgow North,Asghar,conservative,FALSE,3.9322,1366,34739,
07/04/2024,Glasgow North,O'Malley,libdems,FALSE,3.2874,1142,34739,
07/04/2024,Glasgow North,Durie,alba,FALSE,1.6466,572,34739,
07/04/2024,Glasgow North East,Burke,labour,FALSE,45.8743,15639,34091,
07/04/2024,Glasgow North East,McLaughlin,snp,FALSE,32.2724,11002,34091,
07/04/2024,Glasgow North East,Lewis,green,FALSE,7.2482,2471,34091,
07/04/2024,Glasgow North East,Walmsley,reformuk,FALSE,6.6645,2272,34091,
07/04/2024,Glasgow North East,Connelly,conservative,FALSE,3.4672,1182,34091,
07/04/2024,Glasgow North East,Thomson,libdems,FALSE,1.7365,592,34091,
07/04/2024,Glasgow North East,McKernan,alba,FALSE,1.6163,551,34091,
07/04/2024,Glasgow North East,Sermanni,tusc,FALSE,0.6923,236,34091,
07/04/2024,Glasgow North East,Steele,Comm,FALSE,0.4283,146,34091,
07/04/2024,Glasgow South,McKee,labour,FALSE,41.7575,17696,42378,
07/04/2024,Glasgow South,McDonald,snp,FALSE,31.9553,13542,42378,
07/04/2024,Glasgow South,Christie,green,FALSE,13.1059,5554,42378,
07/04/2024,Glasgow South,Raja,reformuk,FALSE,4.0965,1736,42378,
07/04/2024,Glasgow South,Malik,conservative,FALSE,3.8157,1617,42378,
07/04/2024,Glasgow South,McLaughlin,libdems,FALSE,3.1054,1316,42378,
07/04/2024,Glasgow South,Smith,tusc,FALSE,1.1161,473,42378,
07/04/2024,Glasgow South,Kumar,alba,FALSE,1.0477,444,42378,
07/04/2024,Glasgow South West,Ahmed,labour,FALSE,43.6009,15552,35669,
07/04/2024,Glasgow South West,Stephens,snp,FALSE,34.3912,12267,35669,
07/04/2024,Glasgow South West,Hamelink,green,FALSE,7.6453,2727,35669,
07/04/2024,Glasgow South West,McRae,reformuk,FALSE,6.2687,2236,35669,
07/04/2024,Glasgow South West,Rashid,conservative,FALSE,3.8885,1387,35669,
07/04/2024,Glasgow South West,McGarry,libdems,FALSE,2.6858,958,35669,
07/04/2024,Glasgow South West,Osy,alba,FALSE,1.5195,542,35669,
07/04/2024,Glasgow West,Ferguson,labour,FALSE,46.6668,18621,39902,
07/04/2024,Glasgow West,Monaghan,snp,FALSE,30.5123,12175,39902,
07/04/2024,Glasgow West,Quail,green,FALSE,9.1775,3662,39902,
07/04/2024,Glasgow West,Moore,reformuk,FALSE,5.2579,2098,39902,
07/04/2024,Glasgow West,Hameed,conservative,FALSE,4.3106,1720,39902,
07/04/2024,Glasgow West,Calder,libdems,FALSE,3.2981,1316,39902,
07/04/2024,Glasgow West,Cormack,CHP,FALSE,0.7769,310,39902,
07/04/2024,Glastonbury and Somerton,Dyke,libdems,FALSE,42.7438,20364,47642,
07/04/2024,Glastonbury and Somerton,Purbrick,conservative,FALSE,28.8674,13753,47642,
07/04/2024,Glastonbury and Somerton,Carter,reformuk,FALSE,16.116,7678,47642,
07/04/2024,Glastonbury and Somerton,Hooberman,labour,FALSE,6.53,3111,47642,
07/04/2024,Glastonbury and Somerton,Cousins,green,FALSE,5.7428,2736,47642,
07/04/2024,Glenrothes and Mid Fife,Baker,labour,FALSE,44.2569,15994,36139,
07/04/2024,Glenrothes and Mid Fife,Beare,snp,FALSE,36.0829,13040,36139,
07/04/2024,Glenrothes and Mid Fife,Smith,reformuk,FALSE,9.7623,3528,36139,
07/04/2024,Glenrothes and Mid Fife,MacCallum,conservative,FALSE,5.4595,1973,36139,
07/04/2024,Glenrothes and Mid Fife,Reilly,libdems,FALSE,4.4384,1604,36139,
07/04/2024,Gloucester,McIntyre,labour,FALSE,36.0501,16472,45692,
07/04/2024,Gloucester,Graham,conservative,FALSE,28.5411,13041,45692,
07/04/2024,Gloucester,Farmer,reformuk,FALSE,15.9919,7307,45692,
07/04/2024,Gloucester,Trimnell,libdems,FALSE,10.4154,4759,45692,
07/04/2024,Gloucester,Shearing,green,FALSE,5.049,2307,45692,
07/04/2024,Gloucester,Gower,wpb,FALSE,2.1317,974,45692,
07/04/2024,Gloucester,Ahmed,SL,FALSE,1.0855,496,45692,
07/04/2024,Gloucester,Wing Commander (RTD) Ramsey,independent,FALSE,0.7354,336,45692,
07/04/2024,Godalming and Ash,Hunt,conservative,FALSE,42.5863,23293,54696,
07/04/2024,Godalming and Ash,Follows,libdems,FALSE,40.9573,22402,54696,
07/04/2024,Godalming and Ash,Drage,reformuk,FALSE,8.8032,4815,54696,
07/04/2024,Godalming and Ash,Walsh,labour,FALSE,5.0241,2748,54696,
07/04/2024,Godalming and Ash,Tucker,green,FALSE,2.2726,1243,54696,
07/04/2024,Godalming and Ash,Williams,WEP,FALSE,0.3565,195,54696,
07/04/2024,Goole and Pocklington,Davis,conservative,FALSE,38.1589,18981,49742,
07/04/2024,Goole and Pocklington,Draycott,labour,FALSE,30.9778,15409,49742,
07/04/2024,Goole and Pocklington,Kelly,reformuk,FALSE,18.2019,9054,49742,
07/04/2024,Goole and Pocklington,Needham,libdems,FALSE,6.7951,3380,49742,
07/04/2024,Goole and Pocklington,Stone,green,FALSE,4.9274,2451,49742,
07/04/2024,Goole and Pocklington,Wade,independent,FALSE,0.9388,467,49742,
07/04/2024,Gordon and Buchan,Cross,conservative,FALSE,32.8818,14418,43848,
07/04/2024,Gordon and Buchan,Thomson,snp,FALSE,30.8794,13540,43848,
07/04/2024,Gordon and Buchan,Wood,libdems,FALSE,16.6644,7307,43848,
07/04/2024,Gordon and Buchan,Ali,labour,FALSE,10.6869,4686,43848,
07/04/2024,Gordon and Buchan,Callander,reformuk,FALSE,8.8875,3897,43848,
07/04/2024,Gorton and Denton,Gwynne,labour,FALSE,50.7522,18555,36560,
07/04/2024,Gorton and Denton,Moffitt,reformuk,FALSE,14.0646,5142,36560,
07/04/2024,Gorton and Denton,Gardner,green,FALSE,13.1565,4810,36560,
07/04/2024,Gorton and Denton,Burney,wpb,FALSE,10.3009,3766,36560,
07/04/2024,Gorton and Denton,Welsh,conservative,FALSE,7.8993,2888,36560,
07/04/2024,Gorton and Denton,Reid,libdems,FALSE,3.8266,1399,36560,
07/04/2024,Gosport,Dinenage,conservative,FALSE,40.2692,17830,44277,
07/04/2024,Gosport,Batterbury,labour,FALSE,26.5962,11776,44277,
07/04/2024,Gosport,Mulliss,reformuk,FALSE,18.0297,7983,44277,
07/04/2024,Gosport,Bearder,libdems,FALSE,9.1221,4039,44277,
07/04/2024,Gosport,Sudworth,green,FALSE,4.3996,1948,44277,
07/04/2024,Gosport,Roberts,independent,FALSE,0.7543,334,44277,
07/04/2024,Gosport,Englefield,hpuk,FALSE,0.7205,319,44277,
07/04/2024,Gosport,Watson,hi,FALSE,0.1084,48,44277,
07/04/2024,Gower,Antoniazzi,labour,FALSE,43.3632,20480,47229,
07/04/2024,Gower,Jenkins,conservative,FALSE,18.8719,8913,47229,
07/04/2024,Gower,Thomas,reformuk,FALSE,18.0609,8530,47229,
07/04/2024,Gower,Pritchard,plaidcymru,FALSE,8.3466,3942,47229,
07/04/2024,Gower,Banza,libdems,FALSE,5.4903,2593,47229,
07/04/2024,Gower,Evans,green,FALSE,5.2679,2488,47229,
07/04/2024,Gower,Erasmus,independent,FALSE,0.5992,283,47229,
07/04/2024,Grantham and Bourne,Davies,conservative,FALSE,36.3577,16770,46125,
07/04/2024,Grantham and Bourne,Bechar,labour,FALSE,26.6103,12274,46125,
07/04/2024,Grantham and Bourne,Rudkin,reformuk,FALSE,20.3642,9393,46125,
07/04/2024,Grantham and Bourne,Gayfer,green,FALSE,5.5718,2570,46125,
07/04/2024,Grantham and Bourne,Vincent,libdems,FALSE,4.3946,2027,46125,
07/04/2024,Grantham and Bourne,Selby,independent,FALSE,3.5599,1642,46125,
07/04/2024,Grantham and Bourne,Morgan,LNIN,FALSE,2.6992,1245,46125,
07/04/2024,Grantham and Bourne,Mitchell,sdlp,FALSE,0.4423,204,46125,
07/04/2024,Gravesham,Sullivan,labour,FALSE,38.4507,16623,43232,
07/04/2024,Gravesham,Holloway,conservative,FALSE,32.1776,13911,43232,
07/04/2024,Gravesham,Fraser Moat,reformuk,FALSE,20.6097,8910,43232,
07/04/2024,Gravesham,Hopkins,green,FALSE,5.2137,2254,43232,
07/04/2024,Gravesham,Obasi,libdems,FALSE,3.5483,1534,43232,
07/04/2024,Great Grimsby and Cleethorpes,Onn,labour,FALSE,41.8799,15336,36619,
07/04/2024,Great Grimsby and Cleethorpes,Freeston,reformuk,FALSE,28.7638,10533,36619,
07/04/2024,Great Grimsby and Cleethorpes,Nici,conservative,FALSE,22.5812,8269,36619,
07/04/2024,Great Grimsby and Cleethorpes,Fraser,green,FALSE,3.0449,1115,36619,
07/04/2024,Great Grimsby and Cleethorpes,Lawson,libdems,FALSE,2.8291,1036,36619,
07/04/2024,Great Grimsby and Cleethorpes,Gee,tusc,FALSE,0.6062,222,36619,
07/04/2024,Great Grimsby and Cleethorpes,Stephenson,sdlp,FALSE,0.2949,108,36619,
07/04/2024,Great Yarmouth,Lowe,reformuk,FALSE,35.3023,14385,40748,
07/04/2024,Great Yarmouth,Cozens,labour,FALSE,31.8028,12959,40748,
07/04/2024,Great Yarmouth,Clark,conservative,FALSE,24.6245,10034,40748,
07/04/2024,Great Yarmouth,Rawson,green,FALSE,4.2603,1736,40748,
07/04/2024,Great Yarmouth,Tod,libdems,FALSE,2.7044,1102,40748,
07/04/2024,Great Yarmouth,Brown,independent,FALSE,0.5644,230,40748,
07/04/2024,Great Yarmouth,Blaiklock,ED,FALSE,0.4197,171,40748,
07/04/2024,Great Yarmouth,Roullier,independent,FALSE,0.3215,131,40748,
07/04/2024,Greenwich and Woolwich,Pennycook,labour,FALSE,56.1787,23999,42719,
07/04/2024,Greenwich and Woolwich,Smith,green,FALSE,13.1862,5633,42719,
07/04/2024,Greenwich and Woolwich,Goff,conservative,FALSE,11.3837,4863,42719,
07/04/2024,Greenwich and Woolwich,Annous,libdems,FALSE,9.0475,3865,42719,
07/04/2024,Greenwich and Woolwich,Ndiaye,reformuk,FALSE,7.7366,3305,42719,
07/04/2024,Greenwich and Woolwich,Raquib,wpb,FALSE,1.3343,570,42719,
07/04/2024,Greenwich and Woolwich,Omilana,independent,FALSE,0.728,311,42719,
07/04/2024,Greenwich and Woolwich,Bakshi,Cli,FALSE,0.405,173,42719,
07/04/2024,Guildford,Franklin,libdems,FALSE,47.4945,22937,48294,
07/04/2024,Guildford,Richardson,conservative,FALSE,30.041,14508,48294,
07/04/2024,Guildford,Saunders,reformuk,FALSE,9.1005,4395,48294,
07/04/2024,Guildford,Gillinson,labour,FALSE,8.1397,3931,48294,
07/04/2024,Guildford,Peters,green,FALSE,4.6962,2268,48294,
07/04/2024,Guildford,Morris,PPNV,FALSE,0.528,255,48294,
07/04/2024,Hackney North and Stoke Newington,Abbott,labour,FALSE,59.4619,24355,40959,
07/04/2024,Hackney North and Stoke Newington,Fernandez,green,FALSE,22.6446,9275,40959,
07/04/2024,Hackney North and Stoke Newington,Landau,conservative,FALSE,8.4401,3457,40959,
07/04/2024,Hackney North and Stoke Newington,Jones,libdems,FALSE,3.8136,1562,40959,
07/04/2024,Hackney North and Stoke Newington,Cairns,reformuk,FALSE,3.1324,1283,40959,
07/04/2024,Hackney North and Stoke Newington,Ahmad,independent,FALSE,1.5162,621,40959,
07/04/2024,Hackney North and Stoke Newington,Knapp,MRLP,FALSE,0.5469,224,40959,
07/04/2024,Hackney North and Stoke Newington,Diva,independent,FALSE,0.4443,182,40959,
07/04/2024,Hackney South and Shoreditch,Hillier,labour,FALSE,59.2887,24724,41701,
07/04/2024,Hackney South and Shoreditch,Fairley,green,FALSE,23.9491,9987,41701,
07/04/2024,Hackney South and Shoreditch,Reeves,conservative,FALSE,4.9783,2076,41701,
07/04/2024,Hackney South and Shoreditch,Roos,libdems,FALSE,4.7865,1996,41701,
07/04/2024,Hackney South and Shoreditch,Bhatti,reformuk,FALSE,3.8392,1601,41701,
07/04/2024,Hackney South and Shoreditch,Hussain,wpb,FALSE,2.4148,1007,41701,
07/04/2024,Hackney South and Shoreditch,Small,WRP,FALSE,0.7434,310,41701,
07/04/2024,Halesowen,Ballinger,labour,FALSE,38.9419,15023,38578,
07/04/2024,Halesowen,Morris,conservative,FALSE,27.6297,10659,38578,
07/04/2024,Halesowen,Oakton,reformuk,FALSE,21.9918,8484,38578,
07/04/2024,Halesowen,Priest,libdems,FALSE,5.8609,2261,38578,
07/04/2024,Halesowen,Bullard,green,FALSE,5.5757,2151,38578,
07/04/2024,Halifax,Dearden,labour,FALSE,35.1495,14135,40214,
07/04/2024,Halifax,Sharp,conservative,FALSE,19.5604,7866,40214,
07/04/2024,Halifax,Griffith-Jones,reformuk,FALSE,19.4236,7811,40214,
07/04/2024,Halifax,Hey,green,FALSE,10.2775,4133,40214,
07/04/2024,Halifax,Saghir,wpb,FALSE,6.3237,2543,40214,
07/04/2024,Halifax,Jackson,libdems,FALSE,5.8661,2359,40214,
07/04/2024,Halifax,Hussain,independent,FALSE,3.3993,1367,40214,
07/04/2024,Hamble Valley,Holmes,conservative,FALSE,36.4251,19671,54004,
07/04/2024,Hamble Valley,Bains,libdems,FALSE,27.5331,14869,54004,
07/04/2024,Hamble Valley,Paul,labour,FALSE,16.2081,8753,54004,
07/04/2024,Hamble Valley,Gladwin,reformuk,FALSE,15.2137,8216,54004,
07/04/2024,Hamble Valley,Needham,green,FALSE,4.2775,2310,54004,
07/04/2024,Hamble Valley,Griffin,hi,FALSE,0.3426,185,54004,
07/04/2024,Hamilton and Clyde Valley,Walker,labour,FALSE,49.9477,21020,42084,
07/04/2024,Hamilton and Clyde Valley,Clark,snp,FALSE,27.4404,11548,42084,
07/04/2024,Hamilton and Clyde Valley,Nelson,conservative,FALSE,10.9044,4589,42084,
07/04/2024,Hamilton and Clyde Valley,Judge,reformuk,FALSE,7.8391,3299,42084,
07/04/2024,Hamilton and Clyde Valley,Burns,libdems,FALSE,3.5904,1511,42084,
07/04/2024,Hamilton and Clyde Valley,Ho,ukip,FALSE,0.278,117,42084,
07/04/2024,Hammersmith and Chiswick,Slaughter,labour,FALSE,52.3087,24073,46021,
07/04/2024,Hammersmith and Chiswick,Dinsmore,conservative,FALSE,19.0848,8783,46021,
07/04/2024,Hammersmith and Chiswick,Ruthra-Rajan,green,FALSE,9.7086,4468,46021,
07/04/2024,Hammersmith and Chiswick,Rostaqi,libdems,FALSE,9.3262,4292,46021,
07/04/2024,Hammersmith and Chiswick,Petano-Heathcote,reformuk,FALSE,6.3645,2929,46021,
07/04/2024,Hammersmith and Chiswick,Colegrave,REU,FALSE,1.784,821,46021,
07/04/2024,Hammersmith and Chiswick,Gill,wpb,FALSE,0.9539,439,46021,
07/04/2024,Hammersmith and Chiswick,Dore,WRP,FALSE,0.4694,216,46021,
07/04/2024,Hampstead and Highgate,Siddiq,labour,FALSE,48.2636,23432,48550,
07/04/2024,Hampstead and Highgate,Williams,conservative,FALSE,17.4295,8462,48550,
07/04/2024,Hampstead and Highgate,Russell,green,FALSE,13.656,6630,48550,
07/04/2024,Hampstead and Highgate,Emery,libdems,FALSE,12.7312,6181,48550,
07/04/2024,Hampstead and Highgate,Becker,reformuk,FALSE,6.0556,2940,48550,
07/04/2024,Hampstead and Highgate,Elan-Cane,REU,FALSE,1.0958,532,48550,
07/04/2024,Hampstead and Highgate,Livingstone,independent,FALSE,0.7683,373,48550,
07/04/2024,Harborough Oadby and Wigston,O'Brien,conservative,FALSE,36.9428,18614,50386,
07/04/2024,Harborough Oadby and Wigston,Piranie,labour,FALSE,32.2232,16236,50386,
07/04/2024,Harborough Oadby and Wigston,Jeeves,reformuk,FALSE,12.567,6332,50386,
07/04/2024,Harborough Oadby and Wigston,Knowles,libdems,FALSE,9.3915,4732,50386,
07/04/2024,Harborough Oadby and Wigston,Woodiwiss,green,FALSE,8.4726,4269,50386,
07/04/2024,Harborough Oadby and Wigston,Lambert,sdlp,FALSE,0.4029,203,50386,
07/04/2024,Harlow,Vince,labour,FALSE,37.6248,16313,43357,
07/04/2024,Harlow,Ellis,conservative,FALSE,31.8495,13809,43357,
07/04/2024,Harlow,Featherstone,reformuk,FALSE,21.8212,9461,43357,
07/04/2024,Harlow,Gregory,green,FALSE,5.2287,2267,43357,
07/04/2024,Harlow,Mannan,libdems,FALSE,3.1137,1350,43357,
07/04/2024,Harlow,Perry,ukip,FALSE,0.3621,157,43357,
07/04/2024,Harpenden and Berkhamsted,Collins,libdems,FALSE,50.2098,27282,54336,
07/04/2024,Harpenden and Berkhamsted,Gardner,conservative,FALSE,30.5028,16574,54336,
07/04/2024,Harpenden and Berkhamsted,Poursaeedi,reformuk,FALSE,7.8125,4245,54336,
07/04/2024,Harpenden and Berkhamsted,Layne,labour,FALSE,7.4739,4061,54336,
07/04/2024,Harpenden and Berkhamsted,De Hoest,green,FALSE,3.5906,1951,54336,
07/04/2024,Harpenden and Berkhamsted,Patten,sdlp,FALSE,0.4104,223,54336,
07/04/2024,Harrogate and Knaresborough,Gordon,libdems,FALSE,46.051,23976,52064,
07/04/2024,Harrogate and Knaresborough,Jones,conservative,FALSE,30.2282,15738,52064,
07/04/2024,Harrogate and Knaresborough,Swales,reformuk,FALSE,10.9077,5679,52064,
07/04/2024,Harrogate and Knaresborough,Whitcroft,labour,FALSE,7.9767,4153,52064,
07/04/2024,Harrogate and Knaresborough,Oakes,green,FALSE,3.3843,1762,52064,
07/04/2024,Harrogate and Knaresborough,Haslam,independent,FALSE,1.1908,620,52064,
07/04/2024,Harrogate and Knaresborough,Metcalfe,independent,FALSE,0.2612,136,52064,
07/04/2024,Harrow East,Blackman,conservative,FALSE,53.3018,25466,47777,
07/04/2024,Harrow East,Patel,labour,FALSE,28.8549,13786,47777,
07/04/2024,Harrow East,Clark,reformuk,FALSE,4.5796,2188,47777,
07/04/2024,Harrow East,Lakha,independent,FALSE,4.3891,2097,47777,
07/04/2024,Harrow East,Newsam,green,FALSE,4.1987,2006,47777,
07/04/2024,Harrow East,Banjeri,libdems,FALSE,3.1626,1511,47777,
07/04/2024,Harrow East,Parwani,wpb,FALSE,1.5133,723,47777,
07/04/2024,Harrow West,Thomas,labour,FALSE,43.8386,19833,45241,
07/04/2024,Harrow West,Merali,conservative,FALSE,29.1572,13191,45241,
07/04/2024,Harrow West,Fitzpatrick,independent,FALSE,9.1068,4120,45241,
07/04/2024,Harrow West,Beavis,reformuk,FALSE,5.8332,2639,45241,
07/04/2024,Harrow West,George,green,FALSE,5.3889,2438,45241,
07/04/2024,Harrow West,Noyce,libdems,FALSE,5.3138,2404,45241,
07/04/2024,Harrow West,Patel,independent,FALSE,1.3616,616,45241,
07/04/2024,Hartlepool,Brash,labour,FALSE,46.2223,16414,35511,
07/04/2024,Hartlepool,Napper,reformuk,FALSE,24.5445,8716,35511,
07/04/2024,Hartlepool,Mortimer,conservative,FALSE,21.8721,7767,35511,
07/04/2024,Hartlepool,Lee,independent,FALSE,2.5203,895,35511,
07/04/2024,Hartlepool,Spyby-Steanson,green,FALSE,2.3486,834,35511,
07/04/2024,Hartlepool,Maughan,libdems,FALSE,1.6108,572,35511,
07/04/2024,Hartlepool,Dudley,wpb,FALSE,0.6984,248,35511,
07/04/2024,Hartlepool,Neville,hpuk,FALSE,0.183,65,35511,
07/04/2024,Harwich and North Essex,Jenkin,conservative,FALSE,34.39,16522,48043,
07/04/2024,Harwich and North Essex,Diner,labour,FALSE,31.9714,15360,48043,
07/04/2024,Harwich and North Essex,Cole,reformuk,FALSE,20.4109,9806,48043,
07/04/2024,Harwich and North Essex,Sommers,libdems,FALSE,7.4121,3561,48043,
07/04/2024,Harwich and North Essex,Canessa,green,FALSE,5.8156,2794,48043,
07/04/2024,Hastings and Rye,Dollimore,labour,FALSE,41.6047,19134,45990,
07/04/2024,Hastings and Rye,Hart,conservative,FALSE,22.7897,10481,45990,
07/04/2024,Hastings and Rye,Fernando,reformuk,FALSE,16.0926,7401,45990,
07/04/2024,Hastings and Rye,Horn,green,FALSE,12.5266,5761,45990,
07/04/2024,Hastings and Rye,Harris,libdems,FALSE,5.623,2586,45990,
07/04/2024,Hastings and Rye,Colley,wpb,FALSE,0.7871,362,45990,
07/04/2024,Hastings and Rye,Davies,Comm,FALSE,0.2957,136,45990,
07/04/2024,Hastings and Rye,Crosland,independent,FALSE,0.2805,129,45990,
07/04/2024,Havant,Mak,conservative,FALSE,30.7827,12986,42186,
07/04/2024,Havant,Harvey,labour,FALSE,30.5646,12894,42186,
07/04/2024,Havant,Perry,reformuk,FALSE,23.6074,9959,42186,
07/04/2024,Havant,Sathyanath,libdems,FALSE,7.7632,3275,42186,
07/04/2024,Havant,Shepherd,green,FALSE,6.7819,2861,42186,
07/04/2024,Havant,Alemanno,wpb,FALSE,0.5002,211,42186,
07/04/2024,Hayes and Harlington,McDonnell,labour,FALSE,53.2559,20405,38315,
07/04/2024,Hayes and Harlington,Thomas,conservative,FALSE,21.8557,8374,38315,
07/04/2024,Hayes and Harlington,Thompson,reformuk,FALSE,10.7373,4114,38315,
07/04/2024,Hayes and Harlington,West,green,FALSE,5.5618,2131,38315,
07/04/2024,Hayes and Harlington,Karim,wpb,FALSE,5.1546,1975,38315,
07/04/2024,Hayes and Harlington,Cunliffe,libdems,FALSE,3.4347,1316,38315,
07/04/2024,Hazel Grove,Smart,libdems,FALSE,37.6712,17328,45998,
07/04/2024,Hazel Grove,Vibert,labour,FALSE,23.5402,10828,45998,
07/04/2024,Hazel Grove,Athans,conservative,FALSE,19.59,9011,45998,
07/04/2024,Hazel Grove,Kelly,reformuk,FALSE,15.1202,6955,45998,
07/04/2024,Hazel Grove,Reid,green,FALSE,3.8328,1763,45998,
07/04/2024,Hazel Grove,O'Rourke,sdlp,FALSE,0.2457,113,45998,
07/04/2024,Hemel Hempstead,Taylor,labour,FALSE,38.1881,16844,44108,
07/04/2024,Hemel Hempstead,Williams,conservative,FALSE,27.1765,11987,44108,
07/04/2024,Hemel Hempstead,Willcox,reformuk,FALSE,17.4322,7689,44108,
07/04/2024,Hemel Hempstead,Barry-Mears,libdems,FALSE,11.5535,5096,44108,
07/04/2024,Hemel Hempstead,Hassan,green,FALSE,5.6498,2492,44108,
07/04/2024,Hendon,Pinto-Duschinsky,labour,FALSE,38.4308,15855,41256,
07/04/2024,Hendon,Jogia,conservative,FALSE,38.3944,15840,41256,
07/04/2024,Hendon,Pearl,reformuk,FALSE,7.3638,3038,41256,
07/04/2024,Hendon,Bailey,green,FALSE,6.4645,2667,41256,
07/04/2024,Hendon,Enderby,libdems,FALSE,4.7654,1966,41256,
07/04/2024,Hendon,Palekar,wpb,FALSE,3.6795,1518,41256,
07/04/2024,Hendon,Rend,REU,FALSE,0.5648,233,41256,
07/04/2024,Hendon,Gibson,sdlp,FALSE,0.3369,139,41256,
07/04/2024,Henley and Thame,Van Mierlo,libdems,FALSE,44.9687,23904,53157,
07/04/2024,Henley and Thame,Newton,conservative,FALSE,33.1791,17637,53157,
07/04/2024,Henley and Thame,Shields,reformuk,FALSE,9.8068,5213,53157,
07/04/2024,Henley and Thame,Manley-Browne,labour,FALSE,6.7235,3574,53157,
07/04/2024,Henley and Thame,Robb,green,FALSE,3.7775,2008,53157,
07/04/2024,Henley and Thame,Pomlett,sdlp,FALSE,0.9688,515,53157,
07/04/2024,Henley and Thame,Carpin,independent,FALSE,0.5757,306,53157,
07/04/2024,Hereford and South Herefordshire,Norman,conservative,FALSE,32.6319,14871,45572,
07/04/2024,Hereford and South Herefordshire,Emmett,labour,FALSE,29.8253,13592,45572,
07/04/2024,Hereford and South Herefordshire,Ely,reformuk,FALSE,18.4214,8395,45572,
07/04/2024,Hereford and South Herefordshire,Powell,libdems,FALSE,11.6848,5325,45572,
07/04/2024,Hereford and South Herefordshire,Toynbee,green,FALSE,6.967,3175,45572,
07/04/2024,Hereford and South Herefordshire,Weaden,independent,FALSE,0.4696,214,45572,
07/04/2024,Herne Bay and Sandwich,Gale,conservative,FALSE,35.3145,17243,48827,
07/04/2024,Herne Bay and Sandwich,Whitehead,labour,FALSE,30.1964,14744,48827,
07/04/2024,Herne Bay and Sandwich,Randall,reformuk,FALSE,21.7134,10602,48827,
07/04/2024,Herne Bay and Sandwich,Barrett,green,FALSE,7.2276,3529,48827,
07/04/2024,Herne Bay and Sandwich,Curwen,libdems,FALSE,5.5482,2709,48827,
07/04/2024,Hertford and Stortford,Dean,labour,FALSE,38.5269,20808,54009,
07/04/2024,Hertford and Stortford,Marson,conservative,FALSE,29.7358,16060,54009,
07/04/2024,Hertford and Stortford,Burmicz,reformuk,FALSE,15.4141,8325,54009,
07/04/2024,Hertford and Stortford,Cox,green,FALSE,8.0968,4373,54009,
07/04/2024,Hertford and Stortford,Campbell,libdems,FALSE,7.7154,4167,54009,
07/04/2024,Hertford and Stortford,Fowler,ADF,FALSE,0.2574,139,54009,
07/04/2024,Hertford and Stortford,Hensall,hpuk,FALSE,0.2537,137,54009,
07/04/2024,Hertsmere,Dowden,conservative,FALSE,44.6831,21451,48007,
07/04/2024,Hertsmere,Tapper,labour,FALSE,28.0355,13459,48007,
07/04/2024,Hertsmere,Selkus,reformuk,FALSE,13.7147,6584,48007,
07/04/2024,Hertsmere,Matanle,libdems,FALSE,7.728,3710,48007,
07/04/2024,Hertsmere,Humphries,green,FALSE,4.7222,2267,48007,
07/04/2024,Hertsmere,Bolster,independent,FALSE,1.1165,536,48007,
07/04/2024,Hexham,Morris,labour,FALSE,46.2839,23988,51828,
07/04/2024,Hexham,Opperman,conservative,FALSE,39.1198,20275,51828,
07/04/2024,Hexham,Morphet,green,FALSE,4.76,2467,51828,
07/04/2024,Hexham,Cott,libdems,FALSE,4.5844,2376,51828,
07/04/2024,Hexham,Whaley,independent,FALSE,2.9154,1511,51828,
07/04/2024,Hexham,Clouston,sdlp,FALSE,2.3366,1211,51828,
07/04/2024,Heywood and Middleton North,Blundell,labour,FALSE,40.5844,15069,37130,
07/04/2024,Heywood and Middleton North,Potter,reformuk,FALSE,24.2041,8987,37130,
07/04/2024,Heywood and Middleton North,Thompson,conservative,FALSE,17.2987,6423,37130,
07/04/2024,Heywood and Middleton North,Furlong,independent,FALSE,11.7129,4349,37130,
07/04/2024,Heywood and Middleton North,Shaw,libdems,FALSE,6.1998,2302,37130,
07/04/2024,High Peak,Pearce,labour,FALSE,45.7932,22533,49206,
07/04/2024,High Peak,Largan,conservative,FALSE,29.722,14625,49206,
07/04/2024,High Peak,Cullen,reformuk,FALSE,14.1426,6959,49206,
07/04/2024,High Peak,Collins,green,FALSE,6.8731,3382,49206,
07/04/2024,High Peak,Hirst,libdems,FALSE,3.4691,1707,49206,
07/04/2024,Hinckley and Bosworth,Evans,conservative,FALSE,35.6325,17032,47799,
07/04/2024,Hinckley and Bosworth,Mullaney,libdems,FALSE,24.3185,11624,47799,
07/04/2024,Hinckley and Bosworth,Cheshire,reformuk,FALSE,18.446,8817,47799,
07/04/2024,Hinckley and Bosworth,Pawley,labour,FALSE,17.9941,8601,47799,
07/04/2024,Hinckley and Bosworth,Wells,green,FALSE,3.1674,1514,47799,
07/04/2024,Hinckley and Bosworth,Masters,independent,FALSE,0.4414,211,47799,
07/04/2024,Hitchin,Strathern,labour,FALSE,43.9288,23067,52510,
07/04/2024,Hitchin,Afolami,conservative,FALSE,28.486,14958,52510,
07/04/2024,Hitchin,Bunker,reformuk,FALSE,12.8737,6760,52510,
07/04/2024,Hitchin,Lucas,libdems,FALSE,9.3563,4913,52510,
07/04/2024,Hitchin,Lavin,green,FALSE,5.0105,2631,52510,
07/04/2024,Hitchin,Cordle,CPA,FALSE,0.3447,181,52510,
07/04/2024,Holborn and St Pancras,Starmer,labour,FALSE,48.9197,18884,38602,
07/04/2024,Holborn and St Pancras,Feinstein,independent,FALSE,18.942,7312,38602,
07/04/2024,Holborn and St Pancras,Stansell,green,FALSE,10.4399,4030,38602,
07/04/2024,Holborn and St Pancras,Malik,conservative,FALSE,7.1913,2776,38602,
07/04/2024,Holborn and St Pancras,Roberts,reformuk,FALSE,6.1422,2371,38602,
07/04/2024,Holborn and St Pancras,Clinton,libdems,FALSE,5.7924,2236,38602,
07/04/2024,Holborn and St Pancras,Islam,independent,FALSE,1.6476,636,38602,
07/04/2024,Holborn and St Pancras,Brick,MRLP,FALSE,0.4197,162,38602,
07/04/2024,Holborn and St Pancras,Poynton,ukip,FALSE,0.1943,75,38602,
07/04/2024,Holborn and St Pancras,Scripps,SEP,FALSE,0.158,61,38602,
07/04/2024,Holborn and St Pancras,Kumar,independent,FALSE,0.1036,40,38602,
07/04/2024,Holborn and St Pancras,Smith,independent,FALSE,0.0492,19,38602,
07/04/2024,Honiton and Sidmouth,Foord,libdems,FALSE,45.419,23007,50655,
07/04/2024,Honiton and Sidmouth,Jupp,conservative,FALSE,32.1923,16307,50655,
07/04/2024,Honiton and Sidmouth,Quickenden,reformuk,FALSE,12.4154,6289,50655,
07/04/2024,Honiton and Sidmouth,Bonetta,labour,FALSE,5.8178,2947,50655,
07/04/2024,Honiton and Sidmouth,Gent,green,FALSE,2.7519,1394,50655,
07/04/2024,Honiton and Sidmouth,Coxon,independent,FALSE,0.9219,467,50655,
07/04/2024,Honiton and Sidmouth,Exon,POW,FALSE,0.4817,244,50655,
07/04/2024,Hornchurch and Upminster,Lopez,conservative,FALSE,32.5297,15260,46911,
07/04/2024,Hornchurch and Upminster,Palmer,reformuk,FALSE,28.3878,13317,46911,
07/04/2024,Hornchurch and Upminster,Brar,labour,FALSE,27.582,12939,46911,
07/04/2024,Hornchurch and Upminster,Collins,green,FALSE,5.585,2620,46911,
07/04/2024,Hornchurch and Upminster,Sanderson,libdems,FALSE,5.0756,2381,46911,
07/04/2024,Hornchurch and Upminster,Durant,independent,FALSE,0.8399,394,46911,
07/04/2024,Hornsey and Friern Barnet,West,labour,FALSE,58.6633,28535,48642,
07/04/2024,Hornsey and Friern Barnet,Vollono,green,FALSE,14.5142,7060,48642,
07/04/2024,Hornsey and Friern Barnet,Barnes,libdems,FALSE,12.5385,6099,48642,
07/04/2024,Hornsey and Friern Barnet,Panju,conservative,FALSE,8.246,4011,48642,
07/04/2024,Hornsey and Friern Barnet,Singh,reformuk,FALSE,4.0891,1989,48642,
07/04/2024,Hornsey and Friern Barnet,Philippos,wpb,FALSE,1.5748,766,48642,
07/04/2024,Hornsey and Friern Barnet,Spiby-Vann,CPA,FALSE,0.3742,182,48642,
07/04/2024,Horsham,Milne,libdems,FALSE,38.9773,21632,55499,
07/04/2024,Horsham,Quin,conservative,FALSE,34.4421,19115,55499,
07/04/2024,Horsham,Miller,reformuk,FALSE,11.02,6116,55499,
07/04/2024,Horsham,Field,labour,FALSE,10.7732,5979,55499,
07/04/2024,Horsham,Ross,green,FALSE,3.8505,2137,55499,
07/04/2024,Horsham,Duggan,PPNV,FALSE,0.4973,276,55499,
07/04/2024,Horsham,Abbott,sdlp,FALSE,0.4396,244,55499,
07/04/2024,Houghton and Sunderland South,Phillipson,labour,FALSE,47.0549,18837,40032,
07/04/2024,Houghton and Sunderland South,Woods-Brass,reformuk,FALSE,29.1467,11668,40032,
07/04/2024,Houghton and Sunderland South,Burnicle,conservative,FALSE,13.774,5514,40032,
07/04/2024,Houghton and Sunderland South,Edgeworth,libdems,FALSE,5.7204,2290,40032,
07/04/2024,Houghton and Sunderland South,Bradley,green,FALSE,4.3041,1723,40032,
07/04/2024,Hove and Portslade,Kyle,labour,FALSE,52.4167,27209,51909,
07/04/2024,Hove and Portslade,Broadbent,green,FALSE,14.2904,7418,51909,
07/04/2024,Hove and Portslade,Deal,conservative,FALSE,12.7724,6630,51909,
07/04/2024,Hove and Portslade,Hess,reformuk,FALSE,8.7808,4558,51909,
07/04/2024,Hove and Portslade,Marah,independent,FALSE,5.8718,3048,51909,
07/04/2024,Hove and Portslade,Wang,libdems,FALSE,5.868,3046,51909,
07/04/2024,Huddersfield,Uppal,labour,FALSE,37.5974,15101,40165,
07/04/2024,Huddersfield,Cooper,green,FALSE,26.3115,10568,40165,
07/04/2024,Huddersfield,McGrath,conservative,FALSE,16.3301,6559,40165,
07/04/2024,Huddersfield,Laird,reformuk,FALSE,15.4264,6196,40165,
07/04/2024,Huddersfield,Dobrucki,libdems,FALSE,4.3346,1741,40165,
07/04/2024,Huntingdon,Obese-Jecty,conservative,FALSE,35.0826,18257,52040,
07/04/2024,Huntingdon,Bulat,labour,FALSE,32.2022,16758,52040,
07/04/2024,Huntingdon,Smith,reformuk,FALSE,15.4477,8039,52040,
07/04/2024,Huntingdon,Argent,libdems,FALSE,9.264,4821,52040,
07/04/2024,Huntingdon,Hunt,green,FALSE,5.8455,3042,52040,
07/04/2024,Huntingdon,Abraham,independent,FALSE,2.158,1123,52040,
07/04/2024,Hyndburn,Smith,labour,FALSE,33.502,12186,36374,
07/04/2024,Hyndburn,Britcliffe,conservative,FALSE,28.864,10499,36374,
07/04/2024,Hyndburn,Oakley,reformuk,FALSE,20.7318,7541,36374,
07/04/2024,Hyndburn,Fazal,green,FALSE,13.5756,4938,36374,
07/04/2024,Hyndburn,Waller-Slack,libdems,FALSE,3.3266,1210,36374,
07/04/2024,Ilford North,Streeting,labour,FALSE,33.371,15647,46888,
07/04/2024,Ilford North,Mohamad,independent,FALSE,32.2449,15119,46888,
07/04/2024,Ilford North,Rizvi,conservative,FALSE,20.5148,9619,46888,
07/04/2024,Ilford North,Wilson,reformuk,FALSE,7.7227,3621,46888,
07/04/2024,Ilford North,Collinson,green,FALSE,3.8261,1794,46888,
07/04/2024,Ilford North,Coppin,libdems,FALSE,2.3204,1088,46888,
07/04/2024,Ilford South,Athwal,labour,FALSE,40.1676,16537,41170,
07/04/2024,Ilford South,Begum,independent,FALSE,23.4224,9643,41170,
07/04/2024,Ilford South,Syduzzaman,conservative,FALSE,14.9186,6142,41170,
07/04/2024,Ilford South,Siddiqi,green,FALSE,8.3483,3437,41170,
07/04/2024,Ilford South,Forhad,reformuk,FALSE,5.657,2329,41170,
07/04/2024,Ilford South,Tipu,wpb,FALSE,3.318,1366,41170,
07/04/2024,Ilford South,Clare,libdems,FALSE,3.2548,1340,41170,
07/04/2024,Ilford South,Walker,tusc,FALSE,0.9133,376,41170,
07/04/2024,Inverclyde and Renfrewshire West,McCluskey,labour,FALSE,46.917,18931,40350,
07/04/2024,Inverclyde and Renfrewshire West,Cowan,snp,FALSE,31.1276,12560,40350,
07/04/2024,Inverclyde and Renfrewshire West,Runciman,conservative,FALSE,7.0954,2863,40350,
07/04/2024,Inverclyde and Renfrewshire West,Moorehead,reformuk,FALSE,6.1363,2476,40350,
07/04/2024,Inverclyde and Renfrewshire West,Stalker,libdems,FALSE,3.1202,1259,40350,
07/04/2024,Inverclyde and Renfrewshire West,Hamilton,green,FALSE,2.9071,1173,40350,
07/04/2024,Inverclyde and Renfrewshire West,McEleny,alba,FALSE,1.7918,723,40350,
07/04/2024,Inverclyde and Renfrewshire West,Burleigh,independent,FALSE,0.9046,365,40350,
07/04/2024,Inverness Skye and West Ross-shire,MacDonald,libdems,FALSE,37.7872,18159,48056,
07/04/2024,Inverness Skye and West Ross-shire,Hendry,snp,FALSE,33.2924,15999,48056,
07/04/2024,Inverness Skye and West Ross-shire,Perera,labour,FALSE,12.9973,6246,48056,
07/04/2024,Inverness Skye and West Ross-shire,Hill,reformuk,FALSE,6.1054,2934,48056,
07/04/2024,Inverness Skye and West Ross-shire,Stewart,conservative,FALSE,5.2064,2502,48056,
07/04/2024,Inverness Skye and West Ross-shire,Newman,green,FALSE,4.2409,2038,48056,
07/04/2024,Inverness Skye and West Ross-shire,Paxton,SEP,FALSE,0.3704,178,48056,
07/04/2024,Ipswich,Abbott,labour,FALSE,43.3369,19099,44071,
07/04/2024,Ipswich,Hunt,conservative,FALSE,26.539,11696,44071,
07/04/2024,Ipswich,Love,reformuk,FALSE,15.9447,7027,44071,
07/04/2024,Ipswich,Pittock,green,FALSE,8.2866,3652,44071,
07/04/2024,Ipswich,Sandbach,libdems,FALSE,5.085,2241,44071,
07/04/2024,Ipswich,Sofar,Comm,FALSE,0.4652,205,44071,
07/04/2024,Ipswich,Charles,hpuk,FALSE,0.3426,151,44071,
07/04/2024,Isle of Wight East,Robertson,conservative,FALSE,30.5975,10427,34078,
07/04/2024,Isle of Wight East,Morris,reformuk,FALSE,20.8463,7104,34078,
07/04/2024,Isle of Wight East,Lowthion,green,FALSE,18.5251,6313,34078,
07/04/2024,Isle of Wight East,Brothers,labour,FALSE,18.3814,6264,34078,
07/04/2024,Isle of Wight East,Lilley,libdems,FALSE,10.4173,3550,34078,
07/04/2024,Isle of Wight East,Groocock,independent,FALSE,1.2325,420,34078,
07/04/2024,Isle of Wight West,Quigley,labour,FALSE,38.6118,13240,34290,
07/04/2024,Isle of Wight West,Seely,conservative,FALSE,29.3467,10063,34290,
07/04/2024,Isle of Wight West,Pickering,reformuk,FALSE,17.0137,5834,34290,
07/04/2024,Isle of Wight West,Stuart,libdems,FALSE,7.9498,2726,34290,
07/04/2024,Isle of Wight West,Palin,green,FALSE,6.7367,2310,34290,
07/04/2024,Isle of Wight West,Thacker,ADF,FALSE,0.3412,117,34290,
07/04/2024,Islington North,Corbyn,independent,FALSE,49.2185,24120,49006,
07/04/2024,Islington North,Nargund,labour,FALSE,34.4305,16873,49006,
07/04/2024,Islington North,Kates,green,FALSE,5.4279,2660,49006,
07/04/2024,Islington North,Harries,conservative,FALSE,3.9791,1950,49006,
07/04/2024,Islington North,Nelson,reformuk,FALSE,3.4894,1710,49006,
07/04/2024,Islington North,Aggarwal,libdems,FALSE,3.3894,1661,49006,
07/04/2024,Islington North,Josling,independent,FALSE,0.0653,32,49006,
07/04/2024,Islington South and Finsbury,Thornberry,labour,FALSE,53.6698,22946,42754,
07/04/2024,Islington South and Finsbury,Ross,green,FALSE,17.5212,7491,42754,
07/04/2024,Islington South and Finsbury,Stacy,libdems,FALSE,9.4611,4045,42754,
07/04/2024,Islington South and Finsbury,Sinclair,conservative,FALSE,8.3828,3584,42754,
07/04/2024,Islington South and Finsbury,Nelson,reformuk,FALSE,7.9244,3388,42754,
07/04/2024,Islington South and Finsbury,Parry,independent,FALSE,1.3309,569,42754,
07/04/2024,Islington South and Finsbury,Woodburn,POW,FALSE,0.828,354,42754,
07/04/2024,Islington South and Finsbury,Saunders,tusc,FALSE,0.5029,215,42754,
07/04/2024,Islington South and Finsbury,Painter,sdlp,FALSE,0.3789,162,42754,
07/04/2024,Jarrow and Gateshead East,Osborne,labour,FALSE,51.3396,18856,36728,
07/04/2024,Jarrow and Gateshead East,Alexander,reformuk,FALSE,26.9331,9892,36728,
07/04/2024,Jarrow and Gateshead East,Gebhard,conservative,FALSE,9.132,3354,36728,
07/04/2024,Jarrow and Gateshead East,Cook,green,FALSE,6.491,2384,36728,
07/04/2024,Jarrow and Gateshead East,Rickelton,libdems,FALSE,4.7375,1740,36728,
07/04/2024,Jarrow and Gateshead East,Conway,ADF,FALSE,1.3668,502,36728,
07/04/2024,Keighley and Ilkley,Moore,conservative,FALSE,40.2481,18589,46186,
07/04/2024,Keighley and Ilkley,Grogan,labour,FALSE,36.7297,16964,46186,
07/04/2024,Keighley and Ilkley,Judson,reformuk,FALSE,10.3538,4782,46186,
07/04/2024,Keighley and Ilkley,Wood,green,FALSE,5.2981,2447,46186,
07/04/2024,Keighley and Ilkley,Shabir,independent,FALSE,4.4083,2036,46186,
07/04/2024,Keighley and Ilkley,Adams,libdems,FALSE,2.1002,970,46186,
07/04/2024,Keighley and Ilkley,Atlas,Yrks,FALSE,0.8617,398,46186,
07/04/2024,Kenilworth and Southam,Wright,conservative,FALSE,36.3747,19395,53320,
07/04/2024,Kenilworth and Southam,Price,labour,FALSE,24.0454,12821,53320,
07/04/2024,Kenilworth and Southam,Wilkinson,libdems,FALSE,19.6249,10464,53320,
07/04/2024,Kenilworth and Southam,Harris,reformuk,FALSE,12.9782,6920,53320,
07/04/2024,Kenilworth and Southam,Dearing,green,FALSE,5.8608,3125,53320,
07/04/2024,Kenilworth and Southam,Green,MRLP,FALSE,0.829,442,53320,
07/04/2024,Kenilworth and Southam,De'Ath,ukip,FALSE,0.2869,153,53320,
07/04/2024,Kensington and Bayswater,Powell,labour,FALSE,40.6247,17025,41908,
07/04/2024,Kensington and Bayswater,Buchan,conservative,FALSE,33.6976,14122,41908,
07/04/2024,Kensington and Bayswater,Houngbo,libdems,FALSE,6.9438,2910,41908,
07/04/2024,Kensington and Bayswater,Adam,green,FALSE,6.519,2732,41908,
07/04/2024,Kensington and Bayswater,Burca,reformuk,FALSE,5.9989,2514,41908,
07/04/2024,Kensington and Bayswater,Dent Coad,independent,FALSE,4.3524,1824,41908,
07/04/2024,Kensington and Bayswater,Stevens,REU,FALSE,1.1597,486,41908,
07/04/2024,Kensington and Bayswater,O'Mahony,POW,FALSE,0.2768,116,41908,
07/04/2024,Kensington and Bayswater,Phillips,CPA,FALSE,0.272,114,41908,
07/04/2024,Kensington and Bayswater,Emperor of India,independent,FALSE,0.1551,65,41908,
07/04/2024,Kettering,Wrighting,labour,FALSE,35.8524,18009,50231,
07/04/2024,Kettering,Hollobone,conservative,FALSE,28.2475,14189,50231,
07/04/2024,Kettering,Besley,reformuk,FALSE,16.8581,8468,50231,
07/04/2024,Kettering,Fedorowycz,green,FALSE,13.9436,7004,50231,
07/04/2024,Kettering,Ryan,libdems,FALSE,2.7015,1357,50231,
07/04/2024,Kettering,Hakewill,independent,FALSE,2.1043,1057,50231,
07/04/2024,Kettering,Murphy,sdlp,FALSE,0.1692,85,50231,
07/04/2024,Kettering,Abduramadan,ADF,FALSE,0.1234,62,50231,
07/04/2024,Kilmarnock and Loudoun,Jones,labour,FALSE,44.8585,19055,42478,
07/04/2024,Kilmarnock and Loudoun,Brown,snp,FALSE,32.8076,13936,42478,
07/04/2024,Kilmarnock and Loudoun,Cowie,conservative,FALSE,8.3031,3527,42478,
07/04/2024,Kilmarnock and Loudoun,Thomson,reformuk,FALSE,8.1736,3472,42478,
07/04/2024,Kilmarnock and Loudoun,Glen,green,FALSE,2.9121,1237,42478,
07/04/2024,Kilmarnock and Loudoun,Thornley,libdems,FALSE,2.001,850,42478,
07/04/2024,Kilmarnock and Loudoun,McNamara,independent,FALSE,0.944,401,42478,
07/04/2024,Kingston and Surbiton,Davey,libdems,FALSE,51.0619,25870,50664,
07/04/2024,Kingston and Surbiton,Edward,conservative,FALSE,17.0437,8635,50664,
07/04/2024,Kingston and Surbiton,O'Dame,labour,FALSE,12.95,6561,50664,
07/04/2024,Kingston and Surbiton,Fox,reformuk,FALSE,9.4485,4787,50664,
07/04/2024,Kingston and Surbiton,Das,green,FALSE,5.9391,3009,50664,
07/04/2024,Kingston and Surbiton,Tracey,KIRG,FALSE,2.3231,1177,50664,
07/04/2024,Kingston and Surbiton,Abdulla,wpb,FALSE,0.7796,395,50664,
07/04/2024,Kingston and Surbiton,Chinners,MRLP,FALSE,0.454,230,50664,
07/04/2024,Kingston upon Hull East,Turner,labour,FALSE,43.7584,13047,29816,
07/04/2024,Kingston upon Hull East,Hunter,reformuk,FALSE,30.6111,9127,29816,
07/04/2024,Kingston upon Hull East,Morgan,libdems,FALSE,10.9069,3252,29816,
07/04/2024,Kingston upon Hull East,Persand,conservative,FALSE,9.1058,2715,29816,
07/04/2024,Kingston upon Hull East,Brown,green,FALSE,5.6178,1675,29816,
07/04/2024,Kingston upon Hull North and Cottingham,Johnson,labour,FALSE,48.3415,18480,38228,
07/04/2024,Kingston upon Hull North and Cottingham,Baker,reformuk,FALSE,20.4065,7801,38228,
07/04/2024,Kingston upon Hull North and Cottingham,Procter,conservative,FALSE,12.81,4897,38228,
07/04/2024,Kingston upon Hull North and Cottingham,Woolmer,libdems,FALSE,8.4912,3246,38228,
07/04/2024,Kingston upon Hull North and Cottingham,Harrison,green,FALSE,6.0741,2322,38228,
07/04/2024,Kingston upon Hull North and Cottingham,Cinalp,independent,FALSE,1.8834,720,38228,
07/04/2024,Kingston upon Hull North and Cottingham,Halstead,Yrks,FALSE,0.8868,339,38228,
07/04/2024,Kingston upon Hull North and Cottingham,Whale,tusc,FALSE,0.6854,262,38228,
07/04/2024,Kingston upon Hull North and Cottingham,Peachey,independent,FALSE,0.4212,161,38228,
07/04/2024,Kingston upon Hull West and Haltemprice,Hardy,labour,FALSE,46.8202,17875,38178,
07/04/2024,Kingston upon Hull West and Haltemprice,Peck,reformuk,FALSE,23.3014,8896,38178,
07/04/2024,Kingston upon Hull West and Haltemprice,Storer,conservative,FALSE,18.1361,6924,38178,
07/04/2024,Kingston upon Hull West and Haltemprice,Johnson,libdems,FALSE,6.8757,2625,38178,
07/04/2024,Kingston upon Hull West and Haltemprice,Paulson,green,FALSE,4.5786,1748,38178,
07/04/2024,Kingston upon Hull West and Haltemprice,Needham,sdlp,FALSE,0.2881,110,38178,
07/04/2024,Kingswinford and South Staffordshire,Wood,conservative,FALSE,40.2811,18199,45180,
07/04/2024,Kingswinford and South Staffordshire,Benton,labour,FALSE,26.3302,11896,45180,
07/04/2024,Kingswinford and South Staffordshire,Dale,reformuk,FALSE,21.9743,9928,45180,
07/04/2024,Kingswinford and South Staffordshire,Bansal,libdems,FALSE,4.6038,2080,45180,
07/04/2024,Kingswinford and South Staffordshire,McIlvenna,green,FALSE,4.5972,2077,45180,
07/04/2024,Kingswinford and South Staffordshire,Saleem,independent,FALSE,2.2134,1000,45180,
07/04/2024,Knowsley,Midgley,labour,FALSE,67.2539,24243,36047,
07/04/2024,Knowsley,Hitchmough,reformuk,FALSE,16.4341,5924,36047,
07/04/2024,Knowsley,Wickens,green,FALSE,7.69,2772,36047,
07/04/2024,Knowsley,McDaid,conservative,FALSE,4.1501,1496,36047,
07/04/2024,Knowsley,Tipton,libdems,FALSE,3.4178,1232,36047,
07/04/2024,Knowsley,Padden,wpb,FALSE,0.6797,245,36047,
07/04/2024,Knowsley,Jameson,sdlp,FALSE,0.3745,135,36047,
07/04/2024,Lagan Valley,Eastwood,APNI,FALSE,37.9332,18618,49081,
07/04/2024,Lagan Valley,Buckley,DUP,FALSE,31.9044,15659,49081,
07/04/2024,Lagan Valley,Butler,UUP,FALSE,22.7318,11157,49081,
07/04/2024,Lagan Valley,Smyth,TUV,FALSE,4.4539,2186,49081,
07/04/2024,Lagan Valley,Lee,SDLP,FALSE,2.0945,1028,49081,
07/04/2024,Lagan Valley,Denvir,green,FALSE,0.8822,433,49081,
07/04/2024,Lancaster and Wyre,Smith,labour,FALSE,44.9102,19315,43008,
07/04/2024,Lancaster and Wyre,Cartridge,conservative,FALSE,23.3956,10062,43008,
07/04/2024,Lancaster and Wyre,Alderson,reformuk,FALSE,15.9645,6866,43008,
07/04/2024,Lancaster and Wyre,Lenox,green,FALSE,12.1745,5236,43008,
07/04/2024,Lancaster and Wyre,Severn,libdems,FALSE,3.5552,1529,43008,
07/04/2024,Leeds Central and Headingley,Sobel,labour,FALSE,50.1757,15853,31595,
07/04/2024,Leeds Central and Headingley,Foren,green,FALSE,23.5195,7431,31595,
07/04/2024,Leeds Central and Headingley,Howley,libdems,FALSE,8.264,2611,31595,
07/04/2024,Leeds Central and Headingley,Wray,reformuk,FALSE,7.593,2399,31595,
07/04/2024,Leeds Central and Headingley,Jackson,conservative,FALSE,7.0802,2237,31595,
07/04/2024,Leeds Central and Headingley,Rajput,wpb,FALSE,2.1871,691,31595,
07/04/2024,Leeds Central and Headingley,Walker,sdlp,FALSE,0.5919,187,31595,
07/04/2024,Leeds Central and Headingley,Fulton,tusc,FALSE,0.5887,186,31595,
07/04/2024,Leeds East,Burgon,labour,FALSE,47.2479,18610,39388,
07/04/2024,Leeds East,Dresser,reformuk,FALSE,18.6478,7345,39388,
07/04/2024,Leeds East,Firth,conservative,FALSE,17.5129,6898,39388,
07/04/2024,Leeds East,Norman,green,FALSE,8.9012,3506,39388,
07/04/2024,Leeds East,Abel,libdems,FALSE,3.6686,1445,39388,
07/04/2024,Leeds East,Hough,Yrks,FALSE,1.6858,664,39388,
07/04/2024,Leeds East,Dobson,sdlp,FALSE,1.3177,519,39388,
07/04/2024,Leeds East,Omilana,independent,FALSE,0.5636,222,39388,
07/04/2024,Leeds East,Young,independent,FALSE,0.4545,179,39388,
07/04/2024,Leeds North East,Hamilton,labour,FALSE,51.4978,23260,45167,
07/04/2024,Leeds North East,Whiteside,conservative,FALSE,15.8899,7177,45167,
07/04/2024,Leeds North East,Jennings,green,FALSE,13.087,5911,45167,
07/04/2024,Leeds North East,White,reformuk,FALSE,7.5852,3426,45167,
07/04/2024,Leeds North East,Busuttil,libdems,FALSE,4.8,2168,45167,
07/04/2024,Leeds North East,Islam,wpb,FALSE,4.5764,2067,45167,
07/04/2024,Leeds North East,Cowling,Yrks,FALSE,1.2708,574,45167,
07/04/2024,Leeds North East,Davies,AGS,FALSE,0.5734,259,45167,
07/04/2024,Leeds North East,Lynan,sdlp,FALSE,0.2768,125,45167,
07/04/2024,Leeds North East,Nicholson,CPA,FALSE,0.2413,109,45167,
07/04/2024,Leeds North East,Hey,Cli,FALSE,0.2015,91,45167,
07/04/2024,Leeds North West,White,labour,FALSE,45.969,22882,49777,
07/04/2024,Leeds North West,Averre,conservative,FALSE,22.0704,10986,49777,
07/04/2024,Leeds North West,Bond,reformuk,FALSE,11.9232,5935,49777,
07/04/2024,Leeds North West,Downes,libdems,FALSE,11.3325,5641,49777,
07/04/2024,Leeds North West,Bradley,green,FALSE,6.4909,3231,49777,
07/04/2024,Leeds North West,Buxton,Yrks,FALSE,2.0572,1024,49777,
07/04/2024,Leeds North West,Bushell,sdlp,FALSE,0.1567,78,49777,
07/04/2024,Leeds South,Benn,labour,FALSE,54.0343,17117,31678,
07/04/2024,Leeds South,Carlisle,green,FALSE,18.4292,5838,31678,
07/04/2024,Leeds South,Cooksley,conservative,FALSE,13.17,4172,31678,
07/04/2024,Leeds South,Whetstone,sdlp,FALSE,5.9158,1874,31678,
07/04/2024,Leeds South,Sykes,libdems,FALSE,4.2301,1340,31678,
07/04/2024,Leeds South,Azeem,wpb,FALSE,2.2697,719,31678,
07/04/2024,Leeds South,Bickerdike,CPA,FALSE,1.0765,341,31678,
07/04/2024,Leeds South,Omilana,independent,FALSE,0.8744,277,31678,
07/04/2024,Leeds South West and Morley,Sewards,labour,FALSE,43.9727,17681,40209,
07/04/2024,Leeds South West and Morley,Jenkyns,conservative,FALSE,23.0247,9258,40209,
07/04/2024,Leeds South West and Morley,Kendall,reformuk,FALSE,20.3611,8187,40209,
07/04/2024,Leeds South West and Morley,Bell,green,FALSE,6.2722,2522,40209,
07/04/2024,Leeds South West and Morley,Fox,libdems,FALSE,4.4716,1798,40209,
07/04/2024,Leeds South West and Morley,Dews,Yrks,FALSE,1.6514,664,40209,
07/04/2024,Leeds South West and Morley,Perry,sdlp,FALSE,0.2462,99,40209,
07/04/2024,Leeds West and Pudsey,Reeves,labour,FALSE,49.296,18976,38494,
07/04/2024,Leeds West and Pudsey,Farmer,conservative,FALSE,17.104,6584,38494,
07/04/2024,Leeds West and Pudsey,Whitehead,reformuk,FALSE,16.3168,6281,38494,
07/04/2024,Leeds West and Pudsey,Forsaith,green,FALSE,9.8561,3794,38494,
07/04/2024,Leeds West and Pudsey,Walker,libdems,FALSE,4.528,1743,38494,
07/04/2024,Leeds West and Pudsey,El Kheir,wpb,FALSE,1.6444,633,38494,
07/04/2024,Leeds West and Pudsey,Longhorn,Yrks,FALSE,1.0495,404,38494,
07/04/2024,Leeds West and Pudsey,Watson,sdlp,FALSE,0.2052,79,38494,
07/04/2024,Leicester East,Raja,conservative,FALSE,31.0956,14526,46714,
07/04/2024,Leicester East,Agrawal,labour,FALSE,21.6209,10100,46714,
07/04/2024,Leicester East,Haq,libdems,FALSE,13.5484,6329,46714,
07/04/2024,Leicester East,Webbe,independent,FALSE,11.8423,5532,46714,
07/04/2024,Leicester East,Vaz,OL,FALSE,7.8799,3681,46714,
07/04/2024,Leicester East,Solanki,reformuk,FALSE,5.5893,2611,46714,
07/04/2024,Leicester East,Lewis,green,FALSE,4.5875,2143,46714,
07/04/2024,Leicester East,Adam,independent,FALSE,2.085,974,46714,
07/04/2024,Leicester East,Agath,independent,FALSE,1.5049,703,46714,
07/04/2024,Leicester East,Patel,independent,FALSE,0.2462,115,46714,
07/04/2024,Leicester South,Adam,independent,FALSE,35.2296,14739,41837,
07/04/2024,Leicester South,Ashworth,labour,FALSE,32.8895,13760,41837,
07/04/2024,Leicester South,Hickton,conservative,FALSE,11.5209,4820,41837,
07/04/2024,Leicester South,Rahman,green,FALSE,9.145,3826,41837,
07/04/2024,Leicester South,Harwood,reformuk,FALSE,5.9039,2470,41837,
07/04/2024,Leicester South,Weaver,libdems,FALSE,3.4061,1425,41837,
07/04/2024,Leicester South,Admani,independent,FALSE,0.7864,329,41837,
07/04/2024,Leicester South,Green,Comm,FALSE,0.6669,279,41837,
07/04/2024,Leicester South,Adlore,MRLP,FALSE,0.4518,189,41837,
07/04/2024,Leicester West,Kendall,labour,FALSE,44.6309,15798,35397,
07/04/2024,Leicester West,Chauhan,conservative,FALSE,19.835,7021,35397,
07/04/2024,Leicester West,Hayes,reformuk,FALSE,16.007,5666,35397,
07/04/2024,Leicester West,Bora,green,FALSE,11.5518,4089,35397,
07/04/2024,Leicester West,Feist,libdems,FALSE,6.1559,2179,35397,
07/04/2024,Leicester West,Naik,OL,FALSE,0.9238,327,35397,
07/04/2024,Leicester West,Score,tusc,FALSE,0.8956,317,35397,
07/04/2024,Leigh and Atherton,Platt,labour,FALSE,48.5086,19971,41170,
07/04/2024,Leigh and Atherton,Woodward,reformuk,FALSE,26.9371,11090,41170,
07/04/2024,Leigh and Atherton,Winstanley,conservative,FALSE,15.7469,6483,41170,
07/04/2024,Leigh and Atherton,Jones,green,FALSE,4.0151,1653,41170,
07/04/2024,Leigh and Atherton,Thomas,libdems,FALSE,3.879,1597,41170,
07/04/2024,Leigh and Atherton,Buckley,ED,FALSE,0.9133,376,41170,
07/04/2024,Lewes,MacCleary,libdems,FALSE,50.5802,26895,53173,
07/04/2024,Lewes,Caulfield,conservative,FALSE,26.8388,14271,53173,
07/04/2024,Lewes,Brown,reformuk,FALSE,11.9139,6335,53173,
07/04/2024,Lewes,Sweeney,labour,FALSE,6.7215,3574,53173,
07/04/2024,Lewes,Keene,green,FALSE,3.5149,1869,53173,
07/04/2024,Lewes,Easton,sdlp,FALSE,0.4307,229,53173,
07/04/2024,Lewisham East,Daby,labour,FALSE,58.18835,23646,40637,
07/04/2024,Lewisham East,Herron,green,FALSE,13.714103,5573,40637,
07/04/2024,Lewisham East,Brice,conservative,FALSE,10.830031,4401,40637,
07/04/2024,Lewisham East,Handyside,reformuk,FALSE,8.5365556,3469,40637,
07/04/2024,Lewisham East,Littlemore,libdems,FALSE,6.0806654,2471,40637,
07/04/2024,Lewisham East,Koffi,wpb,FALSE,1.4198883,577,40637,
07/04/2024,Lewisham East,Martin,CPA,FALSE,0.9941679,404,40637,
07/04/2024,Lewisham East,Galloway,SG,FALSE,0.2362379,96,40637,
07/04/2024,Lewisham North,Foxcroft,labour,FALSE,57.6607,25467,44167,
07/04/2024,Lewisham North,Pugh,green,FALSE,21.9281,9685,44167,
07/04/2024,Lewisham North,Branch,libdems,FALSE,7.4354,3284,44167,
07/04/2024,Lewisham North,Majumdar,conservative,FALSE,6.1154,2701,44167,
07/04/2024,Lewisham North,Powell,reformuk,FALSE,4.5283,2000,44167,
07/04/2024,Lewisham North,Akbar,wpb,FALSE,1.0347,457,44167,
07/04/2024,Lewisham North,Tilford,independent,FALSE,0.5502,243,44167,
07/04/2024,Lewisham North,Snelling,Comm,FALSE,0.4777,211,44167,
07/04/2024,Lewisham North,Lloyd,AGS,FALSE,0.2694,119,44167,
07/04/2024,Lewisham West and East Dulwich,Reeves,labour,FALSE,59.0468,27406,46414,
07/04/2024,Lewisham West and East Dulwich,Fowler,green,FALSE,19.4101,9009,46414,
07/04/2024,Lewisham West and East Dulwich,Matthews,libdems,FALSE,7.6658,3558,46414,
07/04/2024,Lewisham West and East Dulwich,Wallace,conservative,FALSE,7.4913,3477,46414,
07/04/2024,Lewisham West and East Dulwich,Newton,reformuk,FALSE,4.8132,2234,46414,
07/04/2024,Lewisham West and East Dulwich,Sloley,wpb,FALSE,0.92,427,46414,
07/04/2024,Lewisham West and East Dulwich,Hortense,CPA,FALSE,0.6528,303,46414,
07/04/2024,Leyton and Wanstead,Bailey,labour,FALSE,47.4595,20755,43732,
07/04/2024,Leyton and Wanstead,Lafferty,green,FALSE,15.5287,6791,43732,
07/04/2024,Leyton and Wanstead,Croxall,conservative,FALSE,11.0811,4846,43732,
07/04/2024,Leyton and Wanstead,Johnson,independent,FALSE,9.5422,4173,43732,
07/04/2024,Leyton and Wanstead,Copeland,libdems,FALSE,6.4369,2815,43732,
07/04/2024,Leyton and Wanstead,Sandground,reformuk,FALSE,5.6595,2475,43732,
07/04/2024,Leyton and Wanstead,Aziz,wpb,FALSE,3.7341,1633,43732,
07/04/2024,Leyton and Wanstead,Bezer,REU,FALSE,0.5579,244,43732,
07/04/2024,Lichfield,Robertson,labour,FALSE,35.0929,17232,49104,
07/04/2024,Lichfield,Fabricant,conservative,FALSE,33.4433,16422,49104,
07/04/2024,Lichfield,Howard,reformuk,FALSE,19.8232,9734,49104,
07/04/2024,Lichfield,Ray,libdems,FALSE,7.2744,3572,49104,
07/04/2024,Lichfield,McNeillis,green,FALSE,3.5109,1724,49104,
07/04/2024,Lichfield,Longman,independent,FALSE,0.6558,322,49104,
07/04/2024,Lichfield,Madden,independent,FALSE,0.1996,98,49104,
07/04/2024,Lincoln,Falconer,labour,FALSE,43.8093,18470,42160,
07/04/2024,Lincoln,McCartney,conservative,FALSE,22.953,9677,42160,
07/04/2024,Lincoln,McMillan,reformuk,FALSE,18.0313,7602,42160,
07/04/2024,Lincoln,Horscroft,green,FALSE,6.5251,2751,42160,
07/04/2024,Lincoln,Smalley,libdems,FALSE,6.1195,2580,42160,
07/04/2024,Lincoln,Richardson,wpb,FALSE,1.1361,479,42160,
07/04/2024,Lincoln,Shaw,Lib,FALSE,0.6594,278,42160,
07/04/2024,Lincoln,Ashby,independent,FALSE,0.5764,243,42160,
07/04/2024,Lincoln,Marshall,sdlp,FALSE,0.1898,80,42160,
07/04/2024,Liverpool Garston,Eagle,labour,FALSE,58.3669,24510,41993,
07/04/2024,Liverpool Garston,Hubbard,reformuk,FALSE,10.4922,4406,41993,
07/04/2024,Liverpool Garston,Gorst,LCI,FALSE,7.8442,3294,41993,
07/04/2024,Liverpool Garston,Hyland,libdems,FALSE,7.7132,3239,41993,
07/04/2024,Liverpool Garston,Bowman,conservative,FALSE,7.0083,2943,41993,
07/04/2024,Liverpool Garston,Sheikh,green,FALSE,6.7059,2816,41993,
07/04/2024,Liverpool Garston,Tormey,Lib,FALSE,0.9549,401,41993,
07/04/2024,Liverpool Garston,Lawrence,independent,FALSE,0.6477,272,41993,
07/04/2024,Liverpool Garston,Sweeney,WRP,FALSE,0.2667,112,41993,
07/04/2024,Liverpool Riverside,Johnson,labour,FALSE,61.8851,20039,32381,
07/04/2024,Liverpool Riverside,Coughlan,green,FALSE,16.2009,5246,32381,
07/04/2024,Liverpool Riverside,Hincks,reformuk,FALSE,10.1047,3272,32381,
07/04/2024,Liverpool Riverside,Turner,libdems,FALSE,4.7682,1544,32381,
07/04/2024,Liverpool Riverside,Austin,conservative,FALSE,3.5669,1155,32381,
07/04/2024,Liverpool Riverside,Bannister,tusc,FALSE,1.9209,622,32381,
07/04/2024,Liverpool Riverside,Weaver,Lib,FALSE,0.7906,256,32381,
07/04/2024,Liverpool Riverside,McNally,NHAP,FALSE,0.7628,247,32381,
07/04/2024,Liverpool Walton,Carden,labour,FALSE,70.5742,26032,36886,
07/04/2024,Liverpool Walton,Doran,reformuk,FALSE,15.6889,5787,36886,
07/04/2024,Liverpool Walton,Madeley,green,FALSE,6.474,2388,36886,
07/04/2024,Liverpool Walton,Ware,conservative,FALSE,3.4756,1282,36886,
07/04/2024,Liverpool Walton,Cadwallader,libdems,FALSE,2.5619,945,36886,
07/04/2024,Liverpool Walton,Lake,Lib,FALSE,1.2254,452,36886,
07/04/2024,Liverpool Wavertree,Barker,labour,FALSE,57.9606,23077,39815,
07/04/2024,Liverpool Wavertree,Crone,green,FALSE,17.0112,6773,39815,
07/04/2024,Liverpool Wavertree,Heatherington,reformuk,FALSE,8.6751,3454,39815,
07/04/2024,Liverpool Wavertree,McAllister-Bell,libdems,FALSE,6.9295,2759,39815,
07/04/2024,Liverpool Wavertree,Eagar,conservative,FALSE,4.7394,1887,39815,
07/04/2024,Liverpool Wavertree,San,independent,FALSE,2.9913,1191,39815,
07/04/2024,Liverpool Wavertree,El Gadhy,independent,FALSE,1.4216,566,39815,
07/04/2024,Liverpool Wavertree,Owens,independent,FALSE,0.2713,108,39815,
07/04/2024,Liverpool West Derby,Byrne,labour,FALSE,66.5737,25302,38006,
07/04/2024,Liverpool West Derby,Boyd,reformuk,FALSE,12.8374,4879,38006,
07/04/2024,Liverpool West Derby,Coughlan,green,FALSE,6.9647,2647,38006,
07/04/2024,Liverpool West Derby,Radford,Lib,FALSE,6.1464,2336,38006,
07/04/2024,Liverpool West Derby,Duthie,conservative,FALSE,4.1204,1566,38006,
07/04/2024,Liverpool West Derby,Halpin,libdems,FALSE,3.3574,1276,38006,
07/04/2024,Livingston,Poynton,labour,FALSE,40.8653,18324,44840,
07/04/2024,Livingston,Bardell,snp,FALSE,32.9973,14796,44840,
07/04/2024,Livingston,McLennan,reformuk,FALSE,8.8693,3977,44840,
07/04/2024,Livingston,Doran-Timson,conservative,FALSE,7.7364,3469,44840,
07/04/2024,Livingston,Lindsay,libdems,FALSE,4.5161,2025,44840,
07/04/2024,Livingston,Glasgow,green,FALSE,3.8002,1704,44840,
07/04/2024,Livingston,Ewen,alba,FALSE,1.2154,545,44840,
07/04/2024,Llanelli,Griffith,labour,FALSE,31.2954,12751,40744,
07/04/2024,Llanelli,Beer,reformuk,FALSE,27.6041,11247,40744,
07/04/2024,Llanelli,Davies,plaidcymru,FALSE,23.3433,9511,40744,
07/04/2024,Llanelli,Evans,conservative,FALSE,10.4923,4275,40744,
07/04/2024,Llanelli,Passmore,libdems,FALSE,3.0778,1254,40744,
07/04/2024,Llanelli,Laurence,green,FALSE,2.7145,1106,40744,
07/04/2024,Llanelli,Robinson,ukip,FALSE,1.4726,600,40744,
07/04/2024,Lothian East,Alexander,labour,FALSE,48.9689,23555,48102,
07/04/2024,Lothian East,Jardine,snp,FALSE,21.392,10290,48102,
07/04/2024,Lothian East,Hamilton,conservative,FALSE,11.5068,5535,48102,
07/04/2024,Lothian East,Davies,reformuk,FALSE,6.3178,3039,48102,
07/04/2024,Lothian East,Dunlop,libdems,FALSE,5.507,2649,48102,
07/04/2024,Lothian East,McIntosh,green,FALSE,5.1495,2477,48102,
07/04/2024,Lothian East,Kerevan,alba,FALSE,1.158,557,48102,
07/04/2024,Loughborough,Sandher,labour,FALSE,40.8173,17249,42259,
07/04/2024,Loughborough,Hunt,conservative,FALSE,29.0802,12289,42259,
07/04/2024,Loughborough,McWilliam,reformuk,FALSE,17.0473,7204,42259,
07/04/2024,Loughborough,Zollinger-Ball,green,FALSE,6.995,2956,42259,
07/04/2024,Loughborough,Sharpe,libdems,FALSE,6.0602,2561,42259,
07/04/2024,Louth and Horncastle,Atkins,conservative,FALSE,37.5245,17441,46479,
07/04/2024,Louth and Horncastle,Matthews,reformuk,FALSE,25.6783,11935,46479,
07/04/2024,Louth and Horncastle,Slater,labour,FALSE,22.5371,10475,46479,
07/04/2024,Louth and Horncastle,Watson,green,FALSE,5.3874,2504,46479,
07/04/2024,Louth and Horncastle,Pepper,libdems,FALSE,5.0862,2364,46479,
07/04/2024,Louth and Horncastle,Hugill,independent,FALSE,2.9239,1359,46479,
07/04/2024,Louth and Horncastle,Arty-Pole,MRLP,FALSE,0.6648,309,46479,
07/04/2024,Louth and Horncastle,Moorehouse,sdlp,FALSE,0.1979,92,46479,
07/04/2024,Lowestoft,Asato,labour,FALSE,34.583,14464,41824,
07/04/2024,Lowestoft,Aldous,conservative,FALSE,29.7628,12448,41824,
07/04/2024,Lowestoft,Mummery,reformuk,FALSE,24.694,10328,41824,
07/04/2024,Lowestoft,Hammond,green,FALSE,7.4001,3095,41824,
07/04/2024,Lowestoft,Robertson,libdems,FALSE,3.5602,1489,41824,
07/04/2024,Luton North,Owen,labour,FALSE,37.881,14677,38745,
07/04/2024,Luton North,Brown,conservative,FALSE,18.4979,7167,38745,
07/04/2024,Luton North,Fletcher,reformuk,FALSE,12.0428,4666,38745,
07/04/2024,Luton North,Shah,independent,FALSE,11.3382,4393,38745,
07/04/2024,Luton North,Akbar,wpb,FALSE,10.1019,3914,38745,
07/04/2024,Luton North,Khan,green,FALSE,5.0071,1940,38745,
07/04/2024,Luton North,Prendergast,libdems,FALSE,4.878,1890,38745,
07/04/2024,Luton North,Trathen,sdlp,FALSE,0.2529,98,38745,
07/04/2024,Luton South and South Bedfordshire,Hopkins,labour,FALSE,35.415,13593,38382,
07/04/2024,Luton South and South Bedfordshire,Versallion,conservative,FALSE,17.5473,6735,38382,
07/04/2024,Luton South and South Bedfordshire,Malik,independent,FALSE,14.0274,5384,38382,
07/04/2024,Luton South and South Bedfordshire,Maclean,reformuk,FALSE,12.399,4759,38382,
07/04/2024,Luton South and South Bedfordshire,Rehman,wpb,FALSE,8.1028,3110,38382,
07/04/2024,Luton South and South Bedfordshire,Carpenter,green,FALSE,6.2555,2401,38382,
07/04/2024,Luton South and South Bedfordshire,Griffiths,libdems,FALSE,6.2529,2400,38382,
07/04/2024,Macclesfield,Roca,labour,FALSE,46.7344,24672,52792,
07/04/2024,Macclesfield,Rutley,conservative,FALSE,29.459,15552,52792,
07/04/2024,Macclesfield,Broadhurst,reformuk,FALSE,12.4867,6592,52792,
07/04/2024,Macclesfield,Iremonger,green,FALSE,4.7223,2493,52792,
07/04/2024,Macclesfield,Christian,libdems,FALSE,4.7015,2482,52792,
07/04/2024,Macclesfield,Wellavize,independent,FALSE,1.4756,779,52792,
07/04/2024,Macclesfield,Fletcher,sdlp,FALSE,0.4205,222,52792,
07/04/2024,Maidenhead,Reynolds,libdems,FALSE,43.5037,21895,50329,
07/04/2024,Maidenhead,Mathias,conservative,FALSE,37.6165,18932,50329,
07/04/2024,Maidenhead,Smith,labour,FALSE,11.4566,5766,50329,
07/04/2024,Maidenhead,Cooney,green,FALSE,3.9659,1996,50329,
07/04/2024,Maidenhead,Wright,independent,FALSE,1.5717,791,50329,
07/04/2024,Maidenhead,Burt,sdlp,FALSE,1.0292,518,50329,
07/04/2024,Maidenhead,Irshad,independent,FALSE,0.8564,431,50329,
07/04/2024,Maidstone and Malling,Grant,conservative,FALSE,30.4943,14146,46389,
07/04/2024,Maidstone and Malling,Cleator,labour,FALSE,26.8857,12472,46389,
07/04/2024,Maidstone and Malling,Thomas,reformuk,FALSE,20.0823,9316,46389,
07/04/2024,Maidstone and Malling,Naghi,libdems,FALSE,13.7425,6375,46389,
07/04/2024,Maidstone and Malling,Jeffery,green,FALSE,8.0342,3727,46389,
07/04/2024,Maidstone and Malling,Kenward,independent,FALSE,0.4247,197,46389,
07/04/2024,Maidstone and Malling,Butler,BDP,FALSE,0.3363,156,46389,
07/04/2024,Makerfield,Simons,labour,FALSE,45.2078,18202,40263,
07/04/2024,Makerfield,Kenyon,reformuk,FALSE,31.7984,12803,40263,
07/04/2024,Makerfield,Finkelstein,conservative,FALSE,10.876,4379,40263,
07/04/2024,Makerfield,Skipworth,libdems,FALSE,6.7928,2735,40263,
07/04/2024,Makerfield,Deery,green,FALSE,4.411,1776,40263,
07/04/2024,Makerfield,Bryer,ED,FALSE,0.914,368,40263,
07/04/2024,Maldon,Whittingdale,conservative,FALSE,38.8716,19374,49841,
07/04/2024,Maldon,Walford,reformuk,FALSE,25.0155,12468,49841,
07/04/2024,Maldon,Gollo,labour,FALSE,19.6966,9817,49841,
07/04/2024,Maldon,Burwood,libdems,FALSE,11.8015,5882,49841,
07/04/2024,Maldon,Doubleday,green,FALSE,4.6147,2300,49841,
07/04/2024,Manchester Central,Powell,labour,FALSE,50.8093,20184,39725,
07/04/2024,Manchester Central,Bayunu,green,FALSE,16.078,6387,39725,
07/04/2024,Manchester Central,Brown,reformuk,FALSE,11.9824,4760,39725,
07/04/2024,Manchester Central,Northwood,libdems,FALSE,7.6803,3051,39725,
07/04/2024,Manchester Central,Smith,conservative,FALSE,7.1064,2823,39725,
07/04/2024,Manchester Central,Hashemi,wpb,FALSE,4.7527,1888,39725,
07/04/2024,Manchester Central,Moore,sdlp,FALSE,0.6042,240,39725,
07/04/2024,Manchester Central,Khan,independent,FALSE,0.5085,202,39725,
07/04/2024,Manchester Central,Rylance,CF,FALSE,0.3298,131,39725,
07/04/2024,Manchester Central,Kalonda,independent,FALSE,0.1485,59,39725,
07/04/2024,Manchester Rusholme,Khan,labour,FALSE,51.8513,15054,29033,
07/04/2024,Manchester Rusholme,Asanga-Rae,green,FALSE,23.4871,6819,29033,
07/04/2024,Manchester Rusholme,Bilal,wpb,FALSE,12.6063,3660,29033,
07/04/2024,Manchester Rusholme,Marsanu,conservative,FALSE,5.7796,1678,29033,
07/04/2024,Manchester Rusholme,McGuigan,reformuk,FALSE,4.5224,1313,29033,
07/04/2024,Manchester Rusholme,Bhatti,independent,FALSE,1.178,342,29033,
07/04/2024,Manchester Rusholme,Clifford,Comm L,FALSE,0.5752,167,29033,
07/04/2024,Manchester Withington,Smith,labour,FALSE,52.8768,22066,41731,
07/04/2024,Manchester Withington,Easterby-Smith,green,FALSE,19.3717,8084,41731,
07/04/2024,Manchester Withington,Kilpatrick,libdems,FALSE,12.9688,5412,41731,
07/04/2024,Manchester Withington,Garcia De Bustos,conservative,FALSE,5.4636,2280,41731,
07/04/2024,Manchester Withington,Williams,reformuk,FALSE,4.6991,1961,41731,
07/04/2024,Manchester Withington,Greenwood,wpb,FALSE,4.251,1774,41731,
07/04/2024,Manchester Withington,Andrew,sdlp,FALSE,0.369,154,41731,
07/04/2024,Mansfield,Yemm,labour,FALSE,39.0586,16048,41087,
07/04/2024,Mansfield,Bradley,conservative,FALSE,30.5766,12563,41087,
07/04/2024,Mansfield,Warnes,reformuk,FALSE,22.8418,9385,41087,
07/04/2024,Mansfield,Shields,green,FALSE,3.2273,1326,41087,
07/04/2024,Mansfield,Wyatt,libdems,FALSE,1.9447,799,41087,
07/04/2024,Mansfield,Dean,SL,FALSE,1.0295,423,41087,
07/04/2024,Mansfield,Milligan,independent,FALSE,0.8153,335,41087,
07/04/2024,Mansfield,Seymour,tusc,FALSE,0.2994,123,41087,
07/04/2024,Mansfield,Bilas,independent,FALSE,0.2069,85,41087,
07/04/2024,Melksham and Devizes,Mathew,libdems,FALSE,39.1208,20031,51203,
07/04/2024,Melksham and Devizes,Donelan,conservative,FALSE,34.4316,17630,51203,
07/04/2024,Melksham and Devizes,Cupis,reformuk,FALSE,13.1359,6726,51203,
07/04/2024,Melksham and Devizes,Postlewhite,labour,FALSE,8.9585,4587,51203,
07/04/2024,Melksham and Devizes,Read,green,FALSE,4.3533,2229,51203,
07/04/2024,Melton and Syston,Argar,conservative,FALSE,38.1116,17526,45986,
07/04/2024,Melton and Syston,Khan,labour,FALSE,26.3776,12130,45986,
07/04/2024,Melton and Syston,Morris,reformuk,FALSE,19.4516,8945,45986,
07/04/2024,Melton and Syston,McQuillan,green,FALSE,8.0133,3685,45986,
07/04/2024,Melton and Syston,Konieczko,libdems,FALSE,5.5386,2547,45986,
07/04/2024,Melton and Syston,Gordon,independent,FALSE,1.1243,517,45986,
07/04/2024,Melton and Syston,Khong,ADF,FALSE,0.7568,348,45986,
07/04/2024,Melton and Syston,Shouler,REU,FALSE,0.6263,288,45986,
07/04/2024,Meriden and Solihull East,Bhatti,conservative,FALSE,38.1333,16792,44035,
07/04/2024,Meriden and Solihull East,Alan,labour,FALSE,27.7234,12208,44035,
07/04/2024,Meriden and Solihull East,Sedgley,reformuk,FALSE,19.8774,8753,44035,
07/04/2024,Meriden and Solihull East,Virk,libdems,FALSE,7.6144,3353,44035,
07/04/2024,Meriden and Solihull East,Sheshabhatter,green,FALSE,6.6515,2929,44035,
07/04/2024,Merthyr Tydfil and Aberdare,Jones,labour,FALSE,44.8417,15791,35215,
07/04/2024,Merthyr Tydfil and Aberdare,Thomas,reformuk,FALSE,23.6944,8344,35215,
07/04/2024,Merthyr Tydfil and Aberdare,Whitefoot,plaidcymru,FALSE,13.5397,4768,35215,
07/04/2024,Merthyr Tydfil and Aberdare,Jenner,conservative,FALSE,7.6303,2687,35215,
07/04/2024,Merthyr Tydfil and Aberdare,Smith,libdems,FALSE,3.6235,1276,35215,
07/04/2024,Merthyr Tydfil and Aberdare,Griffin,green,FALSE,3.4957,1231,35215,
07/04/2024,Merthyr Tydfil and Aberdare,Cole,wpb,FALSE,1.5079,531,35215,
07/04/2024,Merthyr Tydfil and Aberdare,De Gregori,independent,FALSE,1.0649,375,35215,
07/04/2024,Merthyr Tydfil and Aberdare,Davenport,Comm,FALSE,0.602,212,35215,
07/04/2024,Mid and South Pembrokeshire,Tufnell,labour,FALSE,35.3964,16505,46629,
07/04/2024,Mid and South Pembrokeshire,Crabb,conservative,FALSE,31.3689,14627,46629,
07/04/2024,Mid and South Pembrokeshire,Marchant,reformuk,FALSE,16.7878,7828,46629,
07/04/2024,Mid and South Pembrokeshire,Tomos,plaidcymru,FALSE,6.3523,2962,46629,
07/04/2024,Mid and South Pembrokeshire,Cameron,libdems,FALSE,5.087,2372,46629,
07/04/2024,Mid and South Pembrokeshire,Purchase,green,FALSE,3.5471,1654,46629,
07/04/2024,Mid and South Pembrokeshire,Siphika,independent,FALSE,0.9157,427,46629,
07/04/2024,Mid and South Pembrokeshire,Andersen,WEP,FALSE,0.5447,254,46629,
07/04/2024,Mid Bedfordshire,Stephenson,conservative,FALSE,34.0823,16912,49621,
07/04/2024,Mid Bedfordshire,Mirza,labour,FALSE,31.4202,15591,49621,
07/04/2024,Mid Bedfordshire,Holland,reformuk,FALSE,17.3193,8594,49621,
07/04/2024,Mid Bedfordshire,Roberts,libdems,FALSE,8.1981,4068,49621,
07/04/2024,Mid Bedfordshire,Sibley,green,FALSE,5.2075,2584,49621,
07/04/2024,Mid Bedfordshire,Mackey,independent,FALSE,3.426,1700,49621,
07/04/2024,Mid Bedfordshire,Brunning,sdlp,FALSE,0.3466,172,49621,
07/04/2024,Mid Buckinghamshire,Smith,conservative,FALSE,37.3487,20150,53951,
07/04/2024,Mid Buckinghamshire,Schaefer,libdems,FALSE,26.4648,14278,53951,
07/04/2024,Mid Buckinghamshire,Griffiths,labour,FALSE,16.9988,9171,53951,
07/04/2024,Mid Buckinghamshire,Harwood,reformuk,FALSE,12.8376,6926,53951,
07/04/2024,Mid Buckinghamshire,Smith,green,FALSE,5.4531,2942,53951,
07/04/2024,Mid Buckinghamshire,Wilding,sdlp,FALSE,0.6246,337,53951,
07/04/2024,Mid Buckinghamshire,Da Costa,Cli,FALSE,0.2725,147,53951,
07/04/2024,Mid Cheshire,Cooper,labour,FALSE,44.4651,18457,41509,
07/04/2024,Mid Cheshire,Fifield,conservative,FALSE,22.9589,9530,41509,
07/04/2024,Mid Cheshire,Guy,reformuk,FALSE,19.1934,7967,41509,
07/04/2024,Mid Cheshire,Price-Harbach,libdems,FALSE,5.9385,2465,41509,
07/04/2024,Mid Cheshire,Green,green,FALSE,4.7387,1967,41509,
07/04/2024,Mid Cheshire,Clawson,independent,FALSE,2.0477,850,41509,
07/04/2024,Mid Cheshire,Mellor,independent,FALSE,0.6577,273,41509,
07/04/2024,Mid Derbyshire,Davies,labour,FALSE,36.4849,17346,47543,
07/04/2024,Mid Derbyshire,Gardiner,conservative,FALSE,32.5348,15468,47543,
07/04/2024,Mid Derbyshire,Dean,reformuk,FALSE,17.5757,8356,47543,
07/04/2024,Mid Derbyshire,Kinsella,green,FALSE,7.4606,3547,47543,
07/04/2024,Mid Derbyshire,Holliday,libdems,FALSE,4.966,2361,47543,
07/04/2024,Mid Derbyshire,Warren,independent,FALSE,0.6626,315,47543,
07/04/2024,Mid Derbyshire,Uche,wpb,FALSE,0.3155,150,47543,
07/04/2024,Middlesbrough and Thornaby East,McDonald,labour,FALSE,47.1939,16238,34407,
07/04/2024,Middlesbrough and Thornaby East,Seargeant,reformuk,FALSE,20.4784,7046,34407,
07/04/2024,Middlesbrough and Thornaby East,Fothergill,conservative,FALSE,17.944,6174,34407,
07/04/2024,Middlesbrough and Thornaby East,Ameen,wpb,FALSE,5.8331,2007,34407,
07/04/2024,Middlesbrough and Thornaby East,Harris,green,FALSE,4.4235,1522,34407,
07/04/2024,Middlesbrough and Thornaby East,Waqas,libdems,FALSE,3.0139,1037,34407,
07/04/2024,Middlesbrough and Thornaby East,Baxtrem,independent,FALSE,1.1131,383,34407,
07/04/2024,Middlesbrough South and East Cleveland,Myer,labour,FALSE,43.297,16468,38035,
07/04/2024,Middlesbrough South and East Cleveland,Clarke,conservative,FALSE,42.7343,16254,38035,
07/04/2024,Middlesbrough South and East Cleveland,Joy,libdems,FALSE,5.3424,2032,38035,
07/04/2024,Middlesbrough South and East Cleveland,Liddle,sdlp,FALSE,4.8245,1835,38035,
07/04/2024,Middlesbrough South and East Cleveland,McLaughlin,green,FALSE,3.8018,1446,38035,
07/04/2024,Mid Dorset and North Poole,Slade,libdems,FALSE,43.3049,21442,49514,
07/04/2024,Mid Dorset and North Poole,Tomlinson,conservative,FALSE,40.5744,20090,49514,
07/04/2024,Mid Dorset and North Poole,Johnson-Cole,labour,FALSE,9.2216,4566,49514,
07/04/2024,Mid Dorset and North Poole,Pantling,green,FALSE,4.7562,2355,49514,
07/04/2024,Mid Dorset and North Poole,Dowling,sdlp,FALSE,2.1428,1061,49514,
07/04/2024,Mid Dunbartonshire,Murray,libdems,FALSE,42.3774,22349,52738,
07/04/2024,Mid Dunbartonshire,Callaghan,snp,FALSE,24.0358,12676,52738,
07/04/2024,Mid Dunbartonshire,Dougall,labour,FALSE,20.8446,10993,52738,
07/04/2024,Mid Dunbartonshire,Mathieson,conservative,FALSE,4.6494,2452,52738,
07/04/2024,Mid Dunbartonshire,McNabb,reformuk,FALSE,3.9801,2099,52738,
07/04/2024,Mid Dunbartonshire,Scrimgeour,green,FALSE,3.2614,1720,52738,
07/04/2024,Mid Dunbartonshire,James,alba,FALSE,0.8514,449,52738,
07/04/2024,Mid Leicestershire,Bedford,conservative,FALSE,36.9095,17735,48050,
07/04/2024,Mid Leicestershire,Martin,labour,FALSE,32.3288,15534,48050,
07/04/2024,Mid Leicestershire,Smith,reformuk,FALSE,18.5702,8923,48050,
07/04/2024,Mid Leicestershire,Deakin,green,FALSE,7.1051,3414,48050,
07/04/2024,Mid Leicestershire,Bradwell,libdems,FALSE,5.0864,2444,48050,
07/04/2024,Midlothian,McNeill,labour,FALSE,48.6358,21480,44165,
07/04/2024,Midlothian,Thompson,snp,FALSE,30.1438,13313,44165,
07/04/2024,Midlothian,Garbowski,reformuk,FALSE,7.4176,3276,44165,
07/04/2024,Midlothian,Cockburn,conservative,FALSE,7.3542,3248,44165,
07/04/2024,Midlothian,Laird,libdems,FALSE,5.8621,2589,44165,
07/04/2024,Midlothian,Fraser,Scot Libt,FALSE,0.5864,259,44165,
07/04/2024,Mid Norfolk,Freeman,conservative,FALSE,36.5383,16770,45897,
07/04/2024,Mid Norfolk,Rosen,labour,FALSE,29.8843,13716,45897,
07/04/2024,Mid Norfolk,Kher,reformuk,FALSE,20.5395,9427,45897,
07/04/2024,Mid Norfolk,Howard,libdems,FALSE,6.8109,3126,45897,
07/04/2024,Mid Norfolk,Haynes,green,FALSE,6.227,2858,45897,
07/04/2024,Mid Sussex,Bennett,libdems,FALSE,39.634,21136,53328,
07/04/2024,Mid Sussex,Adams,conservative,FALSE,27.1415,14474,53328,
07/04/2024,Mid Sussex,Rowntree,labour,FALSE,17.6211,9397,53328,
07/04/2024,Mid Sussex,Johnson,reformuk,FALSE,11.103,5921,53328,
07/04/2024,Mid Sussex,Nicholson,green,FALSE,3.8404,2048,53328,
07/04/2024,Mid Sussex,Von Thunderclap,MRLP,FALSE,0.6601,352,53328,
07/04/2024,Mid Ulster,Mallaghan,sinnfein,FALSE,52.9981,24085,45445,
07/04/2024,Mid Ulster,Buchanan,DUP,FALSE,20.1606,9162,45445,
07/04/2024,Mid Ulster,Johnston,SDLP,FALSE,8.1901,3722,45445,
07/04/2024,Mid Ulster,Moore,TUV,FALSE,6.553,2978,45445,
07/04/2024,Mid Ulster,Basra,UUP,FALSE,4.9928,2269,45445,
07/04/2024,Mid Ulster,Farrell,APNI,FALSE,4.4031,2001,45445,
07/04/2024,Mid Ulster,Halliday,AONT,FALSE,2.3039,1047,45445,
07/04/2024,Mid Ulster,Kelly,independent,FALSE,0.3983,181,45445,
07/04/2024,Milton Keynes Central,Darlington,labour,FALSE,42.3411,20209,47729,
07/04/2024,Milton Keynes Central,Luk,conservative,FALSE,27.0653,12918,47729,
07/04/2024,Milton Keynes Central,Reilly,reformuk,FALSE,13.0843,6245,47729,
07/04/2024,Milton Keynes Central,Cox,libdems,FALSE,10.3312,4931,47729,
07/04/2024,Milton Keynes Central,Bonney,green,FALSE,6.759,3226,47729,
07/04/2024,Milton Keynes Central,Saint-Clair,hpuk,FALSE,0.419,200,47729,
07/04/2024,Milton Keynes North,Curtis,labour,FALSE,42.0167,19318,45977,
07/04/2024,Milton Keynes North,Everitt,conservative,FALSE,30.2064,13888,45977,
07/04/2024,Milton Keynes North,Duckworth,reformuk,FALSE,13.4067,6164,45977,
07/04/2024,Milton Keynes North,Tevlin,libdems,FALSE,7.3189,3365,45977,
07/04/2024,Milton Keynes North,Francis,green,FALSE,7.0514,3242,45977,
07/04/2024,Mitcham and Morden,McDonagh,labour,FALSE,55.4303,25085,45255,
07/04/2024,Mitcham and Morden,Cox,conservative,FALSE,13.9741,6324,45255,
07/04/2024,Mitcham and Morden,Maslin,green,FALSE,10.242,4635,45255,
07/04/2024,Mitcham and Morden,Price,reformuk,FALSE,9.1371,4135,45255,
07/04/2024,Mitcham and Morden,Gould,libdems,FALSE,8.0035,3622,45255,
07/04/2024,Mitcham and Morden,Jamshed,wpb,FALSE,2.4108,1091,45255,
07/04/2024,Mitcham and Morden,Coke,CPA,FALSE,0.8021,363,45255,
07/04/2024,Monmouthshire,Fookes,labour,FALSE,41.3225,21010,50844,
07/04/2024,Monmouthshire,Davies,conservative,FALSE,34.7573,17672,50844,
07/04/2024,Monmouthshire,Windsor-Peplow,reformuk,FALSE,10.6955,5438,50844,
07/04/2024,Monmouthshire,Chandler,green,FALSE,4.6357,2357,50844,
07/04/2024,Monmouthshire,Powell,libdems,FALSE,4.4823,2279,50844,
07/04/2024,Monmouthshire,Bellin,plaidcymru,FALSE,2.5037,1273,50844,
07/04/2024,Monmouthshire,Lewis,independent,FALSE,0.8988,457,50844,
07/04/2024,Monmouthshire,Davies,TFB,FALSE,0.5015,255,50844,
07/04/2024,Monmouthshire,Meredith,hpuk,FALSE,0.2026,103,50844,
07/04/2024,Montgomeryshire and Glyndwr,Witherden,labour,FALSE,29.3789,12709,43259,
07/04/2024,Montgomeryshire and Glyndwr,Lewis,reformuk,FALSE,20.5599,8894,43259,
07/04/2024,Montgomeryshire and Glyndwr,Williams,conservative,FALSE,17.9731,7775,43259,
07/04/2024,Montgomeryshire and Glyndwr,Preston,libdems,FALSE,14.9564,6470,43259,
07/04/2024,Montgomeryshire and Glyndwr,Vaughn,plaidcymru,FALSE,13.1002,5667,43259,
07/04/2024,Montgomeryshire and Glyndwr,Brignell-Thorp,green,FALSE,4.0315,1744,43259,
07/04/2024,Moray West Nairn and Strathspey,Leadbitter,snp,FALSE,32.1369,14961,46554,
07/04/2024,Moray West Nairn and Strathspey,Robertson,conservative,FALSE,29.9867,13960,46554,
07/04/2024,Moray West Nairn and Strathspey,Hynam,labour,FALSE,17.7407,8259,46554,
07/04/2024,Moray West Nairn and Strathspey,Alexander,libdems,FALSE,8.1303,3785,46554,
07/04/2024,Moray West Nairn and Strathspey,Skerrett,reformuk,FALSE,7.4967,3490,46554,
07/04/2024,Moray West Nairn and Strathspey,Van der Horn,green,FALSE,3.6001,1676,46554,
07/04/2024,Moray West Nairn and Strathspey,Morrice,sfp,FALSE,0.9086,423,46554,
07/04/2024,Morecambe and Lunesdale,Collinge,labour,FALSE,40.7894,19603,48059,
07/04/2024,Morecambe and Lunesdale,Morris,conservative,FALSE,28.6897,13788,48059,
07/04/2024,Morecambe and Lunesdale,Parsons,reformuk,FALSE,16.2509,7810,48059,
07/04/2024,Morecambe and Lunesdale,Jackson,libdems,FALSE,9.9232,4769,48059,
07/04/2024,Morecambe and Lunesdale,Dowding,green,FALSE,4.3467,2089,48059,
07/04/2024,Motherwell Wishaw and Carluke,Nash,labour,FALSE,49.116,19168,39026,
07/04/2024,Motherwell Wishaw and Carluke,Fellows,snp,FALSE,30.9614,12083,39026,
07/04/2024,Motherwell Wishaw and Carluke,McLaughlan,reformuk,FALSE,7.6974,3004,39026,
07/04/2024,Motherwell Wishaw and Carluke,Ajala,conservative,FALSE,6.1882,2415,39026,
07/04/2024,Motherwell Wishaw and Carluke,Miller,green,FALSE,3.0749,1200,39026,
07/04/2024,Motherwell Wishaw and Carluke,Bennie,libdems,FALSE,2.1063,822,39026,
07/04/2024,Motherwell Wishaw and Carluke,Ferguson,bup,FALSE,0.4049,158,39026,
07/04/2024,Motherwell Wishaw and Carluke,Wilson,ukip,FALSE,0.2819,110,39026,
07/04/2024,Motherwell Wishaw and Carluke,Hagen,Scot Libt,FALSE,0.1691,66,39026,
07/04/2024,Na h-Eileanan an Iar,Crichton,labour,FALSE,49.4678,6692,13528,
07/04/2024,Na h-Eileanan an Iar,Thomson,snp,FALSE,21.1118,2856,13528,
07/04/2024,Na h-Eileanan an Iar,MacNeil,independent,FALSE,10.1271,1370,13528,
07/04/2024,Na h-Eileanan an Iar,Ridden,reformuk,FALSE,5.1523,697,13528,
07/04/2024,Na h-Eileanan an Iar,Barker,conservative,FALSE,4.7827,647,13528,
07/04/2024,Na h-Eileanan an Iar,Boyd,CHP,FALSE,3.6665,496,13528,
07/04/2024,Na h-Eileanan an Iar,Welsh,sfp,FALSE,2.8681,388,13528,
07/04/2024,Na h-Eileanan an Iar,Dobson,libdems,FALSE,2.8238,382,13528,
07/04/2024,Neath and Swansea East,Harris,labour,FALSE,41.8492,16797,40137,
07/04/2024,Neath and Swansea East,Richards,reformuk,FALSE,25.3382,10170,40137,
07/04/2024,Neath and Swansea East,Jenkins,plaidcymru,FALSE,13.3293,5350,40137,
07/04/2024,Neath and Swansea East,Chohan,conservative,FALSE,9.3804,3765,40137,
07/04/2024,Neath and Swansea East,Clarke,libdems,FALSE,5.84,2344,40137,
07/04/2024,Neath and Swansea East,Dowden,green,FALSE,4.2629,1711,40137,
07/04/2024,Newark,Jenrick,conservative,FALSE,39.2226,20968,53459,
07/04/2024,Newark,Ahmad,labour,FALSE,32.5408,17396,53459,
07/04/2024,Newark,Palmer,reformuk,FALSE,15.4885,8280,53459,
07/04/2024,Newark,Watts,libdems,FALSE,5.6604,3026,53459,
07/04/2024,Newark,Ackroyd,green,FALSE,4.3865,2345,53459,
07/04/2024,Newark,Amer,INet,FALSE,1.5133,809,53459,
07/04/2024,Newark,Galbraith,independent,FALSE,0.6154,329,53459,
07/04/2024,Newark,Darrington,ED,FALSE,0.2918,156,53459,
07/04/2024,Newark,Siddique,wpb,FALSE,0.2806,150,53459,
07/04/2024,Newbury,Dillon,libdems,FALSE,40.1492,19645,48930,
07/04/2024,Newbury,Farris,conservative,FALSE,35.2912,17268,48930,
07/04/2024,Newbury,Terry,reformuk,FALSE,10.9483,5357,48930,
07/04/2024,Newbury,Bell,labour,FALSE,7.4842,3662,48930,
07/04/2024,Newbury,Masters,green,FALSE,5.5467,2714,48930,
07/04/2024,Newbury,Jesse,FA,FALSE,0.3127,153,48930,
07/04/2024,Newbury,Johnson,ukip,FALSE,0.2677,131,48930,
07/04/2024,Newcastle-under-Lyme,Jogee,labour,FALSE,40.3655,15992,39618,
07/04/2024,Newcastle-under-Lyme,Tagg,conservative,FALSE,27.5708,10923,39618,
07/04/2024,Newcastle-under-Lyme,Walker,reformuk,FALSE,22.3762,8865,39618,
07/04/2024,Newcastle-under-Lyme,Jones,libdems,FALSE,5.0154,1987,39618,
07/04/2024,Newcastle-under-Lyme,Hibell,green,FALSE,4.6721,1851,39618,
07/04/2024,Newcastle upon Tyne Central and West,Onwurah,labour,FALSE,45.6414,18875,41355,
07/04/2024,Newcastle upon Tyne Central and West,Muncaster,reformuk,FALSE,18.8974,7815,41355,
07/04/2024,Newcastle upon Tyne Central and West,Lasok,conservative,FALSE,10.2237,4228,41355,
07/04/2024,Newcastle upon Tyne Central and West,Ridley,independent,FALSE,8.7704,3627,41355,
07/04/2024,Newcastle upon Tyne Central and West,Pearson,green,FALSE,7.8056,3228,41355,
07/04/2024,Newcastle upon Tyne Central and West,Avaei,libdems,FALSE,4.7056,1946,41355,
07/04/2024,Newcastle upon Tyne Central and West,Rahman,independent,FALSE,3.956,1636,41355,
07/04/2024,Newcastle upon Tyne East and Wallsend,Glindon,labour,FALSE,50.0933,21200,42321,
07/04/2024,Newcastle upon Tyne East and Wallsend,Richardson,reformuk,FALSE,19.8081,8383,42321,
07/04/2024,Newcastle upon Tyne East and Wallsend,Williams,green,FALSE,12.4217,5257,42321,
07/04/2024,Newcastle upon Tyne East and Wallsend,Hanlon,conservative,FALSE,8.3221,3522,42321,
07/04/2024,Newcastle upon Tyne East and Wallsend,Ridyard,libdems,FALSE,7.006,2965,42321,
07/04/2024,Newcastle upon Tyne East and Wallsend,Ghori,wpb,FALSE,1.016,430,42321,
07/04/2024,Newcastle upon Tyne East and Wallsend,Panton,POW,FALSE,0.6687,283,42321,
07/04/2024,Newcastle upon Tyne East and Wallsend,Phillips,Comm,FALSE,0.4395,186,42321,
07/04/2024,Newcastle upon Tyne East and Wallsend,Malyn,sdlp,FALSE,0.2245,95,42321,
07/04/2024,Newcastle upon Tyne North,McKinnell,labour,FALSE,50.2705,24440,48617,
07/04/2024,Newcastle upon Tyne North,Renner-Thompson,conservative,FALSE,13.7359,6678,48617,
07/04/2024,Newcastle upon Tyne North,King,libdems,FALSE,12.2097,5936,48617,
07/04/2024,Newcastle upon Tyne North,Lorraine,reformuk,FALSE,12.2036,5933,48617,
07/04/2024,Newcastle upon Tyne North,Peters,green,FALSE,10.3565,5035,48617,
07/04/2024,Newcastle upon Tyne North,Teare,independent,FALSE,0.6376,310,48617,
07/04/2024,Newcastle upon Tyne North,Evison,sdlp,FALSE,0.5862,285,48617,
07/04/2024,New Forest East,Lewis,conservative,FALSE,38.4966,17412,45230,
07/04/2024,New Forest East,Otto,labour,FALSE,19.7148,8917,45230,
07/04/2024,New Forest East,Swales,reformuk,FALSE,16.9047,7646,45230,
07/04/2024,New Forest East,Rackham,libdems,FALSE,15.9142,7198,45230,
07/04/2024,New Forest East,King,green,FALSE,6.8937,3118,45230,
07/04/2024,New Forest East,Hatter,MRLP,FALSE,1.1696,529,45230,
07/04/2024,New Forest East,Knight,ANWP,FALSE,0.9065,410,45230,
07/04/2024,New Forest West,Swayne,conservative,FALSE,35.4188,16412,46337,
07/04/2024,New Forest West,Johnston,labour,FALSE,23.3334,10812,46337,
07/04/2024,New Forest West,Davies,libdems,FALSE,17.6662,8186,46337,
07/04/2024,New Forest West,Chester-Sterne,reformuk,FALSE,16.3519,7577,46337,
07/04/2024,New Forest West,Collar,green,FALSE,6.0427,2800,46337,
07/04/2024,New Forest West,Ridley,ANWP,FALSE,0.8481,393,46337,
07/04/2024,New Forest West,Simon,sdlp,FALSE,0.3388,157,46337,
07/04/2024,Newport East,Morden,labour,FALSE,42.4853,16370,38531,
07/04/2024,Newport East,Short,reformuk,FALSE,19.1041,7361,38531,
07/04/2024,Newport East,Buckler,conservative,FALSE,16.8358,6487,38531,
07/04/2024,Newport East,Clark,plaidcymru,FALSE,5.8109,2239,38531,
07/04/2024,Newport East,James,green,FALSE,5.4294,2092,38531,
07/04/2024,Newport East,Miller,libdems,FALSE,5.3074,2045,38531,
07/04/2024,Newport East,Bartolotti,independent,FALSE,4.6768,1802,38531,
07/04/2024,Newport East,Ford,hpuk,FALSE,0.3504,135,38531,
07/04/2024,Newport West and Islwyn,Jones,labour,FALSE,41.4984,17409,41951,
07/04/2024,Newport West and Islwyn,Taylor,reformuk,FALSE,20.3595,8541,41951,
07/04/2024,Newport West and Islwyn,Jones,conservative,FALSE,15.9949,6710,41951,
07/04/2024,Newport West and Islwyn,Ham,plaidcymru,FALSE,8.4122,3529,41951,
07/04/2024,Newport West and Islwyn,Hamilton,libdems,FALSE,4.9749,2087,41951,
07/04/2024,Newport West and Islwyn,Vosper,green,FALSE,4.9534,2078,41951,
07/04/2024,Newport West and Islwyn,Etheridge,independent,FALSE,3.8068,1597,41951,
07/04/2024,Newry and Armagh,Hughes,sinnfein,FALSE,48.5373,22299,45942,
07/04/2024,Newry and Armagh,Byrne,SDLP,FALSE,14.8143,6806,45942,
07/04/2024,Newry and Armagh,Wilson,DUP,FALSE,12.8423,5900,45942,
07/04/2024,Newry and Armagh,Ratcliffe,TUV,FALSE,8.9221,4099,45942,
07/04/2024,Newry and Armagh,Nicholson,UUP,FALSE,6.9109,3175,45942,
07/04/2024,Newry and Armagh,Young,APNI,FALSE,5.8596,2692,45942,
07/04/2024,Newry and Armagh,Reichenberg,AONT,FALSE,1.9329,888,45942,
07/04/2024,Newry and Armagh,Rayner,conservative,FALSE,0.1807,83,45942,
07/04/2024,Newton Abbot,Wrigley,libdems,FALSE,31.674,15201,47992,
07/04/2024,Newton Abbot,Morris,conservative,FALSE,26.9941,12955,47992,
07/04/2024,Newton Abbot,Hilditch,reformuk,FALSE,17.6988,8494,47992,
07/04/2024,Newton Abbot,Cousens,labour,FALSE,14.8254,7115,47992,
07/04/2024,Newton Abbot,Wynter,green,FALSE,4.3403,2083,47992,
07/04/2024,Newton Abbot,Mullone,SDA,FALSE,4.009,1924,47992,
07/04/2024,Newton Abbot,Sabine,hpuk,FALSE,0.2417,116,47992,
07/04/2024,Newton Abbot,Cude,VUK,FALSE,0.2167,104,47992,
07/04/2024,Newton Aycliffe and Spennymoor,Strickland,labour,FALSE,46.1627,18394,39846,
07/04/2024,Newton Aycliffe and Spennymoor,Grant,reformuk,FALSE,23.9798,9555,39846,
07/04/2024,Newton Aycliffe and Spennymoor,Howell,conservative,FALSE,20.5667,8195,39846,
07/04/2024,Newton Aycliffe and Spennymoor,Hughes,green,FALSE,4.2689,1701,39846,
07/04/2024,Newton Aycliffe and Spennymoor,Curry,libdems,FALSE,3.7419,1491,39846,
07/04/2024,Newton Aycliffe and Spennymoor,Agar,Transform,FALSE,0.6626,264,39846,
07/04/2024,Newton Aycliffe and Spennymoor,Suhon,wpb,FALSE,0.6174,246,39846,
07/04/2024,Normanton and Hemsworth,Trickett,labour,FALSE,47.5254,17275,36349,
07/04/2024,Normanton and Hemsworth,Bushrod,reformuk,FALSE,29.1975,10613,36349,
07/04/2024,Normanton and Hemsworth,Hopkin,conservative,FALSE,13.7418,4995,36349,
07/04/2024,Normanton and Hemsworth,Howick,green,FALSE,5.9066,2147,36349,
07/04/2024,Normanton and Hemsworth,Dobson,libdems,FALSE,3.6287,1319,36349,
07/04/2024,Northampton North,Rigby,labour,FALSE,43.5487,18209,41813,
07/04/2024,Northampton North,Bennett,conservative,FALSE,21.9908,9195,41813,
07/04/2024,Northampton North,Antoniou,reformuk,FALSE,16.7651,7010,41813,
07/04/2024,Northampton North,Bassan,green,FALSE,6.1177,2558,41813,
07/04/2024,Northampton North,Leggett,libdems,FALSE,5.3835,2251,41813,
07/04/2024,Northampton North,Razzaq,wpb,FALSE,3.6615,1531,41813,
07/04/2024,Northampton North,Clark,independent,FALSE,2.5327,1059,41813,
07/04/2024,Northampton South,Reader,labour,FALSE,38.4703,16890,43904,
07/04/2024,Northampton South,Lewer,conservative,FALSE,29.1978,12819,43904,
07/04/2024,Northampton South,Owens,reformuk,FALSE,18.6999,8210,43904,
07/04/2024,Northampton South,Hope,libdems,FALSE,7.2727,3193,43904,
07/04/2024,Northampton South,Sneddon,green,FALSE,5.4619,2398,43904,
07/04/2024,Northampton South,Simpson,tusc,FALSE,0.6742,296,43904,
07/04/2024,Northampton South,Tollitt,Cli,FALSE,0.2232,98,43904,
07/04/2024,North Antrim,Allister,TUV,FALSE,28.2676,11642,41185,
07/04/2024,North Antrim,Paisley,DUP,FALSE,27.1749,11192,41185,
07/04/2024,North Antrim,McGuigan,sinnfein,FALSE,18.7301,7714,41185,
07/04/2024,North Antrim,Mulholland,APNI,FALSE,10.8972,4488,41185,
07/04/2024,North Antrim,Minford,UUP,FALSE,9.4719,3901,41185,
07/04/2024,North Antrim,Maher,SDLP,FALSE,4.033,1661,41185,
07/04/2024,North Antrim,Mhic Niocaill,AONT,FALSE,1.0951,451,41185,
07/04/2024,North Antrim,Morrow,independent,FALSE,0.3302,136,41185,
07/04/2024,North Ayrshire and Arran,Campbell,labour,FALSE,39.8017,16821,42262,
07/04/2024,North Ayrshire and Arran,Gibson,snp,FALSE,31.3994,13270,42262,
07/04/2024,North Ayrshire and Arran,Ferguson,conservative,FALSE,14.0883,5954,42262,
07/04/2024,North Ayrshire and Arran,Mann,reformuk,FALSE,8.0805,3415,42262,
07/04/2024,North Ayrshire and Arran,McKee,green,FALSE,3.1399,1327,42262,
07/04/2024,North Ayrshire and Arran,Cole-Hamilton,libdems,FALSE,2.378,1005,42262,
07/04/2024,North Ayrshire and Arran,Gibson,sdlp,FALSE,0.5632,238,42262,
07/04/2024,North Ayrshire and Arran,McDaid,SL,FALSE,0.549,232,42262,
07/04/2024,North Bedfordshire,Fuller,conservative,FALSE,38.7522,19981,51561,
07/04/2024,North Bedfordshire,Nagaraju,labour,FALSE,28.252,14567,51561,
07/04/2024,North Bedfordshire,Clayton,reformuk,FALSE,16.3554,8433,51561,
07/04/2024,North Bedfordshire,Szaub-Newton,libdems,FALSE,10.7698,5553,51561,
07/04/2024,North Bedfordshire,Fleming,green,FALSE,5.8707,3027,51561,
07/04/2024,North Cornwall,Maguire,libdems,FALSE,47.0173,24094,51245,
07/04/2024,North Cornwall,Mann,conservative,FALSE,27.5871,14137,51245,
07/04/2024,North Cornwall,O'Connor,reformuk,FALSE,16.4777,8444,51245,
07/04/2024,North Cornwall,Harris,labour,FALSE,5.7723,2958,51245,
07/04/2024,North Cornwall,Symonds,green,FALSE,2.6051,1335,51245,
07/04/2024,North Cornwall,Farrell,hpuk,FALSE,0.5405,277,51245,
07/04/2024,North Cotswolds,Clifton-Brown,conservative,FALSE,34.6931,17426,50229,
07/04/2024,North Cotswolds,Hodgkinson,libdems,FALSE,28.0097,14069,50229,
07/04/2024,North Cotswolds,Mainwaring,labour,FALSE,17.1076,8593,50229,
07/04/2024,North Cotswolds,Preece,reformuk,FALSE,12.9447,6502,50229,
07/04/2024,North Cotswolds,Turner,green,FALSE,6.3529,3191,50229,
07/04/2024,North Cotswolds,Blackbeard,independent,FALSE,0.8919,448,50229,
07/04/2024,North Devon,Roome,libdems,FALSE,42.4373,21820,51417,
07/04/2024,North Devon,Saxby,conservative,FALSE,29.321,15076,51417,
07/04/2024,North Devon,James,reformuk,FALSE,15.8255,8137,51417,
07/04/2024,North Devon,Edwards,labour,FALSE,6.2547,3216,51417,
07/04/2024,North Devon,Lay,green,FALSE,4.5666,2348,51417,
07/04/2024,North Devon,Cotten,independent,FALSE,1.5948,820,51417,
07/04/2024,North Dorset,Hoare,conservative,FALSE,36.6484,18208,49683,
07/04/2024,North Dorset,Jackson,libdems,FALSE,33.4501,16619,49683,
07/04/2024,North Dorset,Leaning,reformuk,FALSE,15.8887,7894,49683,
07/04/2024,North Dorset,Coldwell,labour,FALSE,8.7958,4370,49683,
07/04/2024,North Dorset,Huggins,green,FALSE,4.1906,2082,49683,
07/04/2024,North Dorset,Adams,independent,FALSE,0.638,317,49683,
07/04/2024,North Dorset,Taylor,ukip,FALSE,0.2395,119,49683,
07/04/2024,North Dorset,Woodruffe,sdlp,FALSE,0.1489,74,49683,
07/04/2024,North Down,Easton,independent,FALSE,48.3024,20913,43296,
07/04/2024,North Down,Farry,APNI,FALSE,31.4302,13608,43296,
07/04/2024,North Down,Collins,UUP,FALSE,15.5996,6754,43296,
07/04/2024,North Down,McKee,green,FALSE,2.8802,1247,43296,
07/04/2024,North Down,Vaughan,SDLP,FALSE,1.5175,657,43296,
07/04/2024,North Down,Carter,independent,FALSE,0.2702,117,43296,
07/04/2024,North Durham,Akehurst,labour,FALSE,39.846,16562,41565,
07/04/2024,North Durham,Husband,reformuk,FALSE,25.7163,10689,41565,
07/04/2024,North Durham,Carter,conservative,FALSE,15.6189,6492,41565,
07/04/2024,North Durham,Martin,libdems,FALSE,10.1239,4208,41565,
07/04/2024,North Durham,Moon-Schott,green,FALSE,5.6923,2366,41565,
07/04/2024,North Durham,Bradburn,wpb,FALSE,2.2326,928,41565,
07/04/2024,North Durham,Chittenden,sdlp,FALSE,0.7699,320,41565,
07/04/2024,North East Cambridgeshire,Barclay,conservative,FALSE,41.4693,16246,39176,
07/04/2024,North East Cambridgeshire,Thornhill,reformuk,FALSE,23.1187,9057,39176,
07/04/2024,North East Cambridgeshire,Hussain,labour,FALSE,20.4411,8008,39176,
07/04/2024,North East Cambridgeshire,Chalmers,libdems,FALSE,6.9328,2716,39176,
07/04/2024,North East Cambridgeshire,Crawford,green,FALSE,5.1077,2001,39176,
07/04/2024,North East Cambridgeshire,Patrick,independent,FALSE,2.4454,958,39176,
07/04/2024,North East Cambridgeshire,Payne,wpb,FALSE,0.485,190,39176,
07/04/2024,North East Derbyshire,Jones,labour,FALSE,38.353,17591,45866,
07/04/2024,North East Derbyshire,Rowley,conservative,FALSE,34.531,15838,45866,
07/04/2024,North East Derbyshire,Egginton,reformuk,FALSE,17.2219,7899,45866,
07/04/2024,North East Derbyshire,Adlington-Stringer,green,FALSE,4.9514,2271,45866,
07/04/2024,North East Derbyshire,Shipman,libdems,FALSE,4.7072,2159,45866,
07/04/2024,North East Derbyshire,Massumbukolt,FA,FALSE,0.2355,108,45866,
07/04/2024,North East Fife,Chamberlain,libdems,FALSE,54.7276,23384,42728,
07/04/2024,North East Fife,Hoggan-Radu,snp,FALSE,23.1815,9905,42728,
07/04/2024,North East Fife,Gallagher,labour,FALSE,9.4224,4026,42728,
07/04/2024,North East Fife,Wren,reformuk,FALSE,4.9008,2094,42728,
07/04/2024,North East Fife,Bowman,conservative,FALSE,3.8991,1666,42728,
07/04/2024,North East Fife,Ovenstone-Jones,green,FALSE,3.8687,1653,42728,
07/04/2024,North East Hampshire,Brewer,libdems,FALSE,38.1174,21178,55560,
07/04/2024,North East Hampshire,Jayawardena,conservative,FALSE,36.9762,20544,55560,
07/04/2024,North East Hampshire,Morton,reformuk,FALSE,12.0104,6673,55560,
07/04/2024,North East Hampshire,Phillips,labour,FALSE,9.1019,5057,55560,
07/04/2024,North East Hampshire,Miah,green,FALSE,2.5648,1425,55560,
07/04/2024,North East Hampshire,Hope,MRLP,FALSE,0.612,340,55560,
07/04/2024,North East Hampshire,Stone,hi,FALSE,0.4932,274,55560,
07/04/2024,North East Hampshire,Zychowski,LPUK,FALSE,0.1242,69,55560,
07/04/2024,North East Hertfordshire,Hinchliff,labour,FALSE,34.9543,18358,52520,
07/04/2024,North East Hertfordshire,Da Costa,conservative,FALSE,31.2928,16435,52520,
07/04/2024,North East Hertfordshire,Adelantado,reformuk,FALSE,16.112,8462,52520,
07/04/2024,North East Hertfordshire,Brown,libdems,FALSE,10.4018,5463,52520,
07/04/2024,North East Hertfordshire,Burt,green,FALSE,7.2391,3802,52520,
07/04/2024,North East Somerset and Hanham,Norris,labour,FALSE,40.5653,20739,51125,
07/04/2024,North East Somerset and Hanham,Rees-Mogg,conservative,FALSE,30.1614,15420,51125,
07/04/2024,North East Somerset and Hanham,MacDonnell,reformuk,FALSE,14.5213,7424,51125,
07/04/2024,North East Somerset and Hanham,Romero,libdems,FALSE,7.5853,3878,51125,
07/04/2024,North East Somerset and Hanham,Cannon,green,FALSE,6.3022,3222,51125,
07/04/2024,North East Somerset and Hanham,Hales,independent,FALSE,0.4518,231,51125,
07/04/2024,North East Somerset and Hanham,Brunch,MRLP,FALSE,0.4127,211,51125,
07/04/2024,North Herefordshire,Chowns,green,FALSE,43.1595,21736,50362,
07/04/2024,North Herefordshire,Wiggin,conservative,FALSE,31.4563,15842,50362,
07/04/2024,North Herefordshire,Dye,reformuk,FALSE,15.9803,8048,50362,
07/04/2024,North Herefordshire,Browning,labour,FALSE,6.3639,3205,50362,
07/04/2024,North Herefordshire,Hornsey,libdems,FALSE,2.8514,1436,50362,
07/04/2024,North Herefordshire,Guest,sdlp,FALSE,0.1886,95,50362,
07/04/2024,North Norfolk,Aquarone,libdems,FALSE,41.4259,19488,47043,
07/04/2024,North Norfolk,Baker,conservative,FALSE,35.931,16903,47043,
07/04/2024,North Norfolk,Patchett,reformuk,FALSE,13.5366,6368,47043,
07/04/2024,North Norfolk,Cordiner-Achenbach,labour,FALSE,6.1178,2878,47043,
07/04/2024,North Norfolk,Dixon,green,FALSE,2.9888,1406,47043,
07/04/2024,North Northumberland,Smith,labour,FALSE,36.5559,17855,48843,
07/04/2024,North Northumberland,Trevelyan,conservative,FALSE,26.1818,12788,48843,
07/04/2024,North Northumberland,Hales,reformuk,FALSE,15.7402,7688,48843,
07/04/2024,North Northumberland,Younes,libdems,FALSE,10.5829,5169,48843,
07/04/2024,North Northumberland,Hill,independent,FALSE,6.5926,3220,48843,
07/04/2024,North Northumberland,Rosen,green,FALSE,3.5686,1743,48843,
07/04/2024,North Northumberland,Joyce,independent,FALSE,0.5896,288,48843,
07/04/2024,North Northumberland,Martin,sdlp,FALSE,0.1884,92,48843,
07/04/2024,North Shropshire,Morgan,libdems,FALSE,52.8572,26214,49594,
07/04/2024,North Shropshire,Baynes,conservative,FALSE,21.9845,10903,49594,
07/04/2024,North Shropshire,Whittle,reformuk,FALSE,15.4999,7687,49594,
07/04/2024,North Shropshire,Rowley,labour,FALSE,6.902,3423,49594,
07/04/2024,North Shropshire,Emery,green,FALSE,2.4882,1234,49594,
07/04/2024,North Shropshire,Cladingbowl,independent,FALSE,0.2682,133,49594,
07/04/2024,North Somerset,Al-Hassan,labour,FALSE,35.595,19138,53766,
07/04/2024,North Somerset,Fox,conservative,FALSE,34.4065,18499,53766,
07/04/2024,North Somerset,Cartman,libdems,FALSE,13.2444,7121,53766,
07/04/2024,North Somerset,Kokkinoftas,reformuk,FALSE,10.4192,5602,53766,
07/04/2024,North Somerset,Livesey-Lodwick,green,FALSE,6.0875,3273,53766,
07/04/2024,North Somerset,Basu,wpb,FALSE,0.2474,133,53766,
07/04/2024,North Warwickshire and Bedworth,Taylor,labour,FALSE,35.9722,14727,40940,
07/04/2024,North Warwickshire and Bedworth,Tracey,conservative,FALSE,30.6033,12529,40940,
07/04/2024,North Warwickshire and Bedworth,Hopkins,reformuk,FALSE,26.1383,10701,40940,
07/04/2024,North Warwickshire and Bedworth,Wilson,green,FALSE,4.2868,1755,40940,
07/04/2024,North Warwickshire and Bedworth,Burchett,libdems,FALSE,2.9995,1228,40940,
07/04/2024,North West Cambridgeshire,Carling,labour,FALSE,33.2816,14785,44424,
07/04/2024,North West Cambridgeshire,Vara,conservative,FALSE,33.1938,14746,44424,
07/04/2024,North West Cambridgeshire,Sidlow,reformuk,FALSE,19.6763,8741,44424,
07/04/2024,North West Cambridgeshire,Smith,libdems,FALSE,7.1853,3192,44424,
07/04/2024,North West Cambridgeshire,Tong,green,FALSE,6.6631,2960,44424,
07/04/2024,North West Essex,Badenoch,conservative,FALSE,35.5974,19360,54386,
07/04/2024,North West Essex,Waite,labour,FALSE,30.7984,16750,54386,
07/04/2024,North West Essex,StClair-Armstrong,reformuk,FALSE,14.0992,7668,54386,
07/04/2024,North West Essex,Rajesh,libdems,FALSE,11.1334,6055,54386,
07/04/2024,North West Essex,Gildea,green,FALSE,5.233,2846,54386,
07/04/2024,North West Essex,Green,independent,FALSE,1.5666,852,54386,
07/04/2024,North West Essex,Bonino,independent,FALSE,1.2853,699,54386,
07/04/2024,North West Essex,Omilana,independent,FALSE,0.2868,156,54386,
07/04/2024,North West Hampshire,Malthouse,conservative,FALSE,34.9645,17770,50823,
07/04/2024,North West Hampshire,Fitchet,labour,FALSE,28.495,14482,50823,
07/04/2024,North West Hampshire,Meacham,reformuk,FALSE,15.2175,7734,50823,
07/04/2024,North West Hampshire,Gregori,libdems,FALSE,15.005,7626,50823,
07/04/2024,North West Hampshire,West,green,FALSE,5.4011,2745,50823,
07/04/2024,North West Hampshire,Heath,hi,FALSE,0.9169,466,50823,
07/04/2024,North West Leicestershire,Hack,labour,FALSE,34.734,16871,48572,
07/04/2024,North West Leicestershire,Smith,conservative,FALSE,32.6505,15859,48572,
07/04/2024,North West Leicestershire,Matthews,reformuk,FALSE,19.9251,9678,48572,
07/04/2024,North West Leicestershire,Benfield,green,FALSE,5.8285,2831,48572,
07/04/2024,North West Leicestershire,Delemare,libdems,FALSE,3.3538,1629,48572,
07/04/2024,North West Leicestershire,Bridgen,independent,FALSE,3.2282,1568,48572,
07/04/2024,North West Leicestershire,Dillon,independent,FALSE,0.28,136,48572,
07/04/2024,North West Norfolk,Wild,conservative,FALSE,36.1195,16097,44566,
07/04/2024,North West Norfolk,Leaver,labour,FALSE,25.0034,11143,44566,
07/04/2024,North West Norfolk,Walton,reformuk,FALSE,19.5149,8697,44566,
07/04/2024,North West Norfolk,Colwell,libdems,FALSE,14.5672,6492,44566,
07/04/2024,North West Norfolk,de Whalley,green,FALSE,4.7951,2137,44566,
07/04/2024,Norwich North,Macdonald,labour,FALSE,45.4365,20794,45765,
07/04/2024,Norwich North,Salomon,conservative,FALSE,21.7284,9944,45765,
07/04/2024,Norwich North,Taylor,reformuk,FALSE,17.981,8229,45765,
07/04/2024,Norwich North,Price,green,FALSE,9.5532,4372,45765,
07/04/2024,Norwich North,Akinwale,libdems,FALSE,4.5297,2073,45765,
07/04/2024,Norwich North,Grace,independent,FALSE,0.7713,353,45765,
07/04/2024,Norwich South,Lewis,labour,FALSE,47.6416,21484,45095,
07/04/2024,Norwich South,Osborn,green,FALSE,18.2836,8245,45095,
07/04/2024,Norwich South,Thomas,conservative,FALSE,12.875,5806,45095,
07/04/2024,Norwich South,Burton,reformuk,FALSE,11.5911,5227,45095,
07/04/2024,Norwich South,Bennett,libdems,FALSE,7.9321,3577,45095,
07/04/2024,Norwich South,Law,POW,FALSE,1.009,455,45095,
07/04/2024,Norwich South,Davey,independent,FALSE,0.6675,301,45095,
07/04/2024,Nottingham East,Whittome,labour,FALSE,53.5535,19494,36401,
07/04/2024,Nottingham East,Palmer,green,FALSE,11.9008,4332,36401,
07/04/2024,Nottingham East,Lee,conservative,FALSE,10.7827,3925,36401,
07/04/2024,Nottingham East,Stephens,reformuk,FALSE,9.8294,3578,36401,
07/04/2024,Nottingham East,Ghazni,wpb,FALSE,6.7718,2465,36401,
07/04/2024,Nottingham East,Prabharkar,libdems,FALSE,4.7828,1741,36401,
07/04/2024,Nottingham East,Rashid,independent,FALSE,1.3571,494,36401,
07/04/2024,Nottingham East,Khan,independent,FALSE,1.0219,372,36401,
07/04/2024,Nottingham North and Kimberley,Norris,labour,FALSE,47.0763,16480,35007,
07/04/2024,Nottingham North and Kimberley,Kadiri,reformuk,FALSE,20.1474,7053,35007,
07/04/2024,Nottingham North and Kimberley,Henry,conservative,FALSE,19.3876,6787,35007,
07/04/2024,Nottingham North and Kimberley,Harvey,green,FALSE,9.5724,3351,35007,
07/04/2024,Nottingham North and Kimberley,Schmitz,libdems,FALSE,3.8164,1336,35007,
07/04/2024,Nottingham South,Greenwood,labour,FALSE,47.3828,15579,32879,
07/04/2024,Nottingham South,Quraishi,conservative,FALSE,16.0741,5285,32879,
07/04/2024,Nottingham South,Hedge,reformuk,FALSE,15.0126,4936,32879,
07/04/2024,Nottingham South,Sutherland,green,FALSE,8.8902,2923,32879,
07/04/2024,Nottingham South,Morgan-Danvers,libdems,FALSE,6.2624,2059,32879,
07/04/2024,Nottingham South,Ghazni,wpb,FALSE,4.55,1496,32879,
07/04/2024,Nottingham South,Akhtar,independent,FALSE,1.3656,449,32879,
07/04/2024,Nottingham South,Sayeed,independent,FALSE,0.4623,152,32879,
07/04/2024,Nuneaton,Gosling,labour,FALSE,36.9204,15216,41213,
07/04/2024,Nuneaton,Jones,conservative,FALSE,28.4789,11737,41213,
07/04/2024,Nuneaton,Howard,reformuk,FALSE,21.9809,9059,41213,
07/04/2024,Nuneaton,Kondakor,green,FALSE,7.0221,2894,41213,
07/04/2024,Nuneaton,Salaja,libdems,FALSE,3.2514,1340,41213,
07/04/2024,Nuneaton,Homer,wpb,FALSE,2.3463,967,41213,
07/04/2024,Old Bexley and Sidcup,French,conservative,FALSE,37.6,17910,47633,
07/04/2024,Old Bexley and Sidcup,Jones,labour,FALSE,30.1514,14362,47633,
07/04/2024,Old Bexley and Sidcup,Fothergill,reformuk,FALSE,21.8,10384,47633,
07/04/2024,Old Bexley and Sidcup,Davies,green,FALSE,5.4605,2601,47633,
07/04/2024,Old Bexley and Sidcup,Hyyrylainen-Trett,libdems,FALSE,4.0455,1927,47633,
07/04/2024,Old Bexley and Sidcup,Williams,REU,FALSE,0.5269,251,47633,
07/04/2024,Old Bexley and Sidcup,Still,independent,FALSE,0.4157,198,47633,
07/04/2024,Oldham East and Saddleworth,Abrahams,labour,FALSE,35.1703,14091,40065,
07/04/2024,Oldham East and Saddleworth,Barden,reformuk,FALSE,19.3036,7734,40065,
07/04/2024,Oldham East and Saddleworth,Fish,conservative,FALSE,17.0673,6838,40065,
07/04/2024,Oldham East and Saddleworth,Saddique,wpb,FALSE,11.5987,4647,40065,
07/04/2024,Oldham East and Saddleworth,Al-Hamdani,libdems,FALSE,8.4513,3386,40065,
07/04/2024,Oldham East and Saddleworth,Reza Khan,green,FALSE,3.719,1490,40065,
07/04/2024,Oldham East and Saddleworth,Errock,independent,FALSE,3.3995,1362,40065,
07/04/2024,Oldham East and Saddleworth,Buckley,independent,FALSE,1.2904,517,40065,
07/04/2024,Oldham West Chadderton and Royton,McMahon,labour,FALSE,34.3038,13232,38573,
07/04/2024,Oldham West Chadderton and Royton,Iqbal,independent,FALSE,21.4036,8256,38573,
07/04/2024,Oldham West Chadderton and Royton,Silbiger,reformuk,FALSE,17.7534,6848,38573,
07/04/2024,Oldham West Chadderton and Royton,Lovering,conservative,FALSE,10.5411,4066,38573,
07/04/2024,Oldham West Chadderton and Royton,Miah,independent,FALSE,6.4034,2470,38573,
07/04/2024,Oldham West Chadderton and Royton,Syed,green,FALSE,4.8142,1857,38573,
07/04/2024,Oldham West Chadderton and Royton,Kitching,libdems,FALSE,3.2951,1271,38573,
07/04/2024,Oldham West Chadderton and Royton,Wilson,independent,FALSE,1.4855,573,38573,
07/04/2024,Orkney and Shetland,Carmichael,libdems,FALSE,55.0657,11392,20688,
07/04/2024,Orkney and Shetland,Leslie,snp,FALSE,17.3289,3585,20688,
07/04/2024,Orkney and Shetland,Armitage,green,FALSE,9.8898,2046,20688,
07/04/2024,Orkney and Shetland,Smith,reformuk,FALSE,7.6663,1586,20688,
07/04/2024,Orkney and Shetland,Savage,labour,FALSE,7.2167,1493,20688,
07/04/2024,Orkney and Shetland,Painter,conservative,FALSE,2.8326,586,20688,
07/04/2024,Orpington,Bacon,conservative,FALSE,37.9919,17504,46073,
07/04/2024,Orpington,Owens,labour,FALSE,26.8834,12386,46073,
07/04/2024,Orpington,James,reformuk,FALSE,19.3085,8896,46073,
07/04/2024,Orpington,Casey,libdems,FALSE,10.262,4728,46073,
07/04/2024,Orpington,McCauley,green,FALSE,5.0333,2319,46073,
07/04/2024,Orpington,Bright,sdlp,FALSE,0.5209,240,46073,
07/04/2024,Ossett and Denby Dale,Botterill,labour,FALSE,39.277,17232,43873,
07/04/2024,Ossett and Denby Dale,Eastwood,conservative,FALSE,28.9244,12690,43873,
07/04/2024,Ossett and Denby Dale,Senior,reformuk,FALSE,21.0243,9224,43873,
07/04/2024,Ossett and Denby Dale,Doig,green,FALSE,4.8595,2132,43873,
07/04/2024,Ossett and Denby Dale,Wilkinson,libdems,FALSE,4.0686,1785,43873,
07/04/2024,Ossett and Denby Dale,Herdson,Yrks,FALSE,1.8462,810,43873,
07/04/2024,Oxford East,Dodds,labour,FALSE,49.6708,19541,39341,
07/04/2024,Oxford East,Dhall,green,FALSE,12.9026,5076,39341,
07/04/2024,Oxford East,Brown,conservative,FALSE,12.046,4739,39341,
07/04/2024,Oxford East,Jupp,libdems,FALSE,8.7364,3437,39341,
07/04/2024,Oxford East,Henwood,IOA,FALSE,6.0522,2381,39341,
07/04/2024,Oxford East,Ali,independent,FALSE,4.4762,1761,39341,
07/04/2024,Oxford East,Marham,wpb,FALSE,1.5633,615,39341,
07/04/2024,Oxford East,Nala-Hartley,independent,FALSE,1.5251,600,39341,
07/04/2024,Oxford East,Smith,REU,FALSE,1.0803,425,39341,
07/04/2024,Oxford East,Longthorp,POW,FALSE,0.8566,337,39341,
07/04/2024,Oxford East,Adams,sdlp,FALSE,0.5897,232,39341,
07/04/2024,Oxford East,French,WRP,FALSE,0.5007,197,39341,
07/04/2024,Oxford West and Abingdon,Moran,libdems,FALSE,50.9022,23414,45998,
07/04/2024,Oxford West and Abingdon,Raniga,conservative,FALSE,18.5225,8520,45998,
07/04/2024,Oxford West and Abingdon,Webb,labour,FALSE,13.0027,5981,45998,
07/04/2024,Oxford West and Abingdon,Gunn,reformuk,FALSE,9.0526,4164,45998,
07/04/2024,Oxford West and Abingdon,Goodall,green,FALSE,7.0351,3236,45998,
07/04/2024,Oxford West and Abingdon,Byard,sdlp,FALSE,0.5631,259,45998,
07/04/2024,Oxford West and Abingdon,Shelley,CPA,FALSE,0.5565,256,45998,
07/04/2024,Oxford West and Abingdon,Phillips,independent,FALSE,0.3652,168,45998,
07/04/2024,Paisley and Renfrewshire North,Taylor,labour,FALSE,47.1134,19561,41519,
07/04/2024,Paisley and Renfrewshire North,Newlands,snp,FALSE,31.8601,13228,41519,
07/04/2024,Paisley and Renfrewshire North,Scott,reformuk,FALSE,7.7748,3228,41519,
07/04/2024,Paisley and Renfrewshire North,McGonigle,conservative,FALSE,6.4043,2659,41519,
07/04/2024,Paisley and Renfrewshire North,Bell,green,FALSE,3.5381,1469,41519,
07/04/2024,Paisley and Renfrewshire North,Toghill,libdems,FALSE,3.3093,1374,41519,
07/04/2024,Paisley and Renfrewshire South,Baxter,labour,FALSE,47.436,19583,41283,
07/04/2024,Paisley and Renfrewshire South,Cameron,snp,FALSE,31.6256,13056,41283,
07/04/2024,Paisley and Renfrewshire South,McIlroy,reformuk,FALSE,7.1603,2956,41283,
07/04/2024,Paisley and Renfrewshire South,Leishman,conservative,FALSE,5.3751,2219,41283,
07/04/2024,Paisley and Renfrewshire South,Bond,green,FALSE,4.1761,1724,41283,
07/04/2024,Paisley and Renfrewshire South,Clark,libdems,FALSE,3.1853,1315,41283,
07/04/2024,Paisley and Renfrewshire South,Mack,independent,FALSE,0.7679,317,41283,
07/04/2024,Paisley and Renfrewshire South,Turnbull,FA,FALSE,0.2737,113,41283,
07/04/2024,Peckham,Fahnbulleh,labour,FALSE,58.8009,22813,38797,
07/04/2024,Peckham,Sheppard,green,FALSE,19.5505,7585,38797,
07/04/2024,Peckham,Watson,libdems,FALSE,7.0212,2724,38797,
07/04/2024,Peckham,Mascall,conservative,FALSE,5.8664,2276,38797,
07/04/2024,Peckham,Purcell,reformuk,FALSE,4.6138,1790,38797,
07/04/2024,Peckham,Blake,independent,FALSE,1.4305,555,38797,
07/04/2024,Peckham,Kargbo,WRP,FALSE,0.915,355,38797,
07/04/2024,Peckham,Kerr,REU,FALSE,0.7346,285,38797,
07/04/2024,Peckham,Oni,YPUK,FALSE,0.6727,261,38797,
07/04/2024,Peckham,Harvey,independent,FALSE,0.3944,153,38797,
07/04/2024,Pendle and Clitheroe,Hinder,labour,FALSE,34.4976,16129,46754,
07/04/2024,Pendle and Clitheroe,Stephenson,conservative,FALSE,32.5683,15227,46754,
07/04/2024,Pendle and Clitheroe,Fletcher,reformuk,FALSE,17.4766,8171,46754,
07/04/2024,Pendle and Clitheroe,Khan,independent,FALSE,6.6476,3108,46754,
07/04/2024,Pendle and Clitheroe,Fryer,libdems,FALSE,4.3611,2039,46754,
07/04/2024,Pendle and Clitheroe,Kristan,green,FALSE,3.0393,1421,46754,
07/04/2024,Pendle and Clitheroe,Hashmi,wpb,FALSE,0.7187,336,46754,
07/04/2024,Pendle and Clitheroe,Thompson,REU,FALSE,0.4064,190,46754,
07/04/2024,Pendle and Clitheroe,Johnson,independent,FALSE,0.2845,133,46754,
07/04/2024,Penistone and Stocksbridge,Tidball,labour,FALSE,43.6006,19169,43965,
07/04/2024,Penistone and Stocksbridge,Cates,conservative,FALSE,23.7234,10430,43965,
07/04/2024,Penistone and Stocksbridge,Dillingham,reformuk,FALSE,21.508,9456,43965,
07/04/2024,Penistone and Stocksbridge,Reiss,libdems,FALSE,6.5188,2866,43965,
07/04/2024,Penistone and Stocksbridge,Davies,green,FALSE,4.6492,2044,43965,
07/04/2024,Penrith and Solway,Campbell-Savours,labour,FALSE,40.5552,19986,49281,
07/04/2024,Penrith and Solway,Jenkinson,conservative,FALSE,29.8878,14729,49281,
07/04/2024,Penrith and Solway,Moody,reformuk,FALSE,15.4705,7624,49281,
07/04/2024,Penrith and Solway,Aglionby,libdems,FALSE,9.6224,4742,49281,
07/04/2024,Penrith and Solway,Denham-Smith,green,FALSE,3.5105,1730,49281,
07/04/2024,Penrith and Solway,Johnston,independent,FALSE,0.3957,195,49281,
07/04/2024,Penrith and Solway,Long,sdlp,FALSE,0.3166,156,49281,
07/04/2024,Penrith and Solway,Ivinson,independent,FALSE,0.2415,119,49281,
07/04/2024,Perth and Kinross-shire,Wishart,snp,FALSE,37.7978,18928,50077,
07/04/2024,Perth and Kinross-shire,Graham,conservative,FALSE,29.5565,14801,50077,
07/04/2024,Perth and Kinross-shire,Cox,labour,FALSE,18.0083,9018,50077,
07/04/2024,Perth and Kinross-shire,Clark,libdems,FALSE,7.3507,3681,50077,
07/04/2024,Perth and Kinross-shire,McDade,reformuk,FALSE,5.9309,2970,50077,
07/04/2024,Perth and Kinross-shire,Hughes,independent,FALSE,1.3559,679,50077,
07/04/2024,Peterborough,Pakes,labour,FALSE,32.0453,13418,41872,
07/04/2024,Peterborough,Bristow,conservative,FALSE,31.7635,13300,41872,
07/04/2024,Peterborough,Morris,reformuk,FALSE,12.8463,5379,41872,
07/04/2024,Peterborough,Hussain,wpb,FALSE,12.063,5051,41872,
07/04/2024,Peterborough,Day,green,FALSE,6.0709,2542,41872,
07/04/2024,Peterborough,Sandford,libdems,FALSE,4.1699,1746,41872,
07/04/2024,Peterborough,Rogers,CPA,FALSE,0.5374,225,41872,
07/04/2024,Peterborough,Khan,independent,FALSE,0.5039,211,41872,
07/04/2024,Plymouth Moor View,Thomas,labour,FALSE,41.2194,17665,42856,
07/04/2024,Plymouth Moor View,Mercer,conservative,FALSE,28.1431,12061,42856,
07/04/2024,Plymouth Moor View,Hooper,reformuk,FALSE,22.5639,9670,42856,
07/04/2024,Plymouth Moor View,Martin,libdems,FALSE,4.1208,1766,42856,
07/04/2024,Plymouth Moor View,Nelson,green,FALSE,3.9528,1694,42856,
07/04/2024,Plymouth Sutton and Devonport,Pollard,labour,FALSE,49.4002,20795,42095,
07/04/2024,Plymouth Sutton and Devonport,Gold,reformuk,FALSE,17.7384,7467,42095,
07/04/2024,Plymouth Sutton and Devonport,Streeter,conservative,FALSE,16.3274,6873,42095,
07/04/2024,Plymouth Sutton and Devonport,Hayward,green,FALSE,7.5686,3186,42095,
07/04/2024,Plymouth Sutton and Devonport,Greenberry-Pullen,libdems,FALSE,5.7988,2441,42095,
07/04/2024,Plymouth Sutton and Devonport,Singh,independent,FALSE,1.4705,619,42095,
07/04/2024,Plymouth Sutton and Devonport,Haywood,wpb,FALSE,0.7388,311,42095,
07/04/2024,Plymouth Sutton and Devonport,Moore,tusc,FALSE,0.5226,220,42095,
07/04/2024,Plymouth Sutton and Devonport,Hawkins,SL,FALSE,0.4347,183,42095,
07/04/2024,Pontefract Castleford and Knottingley,Cooper,labour,FALSE,47.5262,17089,35957,
07/04/2024,Pontefract Castleford and Knottingley,Thomas,reformuk,FALSE,29.0875,10459,35957,
07/04/2024,Pontefract Castleford and Knottingley,Weldon,conservative,FALSE,15.0346,5406,35957,
07/04/2024,Pontefract Castleford and Knottingley,Watkins,green,FALSE,4.5916,1651,35957,
07/04/2024,Pontefract Castleford and Knottingley,Needle,libdems,FALSE,3.3735,1213,35957,
07/04/2024,Pontefract Castleford and Knottingley,Lake,sdlp,FALSE,0.3866,139,35957,
07/04/2024,Pontypridd,Davies-Jones,labour,FALSE,41.2032,16225,39378,
07/04/2024,Pontypridd,Bayliss,reformuk,FALSE,19.8664,7823,39378,
07/04/2024,Pontypridd,Rees,plaidcymru,FALSE,13.3958,5275,39378,
07/04/2024,Pontypridd,Robson,conservative,FALSE,9.5866,3775,39378,
07/04/2024,Pontypridd,Owen,independent,FALSE,6.5189,2567,39378,
07/04/2024,Pontypridd,Karadog,green,FALSE,4.7361,1865,39378,
07/04/2024,Pontypridd,Mathias,libdems,FALSE,4.0784,1606,39378,
07/04/2024,Pontypridd,Biddulph,independent,FALSE,0.5028,198,39378,
07/04/2024,Pontypridd,Bishop,independent,FALSE,0.1117,44,39378,
07/04/2024,Poole,Duncan-Jordan,labour,FALSE,31.8418,14168,44495,
07/04/2024,Poole,Syms,conservative,FALSE,31.8013,14150,44495,
07/04/2024,Poole,Dragotoniu,reformuk,FALSE,16.6963,7429,44495,
07/04/2024,Poole,Walters,libdems,FALSE,12.3767,5507,44495,
07/04/2024,Poole,Ward,green,FALSE,4.9848,2218,44495,
07/04/2024,Poole,Cronin,independent,FALSE,1.5687,698,44495,
07/04/2024,Poole,Barnes,ukip,FALSE,0.7304,325,44495,
07/04/2024,Poplar and Limehouse,Begum,labour,FALSE,43.0536,18535,43051,
07/04/2024,Poplar and Limehouse,Bienfait,green,FALSE,13.8789,5975,43051,
07/04/2024,Poplar and Limehouse,Downing,conservative,FALSE,11.0056,4738,43051,
07/04/2024,Poplar and Limehouse,Haque,independent,FALSE,10.5782,4554,43051,
07/04/2024,Poplar and Limehouse,Flowers,libdems,FALSE,9.7303,4189,43051,
07/04/2024,Poplar and Limehouse,Glover,reformuk,FALSE,7.9046,3403,43051,
07/04/2024,Poplar and Limehouse,Khan,wpb,FALSE,3.3983,1463,43051,
07/04/2024,Poplar and Limehouse,Lawal,sdlp,FALSE,0.4506,194,43051,
07/04/2024,Portsmouth North,Martin,labour,FALSE,34.8496,14495,41593,
07/04/2024,Portsmouth North,Mordaunt,conservative,FALSE,32.9743,13715,41593,
07/04/2024,Portsmouth North,Todd,reformuk,FALSE,20.4385,8501,41593,
07/04/2024,Portsmouth North,Dodd,libdems,FALSE,7.2873,3031,41593,
07/04/2024,Portsmouth North,Robinson,green,FALSE,4.4503,1851,41593,
07/04/2024,Portsmouth South,Morgan,labour,FALSE,48.4407,18857,38928,
07/04/2024,Portsmouth South,Zimmer,reformuk,FALSE,14.6476,5702,38928,
07/04/2024,Portsmouth South,Biddle,conservative,FALSE,14.496,5643,38928,
07/04/2024,Portsmouth South,Murphy,libdems,FALSE,12.5514,4886,38928,
07/04/2024,Portsmouth South,Lee,green,FALSE,7.9814,3107,38928,
07/04/2024,Portsmouth South,Short,PIP,FALSE,1.883,733,38928,
07/04/2024,Preston,Hendrick,labour,FALSE,35.0211,14006,39993,
07/04/2024,Preston,Lavalette,independent,FALSE,21.7913,8715,39993,
07/04/2024,Preston,Elliot,reformuk,FALSE,14.3475,5738,39993,
07/04/2024,Preston,Hart,conservative,FALSE,13.0323,5212,39993,
07/04/2024,Preston,Darby,libdems,FALSE,7.9889,3195,39993,
07/04/2024,Preston,Metcalf-Riener,green,FALSE,4.3783,1751,39993,
07/04/2024,Preston,Bhailok,independent,FALSE,2.2279,891,39993,
07/04/2024,Preston,O'Meachair,REU,FALSE,0.5401,216,39993,
07/04/2024,Preston,Brooks,ADF,FALSE,0.3626,145,39993,
07/04/2024,Preston,Killeen,ukip,FALSE,0.3101,124,39993,
07/04/2024,Putney,Anderson,labour,FALSE,48.9157,24113,49295,
07/04/2024,Putney,Roberts,conservative,FALSE,23.5825,11625,49295,
07/04/2024,Putney,McCarthy,libdems,FALSE,12.056,5943,49295,
07/04/2024,Putney,McEntee,green,FALSE,7.5484,3721,49295,
07/04/2024,Putney,Hunter,reformuk,FALSE,6.2278,3070,49295,
07/04/2024,Putney,Khoo,wpb,FALSE,0.996,491,49295,
07/04/2024,Putney,Burford-Connole,REU,FALSE,0.6735,332,49295,
07/04/2024,Queens Park and Maida Vale,Gould,labour,FALSE,52.4894,20126,38343,
07/04/2024,Queens Park and Maida Vale,Lichtenstein,green,FALSE,13.5957,5213,38343,
07/04/2024,Queens Park and Maida Vale,Hersi,conservative,FALSE,13.2697,5088,38343,
07/04/2024,Queens Park and Maida Vale,Baxter,libdems,FALSE,8.9117,3417,38343,
07/04/2024,Queens Park and Maida Vale,Carter-Begbie,reformuk,FALSE,5.4925,2106,38343,
07/04/2024,Queens Park and Maida Vale,Menabde,wpb,FALSE,4.6736,1792,38343,
07/04/2024,Queens Park and Maida Vale,Dharamsi,independent,FALSE,1.5674,601,38343,
07/04/2024,Rawmarsh and Conisbrough,Healey,labour,FALSE,48.9972,16612,33904,
07/04/2024,Rawmarsh and Conisbrough,Wood,reformuk,FALSE,28.622,9704,33904,
07/04/2024,Rawmarsh and Conisbrough,Harvey,conservative,FALSE,13.261,4496,33904,
07/04/2024,Rawmarsh and Conisbrough,Hill,green,FALSE,4.9758,1687,33904,
07/04/2024,Rawmarsh and Conisbrough,Horton,libdems,FALSE,3.3536,1137,33904,
07/04/2024,Rawmarsh and Conisbrough,Watson,wpb,FALSE,0.7905,268,33904,
07/04/2024,Rayleigh and Wickford,Francois,conservative,FALSE,37.0086,17756,47978,
07/04/2024,Rayleigh and Wickford,Randall,reformuk,FALSE,25.2928,12135,47978,
07/04/2024,Rayleigh and Wickford,Hedges,labour,FALSE,24.6425,11823,47978,
07/04/2024,Rayleigh and Wickford,Mott,libdems,FALSE,8.4789,4068,47978,
07/04/2024,Rayleigh and Wickford,Taylor,green,FALSE,4.5771,2196,47978,
07/04/2024,Reading Central,Rodda,labour,FALSE,47.6872,21598,45291,
07/04/2024,Reading Central,Singh,conservative,FALSE,19.7854,8961,45291,
07/04/2024,Reading Central,McElroy,green,FALSE,14.1684,6417,45291,
07/04/2024,Reading Central,Wright,libdems,FALSE,8.7501,3963,45291,
07/04/2024,Reading Central,Williams,reformuk,FALSE,8.6198,3904,45291,
07/04/2024,Reading Central,Turberville,independent,FALSE,0.5012,227,45291,
07/04/2024,Reading Central,Gillman,tusc,FALSE,0.488,221,45291,
07/04/2024,Reading West and Mid Berkshire,Bailey,labour,FALSE,34.9574,16273,46551,
07/04/2024,Reading West and Mid Berkshire,Mackinnon,conservative,FALSE,32.0337,14912,46551,
07/04/2024,Reading West and Mid Berkshire,Bosley,reformuk,FALSE,13.4476,6260,46551,
07/04/2024,Reading West and Mid Berkshire,Belcher,libdems,FALSE,10.9622,5103,46551,
07/04/2024,Reading West and Mid Berkshire,Culver,green,FALSE,6.8076,3169,46551,
07/04/2024,Reading West and Mid Berkshire,Abbs,independent,FALSE,1.2073,562,46551,
07/04/2024,Reading West and Mid Berkshire,Peppiatt,independent,FALSE,0.5843,272,46551,
07/04/2024,Redcar,Turley,labour,FALSE,40.993,15663,38209,
07/04/2024,Redcar,Young,conservative,FALSE,32.2961,12340,38209,
07/04/2024,Redcar,Davies,reformuk,FALSE,18.8856,7216,38209,
07/04/2024,Redcar,Jones,libdems,FALSE,4.0357,1542,38209,
07/04/2024,Redcar,Hatton,green,FALSE,3.3474,1279,38209,
07/04/2024,Redcar,Conlin,sdlp,FALSE,0.4423,169,38209,
07/04/2024,Redditch,Bloore,labour,FALSE,34.9499,14810,42375,
07/04/2024,Redditch,Maclean,conservative,FALSE,33.0879,14021,42375,
07/04/2024,Redditch,Allison,reformuk,FALSE,20.0968,8516,42375,
07/04/2024,Redditch,Fieldsend-Roxborough,libdems,FALSE,5.1091,2165,42375,
07/04/2024,Redditch,Thain,green,FALSE,4.951,2098,42375,
07/04/2024,Redditch,Amin,wpb,FALSE,1.8053,765,42375,
07/04/2024,Reigate,Paul,conservative,FALSE,35.4057,18822,53161,
07/04/2024,Reigate,Brady,labour,FALSE,29.4107,15635,53161,
07/04/2024,Reigate,Fox,reformuk,FALSE,13.619,7240,53161,
07/04/2024,Reigate,Johnston,libdems,FALSE,12.7405,6773,53161,
07/04/2024,Reigate,Essex,green,FALSE,8.8241,4691,53161,
07/04/2024,Rhondda and Ogmore,Bryant,labour,FALSE,47.8076,17118,35806,
07/04/2024,Rhondda and Ogmore,James,reformuk,FALSE,26.0515,9328,35806,
07/04/2024,Rhondda and Ogmore,Cutler,plaidcymru,FALSE,14.5171,5198,35806,
07/04/2024,Rhondda and Ogmore,Robinson,conservative,FALSE,5.7253,2050,35806,
07/04/2024,Rhondda and Ogmore,Glossop,green,FALSE,3.2872,1177,35806,
07/04/2024,Rhondda and Ogmore,Francis,libdems,FALSE,2.6113,935,35806,
07/04/2024,Ribble Valley,Ellis,labour,FALSE,34.9403,18177,52023,
07/04/2024,Ribble Valley,Evans,conservative,FALSE,33.2949,17321,52023,
07/04/2024,Ribble Valley,Carroll,reformuk,FALSE,16.3851,8524,52023,
07/04/2024,Ribble Valley,Potter,libdems,FALSE,9.6131,5001,52023,
07/04/2024,Ribble Valley,Montague,green,FALSE,3.3197,1727,52023,
07/04/2024,Ribble Valley,Ajmi,independent,FALSE,2.447,1273,52023,
07/04/2024,Richmond and Northallerton,Sunak,conservative,FALSE,47.5189,23059,48526,
07/04/2024,Richmond and Northallerton,Wilson,labour,FALSE,22.4086,10874,48526,
07/04/2024,Richmond and Northallerton,Taylor,reformuk,FALSE,14.7179,7142,48526,
07/04/2024,Richmond and Northallerton,Callaghan,libdems,FALSE,8.9066,4322,48526,
07/04/2024,Richmond and Northallerton,Foster,green,FALSE,4.241,2058,48526,
07/04/2024,Richmond and Northallerton,Binface,CBP,FALSE,0.6347,308,48526,
07/04/2024,Richmond and Northallerton,Richmond,independent,FALSE,0.4575,222,48526,
07/04/2024,Richmond and Northallerton,Omilana,independent,FALSE,0.3297,160,48526,
07/04/2024,Richmond and Northallerton,Goldhammer,Yrks,FALSE,0.272,132,48526,
07/04/2024,Richmond and Northallerton,Stanton,MRLP,FALSE,0.204,99,48526,
07/04/2024,Richmond and Northallerton,Dickens,wpb,FALSE,0.1855,90,48526,
07/04/2024,Richmond and Northallerton,Campion,independent,FALSE,0.068,33,48526,
07/04/2024,Richmond and Northallerton,Barnett,independent,FALSE,0.0556,27,48526,
07/04/2024,Richmond Park,Olney,libdems,FALSE,54.646105,28528,52205,
07/04/2024,Richmond Park,Gezdari,conservative,FALSE,21.78527,11373,52205,
07/04/2024,Richmond Park,Coryton,labour,FALSE,9.669572,5048,52205,
07/04/2024,Richmond Park,Warlow,green,FALSE,6.5434344,3416,52205,
07/04/2024,Richmond Park,Hearn,reformuk,FALSE,6.2407814,3258,52205,
07/04/2024,Richmond Park,French,MTW9,FALSE,0.6685183,349,52205,
07/04/2024,Richmond Park,Harrison,sdlp,FALSE,0.4463174,233,52205,
07/04/2024,Rochdale,Waugh,labour,FALSE,32.8235,13027,39688,
07/04/2024,Rochdale,Galloway,wpb,FALSE,29.1952,11587,39688,
07/04/2024,Rochdale,Howard,reformuk,FALSE,17.0656,6773,39688,
07/04/2024,Rochdale,Ellison,conservative,FALSE,10.7665,4273,39688,
07/04/2024,Rochdale,Kelly,libdems,FALSE,7.0953,2816,39688,
07/04/2024,Rochdale,Savin,green,FALSE,3.0538,1212,39688,
07/04/2024,Rochester and Strood,Edwards,labour,FALSE,36.159,15403,42598,
07/04/2024,Rochester and Strood,Tolhurst,conservative,FALSE,29.2807,12473,42598,
07/04/2024,Rochester and Strood,Dabin,reformuk,FALSE,23.3955,9966,42598,
07/04/2024,Rochester and Strood,Jamieson,green,FALSE,5.6975,2427,42598,
07/04/2024,Rochester and Strood,Colley,libdems,FALSE,4.4462,1894,42598,
07/04/2024,Rochester and Strood,Innes,wpb,FALSE,0.5751,245,42598,
07/04/2024,Rochester and Strood,Burch,hpuk,FALSE,0.446,190,42598,
07/04/2024,Romford,Rosindell,conservative,FALSE,34.8242,15339,44047,
07/04/2024,Romford,Achilleos,labour,FALSE,31.5027,13876,44047,
07/04/2024,Romford,Hyde,reformuk,FALSE,21.8494,9624,44047,
07/04/2024,Romford,Hughes,green,FALSE,5.0401,2220,44047,
07/04/2024,Romford,Clarke,libdems,FALSE,4.3022,1895,44047,
07/04/2024,Romford,Qayum,wpb,FALSE,2.0387,898,44047,
07/04/2024,Romford,Birch,ECP,FALSE,0.4427,195,44047,
07/04/2024,Romsey and Southampton North,Nokes,conservative,FALSE,39.7645,19893,50027,
07/04/2024,Romsey and Southampton North,Cooper,libdems,FALSE,35.3849,17702,50027,
07/04/2024,Romsey and Southampton North,Barrett,reformuk,FALSE,11.4258,5716,50027,
07/04/2024,Romsey and Southampton North,Lambert,labour,FALSE,9.275,4640,50027,
07/04/2024,Romsey and Southampton North,Shaw,green,FALSE,3.784,1893,50027,
07/04/2024,Romsey and Southampton North,Yap,independent,FALSE,0.3658,183,50027,
07/04/2024,Rossendale and Darwen,MacNae,labour,FALSE,40.8961,18247,44618,
07/04/2024,Rossendale and Darwen,Berry,conservative,FALSE,28.2823,12619,44618,
07/04/2024,Rossendale and Darwen,Matchett,reformuk,FALSE,21.7289,9695,44618,
07/04/2024,Rossendale and Darwen,Bauld,green,FALSE,5.2109,2325,44618,
07/04/2024,Rossendale and Darwen,Fitton,libdems,FALSE,2.7814,1241,44618,
07/04/2024,Rossendale and Darwen,Ali,wpb,FALSE,1.1005,491,44618,
07/04/2024,Rotherham,Champion,labour,FALSE,45.1397,16671,36932,
07/04/2024,Rotherham,Cronly,reformuk,FALSE,30.2746,11181,36932,
07/04/2024,Rotherham,Carter,libdems,FALSE,7.6465,2824,36932,
07/04/2024,Rotherham,Mabbot,green,FALSE,7.1266,2632,36932,
07/04/2024,Rotherham,Iqbal,wpb,FALSE,4.641,1714,36932,
07/04/2024,Rotherham,Atkinson,Yrks,FALSE,3.6906,1363,36932,
07/04/2024,Rotherham,Ahmad,independent,FALSE,1.4811,547,36932,
07/04/2024,Rother Valley,Richards,labour,FALSE,38.5094,16023,41608,
07/04/2024,Rother Valley,Stafford,conservative,FALSE,36.1108,15025,41608,
07/04/2024,Rother Valley,Harrison,reformuk,FALSE,18.4556,7679,41608,
07/04/2024,Rother Valley,Martin,green,FALSE,4.1002,1706,41608,
07/04/2024,Rother Valley,Taylor,libdems,FALSE,2.824,1175,41608,
07/04/2024,Rugby,Slinger,labour,FALSE,39.86,19533,49004,
07/04/2024,Rugby,Dahmash,conservative,FALSE,30.824,15105,49004,
07/04/2024,Rugby,Kedward,reformuk,FALSE,16.7843,8225,49004,
07/04/2024,Rugby,Dickson,libdems,FALSE,6.6362,3252,49004,
07/04/2024,Rugby,Stevenson,green,FALSE,5.2159,2556,49004,
07/04/2024,Rugby,Townsend,independent,FALSE,0.4387,215,49004,
07/04/2024,Rugby,Swayamprakasam,independent,FALSE,0.2408,118,49004,
07/04/2024,Ruislip Northwood and Pinner,Simmonds,conservative,FALSE,45.3717,21366,47091,
07/04/2024,Ruislip Northwood and Pinner,Gill,labour,FALSE,29.2731,13785,47091,
07/04/2024,Ruislip Northwood and Pinner,Price,reformuk,FALSE,9.9191,4671,47091,
07/04/2024,Ruislip Northwood and Pinner,Banks,libdems,FALSE,9.2226,4343,47091,
07/04/2024,Ruislip Northwood and Pinner,Lee,green,FALSE,6.2135,2926,47091,
07/04/2024,Runcorn and Helsby,Amesbury,labour,FALSE,52.9371,22358,42235,
07/04/2024,Runcorn and Helsby,Moorcroft,reformuk,FALSE,18.1414,7662,42235,
07/04/2024,Runcorn and Helsby,Marsden,conservative,FALSE,15.9962,6756,42235,
07/04/2024,Runcorn and Helsby,Copeman,green,FALSE,6.4283,2715,42235,
07/04/2024,Runcorn and Helsby,Rowe,libdems,FALSE,5.0882,2149,42235,
07/04/2024,Runcorn and Helsby,Clarke,Lib,FALSE,1.1341,479,42235,
07/04/2024,Runcorn and Helsby,Murphy,sdlp,FALSE,0.2747,116,42235,
07/04/2024,Runnymede and Weybridge,Spencer,conservative,FALSE,38.2194,18442,48253,
07/04/2024,Runnymede and Weybridge,Nicholson,libdems,FALSE,22.4131,10815,48253,
07/04/2024,Runnymede and Weybridge,King,labour,FALSE,20.6474,9963,48253,
07/04/2024,Runnymede and Weybridge,Mackay,reformuk,FALSE,13.3028,6419,48253,
07/04/2024,Runnymede and Weybridge,Ringham,green,FALSE,4.0495,1954,48253,
07/04/2024,Runnymede and Weybridge,Cressey,independent,FALSE,1.0735,518,48253,
07/04/2024,Runnymede and Weybridge,Wood,ukip,FALSE,0.2943,142,48253,
07/04/2024,Rushcliffe,Naish,labour,FALSE,43.7985,25291,57744,
07/04/2024,Rushcliffe,Edwards,conservative,FALSE,30.9383,17865,57744,
07/04/2024,Rushcliffe,Grice,reformuk,FALSE,11.002,6353,57744,
07/04/2024,Rushcliffe,Mallender,green,FALSE,7.5627,4367,57744,
07/04/2024,Rushcliffe,Webb,libdems,FALSE,5.4257,3133,57744,
07/04/2024,Rushcliffe,Irving,independent,FALSE,0.9507,549,57744,
07/04/2024,Rushcliffe,Sehra,independent,FALSE,0.3221,186,57744,
07/04/2024,Rutherglen,Shanks,labour,FALSE,50.5131,21460,42484,
07/04/2024,Rutherglen,Loudon,snp,FALSE,29.8771,12693,42484,
07/04/2024,Rutherglen,Stark,reformuk,FALSE,6.32,2685,42484,
07/04/2024,Rutherglen,Burns,conservative,FALSE,5.6963,2420,42484,
07/04/2024,Rutherglen,Adebo,libdems,FALSE,4.0345,1714,42484,
07/04/2024,Rutherglen,Bonnar,SSP,FALSE,1.2734,541,42484,
07/04/2024,Rutherglen,Eadie,alba,FALSE,1.1699,497,42484,
07/04/2024,Rutherglen,McArthur,sfp,FALSE,0.7556,321,42484,
07/04/2024,Rutherglen,Daly,independent,FALSE,0.3601,153,42484,
07/04/2024,Rutland and Stamford,Kearns,conservative,FALSE,43.7409,21248,48577,
07/04/2024,Rutland and Stamford,Wood,labour,FALSE,22.3439,10854,48577,
07/04/2024,Rutland and Stamford,Clowes,reformuk,FALSE,14.4266,7008,48577,
07/04/2024,Rutland and Stamford,Moore,libdems,FALSE,12.8703,6252,48577,
07/04/2024,Rutland and Stamford,Baker,green,FALSE,5.7764,2806,48577,
07/04/2024,Rutland and Stamford,Burrows,REU,FALSE,0.842,409,48577,
07/04/2024,Salford,Long-Bailey,labour,FALSE,53.2239,21132,39704,
07/04/2024,Salford,Whalley,reformuk,FALSE,15.1899,6031,39704,
07/04/2024,Salford,Olsen,green,FALSE,13.0667,5188,39704,
07/04/2024,Salford,Scott,conservative,FALSE,9.0243,3583,39704,
07/04/2024,Salford,Austin,libdems,FALSE,6.9313,2752,39704,
07/04/2024,Salford,Abdullah,wpb,FALSE,1.9922,791,39704,
07/04/2024,Salford,Lewthwaite,sdlp,FALSE,0.5717,227,39704,
07/04/2024,Salisbury,Glen,conservative,FALSE,34.102,17110,50173,
07/04/2024,Salisbury,Aldridge,labour,FALSE,26.5143,13303,50173,
07/04/2024,Salisbury,Charleston,libdems,FALSE,23.5685,11825,50173,
07/04/2024,Salisbury,Malins,reformuk,FALSE,10.4339,5235,50173,
07/04/2024,Salisbury,Norris,green,FALSE,4.2154,2115,50173,
07/04/2024,Salisbury,Pendragon,independent,FALSE,0.9128,458,50173,
07/04/2024,Salisbury,Harwood,Cli,FALSE,0.2531,127,50173,
07/04/2024,Scarborough and Whitby,Hume,labour,FALSE,40.1574,17758,44221,
07/04/2024,Scarborough and Whitby,Weeden-Sanz,conservative,FALSE,27.9279,12350,44221,
07/04/2024,Scarborough and Whitby,Bowes,reformuk,FALSE,21.838,9657,44221,
07/04/2024,Scarborough and Whitby,Lockwood,libdems,FALSE,4.2943,1899,44221,
07/04/2024,Scarborough and Whitby,Hudspeth,green,FALSE,3.8873,1719,44221,
07/04/2024,Scarborough and Whitby,Derrick,Yrks,FALSE,1.0787,477,44221,
07/04/2024,Scarborough and Whitby,Jones,SJ,FALSE,0.6445,285,44221,
07/04/2024,Scarborough and Whitby,Foster,sdlp,FALSE,0.1719,76,44221,
07/04/2024,Scunthorpe,Dakin,labour,FALSE,39.6507,15484,39051,
07/04/2024,Scunthorpe,Mumby-Croft,conservative,FALSE,30.5805,11942,39051,
07/04/2024,Scunthorpe,Haley,reformuk,FALSE,20.9034,8163,39051,
07/04/2024,Scunthorpe,Cox,green,FALSE,3.119,1218,39051,
07/04/2024,Scunthorpe,Butt,independent,FALSE,3.078,1202,39051,
07/04/2024,Scunthorpe,Burke,libdems,FALSE,2.4122,942,39051,
07/04/2024,Scunthorpe,Curtis,hpuk,FALSE,0.2561,100,39051,
07/04/2024,Sefton Central,Esterson,labour,FALSE,56.4227,26772,47449,
07/04/2024,Sefton Central,Bleasdale,conservative,FALSE,17.8929,8490,47449,
07/04/2024,Sefton Central,Chindam,reformuk,FALSE,12.1541,5767,47449,
07/04/2024,Sefton Central,Dams,green,FALSE,6.9422,3294,47449,
07/04/2024,Sefton Central,Lloyd-Johnson,libdems,FALSE,5.5428,2630,47449,
07/04/2024,Sefton Central,James,independent,FALSE,1.0453,496,47449,
07/04/2024,Selby,Mather,labour,FALSE,46.2964,22788,49222,
07/04/2024,Selby,Richardson,conservative,FALSE,25.5841,12593,49222,
07/04/2024,Selby,Burns,reformuk,FALSE,19.4324,9565,49222,
07/04/2024,Selby,Oldershaw,green,FALSE,5.0465,2484,49222,
07/04/2024,Selby,Vassey,libdems,FALSE,3.6406,1792,49222,
07/04/2024,Sevenoaks,Trott,conservative,FALSE,36.7302,18328,49899,
07/04/2024,Sevenoaks,Streatfeild,libdems,FALSE,25.8282,12888,49899,
07/04/2024,Sevenoaks,Milmine,reformuk,FALSE,18.7198,9341,49899,
07/04/2024,Sevenoaks,Scott-McDonald,labour,FALSE,13.6315,6802,49899,
07/04/2024,Sevenoaks,Manston,green,FALSE,4.0742,2033,49899,
07/04/2024,Sevenoaks,Jones,REU,FALSE,0.5972,298,49899,
07/04/2024,Sevenoaks,Hibbert,sdlp,FALSE,0.4188,209,49899,
07/04/2024,Sheffield Brightside and Hillsborough,Furniss,labour,FALSE,51.5659,16301,31612,
07/04/2024,Sheffield Brightside and Hillsborough,Kubo,green,FALSE,14.8709,4701,31612,
07/04/2024,Sheffield Brightside and Hillsborough,Jacob,conservative,FALSE,12.8717,4069,31612,
07/04/2024,Sheffield Brightside and Hillsborough,Bowler,independent,FALSE,8.0254,2537,31612,
07/04/2024,Sheffield Brightside and Hillsborough,Sapwell,libdems,FALSE,5.3587,1694,31612,
07/04/2024,Sheffield Brightside and Hillsborough,Tyler,wpb,FALSE,4.5457,1437,31612,
07/04/2024,Sheffield Brightside and Hillsborough,Turner,sdlp,FALSE,2.7616,873,31612,
07/04/2024,Sheffield Central,Mohamed,labour,FALSE,52.0989,16569,31803,
07/04/2024,Sheffield Central,Argenzio,green,FALSE,26.0447,8283,31803,
07/04/2024,Sheffield Central,Stephenson,conservative,FALSE,7.3547,2339,31803,
07/04/2024,Sheffield Central,Christmas,libdems,FALSE,6.8358,2174,31803,
07/04/2024,Sheffield Central,Teal,independent,FALSE,3.267,1039,31803,
07/04/2024,Sheffield Central,Hardy,wpb,FALSE,2.0627,656,31803,
07/04/2024,Sheffield Central,France,tusc,FALSE,1.286,409,31803,
07/04/2024,Sheffield Central,Stoker,sdlp,FALSE,1.0502,334,31803,
07/04/2024,Sheffield Hallam,Blake,labour,FALSE,46.2685,23875,51601,
07/04/2024,Sheffield Hallam,Mohammed,libdems,FALSE,30.3986,15686,51601,
07/04/2024,Sheffield Hallam,Howarth,conservative,FALSE,12.025,6205,51601,
07/04/2024,Sheffield Hallam,Leman,green,FALSE,8.7033,4491,51601,
07/04/2024,Sheffield Hallam,Cowell,sdlp,FALSE,1.2674,654,51601,
07/04/2024,Sheffield Hallam,Chapman,REU,FALSE,0.7926,409,51601,
07/04/2024,Sheffield Hallam,Moui-Tabrizy,wpb,FALSE,0.5446,281,51601,
07/04/2024,Sheffield Heeley,Haigh,labour,FALSE,55.2203,21230,38446,
07/04/2024,Sheffield Heeley,Dimond,green,FALSE,15.4138,5926,38446,
07/04/2024,Sheffield Heeley,Maginnis,conservative,FALSE,13.6347,5242,38446,
07/04/2024,Sheffield Heeley,Atkinson,libdems,FALSE,10.0479,3863,38446,
07/04/2024,Sheffield Heeley,Jackman,sdlp,FALSE,1.8493,711,38446,
07/04/2024,Sheffield Heeley,Roy,wpb,FALSE,1.545,594,38446,
07/04/2024,Sheffield Heeley,McDonald,POW,FALSE,1.2537,482,38446,
07/04/2024,Sheffield Heeley,Suter,tusc,FALSE,1.0352,398,38446,
07/04/2024,Sheffield South East,Betts,labour,FALSE,52.3049,18710,35771,
07/04/2024,Sheffield South East,Kampila,conservative,FALSE,17.4778,6252,35771,
07/04/2024,Sheffield South East,Thornton,libdems,FALSE,9.5636,3421,35771,
07/04/2024,Sheffield South East,Nicklin,green,FALSE,8.8284,3158,35771,
07/04/2024,Sheffield South East,Carrington,independent,FALSE,4.7972,1716,35771,
07/04/2024,Sheffield South East,Rahman,wpb,FALSE,4.0619,1453,35771,
07/04/2024,Sheffield South East,Leese,sdlp,FALSE,2.9661,1061,35771,
07/04/2024,Sherwood Forest,Welsh,labour,FALSE,38.7197,18841,48660,
07/04/2024,Sherwood Forest,Spencer,conservative,FALSE,27.5339,13398,48660,
07/04/2024,Sherwood Forest,O'Hare,reformuk,FALSE,23.2635,11320,48660,
07/04/2024,Sherwood Forest,Greatrex-White,green,FALSE,4.554,2216,48660,
07/04/2024,Sherwood Forest,Dobbie,libdems,FALSE,3.7772,1838,48660,
07/04/2024,Sherwood Forest,Waters,independent,FALSE,1.7756,864,48660,
07/04/2024,Sherwood Forest,Spry,independent,FALSE,0.3761,183,48660,
07/04/2024,Shipley,Dixon,labour,FALSE,45.0034,21738,48303,
07/04/2024,Shipley,Davies,conservative,FALSE,27.1929,13135,48303,
07/04/2024,Shipley,Dandy,reformuk,FALSE,14.9846,7238,48303,
07/04/2024,Shipley,Warnes,green,FALSE,7.4633,3605,48303,
07/04/2024,Shipley,Reed,libdems,FALSE,2.7762,1341,48303,
07/04/2024,Shipley,Grant,Yrks,FALSE,0.9254,447,48303,
07/04/2024,Shipley,Nagbea,independent,FALSE,0.6149,297,48303,
07/04/2024,Shipley,Khan,wpb,FALSE,0.5569,269,48303,
07/04/2024,Shipley,Shkurka,sdlp,FALSE,0.2836,137,48303,
07/04/2024,Shipley,Morton-Wright,CPA,FALSE,0.1987,96,48303,
07/04/2024,Shrewsbury,Buckley,labour,FALSE,44.4763,22932,51560,
07/04/2024,Shrewsbury,Kawczynski,conservative,FALSE,22.4535,11577,51560,
07/04/2024,Shrewsbury,Applegate,reformuk,FALSE,14.5927,7524,51560,
07/04/2024,Shrewsbury,Wagner,libdems,FALSE,13.0372,6722,51560,
07/04/2024,Shrewsbury,Dean,green,FALSE,4.6296,2387,51560,
07/04/2024,Shrewsbury,Bovill,ED,FALSE,0.4674,241,51560,
07/04/2024,Shrewsbury,Gollins,independent,FALSE,0.3433,177,51560,
07/04/2024,Sittingbourne and Sheppey,McKenna,labour,FALSE,29.0721,11919,40998,
07/04/2024,Sittingbourne and Sheppey,Cuthbert,conservative,FALSE,28.2063,11564,40998,
07/04/2024,Sittingbourne and Sheppey,Fotheringham-Bray,reformuk,FALSE,25.6403,10512,40998,
07/04/2024,Sittingbourne and Sheppey,Baldock,Si,FALSE,7.8979,3238,40998,
07/04/2024,Sittingbourne and Sheppey,Banks,green,FALSE,4.127,1692,40998,
07/04/2024,Sittingbourne and Sheppey,Kneller,libdems,FALSE,3.2221,1321,40998,
07/04/2024,Sittingbourne and Sheppey,Brown,independent,FALSE,1.2903,529,40998,
07/04/2024,Sittingbourne and Sheppey,Young,MRLP,FALSE,0.5439,223,40998,
07/04/2024,Skipton and Ripon,Smith,conservative,FALSE,35.2348,18833,53450,
07/04/2024,Skipton and Ripon,Birks,labour,FALSE,32.1478,17183,53450,
07/04/2024,Skipton and Ripon,Garvey,reformuk,FALSE,15.9326,8516,53450,
07/04/2024,Skipton and Ripon,Murday,libdems,FALSE,7.8466,4194,53450,
07/04/2024,Skipton and Ripon,Brown,green,FALSE,6.4471,3446,53450,
07/04/2024,Skipton and Ripon,Kett,Yrks,FALSE,1.1731,627,53450,
07/04/2024,Skipton and Ripon,Tordoff,independent,FALSE,0.9224,493,53450,
07/04/2024,Skipton and Ripon,Phoenix,hpuk,FALSE,0.2956,158,53450,
07/04/2024,Sleaford and North Hykeham,Johnson,conservative,FALSE,35.7212,17348,48565,
07/04/2024,Sleaford and North Hykeham,Khan,labour,FALSE,26.7724,13002,48565,
07/04/2024,Sleaford and North Hykeham,Jackson,reformuk,FALSE,21.5876,10484,48565,
07/04/2024,Sleaford and North Hykeham,Oates,LNIN,FALSE,6.2432,3032,48565,
07/04/2024,Sleaford and North Hykeham,Blake,green,FALSE,5.0139,2435,48565,
07/04/2024,Sleaford and North Hykeham,Winnington,libdems,FALSE,4.6618,2264,48565,
07/04/2024,Slough,Dhesi,labour,FALSE,33.8879,14666,43278,
07/04/2024,Slough,Chohan,INet,FALSE,25.461,11019,43278,
07/04/2024,Slough,Kaur Nanda,conservative,FALSE,17.2305,7457,43278,
07/04/2024,Slough,Jackson,reformuk,FALSE,7.7453,3352,43278,
07/04/2024,Slough,Whyte,libdems,FALSE,4.7599,2060,43278,
07/04/2024,Slough,Edmonds,green,FALSE,4.3278,1873,43278,
07/04/2024,Slough,Shabbir,wpb,FALSE,2.5533,1105,43278,
07/04/2024,Slough,Muvvala,independent,FALSE,2.2991,995,43278,
07/04/2024,Slough,Coad,independent,FALSE,0.9289,402,43278,
07/04/2024,Slough,Singh,independent,FALSE,0.4714,204,43278,
07/04/2024,Slough,Smith,hpuk,FALSE,0.335,145,43278,
07/04/2024,Smethwick,Josan,labour,FALSE,48.008,16858,35115,
07/04/2024,Smethwick,Durnell,reformuk,FALSE,16.1469,5670,35115,
07/04/2024,Smethwick,Fairhurst,conservative,FALSE,12.946,4546,35115,
07/04/2024,Smethwick,MacRorie,green,FALSE,7.8058,2741,35115,
07/04/2024,Smethwick,Rubani,wpb,FALSE,6.9742,2449,35115,
07/04/2024,Smethwick,Anandou,independent,FALSE,3.7648,1322,35115,
07/04/2024,Smethwick,Patrick,libdems,FALSE,2.899,1018,35115,
07/04/2024,Smethwick,Graham,independent,FALSE,0.991,348,35115,
07/04/2024,Smethwick,Bath,tusc,FALSE,0.4642,163,35115,
07/04/2024,Solihull West and Shirley,Shastri-Hurst,conservative,FALSE,34.7377,16284,46877,
07/04/2024,Solihull West and Shirley,Fox,labour,FALSE,24.8821,11664,46877,
07/04/2024,Solihull West and Shirley,Adeyemo,libdems,FALSE,16.8867,7916,46877,
07/04/2024,Solihull West and Shirley,McKenna,reformuk,FALSE,15.2505,7149,46877,
07/04/2024,Solihull West and Shirley,McLoughlin,green,FALSE,6.9757,3270,46877,
07/04/2024,Solihull West and Shirley,Knight,independent,FALSE,1.2671,594,46877,
07/04/2024,Southampton Itchen,Paffey,labour,FALSE,41.4737,15782,38053,
07/04/2024,Southampton Itchen,Yankson,conservative,FALSE,25.4303,9677,38053,
07/04/2024,Southampton Itchen,Culley,reformuk,FALSE,18.0091,6853,38053,
07/04/2024,Southampton Itchen,Kelly,green,FALSE,7.3398,2793,38053,
07/04/2024,Southampton Itchen,Batho,libdems,FALSE,7.0533,2684,38053,
07/04/2024,Southampton Itchen,Clune,tusc,FALSE,0.6938,264,38053,
07/04/2024,Southampton Test,Kaur,labour,FALSE,44.5329,15945,35805,
07/04/2024,Southampton Test,Burcombe-Filer,conservative,FALSE,18.4667,6612,35805,
07/04/2024,Southampton Test,Edwards,reformuk,FALSE,14.6935,5261,35805,
07/04/2024,Southampton Test,Barbour,green,FALSE,10.0377,3594,35805,
07/04/2024,Southampton Test,Gravatt,libdems,FALSE,9.0825,3252,35805,
07/04/2024,Southampton Test,Shaukat,wpb,FALSE,2.1645,775,35805,
07/04/2024,Southampton Test,Fricker,tusc,FALSE,1.0222,366,35805,
07/04/2024,South Antrim,Swann,UUP,FALSE,38.0139,16311,42908,
07/04/2024,South Antrim,Girvan,DUP,FALSE,20.5067,8799,42908,
07/04/2024,South Antrim,Kearney,sinnfein,FALSE,18.7238,8034,42908,
07/04/2024,South Antrim,Blair,APNI,FALSE,10.66,4574,42908,
07/04/2024,South Antrim,Lucas,TUV,FALSE,6.2762,2693,42908,
07/04/2024,South Antrim,Lynch,SDLP,FALSE,3.7033,1589,42908,
07/04/2024,South Antrim,Veronica,green,FALSE,1.2608,541,42908,
07/04/2024,South Antrim,McErlean,AONT,FALSE,0.8553,367,42908,
07/04/2024,South Basildon and East Thurrock,McMurdock,reformuk,FALSE,30.7922,12178,39549,
07/04/2024,South Basildon and East Thurrock,Ferguson,labour,FALSE,30.5444,12080,39549,
07/04/2024,South Basildon and East Thurrock,Metcalfe,conservative,FALSE,25.6871,10159,39549,
07/04/2024,South Basildon and East Thurrock,Speight,independent,FALSE,4.875,1928,39549,
07/04/2024,South Basildon and East Thurrock,Grant,green,FALSE,4.344,1718,39549,
07/04/2024,South Basildon and East Thurrock,Thomas,libdems,FALSE,2.708,1071,39549,
07/04/2024,South Basildon and East Thurrock,Burnett,independent,FALSE,0.6953,275,39549,
07/04/2024,South Basildon and East Thurrock,Breedon,sdlp,FALSE,0.354,140,39549,
07/04/2024,South Cambridgeshire,Heylings,libdems,FALSE,46.8325,25704,54885,
07/04/2024,South Cambridgeshire,Carter-Chapman,conservative,FALSE,27.4447,15063,54885,
07/04/2024,South Cambridgeshire,Viner,labour,FALSE,11.1251,6106,54885,
07/04/2024,South Cambridgeshire,Edwards,reformuk,FALSE,8.9223,4897,54885,
07/04/2024,South Cambridgeshire,Fyfe,green,FALSE,4.8392,2656,54885,
07/04/2024,South Cambridgeshire,Gordon,independent,FALSE,0.8363,459,54885,
07/04/2024,South Cotswolds,Savage,libdems,FALSE,43.9134,22961,52287,
07/04/2024,South Cotswolds,Gray,conservative,FALSE,34.4024,17988,52287,
07/04/2024,South Cotswolds,Latimer,reformuk,FALSE,9.8418,5146,52287,
07/04/2024,South Cotswolds,Billingham,labour,FALSE,7.5392,3942,52287,
07/04/2024,South Cotswolds,Eastoe,green,FALSE,2.9912,1564,52287,
07/04/2024,South Cotswolds,Twells,Lib,FALSE,0.4303,225,52287,
07/04/2024,South Cotswolds,Steel,independent,FALSE,0.35,183,52287,
07/04/2024,South Cotswolds,Broomfield,sdlp,FALSE,0.2984,156,52287,
07/04/2024,South Cotswolds,Humphrys,independent,FALSE,0.2333,122,52287,
07/04/2024,South Derbyshire,Niblett,labour,FALSE,38.7739,17734,45737,
07/04/2024,South Derbyshire,Wheeler,conservative,FALSE,29.6609,13566,45737,
07/04/2024,South Derbyshire,West,reformuk,FALSE,19.6318,8979,45737,
07/04/2024,South Derbyshire,Care,libdems,FALSE,4.6658,2134,45737,
07/04/2024,South Derbyshire,Galieva,green,FALSE,4.2438,1941,45737,
07/04/2024,South Derbyshire,Wheelton,independent,FALSE,2.6237,1200,45737,
07/04/2024,South Derbyshire,Liversuch,SL,FALSE,0.4001,183,45737,
07/04/2024,South Devon,Voaden,libdems,FALSE,45.9962,22540,49004,
07/04/2024,South Devon,Mangnall,conservative,FALSE,31.4525,15413,49004,
07/04/2024,South Devon,Bagley,reformuk,FALSE,12.9847,6363,49004,
07/04/2024,South Devon,Steel,labour,FALSE,6.2566,3066,49004,
07/04/2024,South Devon,Bagnall,green,FALSE,3.0549,1497,49004,
07/04/2024,South Devon,Collings,hpuk,FALSE,0.2551,125,49004,
07/04/2024,South Dorset,Hatton,labour,FALSE,31.933,15659,49037,
07/04/2024,South Dorset,Drax,conservative,FALSE,29.7959,14611,49037,
07/04/2024,South Dorset,Young,reformuk,FALSE,16.6568,8168,49037,
07/04/2024,South Dorset,Bell,libdems,FALSE,16.3489,8017,49037,
07/04/2024,South Dorset,Bennett,green,FALSE,4.3906,2153,49037,
07/04/2024,South Dorset,Wilson,independent,FALSE,0.3915,192,49037,
07/04/2024,South Dorset,Lewis,independent,FALSE,0.3773,185,49037,
07/04/2024,South Dorset,Morrell,independent,FALSE,0.106,52,49037,
07/04/2024,South Down,Hazzard,sinnfein,FALSE,43.5382,19698,45243,
07/04/2024,South Down,McGrath,SDLP,FALSE,23.0268,10418,45243,
07/04/2024,South Down,Forsythe,DUP,FALSE,16.2434,7349,45243,
07/04/2024,South Down,McMurray,APNI,FALSE,7.0442,3187,45243,
07/04/2024,South Down,Wells,TUV,FALSE,4.1841,1893,45243,
07/04/2024,South Down,O'Loan,UUP,FALSE,3.1187,1411,45243,
07/04/2024,South Down,McGlone,AONT,FALSE,1.7616,797,45243,
07/04/2024,South Down,Walsh,green,FALSE,0.9814,444,45243,
07/04/2024,South Down,Westropp,conservative,FALSE,0.1017,46,45243,
07/04/2024,South East Cornwall,Gelderd,labour,FALSE,31.794,15670,49286,
07/04/2024,South East Cornwall,Murray,conservative,FALSE,27.9166,13759,49286,
07/04/2024,South East Cornwall,Wadley,reformuk,FALSE,18.8918,9311,49286,
07/04/2024,South East Cornwall,Martin,libdems,FALSE,16.808,8284,49286,
07/04/2024,South East Cornwall,Corney,green,FALSE,4.0559,1999,49286,
07/04/2024,South East Cornwall,Cowdry,hpuk,FALSE,0.5336,263,49286,
07/04/2024,Southend East and Rochford,Alaba,labour,FALSE,38.8214,15395,39656,
07/04/2024,Southend East and Rochford,Haran,conservative,FALSE,28.6665,11368,39656,
07/04/2024,Southend East and Rochford,Lilley,reformuk,FALSE,18.1914,7214,39656,
07/04/2024,Southend East and Rochford,Cross,green,FALSE,6.8489,2716,39656,
07/04/2024,Southend East and Rochford,Allen,libdems,FALSE,5.7217,2269,39656,
07/04/2024,Southend East and Rochford,Clark,CFLY,FALSE,1.2306,488,39656,
07/04/2024,Southend East and Rochford,Isherwood,hpuk,FALSE,0.5195,206,39656,
07/04/2024,Southend West and Leigh,Burton-Sampson,labour,FALSE,35.6392,16739,46968,
07/04/2024,Southend West and Leigh,Firth,conservative,FALSE,31.4895,14790,46968,
07/04/2024,Southend West and Leigh,Little,reformuk,FALSE,17.6141,8273,46968,
07/04/2024,Southend West and Leigh,Hogrebe,green,FALSE,6.9452,3262,46968,
07/04/2024,Southend West and Leigh,Cummins,libdems,FALSE,6.7578,3174,46968,
07/04/2024,Southend West and Leigh,Miller,CFLY,FALSE,0.5578,262,46968,
07/04/2024,Southend West and Leigh,Darwood,independent,FALSE,0.3662,172,46968,
07/04/2024,Southend West and Leigh,Pilley,PSY,FALSE,0.2108,99,46968,
07/04/2024,Southend West and Leigh,Hurley,hpuk,FALSE,0.2108,99,46968,
07/04/2024,Southend West and Leigh,Francis,independent,FALSE,0.2087,98,46968,
07/04/2024,Southgate and Wood Green,Charalambous,labour,FALSE,51.0981,23337,45671,
07/04/2024,Southgate and Wood Green,Sukumaran,conservative,FALSE,17.5976,8037,45671,
07/04/2024,Southgate and Wood Green,Gunawardena,green,FALSE,12.2769,5607,45671,
07/04/2024,Southgate and Wood Green,Fulbright,libdems,FALSE,8.5941,3925,45671,
07/04/2024,Southgate and Wood Green,O'Sullivan,reformuk,FALSE,6.8906,3147,45671,
07/04/2024,Southgate and Wood Green,Moseley,wpb,FALSE,1.8239,833,45671,
07/04/2024,Southgate and Wood Green,Vidol,tusc,FALSE,1.7188,785,45671,
07/04/2024,South Holland and The Deepings,Hayes,conservative,FALSE,38.0187,17462,45930,
07/04/2024,South Holland and The Deepings,Swainson,reformuk,FALSE,23.0917,10606,45930,
07/04/2024,South Holland and The Deepings,Hilliar,labour,FALSE,19.7823,9086,45930,
07/04/2024,South Holland and The Deepings,Le Sage,independent,FALSE,10.9536,5031,45930,
07/04/2024,South Holland and The Deepings,Braginton,libdems,FALSE,4.2347,1945,45930,
07/04/2024,South Holland and The Deepings,Baker,green,FALSE,3.919,1800,45930,
07/04/2024,South Leicestershire,Costa,conservative,FALSE,35.5614,18264,51359,
07/04/2024,South Leicestershire,Parkinson,labour,FALSE,24.8408,12758,51359,
07/04/2024,South Leicestershire,Piper,reformuk,FALSE,19.9283,10235,51359,
07/04/2024,South Leicestershire,Hartshorn,libdems,FALSE,14.8387,7621,51359,
07/04/2024,South Leicestershire,Jelfs,green,FALSE,4.8307,2481,51359,
07/04/2024,South Norfolk,Goldsborough,labour,FALSE,35.0007,17353,49579,
07/04/2024,South Norfolk,Simister-Thomas,conservative,FALSE,29.3007,14527,49579,
07/04/2024,South Norfolk,Harrison,reformuk,FALSE,15.2948,7583,49579,
07/04/2024,South Norfolk,Brown,libdems,FALSE,11.5896,5746,49579,
07/04/2024,South Norfolk,Rowett,green,FALSE,8.0417,3987,49579,
07/04/2024,South Norfolk,Davila,independent,FALSE,0.5123,254,49579,
07/04/2024,South Norfolk,Maguire,sdlp,FALSE,0.2602,129,49579,
07/04/2024,South Northamptonshire,Bool,conservative,FALSE,35.7394,19191,53697,
07/04/2024,South Northamptonshire,Ashraf,labour,FALSE,28.8731,15504,53697,
07/04/2024,South Northamptonshire,Hogan,reformuk,FALSE,16.6899,8962,53697,
07/04/2024,South Northamptonshire,Tolley,libdems,FALSE,9.291,4989,53697,
07/04/2024,South Northamptonshire,Williamson,green,FALSE,5.6614,3040,53697,
07/04/2024,South Northamptonshire,McCord,independent,FALSE,2.8977,1556,53697,
07/04/2024,South Northamptonshire,Stott,wpb,FALSE,0.4581,246,53697,
07/04/2024,South Northamptonshire,Robert,independent,FALSE,0.3892,209,53697,
07/04/2024,Southport,Hurley,labour,FALSE,38.2876,17252,45059,
07/04/2024,Southport,Moore,conservative,FALSE,25.44,11463,45059,
07/04/2024,Southport,Lynn,reformuk,FALSE,16.4118,7395,45059,
07/04/2024,Southport,Harvey,libdems,FALSE,13.0229,5868,45059,
07/04/2024,Southport,Black,green,FALSE,4.7915,2159,45059,
07/04/2024,Southport,Halsall,independent,FALSE,2.0462,922,45059,
07/04/2024,South Ribble,Foster,labour,FALSE,42.4658,19840,46720,
07/04/2024,South Ribble,Fletcher,conservative,FALSE,28.5509,13339,46720,
07/04/2024,South Ribble,Hunter,reformuk,FALSE,19.253,8995,46720,
07/04/2024,South Ribble,Turner,libdems,FALSE,6.3613,2972,46720,
07/04/2024,South Ribble,Mok,green,FALSE,3.369,1574,46720,
07/04/2024,South Shields,Lewell-Buck,labour,FALSE,41.0656,15122,36824,
07/04/2024,South Shields,Holt,reformuk,FALSE,22.9986,8469,36824,
07/04/2024,South Shields,Francis,green,FALSE,14.754,5433,36824,
07/04/2024,South Shields,Robinson,conservative,FALSE,11.2101,4128,36824,
07/04/2024,South Shields,Khan,independent,FALSE,6.1645,2270,36824,
07/04/2024,South Shields,Aibi,libdems,FALSE,3.8073,1402,36824,
07/04/2024,South Shropshire,Anderson,conservative,FALSE,34.1277,17628,51653,
07/04/2024,South Shropshire,Green,libdems,FALSE,30.9837,16004,51653,
07/04/2024,South Shropshire,Shackerley-Bennett,reformuk,FALSE,17.755,9171,51653,
07/04/2024,South Shropshire,Thomson,labour,FALSE,13.4339,6939,51653,
07/04/2024,South Shropshire,Wendt,green,FALSE,3.6997,1911,51653,
07/04/2024,South Suffolk,Cartlidge,conservative,FALSE,32.9542,16082,48801,
07/04/2024,South Suffolk,Bishton,labour,FALSE,26.7105,13035,48801,
07/04/2024,South Suffolk,England,reformuk,FALSE,18.9586,9252,48801,
07/04/2024,South Suffolk,Bartleet,libdems,FALSE,13.1637,6424,48801,
07/04/2024,South Suffolk,Carter,green,FALSE,8.2129,4008,48801,
07/04/2024,South West Devon,Smith,conservative,FALSE,34.2942,17916,52242,
07/04/2024,South West Devon,Allen,labour,FALSE,30.2515,15804,52242,
07/04/2024,South West Devon,Horner,reformuk,FALSE,17.9185,9361,52242,
07/04/2024,South West Devon,Brazil,libdems,FALSE,10.6256,5551,52242,
07/04/2024,South West Devon,McLay,green,FALSE,5.5989,2925,52242,
07/04/2024,South West Devon,Spencer,independent,FALSE,0.8384,438,52242,
07/04/2024,South West Devon,Davy,tusc,FALSE,0.2699,141,52242,
07/04/2024,South West Devon,Ingram,hpuk,FALSE,0.2029,106,52242,
07/04/2024,South West Hertfordshire,Mohindra,conservative,FALSE,34.107,16458,48254,
07/04/2024,South West Hertfordshire,Symington,libdems,FALSE,24.8725,12002,48254,
07/04/2024,South West Hertfordshire,Sufit,labour,FALSE,19.9714,9637,48254,
07/04/2024,South West Hertfordshire,Steers,reformuk,FALSE,14.0714,6790,48254,
07/04/2024,South West Hertfordshire,Sian,green,FALSE,5.2472,2532,48254,
07/04/2024,South West Hertfordshire,O'Malley,POW,FALSE,0.6113,295,48254,
07/04/2024,South West Hertfordshire,Silkin,REU,FALSE,0.4808,232,48254,
07/04/2024,South West Hertfordshire,McGetrick,sdlp,FALSE,0.3274,158,48254,
07/04/2024,South West Hertfordshire,Pipaliya,UKV,FALSE,0.3109,150,48254,
07/04/2024,South West Norfolk,Jermy,labour,FALSE,26.7216,11847,44335,
07/04/2024,South West Norfolk,Truss,conservative,FALSE,25.3006,11217,44335,
07/04/2024,South West Norfolk,McKenzie,reformuk,FALSE,22.4608,9958,44335,
07/04/2024,South West Norfolk,Bagge,independent,FALSE,14.1694,6282,44335,
07/04/2024,South West Norfolk,Ratcliffe,libdems,FALSE,5.905,2618,44335,
07/04/2024,South West Norfolk,Devulapalli,green,FALSE,4.1457,1838,44335,
07/04/2024,South West Norfolk,Of East Anglia,MRLP,FALSE,0.7624,338,44335,
07/04/2024,South West Norfolk,Conway,hpuk,FALSE,0.3609,160,44335,
07/04/2024,South West Norfolk,Douglas,Comm,FALSE,0.1737,77,44335,
07/04/2024,South West Wiltshire,Murrison,conservative,FALSE,33.8265,15617,46168,
07/04/2024,South West Wiltshire,Akoto,labour,FALSE,26.8021,12374,46168,
07/04/2024,South West Wiltshire,Irvin,reformuk,FALSE,16.9815,7840,46168,
07/04/2024,South West Wiltshire,Palmer,libdems,FALSE,15.606,7205,46168,
07/04/2024,South West Wiltshire,Whitfield,green,FALSE,4.8583,2243,46168,
07/04/2024,South West Wiltshire,Ward,independent,FALSE,0.9704,448,46168,
07/04/2024,South West Wiltshire,Culshaw,independent,FALSE,0.9552,441,46168,
07/04/2024,Spelthorne,Jopp,conservative,FALSE,30.4077,14038,46166,
07/04/2024,Spelthorne,Tighe,labour,FALSE,26.9636,12448,46166,
07/04/2024,Spelthorne,Boparai,libdems,FALSE,18.8667,8710,46166,
07/04/2024,Spelthorne,O'Brien,reformuk,FALSE,17.9439,8284,46166,
07/04/2024,Spelthorne,Singh,green,FALSE,5.2268,2413,46166,
07/04/2024,Spelthorne,Miller,sdlp,FALSE,0.5913,273,46166,
07/04/2024,Spen Valley,Leadbeater,labour,FALSE,39.1544,16076,41058,
07/04/2024,Spen Valley,Wood,reformuk,FALSE,24.083,9888,41058,
07/04/2024,Spen Valley,Evans,conservative,FALSE,24.0124,9859,41058,
07/04/2024,Spen Valley,Price,green,FALSE,5.5629,2284,41058,
07/04/2024,Spen Valley,Bashir,independent,FALSE,3.7167,1526,41058,
07/04/2024,Spen Valley,Brelsford,libdems,FALSE,3.4707,1425,41058,
07/04/2024,Stafford,Ingham,labour,FALSE,40.2769,18531,46009,
07/04/2024,Stafford,Clarke,conservative,FALSE,30.2897,13936,46009,
07/04/2024,Stafford,Riley,reformuk,FALSE,18.7181,8612,46009,
07/04/2024,Stafford,Spencer,green,FALSE,6.2075,2856,46009,
07/04/2024,Stafford,Andras,libdems,FALSE,3.6428,1676,46009,
07/04/2024,Stafford,Anything,MRLP,FALSE,0.6673,307,46009,
07/04/2024,Stafford,Morton,hpuk,FALSE,0.1978,91,46009,
07/04/2024,Staffordshire Moorlands,Bradley,conservative,FALSE,35.3563,15310,43302,
07/04/2024,Staffordshire Moorlands,Watson,labour,FALSE,32.6428,14135,43302,
07/04/2024,Staffordshire Moorlands,Poole,reformuk,FALSE,23.2437,10065,43302,
07/04/2024,Staffordshire Moorlands,Stead,green,FALSE,5.2954,2293,43302,
07/04/2024,Staffordshire Moorlands,Oakes,libdems,FALSE,3.4617,1499,43302,
07/04/2024,St Albans,Cooper,libdems,FALSE,56.6164,29222,51614,
07/04/2024,St Albans,Spencer,conservative,FALSE,18.1889,9388,51614,
07/04/2024,St Albans,Bhatti,labour,FALSE,10.0535,5189,51614,
07/04/2024,St Albans,Dowdle,reformuk,FALSE,8.4008,4336,51614,
07/04/2024,St Albans,Grover,green,FALSE,6.3394,3272,51614,
07/04/2024,St Albans,Morriss,hpuk,FALSE,0.2015,104,51614,
07/04/2024,St Albans,Satterly,sdlp,FALSE,0.1996,103,51614,
07/04/2024,Stalybridge and Hyde,Reynolds,labour,FALSE,43.825,16320,37239,
07/04/2024,Stalybridge and Hyde,Kaya,reformuk,FALSE,20.8948,7781,37239,
07/04/2024,Stalybridge and Hyde,Chadwick,conservative,FALSE,18.4538,6872,37239,
07/04/2024,Stalybridge and Hyde,Hodgetts-Haley,green,FALSE,7.3713,2745,37239,
07/04/2024,Stalybridge and Hyde,Shirin,wpb,FALSE,3.2949,1227,37239,
07/04/2024,Stalybridge and Hyde,Owen,independent,FALSE,3.26,1214,37239,
07/04/2024,Stalybridge and Hyde,Kugan,libdems,FALSE,2.9002,1080,37239,
07/04/2024,St Austell and Newquay,Law,labour,FALSE,34.1479,15958,46732,
07/04/2024,St Austell and Newquay,Double,conservative,FALSE,28.8624,13488,46732,
07/04/2024,St Austell and Newquay,Beal,reformuk,FALSE,19.7124,9212,46732,
07/04/2024,St Austell and Newquay,Kenny,libdems,FALSE,10.282,4805,46732,
07/04/2024,St Austell and Newquay,Pennington,green,FALSE,5.0009,2337,46732,
07/04/2024,St Austell and Newquay,Latham,Lib,FALSE,1.0485,490,46732,
07/04/2024,St Austell and Newquay,Rayner,independent,FALSE,0.9458,442,46732,
07/04/2024,Stevenage,Bonavia,labour,FALSE,41.4328,17698,42715,
07/04/2024,Stevenage,Clarkson,conservative,FALSE,25.9394,11080,42715,
07/04/2024,Stevenage,Hopper,reformuk,FALSE,17.9492,7667,42715,
07/04/2024,Stevenage,Nash,libdems,FALSE,8.1166,3467,42715,
07/04/2024,Stevenage,Dawson,green,FALSE,6.2156,2655,42715,
07/04/2024,Stevenage,Smith,CPA,FALSE,0.3465,148,42715,
07/04/2024,St Helens North,Baines,labour,FALSE,52.5868,21284,40474,
07/04/2024,St Helens North,Webster,reformuk,FALSE,22.5206,9115,40474,
07/04/2024,St Helens North,Rear,conservative,FALSE,11.1355,4507,40474,
07/04/2024,St Helens North,Thomas,green,FALSE,8.6352,3495,40474,
07/04/2024,St Helens North,Moloney,libdems,FALSE,4.4448,1799,40474,
07/04/2024,St Helens North,Greenhalgh,ECP,FALSE,0.677,274,40474,
07/04/2024,St Helens South and Whiston,Rimmer,labour,FALSE,49.741,18919,38035,
07/04/2024,St Helens South and Whiston,Peters,reformuk,FALSE,18.3357,6974,38035,
07/04/2024,St Helens South and Whiston,Tasker,independent,FALSE,11.1581,4244,38035,
07/04/2024,St Helens South and Whiston,Ellison,conservative,FALSE,8.0373,3057,38035,
07/04/2024,St Helens South and Whiston,Price,green,FALSE,6.9462,2642,38035,
07/04/2024,St Helens South and Whiston,Spencer,libdems,FALSE,5.7815,2199,38035,
07/04/2024,Stirling and Strathallan,Kane,labour,FALSE,33.8596,16856,49782,
07/04/2024,Stirling and Strathallan,Smith,snp,FALSE,31.0594,15462,49782,
07/04/2024,Stirling and Strathallan,Benny,conservative,FALSE,19.0209,9469,49782,
07/04/2024,Stirling and Strathallan,McDonald,reformuk,FALSE,6.3175,3145,49782,
07/04/2024,Stirling and Strathallan,Taylor,libdems,FALSE,5.0822,2530,49782,
07/04/2024,Stirling and Strathallan,Adam,green,FALSE,4.6603,2320,49782,
07/04/2024,St Ives,George,libdems,FALSE,52.0372,25033,48106,
07/04/2024,St Ives,Thomas,conservative,FALSE,23.3796,11247,48106,
07/04/2024,St Ives,Mortimer,reformuk,FALSE,13.4952,6492,48106,
07/04/2024,St Ives,Ali,labour,FALSE,5.7955,2788,48106,
07/04/2024,St Ives,Flindall,green,FALSE,3.7355,1797,48106,
07/04/2024,St Ives,Laity,independent,FALSE,0.7483,360,48106,
07/04/2024,St Ives,Nicholson,Lib,FALSE,0.3887,187,48106,
07/04/2024,St Ives,Saunders,ukip,FALSE,0.2307,111,48106,
07/04/2024,St Ives,Harris,CP,FALSE,0.1892,91,48106,
07/04/2024,St Neots and Mid Cambridgeshire,Sollom,libdems,FALSE,36.9067,19517,52882,
07/04/2024,St Neots and Mid Cambridgeshire,Browne,conservative,FALSE,28.1684,14896,52882,
07/04/2024,St Neots and Mid Cambridgeshire,Masters,labour,FALSE,13.082,6918,52882,
07/04/2024,St Neots and Mid Cambridgeshire,Lachlan,reformuk,FALSE,10.7277,5673,52882,
07/04/2024,St Neots and Mid Cambridgeshire,Ferguson,independent,FALSE,5.5614,2941,52882,
07/04/2024,St Neots and Mid Cambridgeshire,Fisher,green,FALSE,5.0357,2663,52882,
07/04/2024,St Neots and Mid Cambridgeshire,White,POW,FALSE,0.5181,274,52882,
07/04/2024,Stockport,Mishra,labour,FALSE,49.8752,21787,43683,
07/04/2024,Stockport,Schofield,reformuk,FALSE,14.9188,6517,43683,
07/04/2024,Stockport,Johnstone,conservative,FALSE,11.3706,4967,43683,
07/04/2024,Stockport,Mellish,green,FALSE,11.1371,4865,43683,
07/04/2024,Stockport,Meikle,libdems,FALSE,8.5251,3724,43683,
07/04/2024,Stockport,Khan,wpb,FALSE,3.7314,1630,43683,
07/04/2024,Stockport,Walker,SFAN,FALSE,0.4418,193,43683,
07/04/2024,Stockton North,McDonald,labour,FALSE,45.7956,17128,37401,
07/04/2024,Stockton North,McDermottroe,reformuk,FALSE,24.5689,9189,37401,
07/04/2024,Stockton North,Innes,conservative,FALSE,21.4647,8028,37401,
07/04/2024,Stockton North,Bradford,green,FALSE,5.1416,1923,37401,
07/04/2024,Stockton North,Barton,libdems,FALSE,3.0293,1133,37401,
07/04/2024,Stockton West,Vickers,conservative,FALSE,41.8849,20372,48638,
07/04/2024,Stockton West,Dancey,labour,FALSE,37.4872,18233,48638,
07/04/2024,Stockton West,Matthews,reformuk,FALSE,14.0487,6833,48638,
07/04/2024,Stockton West,Toms,green,FALSE,3.0367,1477,48638,
07/04/2024,Stockton West,Boddy,libdems,FALSE,2.4734,1203,48638,
07/04/2024,Stockton West,Zaroof,independent,FALSE,0.5407,263,48638,
07/04/2024,Stockton West,Omilana,independent,FALSE,0.2179,106,48638,
07/04/2024,Stockton West,Chhabra,independent,FALSE,0.2179,106,48638,
07/04/2024,Stockton West,Brack,IDD,FALSE,0.0925,45,48638,
07/04/2024,Stoke-on-Trent Central,Snell,labour,FALSE,42.3645,14950,35289,
07/04/2024,Stoke-on-Trent Central,Shenton,reformuk,FALSE,24.203,8541,35289,
07/04/2024,Stoke-on-Trent Central,Kanneganti,conservative,FALSE,17.6287,6221,35289,
07/04/2024,Stoke-on-Trent Central,Kaleem,independent,FALSE,6.4638,2281,35289,
07/04/2024,Stoke-on-Trent Central,Colclough,green,FALSE,4.8259,1703,35289,
07/04/2024,Stoke-on-Trent Central,McCarthy,libdems,FALSE,2.8309,999,35289,
07/04/2024,Stoke-on-Trent Central,Poleshaw,independent,FALSE,0.8926,315,35289,
07/04/2024,Stoke-on-Trent Central,Alirom,independent,FALSE,0.7906,279,35289,
07/04/2024,Stoke-on-Trent North,Williams,labour,FALSE,40.3292,14579,36150,
07/04/2024,Stoke-on-Trent North,Gullis,conservative,FALSE,26.2711,9497,36150,
07/04/2024,Stoke-on-Trent North,Beresford,reformuk,FALSE,24.4094,8824,36150,
07/04/2024,Stoke-on-Trent North,Harris,green,FALSE,3.4191,1236,36150,
07/04/2024,Stoke-on-Trent North,Boyapati,independent,FALSE,3.0512,1103,36150,
07/04/2024,Stoke-on-Trent North,Hurds,libdems,FALSE,2.5201,911,36150,
07/04/2024,Stoke-on-Trent South,Gardner,labour,FALSE,34.7345,14221,40942,
07/04/2024,Stoke-on-Trent South,Brereton,conservative,FALSE,33.2031,13594,40942,
07/04/2024,Stoke-on-Trent South,Baily,reformuk,FALSE,21.6184,8851,40942,
07/04/2024,Stoke-on-Trent South,Sandiford,libdems,FALSE,3.8518,1577,40942,
07/04/2024,Stoke-on-Trent South,Mehmood,independent,FALSE,3.3511,1372,40942,
07/04/2024,Stoke-on-Trent South,Wiseman,green,FALSE,2.9481,1207,40942,
07/04/2024,Stoke-on-Trent South,Parrish,independent,FALSE,0.2931,120,40942,
07/04/2024,Stone Great Wyrley and Penkridge,Williamson,conservative,FALSE,46.4812,19880,42770,
07/04/2024,Stone Great Wyrley and Penkridge,Brown,labour,FALSE,33.7012,14414,42770,
07/04/2024,Stone Great Wyrley and Penkridge,Harper-Wallis,libdems,FALSE,6.902,2952,42770,
07/04/2024,Stone Great Wyrley and Penkridge,MacKay,ukip,FALSE,6.1679,2638,42770,
07/04/2024,Stone Great Wyrley and Penkridge,Braine,green,FALSE,5.228,2236,42770,
07/04/2024,Stone Great Wyrley and Penkridge,Bramham,sdlp,FALSE,1.5198,650,42770,
07/04/2024,Stourbridge,Eccles,labour,FALSE,38.4623,15338,39878,
07/04/2024,Stourbridge,Webb,conservative,FALSE,30.7563,12265,39878,
07/04/2024,Stourbridge,Shaw,reformuk,FALSE,19.7327,7869,39878,
07/04/2024,Stourbridge,Price,green,FALSE,4.3432,1732,39878,
07/04/2024,Stourbridge,Bramall,libdems,FALSE,4.0298,1607,39878,
07/04/2024,Stourbridge,Ramzan,wpb,FALSE,2.6757,1067,39878,
07/04/2024,Strangford,Shannon,DUP,FALSE,39.9882,15559,38909,
07/04/2024,Strangford,Guy,APNI,FALSE,26.801,10428,38909,
07/04/2024,Strangford,Smart,UUP,FALSE,10.1288,3941,38909,
07/04/2024,Strangford,McDowell,TUV,FALSE,8.0778,3143,38909,
07/04/2024,Strangford,Sands,sinnfein,FALSE,7.1783,2793,38909,
07/04/2024,Strangford,Polland,SDLP,FALSE,4.5825,1783,38909,
07/04/2024,Strangford,Braidner,green,FALSE,1.8068,703,38909,
07/04/2024,Strangford,Falls,independent,FALSE,0.6579,256,38909,
07/04/2024,Strangford,Burns,independent,FALSE,0.4035,157,38909,
07/04/2024,Strangford,Hetherington,conservative,FALSE,0.3752,146,38909,
07/04/2024,Stratford and Bow,Kumaran,labour,FALSE,44.0774,19145,43435,
07/04/2024,Stratford and Bow,Hudson-Small,green,FALSE,17.2925,7511,43435,
07/04/2024,Stratford and Bow,Khan,wpb,FALSE,7.5377,3274,43435,
07/04/2024,Stratford and Bow,Blackwell,conservative,FALSE,7.1693,3114,43435,
07/04/2024,Stratford and Bow,Ali,independent,FALSE,5.4795,2380,43435,
07/04/2024,Stratford and Bow,Evans,reformuk,FALSE,4.8187,2093,43435,
07/04/2024,Stratford and Bow,Little,libdems,FALSE,4.4342,1926,43435,
07/04/2024,Stratford and Bow,Faruk,independent,FALSE,4.204,1826,43435,
07/04/2024,Stratford and Bow,Lali,independent,FALSE,4.1234,1791,43435,
07/04/2024,Stratford and Bow,Hedley,independent,FALSE,0.8634,375,43435,
07/04/2024,Stratford-on-Avon,Perteghella,libdems,FALSE,44.2795,23450,52959,
07/04/2024,Stratford-on-Avon,Clarkson,conservative,FALSE,30.8314,16328,52959,
07/04/2024,Stratford-on-Avon,Crocker,reformuk,FALSE,14.6396,7753,52959,
07/04/2024,Stratford-on-Avon,Agboola,labour,FALSE,7.0866,3753,52959,
07/04/2024,Stratford-on-Avon,Rouxel,green,FALSE,2.2602,1197,52959,
07/04/2024,Stratford-on-Avon,Taylor,independent,FALSE,0.5514,292,52959,
07/04/2024,Stratford-on-Avon,O'Neil,NONPOL,FALSE,0.3512,186,52959,
07/04/2024,Streatham and Croydon North,Reed,labour,FALSE,52.1446,23232,44553,
07/04/2024,Streatham and Croydon North,Ainslie,green,FALSE,17.1234,7629,44553,
07/04/2024,Streatham and Croydon North,Boutall,conservative,FALSE,11.9588,5328,44553,
07/04/2024,Streatham and Croydon North,Bonham,libdems,FALSE,11.2922,5031,44553,
07/04/2024,Streatham and Croydon North,Watson,reformuk,FALSE,4.4756,1994,44553,
07/04/2024,Streatham and Croydon North,Sherwani,wpb,FALSE,2.0425,910,44553,
07/04/2024,Streatham and Croydon North,Nzekwue,CPA,FALSE,0.6509,290,44553,
07/04/2024,Streatham and Croydon North,Owen,sdlp,FALSE,0.312,139,44553,
07/04/2024,Stretford and Urmston,Western,labour,FALSE,49.2196,22642,46002,
07/04/2024,Stretford and Urmston,Cornes,conservative,FALSE,14.1124,6492,46002,
07/04/2024,Stretford and Urmston,Faulkner,reformuk,FALSE,11.9234,5485,46002,
07/04/2024,Stretford and Urmston,Chaudry,wpb,FALSE,9.6974,4461,46002,
07/04/2024,Stretford and Urmston,Jerrome,green,FALSE,9.5605,4398,46002,
07/04/2024,Stretford and Urmston,Clayton,libdems,FALSE,4.8172,2216,46002,
07/04/2024,Stretford and Urmston,Newell,REU,FALSE,0.6695,308,46002,
07/04/2024,Stroud,Opher,labour,FALSE,46.3719,25607,55221,
07/04/2024,Stroud,Baillie,conservative,FALSE,25.7493,14219,55221,
07/04/2024,Stroud,Lester,reformuk,FALSE,11.4612,6329,55221,
07/04/2024,Stroud,Kennedy,green,FALSE,10.3747,5729,55221,
07/04/2024,Stroud,James,libdems,FALSE,5.2752,2913,55221,
07/04/2024,Stroud,Whitfield,independent,FALSE,0.4726,261,55221,
07/04/2024,Stroud,Hughes,VUK,FALSE,0.2952,163,55221,
07/04/2024,Suffolk Coastal,Riddell-Carpenter,labour,FALSE,31.692,15672,49451,
07/04/2024,Suffolk Coastal,Coffey,conservative,FALSE,29.5282,14602,49451,
07/04/2024,Suffolk Coastal,Jackson,reformuk,FALSE,15.8743,7850,49451,
07/04/2024,Suffolk Coastal,Ewart,libdems,FALSE,14.0482,6947,49451,
07/04/2024,Suffolk Coastal,Cusack,green,FALSE,8.8573,4380,49451,
07/04/2024,Sunderland Central,Atkinson,labour,FALSE,42.1753,16852,39957,
07/04/2024,Sunderland Central,Enyon,reformuk,FALSE,26.9765,10779,39957,
07/04/2024,Sunderland Central,Peacock,conservative,FALSE,14.3429,5731,39957,
07/04/2024,Sunderland Central,Hodson,libdems,FALSE,9.0147,3602,39957,
07/04/2024,Sunderland Central,Featherstone,green,FALSE,7.4906,2993,39957,
07/04/2024,Surrey Heath,Pinkerton,libdems,FALSE,44.7539,21387,47788,
07/04/2024,Surrey Heath,McGuinness,conservative,FALSE,32.9518,15747,47788,
07/04/2024,Surrey Heath,Goggin,reformuk,FALSE,13.0828,6252,47788,
07/04/2024,Surrey Heath,Hammersley-Rich,labour,FALSE,6.5874,3148,47788,
07/04/2024,Surrey Heath,Campbell,green,FALSE,2.4316,1162,47788,
07/04/2024,Surrey Heath,Wallitt,hpuk,FALSE,0.1925,92,47788,
07/04/2024,Sussex Weald,Ghani,conservative,FALSE,34.0783,16758,49175,
07/04/2024,Sussex Weald,Newson,libdems,FALSE,20.1647,9916,49175,
07/04/2024,Sussex Weald,Morgan,reformuk,FALSE,18.1393,8920,49175,
07/04/2024,Sussex Weald,Patel,labour,FALSE,16.7544,8239,49175,
07/04/2024,Sussex Weald,Henderson,green,FALSE,7.6502,3762,49175,
07/04/2024,Sussex Weald,Bowler,independent,FALSE,1.938,953,49175,
07/04/2024,Sussex Weald,Gander,sdlp,FALSE,0.6487,319,49175,
07/04/2024,Sussex Weald,Stemp,hpuk,FALSE,0.3172,156,49175,
07/04/2024,Sussex Weald,Magness,ukip,FALSE,0.3091,152,49175,
07/04/2024,Sutton and Cheam,Taylor,libdems,FALSE,36.9197,17576,47606,
07/04/2024,Sutton and Cheam,Drummond,conservative,FALSE,28.9354,13775,47606,
07/04/2024,Sutton and Cheam,Reshekaron,labour,FALSE,17.7079,8430,47606,
07/04/2024,Sutton and Cheam,Powell,reformuk,FALSE,12.156,5787,47606,
07/04/2024,Sutton and Cheam,Anam,green,FALSE,3.6151,1721,47606,
07/04/2024,Sutton and Cheam,Action-Man Kingsley,independent,FALSE,0.6659,317,47606,
07/04/2024,Sutton Coldfield,Mitchell,conservative,FALSE,38.2803,18502,48333,
07/04/2024,Sutton Coldfield,Pocock,labour,FALSE,33.0188,15959,48333,
07/04/2024,Sutton Coldfield,Hoath,reformuk,FALSE,16.9925,8213,48333,
07/04/2024,Sutton Coldfield,Sweeney,libdems,FALSE,5.3525,2587,48333,
07/04/2024,Sutton Coldfield,Auton,green,FALSE,5.0049,2419,48333,
07/04/2024,Sutton Coldfield,Burkey,wpb,FALSE,1.351,653,48333,
07/04/2024,Swansea West,Bell,labour,FALSE,41.3972,14761,35657,
07/04/2024,Swansea West,Benham-Crosswell,reformuk,FALSE,17.5169,6246,35657,
07/04/2024,Swansea West,O'Carroll,libdems,FALSE,12.2472,4367,35657,
07/04/2024,Swansea West,Williams,plaidcymru,FALSE,11.5125,4105,35657,
07/04/2024,Swansea West,Sutcliffe,conservative,FALSE,9.9167,3536,35657,
07/04/2024,Swansea West,Jones,green,FALSE,6.4644,2305,35657,
07/04/2024,Swansea West,Bromhall,tusc,FALSE,0.9451,337,35657,
07/04/2024,Swindon North,Stone,labour,FALSE,40.5978,17930,44165,
07/04/2024,Swindon North,Tomlinson,conservative,FALSE,31.3076,13827,44165,
07/04/2024,Swindon North,Willis,reformuk,FALSE,17.1108,7557,44165,
07/04/2024,Swindon North,Bentley,green,FALSE,5.3572,2366,44165,
07/04/2024,Swindon North,Clucas,libdems,FALSE,4.7232,2086,44165,
07/04/2024,Swindon North,Hicks,independent,FALSE,0.5887,260,44165,
07/04/2024,Swindon North,Hunter,tusc,FALSE,0.3147,139,44165,
07/04/2024,Swindon South,Alexander,labour,FALSE,48.3904,21676,44794,
07/04/2024,Swindon South,Buckland,conservative,FALSE,26.9456,12070,44794,
07/04/2024,Swindon South,Kosidowski,reformuk,FALSE,13.8277,6194,44794,
07/04/2024,Swindon South,Hebden,green,FALSE,5.6682,2539,44794,
07/04/2024,Swindon South,McCabe,libdems,FALSE,4.1144,1843,44794,
07/04/2024,Swindon South,Costello,independent,FALSE,1.0537,472,44794,
07/04/2024,Tamworth,Edwards,labour,FALSE,35.0279,15338,43788,
07/04/2024,Tamworth,Hughes,conservative,FALSE,31.8717,13956,43788,
07/04/2024,Tamworth,Cooper,reformuk,FALSE,25.1302,11004,43788,
07/04/2024,Tamworth,Howarth,green,FALSE,3.606,1579,43788,
07/04/2024,Tamworth,Marson,libdems,FALSE,3.3137,1451,43788,
07/04/2024,Tamworth,Bilcliff,ukip,FALSE,0.6623,290,43788,
07/04/2024,Tamworth,Goodfellow,wpb,FALSE,0.3882,170,43788,
07/04/2024,Tatton,McVey,conservative,FALSE,38.4442,19956,51909,
07/04/2024,Tatton,Jude,labour,FALSE,36.2558,18820,51909,
07/04/2024,Tatton,Speakman,reformuk,FALSE,11.4585,5948,51909,
07/04/2024,Tatton,Smith,libdems,FALSE,8.8886,4614,51909,
07/04/2024,Tatton,Hennerley,green,FALSE,4.9529,2571,51909,
07/04/2024,Taunton and Wellington,Amos,libdems,FALSE,48.3775,24331,50294,
07/04/2024,Taunton and Wellington,Pow,conservative,FALSE,24.6391,12392,50294,
07/04/2024,Taunton and Wellington,Hansard,reformuk,FALSE,16.0119,8053,50294,
07/04/2024,Taunton and Wellington,Weston,labour,FALSE,7.0625,3552,50294,
07/04/2024,Taunton and Wellington,Trower,green,FALSE,3.6426,1832,50294,
07/04/2024,Taunton and Wellington,Russell,Comm,FALSE,0.2664,134,50294,
07/04/2024,Telford,Davies,labour,FALSE,44.714,18212,40730,
07/04/2024,Telford,Adams,reformuk,FALSE,24.822,10110,40730,
07/04/2024,Telford,Campbell,conservative,FALSE,21.4289,8728,40730,
07/04/2024,Telford,Adams,green,FALSE,5.205,2120,40730,
07/04/2024,Telford,McKenna,libdems,FALSE,3.8301,1560,40730,
07/04/2024,Tewkesbury,Thomas,libdems,FALSE,42.7079,20730,48539,
07/04/2024,Tewkesbury,Robertson,conservative,FALSE,29.807,14468,48539,
07/04/2024,Tewkesbury,Davis,reformuk,FALSE,12.3612,6000,48539,
07/04/2024,Tewkesbury,Animashaun,labour,FALSE,8.8547,4298,48539,
07/04/2024,Tewkesbury,Cody,green,FALSE,5.919,2873,48539,
07/04/2024,Tewkesbury,Edgar,CPA,FALSE,0.3502,170,48539,
07/04/2024,The Wrekin,Pritchard,conservative,FALSE,32.6269,16320,50020,
07/04/2024,The Wrekin,Yakobi,labour,FALSE,30.8617,15437,50020,
07/04/2024,The Wrekin,Leppington,reformuk,FALSE,19.8321,9920,50020,
07/04/2024,The Wrekin,Lowe,libdems,FALSE,9.5102,4757,50020,
07/04/2024,The Wrekin,McCarthy,green,FALSE,6.0536,3028,50020,
07/04/2024,The Wrekin,Shipley,independent,FALSE,1.1156,558,50020,
07/04/2024,Thirsk and Malton,Hollinrake,conservative,FALSE,39.2473,19544,49797,
07/04/2024,Thirsk and Malton,Banes,labour,FALSE,24.0858,11994,49797,
07/04/2024,Thirsk and Malton,Robinson,reformuk,FALSE,17.9991,8963,49797,
07/04/2024,Thirsk and Malton,Mason,libdems,FALSE,10.8019,5379,49797,
07/04/2024,Thirsk and Malton,McLane,green,FALSE,5.9963,2986,49797,
07/04/2024,Thirsk and Malton,Brownlee,Yrks,FALSE,1.8696,931,49797,
07/04/2024,Thornbury and Yate,Young,libdems,FALSE,39.0035,20815,53367,
07/04/2024,Thornbury and Yate,Hall,conservative,FALSE,33.3558,17801,53367,
07/04/2024,Thornbury and Yate,Banwell,reformuk,FALSE,14.108,7529,53367,
07/04/2024,Thornbury and Yate,Logan,labour,FALSE,9.4759,5057,53367,
07/04/2024,Thornbury and Yate,Jenner-Fust,green,FALSE,4.0568,2165,53367,
07/04/2024,Thurrock,Craft,labour,FALSE,42.7339,16050,37558,
07/04/2024,Thurrock,Preston-Hall,reformuk,FALSE,25.4966,9576,37558,
07/04/2024,Thurrock,Doyle-Price,conservative,FALSE,21.3244,8009,37558,
07/04/2024,Thurrock,McCarthy,green,FALSE,4.3453,1632,37558,
07/04/2024,Thurrock,Bukola,libdems,FALSE,3.0806,1157,37558,
07/04/2024,Thurrock,Khan,wpb,FALSE,1.8398,691,37558,
07/04/2024,Thurrock,Raj,independent,FALSE,1.1795,443,37558,
07/04/2024,Tipton and Wednesbury,Bance,labour,FALSE,36.9074,11755,31850,
07/04/2024,Tipton and Wednesbury,Bailey,conservative,FALSE,26.2794,8370,31850,
07/04/2024,Tipton and Wednesbury,Sabharwal,reformuk,FALSE,25.1774,8019,31850,
07/04/2024,Tipton and Wednesbury,Redding,green,FALSE,4.7378,1509,31850,
07/04/2024,Tipton and Wednesbury,Hussain-Billa,independent,FALSE,2.967,945,31850,
07/04/2024,Tipton and Wednesbury,Husen,independent,FALSE,2.0722,660,31850,
07/04/2024,Tipton and Wednesbury,Rochell,libdems,FALSE,1.8587,592,31850,
07/04/2024,Tiverton and Minehead,Gilmour,libdems,FALSE,38.5884,18326,47491,
07/04/2024,Tiverton and Minehead,Liddell-Grainger,conservative,FALSE,31.2038,14819,47491,
07/04/2024,Tiverton and Minehead,Keen,reformuk,FALSE,16.3968,7787,47491,
07/04/2024,Tiverton and Minehead,Barter,labour,FALSE,9.107,4325,47491,
07/04/2024,Tiverton and Minehead,Buchanan,green,FALSE,4.704,2234,47491,
07/04/2024,Tonbridge,Tugendhat,conservative,FALSE,40.7666,20517,50328,
07/04/2024,Tonbridge,Bailey,labour,FALSE,18.5801,9351,50328,
07/04/2024,Tonbridge,Cope,green,FALSE,15.093,7596,50328,
07/04/2024,Tonbridge,Hansford,reformuk,FALSE,14.9976,7548,50328,
07/04/2024,Tonbridge,Woollcombe,libdems,FALSE,8.4128,4234,50328,
07/04/2024,Tonbridge,Shaw,IAK,FALSE,1.8399,926,50328,
07/04/2024,Tonbridge,Grattidge,sdlp,FALSE,0.31,156,50328,
07/04/2024,Tooting,Allin-Khan,labour,FALSE,55.1707,29209,52943,
07/04/2024,Tooting,Brooks,conservative,FALSE,18.3631,9722,52943,
07/04/2024,Tooting,Humberstone,green,FALSE,10.7134,5672,52943,
07/04/2024,Tooting,Trounson,libdems,FALSE,8.3826,4438,52943,
07/04/2024,Tooting,Price,reformuk,FALSE,4.8089,2546,52943,
07/04/2024,Tooting,Hussain,wpb,FALSE,1.5243,807,52943,
07/04/2024,Tooting,Alduk,REU,FALSE,0.6989,370,52943,
07/04/2024,Tooting,Jamus,independent,FALSE,0.3381,179,52943,
07/04/2024,Torbay,Darling,libdems,FALSE,41.0647,18937,46115,
07/04/2024,Torbay,Foster,conservative,FALSE,29.4655,13588,46115,
07/04/2024,Torbay,Scott,reformuk,FALSE,18.7791,8660,46115,
07/04/2024,Torbay,Wongsosaputro,labour,FALSE,7.104,3276,46115,
07/04/2024,Torbay,West,green,FALSE,3.0793,1420,46115,
07/04/2024,Torbay,Moor,wpb,FALSE,0.5074,234,46115,
07/04/2024,Torfaen,Thomas-Symonds,labour,FALSE,42.5039,15176,35705,
07/04/2024,Torfaen,Williams,reformuk,FALSE,21.9969,7854,35705,
07/04/2024,Torfaen,Edmunds,conservative,FALSE,16.0678,5737,35705,
07/04/2024,Torfaen,Jones,plaidcymru,FALSE,7.2007,2571,35705,
07/04/2024,Torfaen,Davies,green,FALSE,4.7752,1705,35705,
07/04/2024,Torfaen,Roberts,libdems,FALSE,4.6044,1644,35705,
07/04/2024,Torfaen,Dunning,independent,FALSE,2.4674,881,35705,
07/04/2024,Torfaen,Brooke,hpuk,FALSE,0.3837,137,35705,
07/04/2024,Torridge and Tavistock,Cox,conservative,FALSE,31.5801,16049,50820,
07/04/2024,Torridge and Tavistock,Hutty,libdems,FALSE,23.8076,12099,50820,
07/04/2024,Torridge and Tavistock,Saxby,labour,FALSE,21.1826,10765,50820,
07/04/2024,Torridge and Tavistock,Jackson,reformuk,FALSE,18.0087,9152,50820,
07/04/2024,Torridge and Tavistock,Maciejowska,green,FALSE,4.6242,2350,50820,
07/04/2024,Torridge and Tavistock,Rayner,independent,FALSE,0.7969,405,50820,
07/04/2024,Tottenham,Lammy,labour,FALSE,57.4524,23066,40148,
07/04/2024,Tottenham,Craig,green,FALSE,19.0097,7632,40148,
07/04/2024,Tottenham,Lal,independent,FALSE,5.8484,2348,40148,
07/04/2024,Tottenham,Rahman,conservative,FALSE,5.7786,2320,40148,
07/04/2024,Tottenham,Prabu,libdems,FALSE,4.8022,1928,40148,
07/04/2024,Tottenham,Gravett,reformuk,FALSE,3.9902,1602,40148,
07/04/2024,Tottenham,Obaseki,wpb,FALSE,1.6414,659,40148,
07/04/2024,Tottenham,Miles,REU,FALSE,0.7622,306,40148,
07/04/2024,Tottenham,Allao,CPA,FALSE,0.5579,224,40148,
07/04/2024,Tottenham,Holmes,Comm L,FALSE,0.1569,63,40148,
07/04/2024,Truro and Falmouth,Kirkham,labour,FALSE,41.3477,20783,50264,
07/04/2024,Truro and Falmouth,Mackrory,conservative,FALSE,25.1313,12632,50264,
07/04/2024,Truro and Falmouth,Gripper,libdems,FALSE,13.0352,6552,50264,
07/04/2024,Truro and Falmouth,Rubidge,reformuk,FALSE,12.2613,6163,50264,
07/04/2024,Truro and Falmouth,La Borde,green,FALSE,6.9035,3470,50264,
07/04/2024,Truro and Falmouth,Lawrence,independent,FALSE,0.9908,498,50264,
07/04/2024,Truro and Falmouth,White,Lib,FALSE,0.3303,166,50264,
07/04/2024,Tunbridge Wells,Martin,libdems,FALSE,43.6147,23661,54250,
07/04/2024,Tunbridge Wells,Mahapatra,conservative,FALSE,27.6018,14974,54250,
07/04/2024,Tunbridge Wells,Gager,reformuk,FALSE,11.9521,6484,54250,
07/04/2024,Tunbridge Wells,Pound,labour,FALSE,11.388,6178,54250,
07/04/2024,Tunbridge Wells,Hurst,green,FALSE,4.3207,2344,54250,
07/04/2024,Tunbridge Wells,Kassem,independent,FALSE,1.1226,609,54250,
07/04/2024,Twickenham,Wilson,libdems,FALSE,56.2785,30185,53635,
07/04/2024,Twickenham,Hulley,conservative,FALSE,16.273,8728,53635,
07/04/2024,Twickenham,Bruce,labour,FALSE,12.4788,6693,53635,
07/04/2024,Twickenham,Starling,reformuk,FALSE,7.6293,4092,53635,
07/04/2024,Twickenham,Kerr-Sheppard,green,FALSE,6.6934,3590,53635,
07/04/2024,Twickenham,Malik,wpb,FALSE,0.647,347,53635,
07/04/2024,Tynemouth,Campbell,labour,FALSE,50.5824,24491,48418,
07/04/2024,Tynemouth,Bartoli,conservative,FALSE,18.6625,9036,48418,
07/04/2024,Tynemouth,Elliott,reformuk,FALSE,15.267,7392,48418,
07/04/2024,Tynemouth,Reilly,green,FALSE,7.4187,3592,48418,
07/04/2024,Tynemouth,Appleby,libdems,FALSE,5.595,2709,48418,
07/04/2024,Tynemouth,Rahman,independent,FALSE,1.0967,531,48418,
07/04/2024,Tynemouth,Oliver Dougall,POW,FALSE,0.5907,286,48418,
07/04/2024,Tynemouth,Greener,independent,FALSE,0.5638,273,48418,
07/04/2024,Tynemouth,Thewlis,hpuk,FALSE,0.2231,108,48418,
07/04/2024,Upper Bann,Lockhart,DUP,FALSE,45.6987,21642,47358,
07/04/2024,Upper Bann,Nelson,sinnfein,FALSE,30.0604,14236,47358,
07/04/2024,Upper Bann,Tennyson,APNI,FALSE,13.3494,6322,47358,
07/04/2024,Upper Bann,Evans,UUP,FALSE,7.7326,3662,47358,
07/04/2024,Upper Bann,Quinn,SDLP,FALSE,3.1589,1496,47358,
07/04/2024,Uxbridge and South Ruislip,Beales,labour,FALSE,36.1524,16599,45914,
07/04/2024,Uxbridge and South Ruislip,Tuckwell,conservative,FALSE,34.8739,16012,45914,
07/04/2024,Uxbridge and South Ruislip,Wheeler,reformuk,FALSE,14.3965,6610,45914,
07/04/2024,Uxbridge and South Ruislip,Green,green,FALSE,9.4829,4354,45914,
07/04/2024,Uxbridge and South Ruislip,Rex-Hawkes,libdems,FALSE,3.8158,1752,45914,
07/04/2024,Uxbridge and South Ruislip,Harbord,tusc,FALSE,0.4857,223,45914,
07/04/2024,Uxbridge and South Ruislip,Gardner,sdlp,FALSE,0.4356,200,45914,
07/04/2024,Uxbridge and South Ruislip,Courtenay,ukip,FALSE,0.3572,164,45914,
07/04/2024,Vale of Glamorgan,Narayan,labour,FALSE,38.7116,17740,45826,
07/04/2024,Vale of Glamorgan,Cairns,conservative,FALSE,29.5116,13524,45826,
07/04/2024,Vale of Glamorgan,Rhodes-Matthews,reformuk,FALSE,15.2163,6973,45826,
07/04/2024,Vale of Glamorgan,Johnson,plaidcymru,FALSE,7.0811,3245,45826,
07/04/2024,Vale of Glamorgan,Mack,green,FALSE,4.1047,1881,45826,
07/04/2024,Vale of Glamorgan,Rajam,libdems,FALSE,3.5177,1612,45826,
07/04/2024,Vale of Glamorgan,Field,AWA,FALSE,1.4599,669,45826,
07/04/2024,Vale of Glamorgan,Sluman,independent,FALSE,0.3972,182,45826,
07/04/2024,Vauxhall and Camberwell Green,Eshalomi,labour,FALSE,57.3529,21528,37536,
07/04/2024,Vauxhall and Camberwell Green,Dawkins,green,FALSE,17.0929,6416,37536,
07/04/2024,Vauxhall and Camberwell Green,French,libdems,FALSE,12.119,4549,37536,
07/04/2024,Vauxhall and Camberwell Green,Joshi,conservative,FALSE,7.4835,2809,37536,
07/04/2024,Vauxhall and Camberwell Green,King,reformuk,FALSE,5.4161,2033,37536,
07/04/2024,Vauxhall and Camberwell Green,McRobbie,sdlp,FALSE,0.5355,201,37536,
07/04/2024,Wakefield and Rothwell,Lightwood,labour,FALSE,43.7156,17773,40656,
07/04/2024,Wakefield and Rothwell,Dews,reformuk,FALSE,20.7276,8427,40656,
07/04/2024,Wakefield and Rothwell,Cravan,conservative,FALSE,18.0096,7322,40656,
07/04/2024,Wakefield and Rothwell,Golton,libdems,FALSE,7.9914,3249,40656,
07/04/2024,Wakefield and Rothwell,Routh,green,FALSE,5.8761,2389,40656,
07/04/2024,Wakefield and Rothwell,Mason,wpb,FALSE,1.7341,705,40656,
07/04/2024,Wakefield and Rothwell,Hawksley,Yrks,FALSE,1.4906,606,40656,
07/04/2024,Wakefield and Rothwell,Sanders,sdlp,FALSE,0.455,185,40656,
07/04/2024,Wallasey,Eagle,labour,FALSE,57.7224,24674,42746,
07/04/2024,Wallasey,Burgess-Joyce,reformuk,FALSE,15.6225,6678,42746,
07/04/2024,Wallasey,Lammas,conservative,FALSE,11.6666,4987,42746,
07/04/2024,Wallasey,Turner,green,FALSE,9.1354,3905,42746,
07/04/2024,Wallasey,Downie,libdems,FALSE,4.3115,1843,42746,
07/04/2024,Wallasey,Bimpson,wpb,FALSE,1.0808,462,42746,
07/04/2024,Wallasey,Pugh,FA,FALSE,0.4609,197,42746,
07/04/2024,Walsall and Bloxwich,Vaz,labour,FALSE,33.6479,12514,37191,
07/04/2024,Walsall and Bloxwich,Nawaz,independent,FALSE,20.4351,7600,37191,
07/04/2024,Walsall and Bloxwich,Williams,reformuk,FALSE,19.6096,7293,37191,
07/04/2024,Walsall and Bloxwich,Lloyd,conservative,FALSE,17.9586,6679,37191,
07/04/2024,Walsall and Bloxwich,Hussain,green,FALSE,6.152,2288,37191,
07/04/2024,Walsall and Bloxwich,Stillman,libdems,FALSE,2.1968,817,37191,
07/04/2024,Walthamstow,Creasy,labour,FALSE,59.499,27172,45668,
07/04/2024,Walthamstow,Rowlands,green,FALSE,20.0928,9176,45668,
07/04/2024,Walthamstow,Karnani,conservative,FALSE,5.1524,2353,45668,
07/04/2024,Walthamstow,Lonergan,reformuk,FALSE,4.0203,1836,45668,
07/04/2024,Walthamstow,Taylor,libdems,FALSE,3.8013,1736,45668,
07/04/2024,Walthamstow,Arshad,wpb,FALSE,3.3612,1535,45668,
07/04/2024,Walthamstow,Ashfaq,independent,FALSE,2.0014,914,45668,
07/04/2024,Walthamstow,Taaffe,tusc,FALSE,1.2284,561,45668,
07/04/2024,Walthamstow,Edelstyn,independent,FALSE,0.6306,288,45668,
07/04/2024,Walthamstow,Rawlins,independent,FALSE,0.2124,97,45668,
07/04/2024,Warrington North,Nichols,labour,FALSE,46.7771,18730,40041,
07/04/2024,Warrington North,Nicholls,reformuk,FALSE,23.8256,9540,40041,
07/04/2024,Warrington North,Al-Atroshi,conservative,FALSE,16.1984,6486,40041,
07/04/2024,Warrington North,Crowther,libdems,FALSE,6.8355,2737,40041,
07/04/2024,Warrington North,Spencer,green,FALSE,4.7177,1889,40041,
07/04/2024,Warrington North,Wheeldon,independent,FALSE,1.6458,659,40041,
07/04/2024,Warrington South,Hall,labour,FALSE,46.7084,23201,49672,
07/04/2024,Warrington South,Carter,conservative,FALSE,23.8786,11861,49672,
07/04/2024,Warrington South,Balfe,reformuk,FALSE,15.9305,7913,49672,
07/04/2024,Warrington South,Gowland,libdems,FALSE,7.7086,3829,49672,
07/04/2024,Warrington South,Davies,green,FALSE,4.6565,2313,49672,
07/04/2024,Warrington South,Willett,independent,FALSE,0.8959,445,49672,
07/04/2024,Warrington South,Kelly,sdlp,FALSE,0.2215,110,49672,
07/04/2024,Warwick and Leamington,Western,labour,FALSE,48.7317,23975,49198,
07/04/2024,Warwick and Leamington,Uffindell,conservative,FALSE,23.503,11563,49198,
07/04/2024,Warwick and Leamington,Clarke,reformuk,FALSE,10.476,5154,49198,
07/04/2024,Warwick and Leamington,Yellapragada,green,FALSE,9.0878,4471,49198,
07/04/2024,Warwick and Leamington,Adam,libdems,FALSE,7.8885,3881,49198,
07/04/2024,Warwick and Leamington,Steele,ukip,FALSE,0.313,154,49198,
07/04/2024,Washington and Gateshead South,Hodgson,labour,FALSE,47.7621,17682,37021,
07/04/2024,Washington and Gateshead South,Donaghy,reformuk,FALSE,29.0889,10769,37021,
07/04/2024,Washington and Gateshead South,Parsons,conservative,FALSE,12.5712,4654,37021,
07/04/2024,Washington and Gateshead South,Chantkowski,green,FALSE,4.5569,1687,37021,
07/04/2024,Washington and Gateshead South,Morrissey,libdems,FALSE,4.3273,1602,37021,
07/04/2024,Washington and Gateshead South,McLafferty,independent,FALSE,1.6936,627,37021,
07/04/2024,Watford,Turmaine,labour,FALSE,35.3346,15708,44455,
07/04/2024,Watford,Russell,conservative,FALSE,24.7104,10985,44455,
07/04/2024,Watford,Stotesbury,libdems,FALSE,17.0442,7577,44455,
07/04/2024,Watford,Ling,reformuk,FALSE,11.0899,4930,44455,
07/04/2024,Watford,Chohan,wpb,FALSE,5.9813,2659,44455,
07/04/2024,Watford,Bowen-la Grange,green,FALSE,5.4617,2428,44455,
07/04/2024,Watford,Knott,hpuk,FALSE,0.3779,168,44455,
07/04/2024,Waveney Valley,Ramsay,green,FALSE,41.7081,20467,49072,
07/04/2024,Waveney Valley,Rout,conservative,FALSE,30.3085,14873,49072,
07/04/2024,Waveney Valley,Huggins,reformuk,FALSE,15.8522,7779,49072,
07/04/2024,Waveney Valley,Padda,labour,FALSE,9.4168,4621,49072,
07/04/2024,Waveney Valley,Shreeve,libdems,FALSE,2.4739,1214,49072,
07/04/2024,Waveney Valley,Severyn,sdlp,FALSE,0.2405,118,49072,
07/04/2024,Weald of Kent,Lam,conservative,FALSE,39.8367,20202,50712,
07/04/2024,Weald of Kent,Rolles,labour,FALSE,23.2292,11780,50712,
07/04/2024,Weald of Kent,Kersten,reformuk,FALSE,20.1294,10208,50712,
07/04/2024,Weald of Kent,Walder,green,FALSE,8.9663,4547,50712,
07/04/2024,Weald of Kent,Howson,libdems,FALSE,7.8384,3975,50712,
07/04/2024,Wellingborough and Rushden,Kitchen,labour,FALSE,40.3183,17734,43985,
07/04/2024,Wellingborough and Rushden,Goss,conservative,FALSE,27.8459,12248,43985,
07/04/2024,Wellingborough and Rushden,Habib,reformuk,FALSE,21.4982,9456,43985,
07/04/2024,Wellingborough and Rushden,Mannion,green,FALSE,6.1476,2704,43985,
07/04/2024,Wellingborough and Rushden,Townsend,libdems,FALSE,3.5694,1570,43985,
07/04/2024,Wellingborough and Rushden,Brittin,sdlp,FALSE,0.6207,273,43985,
07/04/2024,Wells and Mendip Hills,Munt,libdems,FALSE,46.8988,23622,50368,
07/04/2024,Wells and Mendip Hills,Powell-Chandler,conservative,FALSE,24.8193,12501,50368,
07/04/2024,Wells and Mendip Hills,Hims,reformuk,FALSE,13.1254,6611,50368,
07/04/2024,Wells and Mendip Hills,Joseph,labour,FALSE,7.0025,3527,50368,
07/04/2024,Wells and Mendip Hills,Welsh,green,FALSE,4.1058,2068,50368,
07/04/2024,Wells and Mendip Hills,McGuire,independent,FALSE,3.671,1849,50368,
07/04/2024,Wells and Mendip Hills,Clarke,independent,FALSE,0.3772,190,50368,
07/04/2024,Welwyn Hatfield,Lewin,labour,FALSE,41.0216,19877,48455,
07/04/2024,Welwyn Hatfield,Shapps,conservative,FALSE,33.1813,16078,48455,
07/04/2024,Welwyn Hatfield,Aaron,reformuk,FALSE,13.2019,6397,48455,
07/04/2024,Welwyn Hatfield,Munro,libdems,FALSE,6.4328,3117,48455,
07/04/2024,Welwyn Hatfield,Butcher,green,FALSE,6.1624,2986,48455,
07/04/2024,West Aberdeenshire and Kincardine,Bowie,conservative,FALSE,35.5979,17428,48958,
07/04/2024,West Aberdeenshire and Kincardine,Reynolds,snp,FALSE,28.5694,13987,48958,
07/04/2024,West Aberdeenshire and Kincardine,Blake,labour,FALSE,13.0663,6397,48958,
07/04/2024,West Aberdeenshire and Kincardine,Turvey,libdems,FALSE,12.954,6342,48958,
07/04/2024,West Aberdeenshire and Kincardine,Innes,reformuk,FALSE,7.1429,3497,48958,
07/04/2024,West Aberdeenshire and Kincardine,Linegar,green,FALSE,2.1079,1032,48958,
07/04/2024,West Aberdeenshire and Kincardine,Leask,independent,FALSE,0.4473,219,48958,
07/04/2024,West Aberdeenshire and Kincardine,Neill,independent,FALSE,0.1144,56,48958,
07/04/2024,West Bromwich,Coombes,labour,FALSE,46.2487,16872,36481,
07/04/2024,West Bromwich,Goodhand,conservative,FALSE,20.0598,7318,36481,
07/04/2024,West Bromwich,Nock,reformuk,FALSE,19.4649,7101,36481,
07/04/2024,West Bromwich,Joshi,green,FALSE,5.581,2036,36481,
07/04/2024,West Bromwich,Yasin,independent,FALSE,4.6791,1707,36481,
07/04/2024,West Bromwich,Gill,libdems,FALSE,3.6019,1314,36481,
07/04/2024,West Bromwich,Harding,ukip,FALSE,0.3646,133,36481,
07/04/2024,West Dorset,Morello,libdems,FALSE,51.324,26999,52605,
07/04/2024,West Dorset,Loder,conservative,FALSE,36.5174,19210,52605,
07/04/2024,West Dorset,Lumsden,labour,FALSE,5.8664,3086,52605,
07/04/2024,West Dorset,Clayton,green,FALSE,4.3494,2288,52605,
07/04/2024,West Dorset,Chisholm,independent,FALSE,1.3934,733,52605,
07/04/2024,West Dorset,White,independent,FALSE,0.5494,289,52605,
07/04/2024,West Dunbartonshire,McAllister,labour,FALSE,48.7874,19312,39584,
07/04/2024,West Dunbartonshire,Docherty-Hughes,snp,FALSE,33.6045,13302,39584,
07/04/2024,West Dunbartonshire,Smith,reformuk,FALSE,6.9978,2770,39584,
07/04/2024,West Dunbartonshire,Baker,green,FALSE,3.7793,1496,39584,
07/04/2024,West Dunbartonshire,Corry,conservative,FALSE,3.7237,1474,39584,
07/04/2024,West Dunbartonshire,Kennedy,libdems,FALSE,2.1195,839,39584,
07/04/2024,West Dunbartonshire,Muir,sfp,FALSE,0.8034,318,39584,
07/04/2024,West Dunbartonshire,Wilson,Svr,FALSE,0.1844,73,39584,
07/04/2024,West Ham and Beckton,Asser,labour,FALSE,45.2129,16434,36348,
07/04/2024,West Ham and Beckton,Naqvi,NIP,FALSE,19.7535,7180,36348,
07/04/2024,West Ham and Beckton,Callender,green,FALSE,10.7214,3897,36348,
07/04/2024,West Ham and Beckton,Ramsey,conservative,FALSE,10.4022,3781,36348,
07/04/2024,West Ham and Beckton,David,reformuk,FALSE,7.7033,2800,36348,
07/04/2024,West Ham and Beckton,Bigland,libdems,FALSE,4.4184,1606,36348,
07/04/2024,West Ham and Beckton,Shedowo,CPA,FALSE,1.2655,460,36348,
07/04/2024,West Ham and Beckton,Austin,tusc,FALSE,0.5227,190,36348,
07/04/2024,West Lancashire,Dalton,labour,FALSE,50.4638,22305,44200,
07/04/2024,West Lancashire,Prendergast,conservative,FALSE,19.638,8680,44200,
07/04/2024,West Lancashire,Evans,reformuk,FALSE,17.8937,7909,44200,
07/04/2024,West Lancashire,Houltram,green,FALSE,7.3824,3263,44200,
07/04/2024,West Lancashire,Smith,libdems,FALSE,4.6222,2043,44200,
07/04/2024,Westmorland and Lonsdale,Farron,libdems,FALSE,62.7077,31061,49533,
07/04/2024,Westmorland and Lonsdale,Jackman,conservative,FALSE,19.3588,9589,49533,
07/04/2024,Westmorland and Lonsdale,Townley,reformuk,FALSE,9.7753,4842,49533,
07/04/2024,Westmorland and Lonsdale,Smith,labour,FALSE,4.6555,2306,49533,
07/04/2024,Westmorland and Lonsdale,Clayton,green,FALSE,3,1486,49533,
07/04/2024,Westmorland and Lonsdale,Studholme,independent,FALSE,0.2241,111,49533,
07/04/2024,Westmorland and Lonsdale,Solabarrieta,hpuk,FALSE,0.1635,81,49533,
07/04/2024,Westmorland and Lonsdale,Long,sdlp,FALSE,0.1151,57,49533,
07/04/2024,Weston-super-Mare,Aldridge,labour,FALSE,38.4761,16310,42390,
07/04/2024,Weston-super-Mare,Penrose,conservative,FALSE,28.075,11901,42390,
07/04/2024,Weston-super-Mare,Pearse,reformuk,FALSE,18.2472,7735,42390,
07/04/2024,Weston-super-Mare,Keating,libdems,FALSE,8.8606,3756,42390,
07/04/2024,Weston-super-Mare,Daw,green,FALSE,6.3411,2688,42390,
07/04/2024,West Suffolk,Timothy,conservative,FALSE,34.2584,15814,46161,
07/04/2024,West Suffolk,Denness,labour,FALSE,27.2243,12567,46161,
07/04/2024,West Suffolk,Bull,reformuk,FALSE,20.8466,9623,46161,
07/04/2024,West Suffolk,Batchelor,libdems,FALSE,9.2806,4284,46161,
07/04/2024,West Suffolk,Ereira,green,FALSE,6.304,2910,46161,
07/04/2024,West Suffolk,Parker,independent,FALSE,1.0507,485,46161,
07/04/2024,West Suffolk,O'Brien,independent,FALSE,0.7474,345,46161,
07/04/2024,West Suffolk,Kinsman,sdlp,FALSE,0.2881,133,46161,
07/04/2024,West Tyrone,Begley,sinnfein,FALSE,51.9762,22711,43695,
07/04/2024,West Tyrone,Buchanan,DUP,FALSE,15.5487,6794,43695,
07/04/2024,West Tyrone,McCrossan,SDLP,FALSE,13.3219,5821,43695,
07/04/2024,West Tyrone,Bell,UUP,FALSE,6.1403,2683,43695,
07/04/2024,West Tyrone,Patterson,TUV,FALSE,5.7901,2530,43695,
07/04/2024,West Tyrone,Donnelly,APNI,FALSE,5.234,2287,43695,
07/04/2024,West Tyrone,Houston,AONT,FALSE,1.7805,778,43695,
07/04/2024,West Tyrone,Lynch,conservative,FALSE,0.2083,91,43695,
07/04/2024,West Worcestershire,Baldwin,conservative,FALSE,36.175,19783,54687,
07/04/2024,West Worcestershire,Boatright-Greene,libdems,FALSE,24.2032,13236,54687,
07/04/2024,West Worcestershire,Haroon,labour,FALSE,15.2413,8335,54687,
07/04/2024,West Worcestershire,Edmondson,reformuk,FALSE,14.4495,7902,54687,
07/04/2024,West Worcestershire,McVey,green,FALSE,9.2673,5068,54687,
07/04/2024,West Worcestershire,Barber,POW,FALSE,0.6638,363,54687,
07/04/2024,Wetherby and Easingwold,Shelbrooke,conservative,FALSE,39.4133,20597,52259,
07/04/2024,Wetherby and Easingwold,Pickles,labour,FALSE,30.1403,15751,52259,
07/04/2024,Wetherby and Easingwold,Jordan,reformuk,FALSE,13.9459,7288,52259,
07/04/2024,Wetherby and Easingwold,Warneken,green,FALSE,8.6664,4529,52259,
07/04/2024,Wetherby and Easingwold,Monaghan,libdems,FALSE,6.4123,3351,52259,
07/04/2024,Wetherby and Easingwold,Hall,Yrks,FALSE,1.4218,743,52259,
07/04/2024,Whitehaven and Workington,MacAlister,labour,FALSE,52.9947,22173,41840,
07/04/2024,Whitehaven and Workington,Surtees,reformuk,FALSE,21.2404,8887,41840,
07/04/2024,Whitehaven and Workington,Johnson,conservative,FALSE,20.2079,8455,41840,
07/04/2024,Whitehaven and Workington,Perry,green,FALSE,2.8848,1207,41840,
07/04/2024,Whitehaven and Workington,Wills,libdems,FALSE,2.6721,1118,41840,
07/04/2024,Widnes and Halewood,Twigg,labour,FALSE,61.6119,23484,38116,
07/04/2024,Widnes and Halewood,Fraser,reformuk,FALSE,18.5198,7059,38116,
07/04/2024,Widnes and Halewood,Houlston,conservative,FALSE,9.2009,3507,38116,
07/04/2024,Widnes and Halewood,Mills,green,FALSE,5.3993,2058,38116,
07/04/2024,Widnes and Halewood,Coveney,libdems,FALSE,4.1793,1593,38116,
07/04/2024,Widnes and Halewood,Murphy,wpb,FALSE,1.0888,415,38116,
07/04/2024,Wigan,Nandy,labour,FALSE,47.4364,19401,40899,
07/04/2024,Wigan,Dawber,reformuk,FALSE,24.0886,9852,40899,
07/04/2024,Wigan,Mitson,conservative,FALSE,10.5382,4310,40899,
07/04/2024,Wigan,O'Bern,independent,FALSE,8.6115,3522,40899,
07/04/2024,Wigan,Crombie-Fisher,libdems,FALSE,4.137,1692,40899,
07/04/2024,Wigan,Leicester,green,FALSE,3.983,1629,40899,
07/04/2024,Wigan,Cunliffe,independent,FALSE,0.9927,406,40899,
07/04/2024,Wigan,Zok,independent,FALSE,0.2127,87,40899,
07/04/2024,Wimbledon,Kohler,libdems,FALSE,45.085,24790,54985,
07/04/2024,Wimbledon,Dunfield-Prayero,conservative,FALSE,22.1515,12180,54985,
07/04/2024,Wimbledon,Stringer,labour,FALSE,21.3385,11733,54985,
07/04/2024,Wimbledon,Cronin,reformuk,FALSE,5.858,3221,54985,
07/04/2024,Wimbledon,Brooks,green,FALSE,4.4412,2442,54985,
07/04/2024,Wimbledon,Mafi,wpb,FALSE,0.6202,341,54985,
07/04/2024,Wimbledon,Barber,independent,FALSE,0.2346,129,54985,
07/04/2024,Wimbledon,Lynch,independent,FALSE,0.1455,80,54985,
07/04/2024,Wimbledon,Watson,hpuk,FALSE,0.1255,69,54985,
07/04/2024,Winchester,Chambers,libdems,FALSE,52.4546,29939,57076,
07/04/2024,Winchester,Drummond,conservative,FALSE,28.2395,16118,57076,
07/04/2024,Winchester,Whelan,reformuk,FALSE,8.4046,4797,57076,
07/04/2024,Winchester,Dawson,labour,FALSE,5.2964,3023,57076,
07/04/2024,Winchester,Estelle,green,FALSE,4.8006,2740,57076,
07/04/2024,Winchester,Davis,sdlp,FALSE,0.2558,146,57076,
07/04/2024,Winchester,Barfoot,independent,FALSE,0.2488,142,57076,
07/04/2024,Winchester,D'Cruze,independent,FALSE,0.2225,127,57076,
07/04/2024,Winchester,Liming,hi,FALSE,0.0771,44,57076,
07/04/2024,Windsor,Rankin,conservative,FALSE,36.4297,16483,45246,
07/04/2024,Windsor,Mann,labour,FALSE,22.1589,10026,45246,
07/04/2024,Windsor,Tisi,libdems,FALSE,21.0825,9539,45246,
07/04/2024,Windsor,Grewal,reformuk,FALSE,10.2993,4660,45246,
07/04/2024,Windsor,Boyle,green,FALSE,5.0568,2288,45246,
07/04/2024,Windsor,Buckley,independent,FALSE,3.6003,1629,45246,
07/04/2024,Windsor,Dhillon,wpb,FALSE,1.3725,621,45246,
07/04/2024,Wirral West,Patrick,labour,FALSE,46.3574,23156,49951,
07/04/2024,Wirral West,Johnson,conservative,FALSE,26.3418,13158,49951,
07/04/2024,Wirral West,Ferguson,reformuk,FALSE,12.8566,6422,49951,
07/04/2024,Wirral West,Jenkinson,green,FALSE,8.3282,4160,49951,
07/04/2024,Wirral West,Reisdorf,libdems,FALSE,6.116,3055,49951,
07/04/2024,Witham,Patel,conservative,FALSE,37.2053,18827,50603,
07/04/2024,Witham,Chowdhury,labour,FALSE,27.0379,13682,50603,
07/04/2024,Witham,Blaxill,reformuk,FALSE,19.5048,9870,50603,
07/04/2024,Witham,Abbott,green,FALSE,6.9937,3539,50603,
07/04/2024,Witham,Thompson,libdems,FALSE,6.796,3439,50603,
07/04/2024,Witham,Jay,independent,FALSE,2.4623,1246,50603,
07/04/2024,Witney,Maynard,libdems,FALSE,41.183,20832,50584,
07/04/2024,Witney,Courts,conservative,FALSE,32.6052,16493,50584,
07/04/2024,Witney,Langridge,reformuk,FALSE,12.4684,6307,50584,
07/04/2024,Witney,Weiss,labour,FALSE,9.4358,4773,50584,
07/04/2024,Witney,Prosser,green,FALSE,3.2836,1661,50584,
07/04/2024,Witney,Ingleton,independent,FALSE,0.6919,350,50584,
07/04/2024,Witney,Cox,hpuk,FALSE,0.3321,168,50584,
07/04/2024,Woking,Forster,libdems,FALSE,49.8889,24019,48145,
07/04/2024,Woking,Lord,conservative,FALSE,26.5303,12773,48145,
07/04/2024,Woking,Barker,reformuk,FALSE,10.1527,4888,48145,
07/04/2024,Woking,Erheriene,labour,FALSE,9.2304,4444,48145,
07/04/2024,Woking,Anderson,green,FALSE,3.8488,1853,48145,
07/04/2024,Woking,Read,hpuk,FALSE,0.3489,168,48145,
07/04/2024,Wokingham,Jones,libdems,FALSE,47.6731,25743,53999,
07/04/2024,Wokingham,Demery,conservative,FALSE,32.2191,17398,53999,
07/04/2024,Wokingham,Wright,reformuk,FALSE,9.7668,5274,53999,
07/04/2024,Wokingham,Hamidi,labour,FALSE,6.7242,3631,53999,
07/04/2024,Wokingham,Boniface,green,FALSE,3.6167,1953,53999,
07/04/2024,Wolverhampton North East,Brackenridge,labour,FALSE,42.9031,14282,33289,
07/04/2024,Wolverhampton North East,Stevenson,conservative,FALSE,26.6154,8860,33289,
07/04/2024,Wolverhampton North East,Williams,reformuk,FALSE,23.1938,7721,33289,
07/04/2024,Wolverhampton North East,Tano-Yeboah,green,FALSE,4.2777,1424,33289,
07/04/2024,Wolverhampton North East,Thornton,libdems,FALSE,3.01,1002,33289,
07/04/2024,Wolverhampton South East,McFadden,labour,FALSE,50.3265,16800,33382,
07/04/2024,Wolverhampton South East,Hardwick,reformuk,FALSE,22.8027,7612,33382,
07/04/2024,Wolverhampton South East,Wilson,conservative,FALSE,16.9373,5654,33382,
07/04/2024,Wolverhampton South East,Darke,green,FALSE,4.9218,1643,33382,
07/04/2024,Wolverhampton South East,Warraich,wpb,FALSE,2.741,915,33382,
07/04/2024,Wolverhampton South East,Ricketts,libdems,FALSE,2.2707,758,33382,
07/04/2024,Wolverhampton West,Juss,labour,FALSE,44.2793,19331,43657,
07/04/2024,Wolverhampton West,Newton,conservative,FALSE,26.257,11463,43657,
07/04/2024,Wolverhampton West,Brookes,reformuk,FALSE,13.9222,6078,43657,
07/04/2024,Wolverhampton West,Cantrill,green,FALSE,5.841,2550,43657,
07/04/2024,Wolverhampton West,Hibbert,INet,FALSE,3.1954,1395,43657,
07/04/2024,Wolverhampton West,Howells,libdems,FALSE,3.1518,1376,43657,
07/04/2024,Wolverhampton West,Shah,independent,FALSE,2.034,888,43657,
07/04/2024,Wolverhampton West,Chopra,wpb,FALSE,1.3194,576,43657,
07/04/2024,Worcester,Collins,labour,FALSE,40.451,18622,46036,
07/04/2024,Worcester,Bayliss,conservative,FALSE,24.9935,11506,46036,
07/04/2024,Worcester,Peplow,reformuk,FALSE,14.6038,6723,46036,
07/04/2024,Worcester,Pingree,green,FALSE,10.4027,4789,46036,
07/04/2024,Worcester,Allcott,libdems,FALSE,8.6584,3986,46036,
07/04/2024,Worcester,Davies,tusc,FALSE,0.6082,280,46036,
07/04/2024,Worcester,Murray,sdlp,FALSE,0.2824,130,46036,
07/04/2024,Worsley and Eccles,Wheeler,labour,FALSE,47.6624,20277,42543,
07/04/2024,Worsley and Eccles,Birtwistle,reformuk,FALSE,21.5923,9186,42543,
07/04/2024,Worsley and Eccles,Mitchell,conservative,FALSE,15.9627,6791,42543,
07/04/2024,Worsley and Eccles,Jones,green,FALSE,7.7169,3283,42543,
07/04/2024,Worsley and Eccles,De Vincenzo,libdems,FALSE,4.3509,1851,42543,
07/04/2024,Worsley and Eccles,Barghouti,wpb,FALSE,1.0954,466,42543,
07/04/2024,Worsley and Eccles,Moloney,independent,FALSE,1.0531,448,42543,
07/04/2024,Worsley and Eccles,Griffiths,tusc,FALSE,0.5665,241,42543,
07/04/2024,Worthing West,Cooper,labour,FALSE,40.2357,20519,50997,
07/04/2024,Worthing West,Bottomley,conservative,FALSE,32.4921,16570,50997,
07/04/2024,Worthing West,Rooke,reformuk,FALSE,14.8283,7562,50997,
07/04/2024,Worthing West,Mallin,green,FALSE,6.42,3274,50997,
07/04/2024,Worthing West,Chugg,libdems,FALSE,5.3101,2708,50997,
07/04/2024,Worthing West,Attwood,independent,FALSE,0.7138,364,50997,
07/04/2024,Wrexham,Ranger,labour,FALSE,39.2242,15836,40373,
07/04/2024,Wrexham,Atherton,conservative,FALSE,24.4916,9888,40373,
07/04/2024,Wrexham,Dodman,reformuk,FALSE,17.1278,6915,40373,
07/04/2024,Wrexham,Martin,plaidcymru,FALSE,10.2494,4138,40373,
07/04/2024,Wrexham,Sly,libdems,FALSE,4.4015,1777,40373,
07/04/2024,Wrexham,Morgan,green,FALSE,3.3166,1339,40373,
07/04/2024,Wrexham,Ashton,AWA,FALSE,1.1889,480,40373,
07/04/2024,Wycombe,Reynolds,labour,FALSE,35.9231,16035,44637,
07/04/2024,Wycombe,Baker,conservative,FALSE,25.6379,11444,44637,
07/04/2024,Wycombe,Phoenix,reformuk,FALSE,10.684,4769,44637,
07/04/2024,Wycombe,Brodelle,libdems,FALSE,9.4899,4236,44637,
07/04/2024,Wycombe,Ahmed,wpb,FALSE,7.4915,3344,44637,
07/04/2024,Wycombe,Bunting,green,FALSE,4.913,2193,44637,
07/04/2024,Wycombe,Rehman,independent,FALSE,4.2857,1913,44637,
07/04/2024,Wycombe,Gemmell,Cli,FALSE,1.0955,489,44637,
07/04/2024,Wycombe,Smallwood,independent,FALSE,0.4794,214,44637,
07/04/2024,Wyre Forest,Garnier,conservative,FALSE,32.0851,14489,45158,
07/04/2024,Wyre Forest,Smith,labour,FALSE,30.287,13677,45158,
07/04/2024,Wyre Forest,Hopkins,reformuk,FALSE,21.4403,9682,45158,
07/04/2024,Wyre Forest,Miah,libdems,FALSE,6.2204,2809,45158,
07/04/2024,Wyre Forest,Davis,green,FALSE,5.4099,2443,45158,
07/04/2024,Wyre Forest,Whitehouse,independent,FALSE,3.3992,1535,45158,
07/04/2024,Wyre Forest,Geary,independent,FALSE,1.1582,523,45158,
07/04/2024,Wythenshawe and Sale East,Kane,labour,FALSE,52.6321,20596,39132,
07/04/2024,Wythenshawe and Sale East,Fousert,reformuk,FALSE,15.2969,5986,39132,
07/04/2024,Wythenshawe and Sale East,Beament,conservative,FALSE,13.779,5392,39132,
07/04/2024,Wythenshawe and Sale East,Earp,green,FALSE,10.5617,4133,39132,
07/04/2024,Wythenshawe and Sale East,Lepori,libdems,FALSE,5.0726,1985,39132,
07/04/2024,Wythenshawe and Sale East,Barstow,wpb,FALSE,1.8246,714,39132,
07/04/2024,Wythenshawe and Sale East,Salt,sdlp,FALSE,0.8331,326,39132,
07/04/2024,Yeovil,Dance,libdems,FALSE,48.5476,23765,48952,
07/04/2024,Yeovil,Fysh,conservative,FALSE,23.4863,11497,48952,
07/04/2024,Yeovil,Bailhache,reformuk,FALSE,15.6827,7677,48952,
07/04/2024,Yeovil,Montacute,labour,FALSE,6.1325,3002,48952,
07/04/2024,Yeovil,Wootton,green,FALSE,4.9089,2403,48952,
07/04/2024,Yeovil,Ashton,independent,FALSE,1.242,608,48952,
07/04/2024,Ynys Mon,Medi,plaidcymru,FALSE,32.4568,10590,32628,
07/04/2024,Ynys Mon,Crosbie,conservative,FALSE,30.5045,9953,32628,
07/04/2024,Ynys Mon,Williams,labour,FALSE,23.3511,7619,32628,
07/04/2024,Ynys Mon,Jenner,reformuk,FALSE,9.878,3223,32628,
07/04/2024,Ynys Mon,Schwaller,green,FALSE,1.8512,604,32628,
07/04/2024,Ynys Mon,Farhat,libdems,FALSE,1.3455,439,32628,
07/04/2024,Ynys Mon,Shorticus,MRLP,FALSE,0.4781,156,32628,
07/04/2024,Ynys Mon,Wood,LPUK,FALSE,0.1349,44,32628,
07/04/2024,York Central,Maskell,labour,FALSE,56.6374,24537,43323,
07/04/2024,York Central,Hudson,conservative,FALSE,12.4253,5383,43323,
07/04/2024,York Central,Kramm,green,FALSE,11.9682,5185,43323,
07/04/2024,York Central,Bond,reformuk,FALSE,10.8972,4721,43323,
07/04/2024,York Central,Page,libdems,FALSE,7.0424,3051,43323,
07/04/2024,York Central,Lord,independent,FALSE,0.307,133,43323,
07/04/2024,York Central,James,independent,FALSE,0.3024,131,43323,
07/04/2024,York Central,Kendall,independent,FALSE,0.2262,98,43323,
07/04/2024,York Central,Mayne,independent,FALSE,0.1939,84,43323,
07/04/2024,York Outer,Charters,labour,FALSE,45.3195,23161,51106,
07/04/2024,York Outer,Sturdy,conservative,FALSE,26.944,13770,51106,
07/04/2024,York Outer,Crispin-Bailey,reformuk,FALSE,11.5681,5912,51106,
07/04/2024,York Outer,Hollyer,libdems,FALSE,10.7541,5496,51106,
07/04/2024,York Outer,Kearney,green,FALSE,4.3283,2212,51106,
07/04/2024,York Outer,Eadington,Yrks,FALSE,0.5087,260,51106,
07/04/2024,York Outer,Hayden,independent,FALSE,0.2759,141,51106,
07/04/2024,York Outer,Mayne,independent,FALSE,0.1722,88,51106,
07/04/2024,York Outer,Borrows,independent,FALSE,0.1291,66,51106,
05/01/2025,Runcorn and Helsby,Pochin,reformuk,TRUE,38.723,12645,32655,
05/01/2025,Runcorn and Helsby,Shore,labour,TRUE,38.7046,12639,32655,
05/01/2025,Runcorn and Helsby,Houlston,conservative,TRUE,7.1689,2341,32655,
05/01/2025,Runcorn and Helsby,Copeman,green,TRUE,7.0862,2314,32655,
05/01/2025,Runcorn and Helsby,Duffy,libdems,TRUE,2.8847,942,32655,
05/01/2025,Runcorn and Helsby,Clarke,liberal,TRUE,1.3903,454,32655,
05/01/2025,Runcorn and Helsby,Williams,independent,TRUE,1.1116,363,32655,
05/01/2025,Runcorn and Helsby,McKie,independent,TRUE,0.8238,269,32655,
05/01/2025,Runcorn and Helsby,Ford,wpb,TRUE,0.5022,164,32655,
05/01/2025,Runcorn and Helsby,Stevens,rejoineu,TRUE,0.395,129,32655,
05/01/2025,Runcorn and Helsby,Hope,mrlp,TRUE,0.392,128,32655,
05/01/2025,Runcorn and Helsby,Blaiklock,englishdemocrat,TRUE,0.2909,95,32655,
05/01/2025,Runcorn and Helsby,Murphy,sdp,TRUE,0.2082,68,32655,
05/01/2025,Runcorn and Helsby,Hughes,volt,TRUE,0.1654,54,32655,
05/01/2025,Runcorn and Helsby,Moore,ecp,TRUE,0.1531,50,32655,
06/18/2026,Arbroath and Broughty Ferry,Bird,SNP,TRUE,41.2,9802,23770,
06/18/2026,Arbroath and Broughty Ferry,Cruickshanks,Con,TRUE,19,4524,23770,
06/18/2026,Arbroath and Broughty Ferry,Reid,RUK,TRUE,18.3,4341,23770,
06/18/2026,Arbroath and Broughty Ferry,Doran,Lab,TRUE,15.4,3651,23770,
06/18/2026,Arbroath and Broughty Ferry,Ahmad,LD,TRUE,6.1,1452,23770,
06/18/2026,Makerfield,Burnham,Lab,TRUE,54.8135,24927,45476,
06/18/2026,Makerfield,Kenyon,RUK,TRUE,34.5149,15696,45476,
06/18/2026,Makerfield,Shepherd,RB,TRUE,6.841,3111,45476,
06/18/2026,Makerfield,Winstanley,Con,TRUE,2.1924,997,45476,
06/18/2026,Makerfield,Wakefield,Green,TRUE,0.6773,308,45476,
06/18/2026,Makerfield,Austin,LD,TRUE,0.3584,163,45476,
06/18/2026,Makerfield,Binface,CBP,TRUE,0.2089,95,45476,
06/18/2026,Makerfield,Hope,MRLP,TRUE,0.099,45,45476,
06/18/2026,Makerfield,Dyer,independent,TRUE,0.0814,37,45476,
06/18/2026,Makerfield,Ward,REU,TRUE,0.077,35,45476,
06/18/2026,Makerfield,Clarke,LPUK,TRUE,0.0396,18,45476,
06/18/2026,Makerfield,Gemmell,Cli,TRUE,0.0396,18,45476,
06/18/2026,Makerfield,Pownall,independent,TRUE,0.0396,18,45476,
06/18/2026,Makerfield,Gould,independent,TRUE,0.0176,8,45476,
02/26/2026,Gorton and Denton,Spencer,Green,TRUE,40.691,14980,36814,
02/26/2026,Gorton and Denton,Goodwin,RUK,TRUE,28.7336,10578,36814,
02/26/2026,Gorton and Denton,Stogia,Lab,TRUE,25.436,9364,36814,
02/26/2026,Gorton and Denton,Cadden,Con,TRUE,1.9177,706,36814,
02/26/2026,Gorton and Denton,Pearcey,LD,TRUE,1.7738,653,36814,
02/26/2026,Gorton and Denton,A-Lot,MRLP,TRUE,0.4319,159,36814,
02/26/2026,Gorton and Denton,Buckley,AUK,TRUE,0.4183,154,36814,
02/26/2026,Gorton and Denton,O'Meachair,REU,TRUE,0.2662,98,36814,
02/26/2026,Gorton and Denton,Clarke,LPUK,TRUE,0.1277,47,36814,
02/26/2026,Gorton and Denton,Moore,SDP,TRUE,0.125,46,36814,
02/26/2026,Gorton and Denton,Wils,Comm L,TRUE,0.0788,29,36814,
06/18/2026,Aberdeen South,Lumsden,Con,TRUE,49.5138,14308,28897,
06/18/2026,Aberdeen South,Thomson,SNP,TRUE,28.5774,8258,28897,
06/18/2026,Aberdeen South,Hart,RUK,TRUE,8.5753,2478,28897,
06/18/2026,Aberdeen South,Ali,Lab,TRUE,5.3639,1550,28897,
06/18/2026,Aberdeen South,Sullivan,LD,TRUE,4.3949,1270,28897,
06/18/2026,Aberdeen South,Shelton Eckstein,Green,TRUE,3.3706,974,28897,
06/18/2026,Aberdeen South,Ballantine,ADF,TRUE,0.2042,59,28897,
